1, 100001.0,1.0542873134960622,0.4181783897329248,0.5071725618096945,24353.46
2, 100002.0,-0.8864362857562816,-0.40804340241589926,-1.9146925296180617,22530.6
2, 100003.0,-1.5333441521737297,-0.40804340241589926,0.8277153139956575,13393.16
1, 100004.0,1.269923268968545,-0.40804340241589926,-1.9146925296180617,17937.26
0, 100005.0,1.4136805726168666,2.896843766179397,-0.930699884723201,22147.64
1, 100006.0,1.269923268968545,-0.40804340241589926,2.648694181353386,15593.27
1, 100007.0,0.40737944707861423,-1.2342651945647232,0.7451328890696246,5170.06
1, 100008.0,0.9105300098477405,-0.40804340241589926,-0.5024198259735986,21082.43
2, 100009.0,-1.6052228039978906,-0.40804340241589926,-0.09905199727024318,15060.14
1, 100010.0,1.70119517991351,-0.40804340241589926,0.7844424468698714,23103.72
2, 100011.0,-1.6771014558220514,-1.2342651945647232,0.8690065264586739,22169.67
0, 100012.0,-0.9583149375804426,2.070621974030573,-0.15850163715333246,3432.57
2, 100013.0,-1.1739508930529252,-0.40804340241589926,0.9369894139712407,10977.04
1, 100014.0,1.5574378762651884,0.4181783897329248,0.46450632366230726,21412.93
1, 100015.0,0.19174349160613158,-0.40804340241589926,-1.210032308309934,14524.0
2, 100016.0,-0.8864362857562816,-0.40804340241589926,1.896474248138787,9668.49
0, 100017.0,0.6230154025510969,1.244400181881749,0.7714605867321356,17393.45
2, 100018.0,-1.6771014558220514,-0.40804340241589926,0.2601127998737813,31405.02
2, 100019.0,-1.389586848525408,-0.40804340241589926,-0.6245949022231311,36427.58
2, 100020.0,-0.5989216784596382,-0.40804340241589926,0.10081203014623794,12577.33
1, 100021.0,0.7667727061994186,0.4181783897329248,-1.319427734081197,13481.34
1, 100022.0,0.7667727061994186,0.4181783897329248,0.5392025718691548,17328.52
0, 100023.0,-1.1020722412287642,1.244400181881749,-0.14551977701559665,17840.17
1, 100024.0,1.6293165280893493,-1.2342651945647232,-0.8452460826327468,11919.22
0, 100025.0,1.4855592244410276,2.070621974030573,-0.4965961877809695,20346.9
0, 100026.0,1.0542873134960622,1.244400181881749,-0.3609539482109821,15011.19
1, 100027.0,1.6293165280893493,0.4181783897329248,0.9559162380972854,13317.41
0, 100028.0,0.8386513580235796,1.244400181881749,-0.9222879628894033,32977.8
0, 100029.0,0.11986483978197071,1.244400181881749,-0.10131674545626562,15181.87
1, 100030.0,0.6948940543752578,-0.40804340241589926,1.5543355043218243,17269.19
2, 100031.0,-0.9583149375804426,-1.2342651945647232,-0.36002378377743716,14650.1
1, 100032.0,1.3418019207927057,-0.40804340241589926,2.3539129397834286,12175.36
0, 100033.0,0.2636221434302925,0.4181783897329248,-0.09157023986999045,16021.39
1, 100034.0,0.7667727061994186,-1.2342651945647232,-0.29204089626487045,14134.2
1, 100035.0,1.4855592244410276,-0.40804340241589926,0.8978820658304602,11512.07
0, 100036.0,1.6293165280893493,1.244400181881749,-1.5538291713345205,16044.34
2, 100037.0,-1.4614655003495687,-1.2342651945647232,0.13288248213759155,9184.31
1, 100038.0,0.9824086616719013,-0.40804340241589926,-0.6729634527674677,12318.5
2, 100039.0,-1.1020722412287642,-0.40804340241589926,2.446808057342242,22717.92
2, 100040.0,-0.38328572298715546,0.4181783897329248,1.2005494841196032,12432.81
1, 100041.0,1.1261659653202232,-0.40804340241589926,-1.5613109287347733,22840.85
1, 100042.0,0.47925809890277515,-0.40804340241589926,3.1955904263459147,12609.6
1, 100043.0,1.3418019207927057,0.4181783897329248,0.3481953275372972,16222.49
2, 100044.0,-1.4614655003495687,-0.40804340241589926,-0.6232603184706536,17255.62
2, 100045.0,-0.09577111569051194,-0.40804340241589926,0.5157866933029585,11311.32
0, 100046.0,-0.023892463866351063,0.4181783897329248,0.06534445587585065,13377.25
1, 100047.0,0.551136750726936,0.4181783897329248,-0.593859033984255,16991.06
1, 100048.0,0.6230154025510969,-1.2342651945647232,0.9320554982802631,28722.89
0, 100049.0,0.6230154025510969,2.896843766179397,0.4319101265563413,19265.42
2, 100050.0,-0.8864362857562816,0.4181783897329248,-0.3849764557555774,26437.99
1, 100051.0,0.33550079525445337,-1.2342651945647232,-0.8008408414139495,11811.44
1, 100052.0,0.6948940543752578,0.4181783897329248,-1.8751403202264554,15490.06
1, 100053.0,1.0542873134960622,0.4181783897329248,0.12046680904636133,12146.61
0, 100054.0,0.04798618795780982,0.4181783897329248,-0.32512239655355546,35505.75
2, 100055.0,-0.5270430266354773,-0.40804340241589926,-1.3047877547358377,11091.22
1, 100056.0,1.3418019207927057,0.4181783897329248,1.4490247136717804,15968.39
0, 100057.0,-0.8145576339321208,1.244400181881749,0.03359753933964311,16374.02
1, 100058.0,1.70119517991351,-1.2342651945647232,-1.9146925296180617,18127.51
1, 100059.0,0.33550079525445337,-0.40804340241589926,1.6250684432031326,30956.62
0, 100060.0,1.269923268968545,2.070621974030573,-1.9146925296180617,11832.07
1, 100061.0,0.6948940543752578,-0.40804340241589926,-1.2851734177676075,13209.67
2, 100062.0,-0.8145576339321208,0.4181783897329248,0.8156231763595734,21549.19
1, 100063.0,0.40737944707861423,-0.40804340241589926,0.33294871921353897,28066.95
1, 100064.0,0.6948940543752578,-0.40804340241589926,-0.46529413249558776,14574.22
2, 100065.0,-0.7426789821079599,-0.40804340241589926,0.367445687118488,28702.21
1, 100066.0,1.6293165280893493,0.4181783897329248,-0.23881931389334288,15957.6
2, 100067.0,-0.4551643748113164,-0.40804340241589926,1.115702311007548,14704.07
2, 100068.0,-0.16764976751467284,-0.40804340241589926,-0.4650514809042282,10797.15
0, 100069.0,1.198044617144384,1.244400181881749,-1.1851200782636873,22950.29
2, 100070.0,-0.670800330283799,-1.2342651945647232,0.2646018543139329,25324.64
2, 100071.0,-0.5989216784596382,0.4181783897329248,0.18582097098586628,18175.86
1, 100072.0,0.551136750726936,0.4181783897329248,-1.154222442297238,24597.69
1, 100073.0,0.551136750726936,0.4181783897329248,0.06352456894065404,16338.77
0, 100074.0,1.6293165280893493,1.244400181881749,-0.8975375005707295,12041.46
1, 100075.0,0.40737944707861423,0.4181783897329248,-1.171774240738912,13536.07
1, 100076.0,0.33550079525445337,-0.40804340241589926,1.720754054062581,29772.7
1, 100077.0,0.47925809890277515,-0.40804340241589926,-1.7067401158229292,31255.04
1, 100078.0,0.11986483978197071,-0.40804340241589926,0.17186850448269225,13095.92
1, 100079.0,1.70119517991351,-0.40804340241589926,0.19451598634291675,15906.18
1, 100080.0,0.7667727061994186,-0.40804340241589926,1.0877569360693065,14729.95
0, 100081.0,1.70119517991351,2.896843766179397,2.452753021330551,34842.01
1, 100082.0,1.5574378762651884,0.4181783897329248,1.5172906947076,13671.71
1, 100083.0,1.269923268968545,0.4181783897329248,-0.16594295262169192,30781.91
0, 100084.0,-0.023892463866351063,1.244400181881749,2.2333150988777333,10075.45
2, 100085.0,-1.2458295448770862,0.4181783897329248,0.25675611952664085,8885.81
1, 100086.0,0.8386513580235796,-1.2342651945647232,-0.6020687461585864,11291.11
2, 100087.0,-1.1739508930529252,-0.40804340241589926,0.8288072461567755,13981.98
2, 100088.0,-0.5989216784596382,-1.2342651945647232,-0.03418313851345732,13443.03
0, 100089.0,-0.23952841933883373,1.244400181881749,-0.414701275697122,23019.58
2, 100090.0,-1.4614655003495687,-0.40804340241589926,1.69442635640007,12539.59
0, 100091.0,-0.23952841933883373,0.4181783897329248,0.10760627470430528,9477.62
1, 100092.0,0.551136750726936,-1.2342651945647232,0.7198566816363384,18563.61
1, 100093.0,0.47925809890277515,-1.2342651945647232,-0.4294221389062679,10808.51
1, 100094.0,0.9105300098477405,0.4181783897329248,1.2072224028819907,19825.37
2, 100095.0,-1.389586848525408,0.4181783897329248,-0.04522378592031676,32102.61
2, 100096.0,-1.6052228039978906,-0.40804340241589926,2.1671925402322563,15838.71
2, 100097.0,-0.09577111569051194,-1.2342651945647232,0.1727986689162372,35569.83
2, 100098.0,-1.6052228039978906,-0.40804340241589926,-0.22761689875891042,10467.5
1, 100099.0,0.551136750726936,0.4181783897329248,0.34924681776652194,12767.47
2, 100100.0,-0.8864362857562816,0.4181783897329248,0.48246254142291384,27084.19
0, 100101.0,-0.670800330283799,1.244400181881749,0.007552935200384949,13633.22
1, 100102.0,1.269923268968545,-0.40804340241589926,0.42398350790526274,20011.61
2, 100103.0,-0.9583149375804426,0.4181783897329248,0.4666093041207567,19718.37
0, 100104.0,-0.3114070711629946,0.4181783897329248,-0.2361097044564946,11383.95
1, 100105.0,1.4855592244410276,-0.40804340241589926,-0.513136937925312,31771.79
0, 100106.0,-0.7426789821079599,1.244400181881749,0.7119705049171531,18605.87
2, 100107.0,-1.0301935894046035,-0.40804340241589926,0.3217058621472132,14408.04
0, 100108.0,0.2636221434302925,1.244400181881749,-0.7396926403913434,12413.1
2, 100109.0,-0.023892463866351063,-1.2342651945647232,0.08386686068296283,11723.52
0, 100110.0,-1.2458295448770862,1.244400181881749,1.440491466042303,17213.55
2, 100111.0,-0.16764976751467284,-1.2342651945647232,-0.710776659087664,21412.47
1, 100112.0,0.2636221434302925,-0.40804340241589926,0.8789147997725222,31332.41
2, 100113.0,-1.1739508930529252,0.4181783897329248,1.2812311382466528,20081.75
1, 100114.0,1.5574378762651884,-1.2342651945647232,0.010545638160486042,16454.55
2, 100115.0,-1.4614655003495687,-1.2342651945647232,0.3154373627037582,10618.45
1, 100116.0,1.70119517991351,0.4181783897329248,-0.41001001159750405,10880.97
0, 100117.0,0.2636221434302925,0.4181783897329248,0.49544440156064967,24448.03
0, 100118.0,-0.8145576339321208,1.244400181881749,-1.5920872389055425,28152.92
0, 100119.0,-0.09577111569051194,2.896843766179397,-0.7180562068284504,9806.0
2, 100120.0,-0.9583149375804426,-1.2342651945647232,0.6489215330955638,18564.31
0, 100121.0,-0.23952841933883373,0.4181783897329248,0.022516450000890417,35031.3
0, 100122.0,-1.5333441521737297,2.070621974030573,-0.12064798890124295,7895.11
1, 100123.0,1.4855592244410276,-0.40804340241589926,-0.09796006510912521,13939.12
1, 100124.0,1.198044617144384,-0.40804340241589926,-0.33652702134745427,11702.94
0, 100125.0,1.4855592244410276,1.244400181881749,0.890966495476713,14404.49
1, 100126.0,1.1261659653202232,-0.40804340241589926,0.503654113734981,26753.23
1, 100127.0,1.0542873134960622,-1.2342651945647232,0.629671173514373,9853.69
1, 100128.0,0.9105300098477405,-1.2342651945647232,1.265741878331535,17926.56
1, 100129.0,0.8386513580235796,-0.40804340241589926,-1.9146925296180617,14329.76
0, 100130.0,-1.389586848525408,1.244400181881749,-1.1409979305681426,31835.19
0, 100131.0,0.9105300098477405,2.070621974030573,0.21756788752207382,11081.85
1, 100132.0,0.6948940543752578,-0.40804340241589926,-1.2893389367526131,36003.4
2, 100133.0,-1.1739508930529252,-0.40804340241589926,-0.5879140699959461,23909.59
1, 100134.0,0.551136750726936,-0.40804340241589926,2.6890956713147514,18968.08
2, 100135.0,-1.1020722412287642,-0.40804340241589926,0.9597986635590382,7691.86
2, 100136.0,-1.6052228039978906,0.4181783897329248,1.2086783124301481,6717.09
1, 100137.0,0.40737944707861423,0.4181783897329248,0.7793467634513209,36712.69
1, 100138.0,0.19174349160613158,-1.2342651945647232,0.1600999023017542,15241.57
1, 100139.0,0.8386513580235796,-0.40804340241589926,0.17724728142449558,17657.33
1, 100140.0,0.33550079525445337,-1.2342651945647232,-0.34546468829586424,18316.98
0, 100141.0,-0.4551643748113164,1.244400181881749,0.9414784684113923,11907.16
2, 100142.0,-0.9583149375804426,0.4181783897329248,0.6086413689298789,29817.71
2, 100143.0,-0.8145576339321208,-0.40804340241589926,-0.33757851157667895,10863.47
2, 100144.0,-1.6771014558220514,0.4181783897329248,0.027409923759974635,22802.53
2, 100145.0,-0.5270430266354773,-0.40804340241589926,-1.019267715569436,10082.63
2, 100146.0,-1.2458295448770862,-1.2342651945647232,0.08904342796529985,10919.55
1, 100147.0,0.8386513580235796,0.4181783897329248,0.23269317005015233,21980.09
2, 100148.0,-0.9583149375804426,-0.40804340241589926,-0.6833974711959282,11507.48
0, 100149.0,1.6293165280893493,1.244400181881749,0.4575503113766669,35214.64
2, 100150.0,-0.4551643748113164,-0.40804340241589926,1.0852495362919246,15788.6
1, 100151.0,1.70119517991351,-0.40804340241589926,-0.12780621084634963,28086.72
2, 100152.0,-1.1739508930529252,-1.2342651945647232,-0.9860648894850712,14583.13
1, 100153.0,0.2636221434302925,-1.2342651945647232,-1.2973464392674783,22698.0
0, 100154.0,0.04798618795780982,0.4181783897329248,-1.901104040501927,20059.78
0, 100155.0,-1.389586848525408,1.244400181881749,0.6799404948576927,9137.23
2, 100156.0,-0.670800330283799,0.4181783897329248,-0.6740958268604789,16222.45
2, 100157.0,-1.317708196701247,-0.40804340241589926,-1.0484263484644751,33141.41
2, 100158.0,-0.23952841933883373,-1.2342651945647232,1.4999815478572855,16570.62
2, 100159.0,-0.23952841933883373,-0.40804340241589926,0.3013231284730112,17217.81
2, 100160.0,-0.5270430266354773,-1.2342651945647232,-0.3862301556442683,29901.67
1, 100161.0,0.7667727061994186,-0.40804340241589926,0.4458625930595153,19165.72
1, 100162.0,0.9105300098477405,-1.2342651945647232,0.013417015324907362,11806.65
2, 100163.0,-0.5270430266354773,0.4181783897329248,0.6967643385252881,11897.5
0, 100164.0,-0.7426789821079599,2.070621974030573,0.3954315039886226,11161.16
0, 100165.0,-1.0301935894046035,1.244400181881749,0.10663566833886709,10998.49
1, 100166.0,0.6230154025510969,0.4181783897329248,-0.1493213186135629,15565.55
0, 100167.0,0.04798618795780982,0.4181783897329248,-0.5203760437342052,16953.34
0, 100168.0,0.33550079525445337,1.244400181881749,1.219031446994822,13918.5
1, 100169.0,1.70119517991351,-0.40804340241589926,0.6915473293110578,23301.32
0, 100170.0,-1.317708196701247,1.244400181881749,0.99643905385433,17742.31
2, 100171.0,-0.023892463866351063,-0.40804340241589926,1.4456275913927468,37144.04
1, 100172.0,0.04798618795780982,-0.40804340241589926,-0.6893828771161304,24414.84
2, 100173.0,-0.8864362857562816,0.4181783897329248,0.5996228181176823,7345.24
1, 100174.0,0.6230154025510969,-0.40804340241589926,1.117319988283278,17292.81
0, 100175.0,0.2636221434302925,1.244400181881749,0.02470031432312635,14849.63
1, 100176.0,0.11986483978197071,-0.40804340241589926,1.0906283132337278,20604.88
2, 100177.0,-0.7426789821079599,-0.40804340241589926,0.030402626720075727,22272.74
1, 100178.0,1.1261659653202232,-0.40804340241589926,-0.21002465838534318,12213.74
2, 100179.0,-0.9583149375804426,-1.2342651945647232,0.9647730211819089,19051.55
1, 100180.0,0.2636221434302925,-1.2342651945647232,0.34601146321506127,14574.99
1, 100181.0,1.4855592244410276,0.4181783897329248,-1.4350512173640217,30596.7
2, 100182.0,-1.2458295448770862,-0.40804340241589926,0.7065512860434565,11314.87
1, 100183.0,0.551136750726936,-1.2342651945647232,-1.5960505482310818,22735.65
2, 100184.0,-0.5989216784596382,-0.40804340241589926,1.2142592990314176,29902.08
0, 100185.0,0.8386513580235796,1.244400181881749,2.028436271906488,22136.6
1, 100186.0,0.9824086616719013,-0.40804340241589926,1.1886999980748785,13658.8
2, 100187.0,-0.670800330283799,-0.40804340241589926,2.247065355721441,11965.41
0, 100188.0,-0.3114070711629946,1.244400181881749,-0.18224105117467493,12707.7
2, 100189.0,-0.8864362857562816,-0.40804340241589926,0.2979260061939775,9643.53
2, 100190.0,-1.1739508930529252,-1.2342651945647232,-0.46759932261350345,31087.09
2, 100191.0,-1.6052228039978906,-0.40804340241589926,0.8450649027778652,5887.58
1, 100192.0,1.269923268968545,-0.40804340241589926,0.6229173708881989,31446.42
2, 100193.0,-0.8864362857562816,0.4181783897329248,-0.07664716700137823,9397.64
1, 100194.0,1.0542873134960622,0.4181783897329248,-0.23307655956450024,37434.28
0, 100195.0,0.04798618795780982,1.244400181881749,2.278286527143036,28372.73
0, 100196.0,0.11986483978197071,0.4181783897329248,0.8601497433740505,16889.22
2, 100197.0,-1.1020722412287642,-1.2342651945647232,-0.1935243501728939,10566.51
1, 100198.0,1.1261659653202232,-1.2342651945647232,1.9196070331817308,26628.39
0, 100199.0,-0.23952841933883373,0.4181783897329248,0.24110509188395,12919.91
1, 100200.0,0.7667727061994186,-1.2342651945647232,0.005409512810042275,21379.25
1, 100201.0,1.269923268968545,-0.40804340241589926,0.7192500526579395,7806.97
0, 100202.0,0.04798618795780982,2.896843766179397,0.3382061703596625,13334.83
2, 100203.0,-0.4551643748113164,0.4181783897329248,0.20826624318662448,35540.99
1, 100204.0,0.40737944707861423,-0.40804340241589926,0.6711645956368557,15921.25
2, 100205.0,-0.8864362857562816,0.4181783897329248,0.11342991289693444,20375.59
0, 100206.0,-1.1739508930529252,1.244400181881749,0.1785818651769731,13881.05
1, 100207.0,1.3418019207927057,-0.40804340241589926,-0.19570821449512985,12094.35
1, 100208.0,1.4855592244410276,-0.40804340241589926,0.8899958891112748,9903.22
0, 100209.0,0.33550079525445337,0.4181783897329248,-1.9146925296180617,15065.85
1, 100210.0,1.198044617144384,-1.2342651945647232,-0.25519829631011237,14837.41
0, 100211.0,-0.38328572298715546,1.244400181881749,0.9457248712601843,11630.59
2, 100212.0,-0.16764976751467284,-0.40804340241589926,-0.6144035353860301,12243.45
0, 100213.0,1.3418019207927057,1.244400181881749,-0.05193714661459759,13906.66
2, 100214.0,-1.1739508930529252,-0.40804340241589926,0.8373404937862529,8688.98
0, 100215.0,-0.38328572298715546,0.4181783897329248,-0.6548859092111814,10409.98
1, 100216.0,0.33550079525445337,-0.40804340241589926,0.8580063209837078,13214.27
2, 100217.0,-1.4614655003495687,-0.40804340241589926,-0.2225212153403599,23894.97
2, 100218.0,-0.8864362857562816,-1.2342651945647232,0.6568481517466424,16815.38
0, 100219.0,-1.5333441521737297,1.244400181881749,-1.2050175087551702,8717.98
1, 100220.0,1.3418019207927057,-1.2342651945647232,0.35729476221328027,12269.52
2, 100221.0,-1.6052228039978906,-1.2342651945647232,-1.9146925296180617,22169.81
1, 100222.0,0.8386513580235796,-0.40804340241589926,1.3045661329490628,19746.92
0, 100223.0,-0.5989216784596382,0.4181783897329248,-1.9146925296180617,8263.14
0, 100224.0,1.1261659653202232,2.896843766179397,-0.45510276565848673,15210.33
0, 100225.0,1.6293165280893493,1.244400181881749,-1.9146925296180617,24249.12
2, 100226.0,-0.16764976751467284,-0.40804340241589926,-1.8404815845939333,15362.77
1, 100227.0,0.9824086616719013,0.4181783897329248,0.16669193720035524,35756.04
2, 100228.0,-0.9583149375804426,-0.40804340241589926,0.7654347388800402,11150.6
2, 100229.0,-0.5989216784596382,-0.40804340241589926,1.0581534419234417,7646.15
1, 100230.0,0.6230154025510969,-1.2342651945647232,0.49762826588288556,11964.32
1, 100231.0,0.2636221434302925,-1.2342651945647232,-0.4591065169159193,9028.19
1, 100232.0,1.4136805726168666,-1.2342651945647232,2.648694181353386,21253.36
2, 100233.0,-0.670800330283799,-1.2342651945647232,0.055678834153361986,29117.93
2, 100234.0,-1.317708196701247,-0.40804340241589926,0.5546109479204862,21176.5
1, 100235.0,0.551136750726936,0.4181783897329248,0.5557433220134973,16656.31
2, 100236.0,-0.8145576339321208,-0.40804340241589926,0.601159611529626,13433.82
1, 100237.0,1.3418019207927057,-0.40804340241589926,-0.5208613469169243,39779.54
1, 100238.0,1.0542873134960622,-0.40804340241589926,0.48771999256903736,29554.71
1, 100239.0,0.11986483978197071,-0.40804340241589926,0.037803500256541944,21238.19
1, 100240.0,-0.09577111569051194,-0.40804340241589926,-1.7630757269502375,14525.19
2, 100241.0,-0.09577111569051194,-1.2342651945647232,-0.7360933084528435,13894.66
2, 100242.0,-0.8145576339321208,-0.40804340241589926,0.15108135148955765,15469.62
1, 100243.0,0.7667727061994186,-1.2342651945647232,1.3795859166110565,11176.11
2, 100244.0,-0.4551643748113164,-0.40804340241589926,1.927654977628489,7825.76
2, 100245.0,-1.4614655003495687,0.4181783897329248,1.1817035438573449,22298.92
2, 100246.0,-1.1020722412287642,0.4181783897329248,0.020453911474334258,12425.43
2, 100247.0,-0.9583149375804426,-0.40804340241589926,0.7586000523900795,19159.58
0, 100248.0,-0.4551643748113164,1.244400181881749,0.39862641660819,11471.99
2, 100249.0,-0.7426789821079599,-0.40804340241589926,-0.1243686466354227,13876.22
0, 100250.0,1.198044617144384,1.244400181881749,-0.2461393035660226,19943.92
1, 100251.0,0.8386513580235796,0.4181783897329248,-1.0635111890606603,22870.07
1, 100252.0,0.40737944707861423,-0.40804340241589926,0.501915110663571,12425.02
1, 100253.0,1.269923268968545,-1.2342651945647232,0.5130770838661102,44791.11
0, 100254.0,-0.8145576339321208,2.896843766179397,-0.5680975233682496,38061.64
2, 100255.0,-0.3114070711629946,-0.40804340241589926,-0.812528559731101,26295.56
0, 100256.0,0.04798618795780982,1.244400181881749,1.7147686481423787,13029.19
0, 100257.0,-0.09577111569051194,2.070621974030573,0.23168212175282088,13677.61
2, 100258.0,-0.670800330283799,0.4181783897329248,1.2933637178146302,16917.23
2, 100259.0,-1.2458295448770862,-0.40804340241589926,0.9206913154182577,13033.24
1, 100260.0,0.9105300098477405,-0.40804340241589926,-1.458588421725898,13566.71
2, 100261.0,-0.9583149375804426,-0.40804340241589926,-1.584929016960436,10792.18
1, 100262.0,0.9105300098477405,-0.40804340241589926,-1.1199276840517554,21224.21
0, 100263.0,-1.6771014558220514,1.244400181881749,-0.5892486537484236,12666.8
0, 100264.0,1.4136805726168666,1.244400181881749,-1.0612868828065312,13314.6
0, 100265.0,-1.6052228039978906,2.070621974030573,-0.7425235756238715,18046.0
2, 100266.0,-0.670800330283799,-0.40804340241589926,2.1942886346007393,18441.27
1, 100267.0,0.7667727061994186,-0.40804340241589926,-0.9199423308395944,32188.46
1, 100268.0,0.6948940543752578,-1.2342651945647232,-0.4678824161367563,10590.79
2, 100269.0,-0.7426789821079599,-0.40804340241589926,0.6037074532389014,29207.27
2, 100270.0,-1.1739508930529252,-0.40804340241589926,-1.560178554641762,6853.08
2, 100271.0,-1.2458295448770862,-0.40804340241589926,-0.2288705986476014,24976.61
2, 100272.0,-0.8145576339321208,-0.40804340241589926,-1.1778000885910074,6729.3
0, 100273.0,-0.8864362857562816,1.244400181881749,0.3901336109106058,15840.32
1, 100274.0,0.551136750726936,-0.40804340241589926,-1.262970797158209,34061.96
2, 100275.0,-0.8864362857562816,-0.40804340241589926,-1.2558530171449955,14728.73
1, 100276.0,0.9824086616719013,-0.40804340241589926,-1.0309149919546943,10222.73
1, 100277.0,1.269923268968545,-0.40804340241589926,-1.4532500867159879,24753.97
1, 100278.0,1.1261659653202232,-0.40804340241589926,-1.9146925296180617,16564.58
1, 100279.0,0.47925809890277515,-1.2342651945647232,-0.4666691581799585,8239.59
2, 100280.0,-1.4614655003495687,0.4181783897329248,-0.4053591894297794,13361.69
2, 100281.0,-0.23952841933883373,-0.40804340241589926,-0.1480676187248719,14473.14
0, 100282.0,-1.317708196701247,2.896843766179397,-0.8477534824101288,21413.72
0, 100283.0,-0.5270430266354773,1.244400181881749,0.15646012843136095,20947.85
2, 100284.0,-1.1020722412287642,-0.40804340241589926,0.2541678358854723,8912.21
1, 100285.0,0.2636221434302925,-0.40804340241589926,-0.09302614941814774,15348.23
1, 100286.0,0.33550079525445337,-0.40804340241589926,-1.1344463376014349,20820.21
2, 100287.0,-0.3114070711629946,-1.2342651945647232,-0.34566689795533057,23194.52
0, 100288.0,0.9824086616719013,1.244400181881749,-0.4661434130653462,17479.96
1, 100289.0,0.6948940543752578,-1.2342651945647232,1.2044723515132492,29482.8
0, 100290.0,0.9824086616719013,1.244400181881749,-1.1636858543602604,32263.93
2, 100291.0,-1.6052228039978906,0.4181783897329248,-1.102497211405761,10212.29
2, 100292.0,-1.2458295448770862,-1.2342651945647232,-0.47010672239088547,11813.44
2, 100293.0,-0.5270430266354773,-0.40804340241589926,-0.1805020481032648,16627.7
1, 100294.0,1.70119517991351,-0.40804340241589926,-0.37239901493677413,37570.6
1, 100295.0,0.9824086616719013,0.4181783897329248,-0.4308780484544252,28418.95
1, 100296.0,0.7667727061994186,-0.40804340241589926,0.5166764158046101,20854.53
0, 100297.0,-0.8864362857562816,1.244400181881749,-0.17528503888903454,17006.1
0, 100298.0,-0.23952841933883373,1.244400181881749,-0.19607219188216915,28129.03
0, 100299.0,0.47925809890277515,1.244400181881749,2.2550728582363058,16839.68
0, 100300.0,-0.023892463866351063,0.4181783897329248,0.9780379748428976,18009.1
0, 100301.0,-1.317708196701247,1.244400181881749,0.5458754906315424,27289.75
1, 100302.0,0.2636221434302925,-1.2342651945647232,-0.8427386828553648,22574.33
0, 100303.0,-0.09577111569051194,0.4181783897329248,1.2522747150110802,8968.65
0, 100304.0,0.04798618795780982,0.4181783897329248,1.690988792189143,13496.52
1, 100305.0,1.4136805726168666,-1.2342651945647232,0.75835740079872,20516.75
2, 100306.0,-0.7426789821079599,-0.40804340241589926,0.11969841234038943,12118.21
1, 100307.0,1.4136805726168666,-1.2342651945647232,0.14574301647964757,40969.49
1, 100308.0,0.40737944707861423,-1.2342651945647232,-0.6769672040249002,7633.8
1, 100309.0,0.47925809890277515,0.4181783897329248,0.12422790871243432,19641.37
2, 100310.0,-0.8864362857562816,0.4181783897329248,-0.755303226102141,10758.49
1, 100311.0,0.19174349160613158,-1.2342651945647232,-1.9146925296180617,16850.71
0, 100312.0,0.2636221434302925,0.4181783897329248,-1.494824392702257,21233.04
0, 100313.0,-1.317708196701247,1.244400181881749,-0.03677142215462584,16617.83
1, 100314.0,0.9824086616719013,-0.40804340241589926,1.3293165952677366,11750.01
2, 100315.0,-1.6052228039978906,-1.2342651945647232,-0.3676673089052629,31224.82
2, 100316.0,-0.7426789821079599,-0.40804340241589926,0.7835527243682198,34762.7
1, 100317.0,1.1261659653202232,-0.40804340241589926,-0.6587683346729342,20965.07
1, 100318.0,1.0542873134960622,-0.40804340241589926,0.27236670523743844,22321.62
2, 100319.0,-0.16764976751467284,-0.40804340241589926,-0.9247549207348921,18092.11
0, 100320.0,-0.8145576339321208,1.244400181881749,1.1058749215574861,14571.6
2, 100321.0,-0.7426789821079599,-1.2342651945647232,0.1362796044166252,15565.04
0, 100322.0,0.19174349160613158,1.244400181881749,-0.35626268411136414,21232.29
1, 100323.0,0.8386513580235796,-0.40804340241589926,-0.6062747070754853,10099.06
1, 100324.0,0.47925809890277515,0.4181783897329248,-0.8689450547221961,24617.75
1, 100325.0,0.2636221434302925,-0.40804340241589926,0.6126451201873114,19167.9
2, 100326.0,-1.6052228039978906,-1.2342651945647232,-0.5820095479395304,12951.4
2, 100327.0,-1.0301935894046035,-0.40804340241589926,0.4061890578722292,5969.77
1, 100328.0,0.47925809890277515,0.4181783897329248,-0.6286795373443501,26013.8
2, 100329.0,-0.023892463866351063,-0.40804340241589926,0.9684127950523022,7799.49
1, 100330.0,0.6948940543752578,-0.40804340241589926,-0.5116001445133682,8667.91
1, 100331.0,0.47925809890277515,-1.2342651945647232,-0.09488647828523761,12048.06
1, 100332.0,1.4136805726168666,0.4181783897329248,-0.2794634554460672,19942.97
0, 100333.0,1.3418019207927057,1.244400181881749,-0.30437568549231414,18297.19
0, 100334.0,-0.09577111569051194,0.4181783897329248,-0.34413010454338677,13082.8
1, 100335.0,0.6948940543752578,-0.40804340241589926,0.1031576621960469,13169.99
2, 100336.0,-1.1739508930529252,-1.2342651945647232,-0.9010963905773361,10505.63
0, 100337.0,-0.8864362857562816,1.244400181881749,-1.3022399130265625,29794.37
0, 100338.0,0.2636221434302925,1.244400181881749,-1.2417792248461417,15780.6
1, 100339.0,0.7667727061994186,0.4181783897329248,0.513683712844509,15857.95
0, 100340.0,0.33550079525445337,1.244400181881749,-1.7042731579774404,35115.92
1, 100341.0,0.551136750726936,-1.2342651945647232,-0.3465566204569822,21198.94
0, 100342.0,-1.1020722412287642,2.070621974030573,-0.41882635275023433,17644.24
0, 100343.0,0.04798618795780982,2.896843766179397,0.7559308848851245,25811.82
2, 100344.0,-0.38328572298715546,-0.40804340241589926,1.2567233275193386,10672.1
0, 100345.0,-0.023892463866351063,2.896843766179397,-0.2881584708031177,12877.7
2, 100346.0,-1.6052228039978906,-1.2342651945647232,0.7384195283753439,20138.35
0, 100347.0,-0.023892463866351063,1.244400181881749,-0.7043059499847426,18981.08
0, 100348.0,0.33550079525445337,0.4181783897329248,1.6782495836427669,10830.72
0, 100349.0,-0.23952841933883373,2.896843766179397,-0.5971752723995022,12425.91
2, 100350.0,-0.7426789821079599,-1.2342651945647232,-0.1364203423396136,20429.72
2, 100351.0,-1.317708196701247,0.4181783897329248,0.3765855637263643,17024.41
2, 100352.0,-0.4551643748113164,-0.40804340241589926,-1.4720960269782462,14322.01
2, 100353.0,-1.0301935894046035,-0.40804340241589926,-0.3258099093957409,22355.71
2, 100354.0,-0.4551643748113164,-0.40804340241589926,0.25267148440542175,13309.57
1, 100355.0,1.0542873134960622,-1.2342651945647232,-1.1878701296324288,15309.41
0, 100356.0,-1.6771014558220514,2.070621974030573,0.8534363826797696,17410.92
1, 100357.0,0.11986483978197071,-0.40804340241589926,0.1446915262504229,26652.04
0, 100358.0,-1.6771014558220514,2.070621974030573,2.58394664839228,26134.2
2, 100359.0,-1.317708196701247,0.4181783897329248,1.6418114030069413,14058.99
2, 100360.0,-1.6771014558220514,-0.40804340241589926,0.18226208097925958,9571.06
1, 100361.0,0.47925809890277515,-0.40804340241589926,1.1584898749506147,28430.41
0, 100362.0,-1.0301935894046035,1.244400181881749,-1.0924271703643398,37022.97
0, 100363.0,-0.23952841933883373,0.4181783897329248,0.657252571065575,15218.13
0, 100364.0,-0.16764976751467284,0.4181783897329248,-1.0063667392954867,15388.93
1, 100365.0,1.1261659653202232,-1.2342651945647232,0.1039260589020188,7311.3
0, 100366.0,-0.38328572298715546,2.070621974030573,-0.5146737313372558,22045.05
2, 100367.0,-0.3114070711629946,0.4181783897329248,1.0310573475549587,22555.08
1, 100368.0,0.6230154025510969,-0.40804340241589926,0.6424912659245358,23350.78
2, 100369.0,-0.5989216784596382,-0.40804340241589926,-0.7101295881773718,22371.45
2, 100370.0,-0.38328572298715546,-1.2342651945647232,-0.5029051291563177,14775.45
2, 100371.0,-1.5333441521737297,0.4181783897329248,0.8544474309771011,26122.93
2, 100372.0,-0.23952841933883373,-1.2342651945647232,0.7446071439550123,6295.74
1, 100373.0,1.198044617144384,0.4181783897329248,-1.6598274748267499,15268.33
0, 100374.0,-1.389586848525408,1.244400181881749,-0.6453416132843725,32712.45
2, 100375.0,-0.09577111569051194,-0.40804340241589926,0.18157456813707418,16790.26
2, 100376.0,-1.6771014558220514,-1.2342651945647232,1.1592178297246936,16953.47
0, 100377.0,-0.3114070711629946,2.070621974030573,-1.9146925296180617,37844.27
2, 100378.0,-0.023892463866351063,-0.40804340241589926,-0.05254377559299646,11034.48
2, 100379.0,-1.2458295448770862,0.4181783897329248,0.7361547801893213,24940.15
2, 100380.0,-0.670800330283799,-0.40804340241589926,-1.9146925296180617,25254.97
1, 100381.0,1.4136805726168666,-0.40804340241589926,-0.9812927415216668,13743.1
1, 100382.0,1.70119517991351,0.4181783897329248,-0.9756308710566106,15510.45
0, 100383.0,1.4855592244410276,2.070621974030573,0.01693546339962081,19936.05
0, 100384.0,0.2636221434302925,1.244400181881749,0.07403947123290112,13917.64
2, 100385.0,-0.5270430266354773,-0.40804340241589926,1.7272247631655022,5886.35
0, 100386.0,-0.8145576339321208,1.244400181881749,-1.2734452575185626,38060.28
2, 100387.0,-0.38328572298715546,-0.40804340241589926,-0.22555436023235426,13615.31
2, 100388.0,-0.9583149375804426,-0.40804340241589926,0.09446264683899643,6876.88
1, 100389.0,0.47925809890277515,-1.2342651945647232,-1.331196336262135,16488.91
2, 100390.0,-0.5270430266354773,-0.40804340241589926,1.857569109657473,16907.75
1, 100391.0,1.4136805726168666,-0.40804340241589926,0.12430879257622084,15739.31
2, 100392.0,-0.38328572298715546,-0.40804340241589926,1.8405430563304113,15910.0
1, 100393.0,1.3418019207927057,-1.2342651945647232,0.2096817108028885,7415.53
1, 100394.0,1.4855592244410276,-0.40804340241589926,-1.903409230619843,15441.69
1, 100395.0,1.4136805726168666,-0.40804340241589926,-1.2862653499287255,13676.65
0, 100396.0,-0.7426789821079599,2.896843766179397,0.10801069402323786,16698.86
0, 100397.0,-0.38328572298715546,2.896843766179397,0.0976575594585638,5492.46
1, 100398.0,0.6948940543752578,-0.40804340241589926,0.5146543192099472,26764.6
2, 100399.0,-1.1739508930529252,-0.40804340241589926,0.393773384780999,12326.34
0, 100400.0,-0.16764976751467284,2.070621974030573,-1.2642649389787932,19719.23
0, 100401.0,-0.3114070711629946,0.4181783897329248,0.10493710719935025,14679.28
1, 100402.0,0.9824086616719013,-0.40804340241589926,1.4761612499721566,13351.16
2, 100403.0,-0.5270430266354773,-1.2342651945647232,-0.23683765923057323,13477.38
0, 100404.0,0.6230154025510969,2.896843766179397,-0.583667667147154,20285.11
1, 100405.0,1.198044617144384,-0.40804340241589926,-0.24080096855611252,29584.58
2, 100406.0,-1.4614655003495687,-1.2342651945647232,0.186872461215091,13748.44
1, 100407.0,0.8386513580235796,-0.40804340241589926,0.4718667552668802,35670.63
1, 100408.0,1.3418019207927057,0.4181783897329248,-1.3652888848481517,17602.64
2, 100409.0,-1.0301935894046035,0.4181783897329248,-0.05472763991523239,16338.36
1, 100410.0,1.70119517991351,-0.40804340241589926,-0.6164660739125862,14535.54
2, 100411.0,-1.317708196701247,-1.2342651945647232,0.022556891932783672,23578.58
0, 100412.0,-0.38328572298715546,1.244400181881749,0.10473489753988396,21141.97
1, 100413.0,0.40737944707861423,-0.40804340241589926,0.009211054408008528,14804.59
0, 100414.0,0.7667727061994186,1.244400181881749,-0.39965687703283,24587.77
0, 100415.0,-0.8145576339321208,1.244400181881749,-0.7709946956767251,23617.79
1, 100416.0,1.269923268968545,-1.2342651945647232,-0.5723034842851484,9427.14
2, 100417.0,-0.16764976751467284,-1.2342651945647232,0.11666526744839507,13503.93
1, 100418.0,1.0542873134960622,0.4181783897329248,-1.4557170445614767,15407.68
2, 100419.0,-0.5989216784596382,-0.40804340241589926,0.9661480468662796,19503.46
0, 100420.0,-1.5333441521737297,1.244400181881749,0.49685986917691366,13628.93
0, 100421.0,1.198044617144384,2.896843766179397,-0.39043611656116717,35937.19
1, 100422.0,0.9105300098477405,0.4181783897329248,-1.236481331768125,22559.85
2, 100423.0,-1.6052228039978906,0.4181783897329248,-0.7012728050927483,17681.3
2, 100424.0,-1.1739508930529252,0.4181783897329248,1.2331052392936759,16755.78
0, 100425.0,-1.5333441521737297,1.244400181881749,-0.46367645521985745,32171.63
1, 100426.0,0.2636221434302925,-0.40804340241589926,2.7967520940146042,15034.02
2, 100427.0,-0.3114070711629946,0.4181783897329248,1.908202408387832,16121.48
1, 100428.0,0.47925809890277515,-0.40804340241589926,-1.328203633302034,13984.7
2, 100429.0,-1.4614655003495687,0.4181783897329248,-0.3369314406663868,11002.06
2, 100430.0,-1.6052228039978906,0.4181783897329248,0.9360188076058025,19505.12
1, 100431.0,1.6293165280893493,-0.40804340241589926,-1.6811403729344967,19313.51
1, 100432.0,0.11986483978197071,-0.40804340241589926,-0.9990063076909138,12891.38
2, 100433.0,-0.8864362857562816,0.4181783897329248,-0.6159403287979739,12595.95
2, 100434.0,-0.5270430266354773,-1.2342651945647232,-0.8730701317753083,20498.54
1, 100435.0,0.11986483978197071,-0.40804340241589926,0.6088435785893451,11584.31
1, 100436.0,0.33550079525445337,-1.2342651945647232,0.3545447108445387,9582.63
2, 100437.0,-0.8145576339321208,0.4181783897329248,-0.5025815937011716,19235.46
1, 100438.0,1.70119517991351,-1.2342651945647232,1.6511130473423907,20147.19
2, 100439.0,-0.38328572298715546,-0.40804340241589926,0.3915490785268698,20257.13
1, 100440.0,1.6293165280893493,-1.2342651945647232,0.7386217380348101,17225.99
2, 100441.0,-1.1739508930529252,-1.2342651945647232,0.35915509108037014,10910.36
0, 100442.0,-0.23952841933883373,1.244400181881749,2.152754770546363,18550.59
0, 100443.0,-0.023892463866351063,0.4181783897329248,-0.5227621177159074,14077.07
2, 100444.0,-0.8145576339321208,-1.2342651945647232,-0.46646694852049225,15120.71
2, 100445.0,-0.38328572298715546,0.4181783897329248,0.6807088915636647,6793.26
1, 100446.0,1.4136805726168666,-0.40804340241589926,1.5174929043670662,26397.69
2, 100447.0,-1.389586848525408,-1.2342651945647232,-0.10948601569870375,12327.34
0, 100448.0,-0.023892463866351063,2.896843766179397,0.6477891590025526,16423.52
1, 100449.0,1.1261659653202232,0.4181783897329248,1.1755159282776764,12229.62
0, 100450.0,1.1261659653202232,1.244400181881749,-1.1104238300568396,10545.87
2, 100451.0,-0.23952841933883373,-0.40804340241589926,1.0014134114772006,26395.15
1, 100452.0,1.70119517991351,0.4181783897329248,-1.4730666333436842,15776.16
2, 100453.0,-0.8864362857562816,-1.2342651945647232,0.36396768097566784,28385.31
1, 100454.0,0.40737944707861423,-0.40804340241589926,0.19281742520339992,8091.76
0, 100455.0,0.47925809890277515,2.070621974030573,-1.9146925296180617,27368.09
2, 100456.0,-0.16764976751467284,-0.40804340241589926,-0.23166109194823623,23249.39
1, 100457.0,0.2636221434302925,-1.2342651945647232,-0.005064947550311552,14847.04
0, 100458.0,0.19174349160613158,1.244400181881749,0.2514986683805173,13373.08
1, 100459.0,1.4136805726168666,0.4181783897329248,1.1868396692077887,31624.05
2, 100460.0,-1.6052228039978906,-1.2342651945647232,2.600689608196089,23538.74
1, 100461.0,1.1261659653202232,0.4181783897329248,-0.1851528702709895,14145.01
0, 100462.0,-0.23952841933883373,2.896843766179397,-0.9100744994576394,15556.03
2, 100463.0,-0.09577111569051194,-0.40804340241589926,-0.7948958774256406,10754.79
2, 100464.0,-0.23952841933883373,-0.40804340241589926,-0.725982825479529,11830.16
0, 100465.0,0.11986483978197071,0.4181783897329248,-0.5989142754709122,12235.33
2, 100466.0,-0.5270430266354773,0.4181783897329248,-0.01363863711168225,10526.43
2, 100467.0,-1.389586848525408,0.4181783897329248,0.06417163985094618,39313.89
0, 100468.0,1.4855592244410276,1.244400181881749,-1.2698459255800627,17949.29
2, 100469.0,-0.38328572298715546,-0.40804340241589926,-0.007814998919053096,13317.24
2, 100470.0,-1.5333441521737297,0.4181783897329248,-0.2832245551121402,15437.81
2, 100471.0,-1.4614655003495687,0.4181783897329248,-0.3954913580478244,10073.56
2, 100472.0,-1.1739508930529252,-1.2342651945647232,-1.362336623819944,24324.44
2, 100473.0,-0.8145576339321208,-1.2342651945647232,2.5800642229305275,13005.01
1, 100474.0,1.1261659653202232,-1.2342651945647232,1.3150810352413098,12060.31
2, 100475.0,-1.2458295448770862,-1.2342651945647232,0.3106247728084605,5038.79
1, 100476.0,0.40737944707861423,-0.40804340241589926,1.3657143339716689,16255.24
2, 100477.0,-1.4614655003495687,-0.40804340241589926,-0.23174197581202272,11676.82
2, 100478.0,-1.6771014558220514,-0.40804340241589926,-1.285860930609793,27050.85
2, 100479.0,-0.38328572298715546,-0.40804340241589926,1.2472194735244229,12776.71
2, 100480.0,-0.7426789821079599,0.4181783897329248,-1.039326913788492,18297.4
0, 100481.0,-0.023892463866351063,0.4181783897329248,0.695348870909024,11830.03
0, 100482.0,-1.0301935894046035,1.244400181881749,-0.18422270583744457,30858.11
1, 100483.0,0.33550079525445337,-1.2342651945647232,0.710231501845743,16352.83
0, 100484.0,-1.0301935894046035,1.244400181881749,-1.406741865038741,13449.34
1, 100485.0,0.6948940543752578,-1.2342651945647232,-1.1471046622840246,32076.17
2, 100486.0,-0.3114070711629946,-1.2342651945647232,0.28118304639016867,13235.02
2, 100487.0,-1.6771014558220514,-1.2342651945647232,0.39171084625444286,18875.88
0, 100488.0,0.9824086616719013,1.244400181881749,0.8686425490716346,38625.48
1, 100489.0,1.3418019207927057,-0.40804340241589926,-1.0672722887267334,9094.21
0, 100490.0,1.1261659653202232,1.244400181881749,-0.7286519929844839,19625.77
2, 100491.0,-1.389586848525408,-1.2342651945647232,0.720261100955271,20079.55
1, 100492.0,0.19174349160613158,-0.40804340241589926,-0.05310996263950207,39297.69
2, 100493.0,-1.5333441521737297,0.4181783897329248,0.6570503614061087,7857.18
2, 100494.0,-1.5333441521737297,-1.2342651945647232,0.5648427566894804,17883.62
1, 100495.0,1.0542873134960622,-1.2342651945647232,1.2059687029932997,20331.56
0, 100496.0,0.19174349160613158,0.4181783897329248,-1.9096777300632979,16359.97
2, 100497.0,-1.4614655003495687,-0.40804340241589926,-0.024517516790968658,14893.26
2, 100498.0,-0.8145576339321208,-0.40804340241589926,0.802236896902905,12857.04
2, 100499.0,-0.3114070711629946,-1.2342651945647232,0.5294965082147729,10678.12
2, 100500.0,-1.0301935894046035,0.4181783897329248,-0.11033529626846217,24894.8
1, 100501.0,1.70119517991351,-1.2342651945647232,0.8035714806553824,22238.52
1, 100502.0,1.3418019207927057,-0.40804340241589926,0.38851593363487547,18951.87
2, 100503.0,-0.4551643748113164,-1.2342651945647232,1.4819444462328923,19304.11
1, 100504.0,1.4855592244410276,-0.40804340241589926,1.638778258114947,32401.55
1, 100505.0,1.269923268968545,0.4181783897329248,1.2644477365109508,10776.25
2, 100506.0,-0.9583149375804426,-1.2342651945647232,-1.0903241899058904,20739.6
0, 100507.0,-0.023892463866351063,1.244400181881749,0.7105145953689957,9477.83
1, 100508.0,0.6948940543752578,-0.40804340241589926,0.02037302761054774,14667.93
1, 100509.0,1.6293165280893493,-0.40804340241589926,-0.07300739313098502,12825.39
1, 100510.0,1.4136805726168666,-0.40804340241589926,0.33484949001252207,13463.12
1, 100511.0,1.4855592244410276,0.4181783897329248,-1.8218782959230346,19456.91
1, 100512.0,0.11986483978197071,-0.40804340241589926,0.3013635704049044,12784.65
0, 100513.0,-0.9583149375804426,2.070621974030573,0.8778228676114042,17602.22
1, 100514.0,1.70119517991351,-0.40804340241589926,-0.5193245535049805,16049.58
2, 100515.0,-1.5333441521737297,0.4181783897329248,0.8832420864851007,32514.66
1, 100516.0,0.551136750726936,0.4181783897329248,-1.0420769651572337,10688.64
2, 100517.0,-0.3114070711629946,-1.2342651945647232,1.3433903875665905,28228.53
1, 100518.0,0.8386513580235796,-0.40804340241589926,-1.9146925296180617,14425.19
2, 100519.0,-1.1739508930529252,0.4181783897329248,-0.500599939038402,12035.31
0, 100520.0,0.551136750726936,2.070621974030573,1.7189341671273843,21389.65
2, 100521.0,-0.4551643748113164,-1.2342651945647232,1.6694332424900367,12577.21
0, 100522.0,-0.7426789821079599,2.896843766179397,-0.5624356529031935,14737.72
1, 100523.0,0.6948940543752578,-0.40804340241589926,-0.25956602495458425,30864.62
2, 100524.0,-1.4614655003495687,-0.40804340241589926,2.062933239811437,13272.55
2, 100525.0,-1.0301935894046035,0.4181783897329248,3.005392020651922,10799.05
2, 100526.0,-0.023892463866351063,-0.40804340241589926,0.15451891570048457,14458.88
2, 100527.0,-1.317708196701247,-0.40804340241589926,-0.5049676676828739,19059.28
1, 100528.0,1.5574378762651884,-0.40804340241589926,-0.7106553332919842,39218.23
1, 100529.0,1.3418019207927057,-1.2342651945647232,0.5872071450264521,14071.45
0, 100530.0,-0.5989216784596382,2.070621974030573,-1.445121258405443,19260.68
2, 100531.0,-1.317708196701247,-0.40804340241589926,1.6412452159604358,7921.66
2, 100532.0,-0.3114070711629946,-1.2342651945647232,-1.9146925296180617,10786.04
2, 100533.0,-1.317708196701247,-1.2342651945647232,1.378089565131006,6426.78
1, 100534.0,1.198044617144384,-1.2342651945647232,0.31665062066055594,27685.19
1, 100535.0,0.2636221434302925,-0.40804340241589926,-0.460158007145144,5808.61
2, 100536.0,-0.670800330283799,0.4181783897329248,-0.34417054647528,13951.45
0, 100537.0,-1.1739508930529252,1.244400181881749,-0.8768312314413813,15692.03
1, 100538.0,0.33550079525445337,-0.40804340241589926,0.9440263101206675,18282.74
1, 100539.0,1.269923268968545,-0.40804340241589926,-1.514883590921313,15088.03
1, 100540.0,0.40737944707861423,0.4181783897329248,1.148177182317834,26794.97
0, 100541.0,1.269923268968545,1.244400181881749,0.43033289121250423,23746.54
2, 100542.0,-0.4551643748113164,-1.2342651945647232,-1.0599927409859469,25487.85
2, 100543.0,-0.7426789821079599,-0.40804340241589926,-0.756233390535686,19419.72
2, 100544.0,-1.1739508930529252,0.4181783897329248,-0.7754837501168768,13904.02
1, 100545.0,0.8386513580235796,0.4181783897329248,1.531283603142667,24328.68
0, 100546.0,-0.4551643748113164,1.244400181881749,1.8946139192716973,9315.36
2, 100547.0,-0.3114070711629946,-0.40804340241589926,-0.6343414078094063,33317.41
1, 100548.0,0.6948940543752578,0.4181783897329248,0.25752451623261274,26433.83
1, 100549.0,1.4855592244410276,-0.40804340241589926,0.7657582743351862,23121.28
2, 100550.0,-1.2458295448770862,-1.2342651945647232,1.0661205025064135,11944.72
1, 100551.0,1.269923268968545,-1.2342651945647232,1.346463974390478,27560.3
1, 100552.0,1.198044617144384,0.4181783897329248,-0.4779120152462843,22700.34
2, 100553.0,-0.8864362857562816,-1.2342651945647232,0.39526973626104955,18395.18
2, 100554.0,-0.3114070711629946,-0.40804340241589926,-0.11898986969361938,18993.18
1, 100555.0,0.2636221434302925,-1.2342651945647232,0.7828652115260344,24663.95
1, 100556.0,0.6230154025510969,0.4181783897329248,-1.2681878063724392,13402.02
2, 100557.0,-1.6052228039978906,-1.2342651945647232,-0.6780995781179114,6086.38
1, 100558.0,0.9105300098477405,0.4181783897329248,-0.24504737140490462,11248.19
2, 100559.0,-0.8864362857562816,-0.40804340241589926,1.188619114211092,12247.92
0, 100560.0,0.04798618795780982,2.896843766179397,1.3533795447442252,6984.86
2, 100561.0,-1.0301935894046035,-1.2342651945647232,-1.0424005006123795,14901.48
2, 100562.0,-1.317708196701247,0.4181783897329248,-1.813021512838411,16387.49
2, 100563.0,-0.8864362857562816,0.4181783897329248,-0.11029485433656891,6672.78
0, 100564.0,-0.3114070711629946,1.244400181881749,0.4495023669299085,7010.06
0, 100565.0,0.19174349160613158,0.4181783897329248,0.7154485110599732,16155.18
2, 100566.0,-0.5270430266354773,-0.40804340241589926,-0.7096847269265459,22447.59
1, 100567.0,1.269923268968545,-0.40804340241589926,-0.07951854416579955,17796.23
2, 100568.0,0.11986483978197071,-0.40804340241589926,1.7156988125759238,18024.86
0, 100569.0,-0.9583149375804426,1.244400181881749,0.39284322034745406,8366.48
1, 100570.0,1.5574378762651884,-0.40804340241589926,1.382052874456545,16846.04
2, 100571.0,-0.7426789821079599,-0.40804340241589926,1.8578522031807256,11626.6
0, 100572.0,-0.5989216784596382,2.896843766179397,-0.34865960091543163,24886.14
1, 100573.0,0.40737944707861423,0.4181783897329248,0.4702895199230432,11055.08
2, 100574.0,-0.4551643748113164,0.4181783897329248,-0.5437110384366151,35115.56
1, 100575.0,0.551136750726936,-0.40804340241589926,0.26067898692028685,13550.56
0, 100576.0,-1.0301935894046035,1.244400181881749,-1.1543033261610245,15251.52
1, 100577.0,1.5574378762651884,-0.40804340241589926,0.720584636410417,17582.24
0, 100578.0,1.6293165280893493,1.244400181881749,0.3817216890768081,27894.28
2, 100579.0,-0.670800330283799,-0.40804340241589926,-0.12072887276502947,7957.47
2, 100580.0,-1.317708196701247,0.4181783897329248,-0.8285435647608312,23917.4
1, 100581.0,1.198044617144384,-0.40804340241589926,-1.9146925296180617,16400.04
1, 100582.0,0.19174349160613158,-0.40804340241589926,-0.07765821529870968,13082.92
1, 100583.0,-0.09577111569051194,-0.40804340241589926,-1.9146925296180617,15452.39
1, 100584.0,0.47925809890277515,-0.40804340241589926,-1.873846178405871,19548.83
1, 100585.0,0.8386513580235796,-0.40804340241589926,0.42446881108798185,17441.07
0, 100586.0,1.198044617144384,1.244400181881749,-1.1853627298550466,12947.88
2, 100587.0,-0.16764976751467284,-1.2342651945647232,0.41039501878912804,6316.05
0, 100588.0,0.8386513580235796,2.070621974030573,0.8794405448871345,13679.5
0, 100589.0,0.2636221434302925,2.070621974030573,-1.596212315958655,29575.92
2, 100590.0,-1.5333441521737297,-1.2342651945647232,0.19621454748243358,8065.49
1, 100591.0,0.9105300098477405,-0.40804340241589926,0.06882246201867084,13001.14
2, 100592.0,-1.1739508930529252,-0.40804340241589926,-1.14953117819762,25190.14
1, 100593.0,0.7667727061994186,-0.40804340241589926,0.38839460783919566,15094.08
2, 100594.0,-1.1020722412287642,-1.2342651945647232,-0.35108611682902713,10835.79
1, 100595.0,0.2636221434302925,-1.2342651945647232,0.16479116640137212,10206.89
2, 100596.0,-0.5270430266354773,-0.40804340241589926,-0.7729359084076015,18734.94
2, 100597.0,-1.1020722412287642,-0.40804340241589926,-0.24492604560922485,10353.98
1, 100598.0,0.11986483978197071,-1.2342651945647232,-0.12226566617697328,10023.48
0, 100599.0,-1.6771014558220514,1.244400181881749,-0.03891484454496851,28235.86
2, 100600.0,-1.1020722412287642,-0.40804340241589926,-0.7528767101885455,26939.79
1, 100601.0,0.33550079525445337,-0.40804340241589926,-0.28039361987961214,19376.98
2, 100602.0,-1.5333441521737297,0.4181783897329248,0.4130641862940831,10481.41
1, 100603.0,1.0542873134960622,0.4181783897329248,-0.719876093763647,27871.32
1, 100604.0,0.8386513580235796,-0.40804340241589926,-0.3534317488788361,8867.41
2, 100605.0,-0.4551643748113164,0.4181783897329248,-0.36532167685545397,17994.77
1, 100606.0,0.9105300098477405,0.4181783897329248,0.10655478447508057,11705.41
1, 100607.0,1.4136805726168666,0.4181783897329248,0.1624859762834564,17152.18
2, 100608.0,-0.3114070711629946,-1.2342651945647232,-1.5539504971302003,13063.47
1, 100609.0,1.5574378762651884,-1.2342651945647232,-1.7375568679255917,17631.81
1, 100610.0,1.1261659653202232,0.4181783897329248,0.2616900352176183,21836.56
1, 100611.0,0.2636221434302925,-0.40804340241589926,-0.6741767107242654,7337.97
1, 100612.0,0.6230154025510969,-0.40804340241589926,0.24328895620618593,15175.28
1, 100613.0,0.04798618795780982,-1.2342651945647232,-1.877243300684905,41102.65
2, 100614.0,-0.5270430266354773,-0.40804340241589926,-0.18462712515637714,27472.51
0, 100615.0,-0.8864362857562816,2.070621974030573,-0.08594881133682758,7715.7
2, 100616.0,-0.8145576339321208,-0.40804340241589926,-0.8590367814083478,6204.32
2, 100617.0,-0.9583149375804426,-0.40804340241589926,0.6669586347199569,12151.41
1, 100618.0,1.4136805726168666,0.4181783897329248,1.3822550841160115,25772.86
1, 100619.0,1.3418019207927057,0.4181783897329248,-0.7318064636721581,28295.25
2, 100620.0,-0.9583149375804426,-0.40804340241589926,-0.48292681480104827,11429.53
0, 100621.0,-0.09577111569051194,0.4181783897329248,-0.6544006060284623,17207.06
0, 100622.0,1.269923268968545,2.896843766179397,-1.1558401195729684,41996.2
0, 100623.0,0.47925809890277515,2.070621974030573,-1.9146925296180617,12478.31
2, 100624.0,-0.5270430266354773,-1.2342651945647232,-1.059062576552402,35612.43
1, 100625.0,0.11986483978197071,-0.40804340241589926,1.2622234302568216,26756.52
1, 100626.0,0.04798618795780982,-1.2342651945647232,-0.36564521231060004,27736.21
1, 100627.0,1.5574378762651884,-1.2342651945647232,0.4175532407342347,14799.14
0, 100628.0,-1.0301935894046035,2.896843766179397,-1.9146925296180617,35058.04
2, 100629.0,-1.1020722412287642,-0.40804340241589926,0.8378662389008653,24362.92
1, 100630.0,0.40737944707861423,-1.2342651945647232,0.3093306309878763,23904.35
2, 100631.0,-0.4551643748113164,-1.2342651945647232,0.5824349970630477,9178.92
2, 100632.0,-1.6771014558220514,-0.40804340241589926,0.9497286225176169,25004.65
1, 100633.0,1.70119517991351,-1.2342651945647232,0.7294009775631473,21820.1
0, 100634.0,-0.4551643748113164,0.4181783897329248,-1.5378950501685769,7687.76
0, 100635.0,-0.023892463866351063,0.4181783897329248,-0.42311319753091964,15283.67
2, 100636.0,-0.4551643748113164,0.4181783897329248,0.44274856430373444,14388.81
0, 100637.0,1.4855592244410276,1.244400181881749,-0.7763734726185284,15045.5
1, 100638.0,0.9824086616719013,0.4181783897329248,0.29768335460261797,33345.55
2, 100639.0,-0.23952841933883373,-0.40804340241589926,0.618226106788581,14482.51
1, 100640.0,1.70119517991351,-0.40804340241589926,0.29319430016246634,11082.48
0, 100641.0,-0.16764976751467284,0.4181783897329248,0.7905491785857534,20205.55
0, 100642.0,-1.2458295448770862,2.070621974030573,-0.6815775842607317,12252.08
1, 100643.0,1.70119517991351,-0.40804340241589926,-0.257341718700455,20117.82
2, 100644.0,-1.6771014558220514,-1.2342651945647232,0.014144970098986007,18036.42
2, 100645.0,-1.0301935894046035,-1.2342651945647232,-1.620679684754076,13266.8
2, 100646.0,-1.317708196701247,-0.40804340241589926,-1.9146925296180617,23039.01
1, 100647.0,1.4136805726168666,-0.40804340241589926,-1.815043609433074,18113.65
2, 100648.0,-0.38328572298715546,-1.2342651945647232,0.4455794995362625,19814.77
1, 100649.0,0.6230154025510969,-1.2342651945647232,-0.5160891989535198,31287.7
1, 100650.0,0.6230154025510969,-0.40804340241589926,-0.1420013289408832,17862.21
2, 100651.0,-0.670800330283799,-1.2342651945647232,-0.7395308726637704,12110.43
2, 100652.0,-1.6771014558220514,-0.40804340241589926,0.304275389501219,24367.08
2, 100653.0,-0.4551643748113164,-0.40804340241589926,-0.061724094132766034,20805.72
2, 100654.0,-1.4614655003495687,-0.40804340241589926,-0.01040328256022161,29895.54
0, 100655.0,1.5574378762651884,1.244400181881749,-0.5600495789214913,12414.96
2, 100656.0,-1.1739508930529252,-1.2342651945647232,-0.41850281729508826,8950.38
0, 100657.0,-0.3114070711629946,0.4181783897329248,0.26803941852485985,16943.52
1, 100658.0,1.0542873134960622,0.4181783897329248,0.8242777497847306,11916.37
2, 100659.0,-1.0301935894046035,-0.40804340241589926,1.3550376639518487,8706.13
0, 100660.0,-0.3114070711629946,0.4181783897329248,0.20681033363846718,21248.83
2, 100661.0,-1.1739508930529252,-0.40804340241589926,-0.9924951566560992,10752.89
1, 100662.0,0.47925809890277515,-0.40804340241589926,1.7521369932117492,25721.55
0, 100663.0,0.33550079525445337,2.070621974030573,0.07472698407508652,18163.54
1, 100664.0,0.40737944707861423,-1.2342651945647232,0.9912624865719929,15012.98
1, 100665.0,1.4136805726168666,-0.40804340241589926,-0.8697538933600611,17374.31
0, 100666.0,0.9105300098477405,1.244400181881749,-0.5036735258622896,15409.51
1, 100667.0,0.9824086616719013,-1.2342651945647232,0.5455519551763963,11616.89
1, 100668.0,1.1261659653202232,-1.2342651945647232,-1.7121593346966257,16998.19
2, 100669.0,-1.4614655003495687,-1.2342651945647232,0.041321948331255395,7770.31
2, 100670.0,-0.5270430266354773,0.4181783897329248,0.444244915783785,30289.54
0, 100671.0,-0.5270430266354773,1.244400181881749,-0.39132583906281887,27842.12
2, 100672.0,-0.7426789821079599,0.4181783897329248,0.328095687386348,8289.05
1, 100673.0,0.9105300098477405,0.4181783897329248,0.45920843058429045,18004.0
2, 100674.0,-0.670800330283799,-1.2342651945647232,-0.07680893472895127,7533.06
0, 100675.0,0.19174349160613158,0.4181783897329248,-0.8482387855928479,23183.27
0, 100676.0,0.9824086616719013,1.244400181881749,0.011435360662137718,15810.11
0, 100677.0,0.2636221434302925,1.244400181881749,0.5417099716465368,14080.98
0, 100678.0,0.2636221434302925,0.4181783897329248,1.4568704484590724,26151.9
2, 100679.0,-1.389586848525408,-0.40804340241589926,-0.12732090766363052,20478.23
1, 100680.0,0.04798618795780982,-0.40804340241589926,-1.520666787182049,14208.04
0, 100681.0,1.5574378762651884,2.070621974030573,-1.0698201304360087,11399.35
1, 100682.0,1.1261659653202232,-0.40804340241589926,1.0375280566578802,20607.98
1, 100683.0,1.0542873134960622,-0.40804340241589926,0.5019555525954642,14429.68
0, 100684.0,0.9105300098477405,2.070621974030573,-0.6071239876452437,24737.08
1, 100685.0,0.6230154025510969,0.4181783897329248,2.123110834468605,19680.68
1, 100686.0,1.4136805726168666,0.4181783897329248,-1.2140360595673667,11360.3
2, 100687.0,-0.5270430266354773,-0.40804340241589926,0.06623417837750233,13362.57
0, 100688.0,-0.7426789821079599,1.244400181881749,-0.16699444285091664,11018.62
2, 100689.0,-1.6771014558220514,-1.2342651945647232,-0.39767522237006037,20982.01
1, 100690.0,0.11986483978197071,-0.40804340241589926,0.9945787249872401,14588.39
1, 100691.0,0.6948940543752578,0.4181783897329248,0.567754575785795,28383.79
1, 100692.0,1.1261659653202232,-0.40804340241589926,-0.14495358996909102,10499.57
0, 100693.0,-0.8145576339321208,1.244400181881749,-1.9146925296180617,17235.25
2, 100694.0,-0.5270430266354773,-1.2342651945647232,1.2725361228896024,15200.51
1, 100695.0,1.198044617144384,-0.40804340241589926,0.45439584068899275,21750.55
2, 100696.0,-0.023892463866351063,-0.40804340241589926,1.0526128972540654,16765.11
1, 100697.0,0.47925809890277515,-0.40804340241589926,-0.7686086216950229,13605.48
2, 100698.0,-0.3114070711629946,-0.40804340241589926,-0.2589998379080786,20225.53
0, 100699.0,-0.5989216784596382,1.244400181881749,-1.8283894469578492,16002.86
2, 100700.0,-1.6052228039978906,-1.2342651945647232,0.8943231758238535,18811.34
2, 100701.0,-0.670800330283799,-1.2342651945647232,1.326849637422248,40761.77
1, 100702.0,0.47925809890277515,-1.2342651945647232,0.7010511833059734,18659.48
0, 100703.0,1.4855592244410276,1.244400181881749,2.3807259406286585,11128.79
0, 100704.0,0.19174349160613158,0.4181783897329248,0.6952679870452375,13926.01
0, 100705.0,1.0542873134960622,2.070621974030573,0.7705708642304839,27723.66
2, 100706.0,-1.0301935894046035,-1.2342651945647232,0.17097878198104058,10153.67
0, 100707.0,-0.670800330283799,1.244400181881749,0.4389470227057682,11795.61
2, 100708.0,-0.8145576339321208,0.4181783897329248,0.23592852460161295,12151.53
0, 100709.0,-0.38328572298715546,1.244400181881749,0.6505796523031874,30005.82
1, 100710.0,0.40737944707861423,-0.40804340241589926,1.2175350955147715,12707.68
1, 100711.0,1.0542873134960622,-0.40804340241589926,-0.2755001461205279,18288.04
2, 100712.0,-0.4551643748113164,0.4181783897329248,1.677036325685969,29959.3
2, 100713.0,-0.5989216784596382,0.4181783897329248,1.7863508675934454,19685.89
1, 100714.0,0.7667727061994186,-0.40804340241589926,-0.5378065163801994,8500.41
1, 100715.0,0.7667727061994186,0.4181783897329248,-1.9146925296180617,20795.21
2, 100716.0,-1.2458295448770862,-0.40804340241589926,-0.16056417567988862,22657.78
2, 100717.0,-1.6052228039978906,0.4181783897329248,-1.9146925296180617,11318.57
1, 100718.0,0.6948940543752578,-0.40804340241589926,0.47433371311236894,13748.03
2, 100719.0,-1.389586848525408,-1.2342651945647232,-1.5478437654143182,6701.02
1, 100720.0,0.6230154025510969,0.4181783897329248,0.7282281615382428,9745.95
2, 100721.0,-0.4551643748113164,-1.2342651945647232,1.026527851182914,10037.91
0, 100722.0,0.9105300098477405,1.244400181881749,0.7910344817684725,28031.68
1, 100723.0,1.269923268968545,0.4181783897329248,-0.03499197715132248,17766.71
2, 100724.0,-1.6771014558220514,-0.40804340241589926,0.2754807339932193,11384.55
1, 100725.0,0.47925809890277515,-0.40804340241589926,-0.7093207495395066,16053.68
0, 100726.0,0.8386513580235796,1.244400181881749,-1.9146925296180617,10743.4
2, 100727.0,-1.2458295448770862,0.4181783897329248,-0.22514994091342166,27480.06
0, 100728.0,0.33550079525445337,0.4181783897329248,-0.6660074404818273,16209.16
1, 100729.0,1.1261659653202232,0.4181783897329248,0.6333109473847662,22736.82
0, 100730.0,0.11986483978197071,0.4181783897329248,0.5556219962178176,13680.93
2, 100731.0,-1.0301935894046035,-0.40804340241589926,-0.09998216170378811,7636.36
2, 100732.0,-0.8145576339321208,0.4181783897329248,-1.106258311071834,22512.63
1, 100733.0,1.1261659653202232,-1.2342651945647232,2.1464053872391218,17658.33
0, 100734.0,0.551136750726936,1.244400181881749,0.864315262359056,31745.69
2, 100735.0,-1.0301935894046035,-0.40804340241589926,-0.27420600429994363,16435.23
1, 100736.0,0.9824086616719013,-0.40804340241589926,0.5721223044302668,12027.34
2, 100737.0,-1.5333441521737297,-0.40804340241589926,2.4906875534464272,22949.68
2, 100738.0,-1.5333441521737297,-0.40804340241589926,-1.2039660185259453,35145.89
1, 100739.0,1.4136805726168666,-1.2342651945647232,1.0024244597745322,18843.97
2, 100740.0,-1.4614655003495687,-1.2342651945647232,-1.9146925296180617,23264.09
2, 100741.0,-1.389586848525408,-1.2342651945647232,-1.3965909401335332,5382.4
1, 100742.0,0.9105300098477405,-0.40804340241589926,-0.29944176980133663,8309.07
0, 100743.0,-0.023892463866351063,0.4181783897329248,0.8601497433740505,14566.43
1, 100744.0,0.6948940543752578,-0.40804340241589926,0.257726725892079,30533.67
1, 100745.0,0.9824086616719013,-0.40804340241589926,0.760703032848529,3570.13
1, 100746.0,0.7667727061994186,-1.2342651945647232,-1.3785538385091403,16868.08
2, 100747.0,-0.4551643748113164,-1.2342651945647232,0.954136793093982,30623.61
1, 100748.0,0.47925809890277515,-1.2342651945647232,-0.1092433641073442,14533.65
1, 100749.0,1.4136805726168666,0.4181783897329248,-0.09419896544305222,15416.43
0, 100750.0,-1.2458295448770862,1.244400181881749,-0.8266427939618481,12434.6
2, 100751.0,-0.7426789821079599,-0.40804340241589926,0.31511382724861214,17363.02
1, 100752.0,0.40737944707861423,0.4181783897329248,-0.8108704405234776,17552.16
1, 100753.0,0.8386513580235796,-0.40804340241589926,0.7368018510996135,31580.4
0, 100754.0,0.7667727061994186,2.070621974030573,-0.5439536900279746,32475.76
0, 100755.0,1.198044617144384,1.244400181881749,-0.9271409947165943,15489.95
0, 100756.0,0.2636221434302925,0.4181783897329248,-1.1100598526698002,29944.32
2, 100757.0,-0.23952841933883373,-1.2342651945647232,-1.9146925296180617,5373.81
2, 100758.0,-0.8145576339321208,-0.40804340241589926,-0.2562093446074438,27084.88
2, 100759.0,-1.2458295448770862,0.4181783897329248,0.30346655086335383,11152.95
2, 100760.0,-0.09577111569051194,-1.2342651945647232,-0.6599815926297319,14881.33
0, 100761.0,-1.6771014558220514,2.070621974030573,0.8369765163992136,8865.2
0, 100762.0,-0.9583149375804426,1.244400181881749,-0.5639320043832441,13529.44
0, 100763.0,1.5574378762651884,2.896843766179397,0.5276766212795763,20068.07
1, 100764.0,1.70119517991351,0.4181783897329248,0.001365319620716473,18058.81
1, 100765.0,0.551136750726936,-1.2342651945647232,-0.2489297968666574,15436.34
0, 100766.0,0.47925809890277515,1.244400181881749,1.0976652093831547,17158.85
2, 100767.0,-1.1739508930529252,-0.40804340241589926,-0.9396779936035042,13293.92
0, 100768.0,-1.1739508930529252,1.244400181881749,0.7322723547275686,13790.83
1, 100769.0,0.8386513580235796,0.4181783897329248,1.6087299027182562,12335.73
0, 100770.0,-0.16764976751467284,2.070621974030573,-1.108927478576789,14513.85
2, 100771.0,-1.6771014558220514,-0.40804340241589926,0.4150053990249595,31664.4
1, 100772.0,1.70119517991351,-0.40804340241589926,0.9390115105659036,10268.33
2, 100773.0,-1.1739508930529252,-1.2342651945647232,0.08896254410151333,11845.23
2, 100774.0,-0.5989216784596382,0.4181783897329248,0.06380766246390684,11932.09
0, 100775.0,1.5574378762651884,2.070621974030573,0.8343882327580451,28272.45
2, 100776.0,-0.09577111569051194,-0.40804340241589926,1.3068713230669784,29526.59
1, 100777.0,1.1261659653202232,-0.40804340241589926,-0.2384148945744103,15745.66
0, 100778.0,-0.9583149375804426,2.896843766179397,1.6138660280687,13959.25
2, 100779.0,-0.7426789821079599,-1.2342651945647232,-0.25875718631671907,6542.44
1, 100780.0,1.0542873134960622,0.4181783897329248,-0.5196076470282333,18514.06
2, 100781.0,-0.8864362857562816,-1.2342651945647232,0.12236757984534445,4532.02
1, 100782.0,1.5574378762651884,-0.40804340241589926,-1.6014697671047784,19604.05
0, 100783.0,-0.5989216784596382,1.244400181881749,1.0434325787142957,23704.67
1, 100784.0,0.47925809890277515,0.4181783897329248,0.4401198387306727,12913.18
1, 100785.0,0.6948940543752578,-0.40804340241589926,0.3766260056582576,18425.52
1, 100786.0,1.3418019207927057,-1.2342651945647232,-1.1174607262062666,16597.33
0, 100787.0,0.19174349160613158,1.244400181881749,1.0731978405877336,24382.51
2, 100788.0,-1.1739508930529252,-1.2342651945647232,1.0754221468418628,24748.24
2, 100789.0,-0.23952841933883373,-1.2342651945647232,-0.16157522397722007,23646.25
2, 100790.0,-1.0301935894046035,-0.40804340241589926,-0.19675970472435456,12682.34
1, 100791.0,1.6293165280893493,0.4181783897329248,-0.6958940281509449,12422.0
1, 100792.0,0.11986483978197071,-0.40804340241589926,-1.1298763992974967,24682.99
1, 100793.0,0.47925809890277515,0.4181783897329248,-1.3773001386204493,17887.15
2, 100794.0,-0.8864362857562816,0.4181783897329248,0.006420561107373725,12910.05
2, 100795.0,-1.4614655003495687,0.4181783897329248,0.9691407498263808,18170.07
2, 100796.0,-1.5333441521737297,-0.40804340241589926,-0.825995723051556,5844.72
1, 100797.0,1.198044617144384,-1.2342651945647232,0.7146396724221081,27673.92
2, 100798.0,-1.1020722412287642,-0.40804340241589926,-0.42456910707907697,27549.54
2, 100799.0,-1.317708196701247,-1.2342651945647232,-0.04975328229236166,24607.14
2, 100800.0,-0.670800330283799,-1.2342651945647232,1.3876338610578147,14724.44
2, 100801.0,-0.16764976751467284,-0.40804340241589926,-0.7351227020874053,16930.22
0, 100802.0,0.19174349160613158,0.4181783897329248,-0.6246353441550243,21783.01
0, 100803.0,0.04798618795780982,1.244400181881749,-0.8101829276812921,16225.57
2, 100804.0,-1.1020722412287642,-1.2342651945647232,-0.830080358172775,15156.33
2, 100805.0,-1.2458295448770862,-0.40804340241589926,0.33970252183971306,19439.16
2, 100806.0,-1.389586848525408,-1.2342651945647232,0.45492158580360514,19964.25
1, 100807.0,0.19174349160613158,-0.40804340241589926,-1.4181060479007466,29934.86
2, 100808.0,-1.2458295448770862,-0.40804340241589926,-0.8941403782916958,7771.4
1, 100809.0,1.269923268968545,-0.40804340241589926,-1.1395015790880922,28920.58
1, 100810.0,1.5574378762651884,-1.2342651945647232,-1.0223413023933237,23957.86
1, 100811.0,1.0542873134960622,-1.2342651945647232,-0.08412892440163097,13380.8
2, 100812.0,-1.317708196701247,0.4181783897329248,0.49997389793269453,13647.94
1, 100813.0,1.4855592244410276,-1.2342651945647232,1.2658227621953215,38419.44
2, 100814.0,-0.4551643748113164,0.4181783897329248,-0.235543517409989,19294.1
1, 100815.0,0.7667727061994186,0.4181783897329248,-0.17039156512995032,27568.2
1, 100816.0,1.5574378762651884,-1.2342651945647232,-0.29551890240769063,34653.75
0, 100817.0,-1.317708196701247,1.244400181881749,-1.2898242399353321,21771.53
1, 100818.0,0.40737944707861423,-0.40804340241589926,0.03347621354396334,30845.18
1, 100819.0,0.7667727061994186,-0.40804340241589926,1.726254156800064,15655.87
0, 100820.0,0.2636221434302925,0.4181783897329248,-0.5014087776762671,17042.91
2, 100821.0,-1.6771014558220514,-1.2342651945647232,-0.9435199771333638,9981.42
2, 100822.0,-0.5270430266354773,-0.40804340241589926,-1.1020927920868284,17884.57
2, 100823.0,-0.5270430266354773,-1.2342651945647232,1.976063970104719,18605.04
2, 100824.0,-1.1739508930529252,-1.2342651945647232,1.336272607553377,6977.55
0, 100825.0,1.5574378762651884,1.244400181881749,-0.7817522495603317,16425.36
2, 100826.0,-0.5989216784596382,0.4181783897329248,0.46284820445468366,17062.55
2, 100827.0,-0.5270430266354773,0.4181783897329248,-1.1514319489966032,21619.33
0, 100828.0,0.19174349160613158,0.4181783897329248,0.30953284064734254,15932.09
1, 100829.0,1.198044617144384,-0.40804340241589926,2.1944099603964187,35125.65
2, 100830.0,-0.09577111569051194,-1.2342651945647232,0.5259376182081662,10533.49
0, 100831.0,-0.5270430266354773,1.244400181881749,-0.021282162239508014,8074.83
1, 100832.0,0.9105300098477405,0.4181783897329248,-1.190903274524423,13825.14
2, 100833.0,-0.8864362857562816,-0.40804340241589926,-0.36236941582724613,10872.12
1, 100834.0,1.0542873134960622,0.4181783897329248,-0.5079199287110817,16075.16
1, 100835.0,1.70119517991351,0.4181783897329248,-0.4477423340539138,11919.23
2, 100836.0,-1.4614655003495687,-0.40804340241589926,-0.10426900648447346,9171.19
1, 100837.0,0.9824086616719013,0.4181783897329248,2.0313480910028026,12412.12
1, 100838.0,1.4136805726168666,-0.40804340241589926,1.469650098937342,11111.47
2, 100839.0,-0.8145576339321208,-1.2342651945647232,0.6081156238152665,22817.51
1, 100840.0,1.6293165280893493,0.4181783897329248,-1.2288782485721923,16797.84
0, 100841.0,1.1261659653202232,1.244400181881749,-0.2714559529312021,16560.31
1, 100842.0,1.0542873134960622,0.4181783897329248,0.7632508745578043,19377.8
1, 100843.0,0.11986483978197071,-0.40804340241589926,-0.08061047632691752,17181.49
0, 100844.0,1.5574378762651884,1.244400181881749,0.8102039574858768,31557.63
1, 100845.0,0.40737944707861423,-1.2342651945647232,-0.14879557349895053,29499.96
2, 100846.0,-1.4614655003495687,0.4181783897329248,0.4309395201909031,4677.88
1, 100847.0,1.4855592244410276,-0.40804340241589926,-1.0493969548299134,31536.38
1, 100848.0,0.551136750726936,-1.2342651945647232,0.4602599208135152,29692.1
2, 100849.0,-0.09577111569051194,-0.40804340241589926,-0.5848404831720585,30662.16
0, 100850.0,-0.9583149375804426,2.070621974030573,-0.1694614006964054,13273.07
1, 100851.0,1.198044617144384,-0.40804340241589926,0.3020915251789831,15990.75
2, 100852.0,-0.3114070711629946,0.4181783897329248,1.6873085763868567,12841.39
0, 100853.0,-0.5270430266354773,1.244400181881749,1.7148899739380585,28950.23
1, 100854.0,0.9824086616719013,-1.2342651945647232,-1.0400548685625708,18820.74
0, 100855.0,1.70119517991351,1.244400181881749,1.869216386042731,26638.69
1, 100856.0,1.3418019207927057,-1.2342651945647232,1.32389737639404,28003.1
2, 100857.0,-0.4551643748113164,-1.2342651945647232,0.3428974344592804,11967.74
1, 100858.0,1.269923268968545,0.4181783897329248,-0.3662518412889989,14779.01
1, 100859.0,0.6230154025510969,-1.2342651945647232,-0.17524459695714129,24924.07
2, 100860.0,-1.0301935894046035,-1.2342651945647232,0.9337540594197801,10307.77
0, 100861.0,-0.16764976751467284,0.4181783897329248,-1.9146925296180617,26308.76
2, 100862.0,-0.4551643748113164,-1.2342651945647232,1.1968692683173168,10150.02
2, 100863.0,-1.0301935894046035,-1.2342651945647232,0.7930565783631354,32722.04
1, 100864.0,0.9105300098477405,-0.40804340241589926,-1.3095194607673488,13463.73
2, 100865.0,-1.317708196701247,-1.2342651945647232,-0.5642555398383902,10205.17
2, 100866.0,-1.5333441521737297,-0.40804340241589926,-0.5063831352991379,8052.19
1, 100867.0,0.7667727061994186,-0.40804340241589926,0.7085733826381194,8731.2
2, 100868.0,-1.0301935894046035,0.4181783897329248,1.1960604296794515,11157.3
0, 100869.0,1.0542873134960622,1.244400181881749,-0.3806087271111055,19868.79
1, 100870.0,0.9105300098477405,-0.40804340241589926,0.39162996239065634,26595.47
1, 100871.0,0.8386513580235796,-0.40804340241589926,1.9501002498292472,31950.65
1, 100872.0,0.7667727061994186,-0.40804340241589926,-0.35484721649510015,33331.74
0, 100873.0,0.8386513580235796,2.070621974030573,0.35547487527808364,24224.19
2, 100874.0,-1.4614655003495687,0.4181783897329248,0.38123638589408904,22594.69
0, 100875.0,1.3418019207927057,1.244400181881749,-0.783046391380916,19366.7
2, 100876.0,-1.5333441521737297,0.4181783897329248,0.062270869051963045,9230.48
0, 100877.0,-0.09577111569051194,0.4181783897329248,0.6113509783667271,30478.87
1, 100878.0,1.3418019207927057,0.4181783897329248,0.032141629791485826,19458.4
2, 100879.0,-1.4614655003495687,0.4181783897329248,0.25461269713629814,24743.38
0, 100880.0,0.7667727061994186,1.244400181881749,0.1912806317914561,13525.06
1, 100881.0,0.8386513580235796,0.4181783897329248,-0.9480899154373019,16515.14
2, 100882.0,-1.1739508930529252,-1.2342651945647232,0.532489211174874,19916.39
2, 100883.0,-0.7426789821079599,-1.2342651945647232,-0.12630985936629907,9729.42
1, 100884.0,0.19174349160613158,-0.40804340241589926,-0.16234362068319197,12632.39
0, 100885.0,0.11986483978197071,1.244400181881749,0.16034255389311372,14201.38
1, 100886.0,0.19174349160613158,-1.2342651945647232,0.27236670523743844,11369.15
1, 100887.0,0.8386513580235796,-0.40804340241589926,1.691433653439969,29302.97
0, 100888.0,-1.2458295448770862,1.244400181881749,2.355368849331586,11221.37
1, 100889.0,0.551136750726936,-1.2342651945647232,0.06473782689745178,30783.19
1, 100890.0,1.4855592244410276,0.4181783897329248,-0.9087399157051619,12497.69
0, 100891.0,0.8386513580235796,2.896843766179397,-1.0819122680720927,20834.6
1, 100892.0,1.6293165280893493,-0.40804340241589926,0.9306804725958924,13272.0
2, 100893.0,-1.389586848525408,-0.40804340241589926,0.10869820686542325,13216.11
1, 100894.0,1.4136805726168666,0.4181783897329248,1.6387378161830537,30198.51
1, 100895.0,1.70119517991351,-0.40804340241589926,0.34237168934466805,16853.65
0, 100896.0,1.0542873134960622,2.896843766179397,0.26310550283388234,22991.58
2, 100897.0,-0.023892463866351063,-0.40804340241589926,0.9542581188896618,22603.27
2, 100898.0,-0.5989216784596382,-1.2342651945647232,-1.8010507009980068,11249.8
0, 100899.0,0.11986483978197071,0.4181783897329248,-0.09779829738155218,22904.34
2, 100900.0,-1.317708196701247,0.4181783897329248,-0.3245157675751566,5490.55
0, 100901.0,-1.6052228039978906,1.244400181881749,-0.4638382229474305,12293.41
1, 100902.0,0.2636221434302925,-0.40804340241589926,0.22165252264329288,7351.98
2, 100903.0,-0.09577111569051194,-0.40804340241589926,1.7025956266425082,26088.8
1, 100904.0,1.3418019207927057,-1.2342651945647232,-1.388866531141921,13090.7
2, 100905.0,-0.5989216784596382,-0.40804340241589926,0.2777050402473485,22396.77
1, 100906.0,1.1261659653202232,0.4181783897329248,-1.441845461922089,16831.92
0, 100907.0,0.7667727061994186,2.070621974030573,1.2289397203086703,17939.59
2, 100908.0,-1.317708196701247,0.4181783897329248,-0.5560053857321655,13697.83
2, 100909.0,-1.389586848525408,-0.40804340241589926,-1.0574044573447783,15126.05
1, 100910.0,1.269923268968545,-1.2342651945647232,-0.7187437196706358,26956.37
2, 100911.0,-0.16764976751467284,-1.2342651945647232,-0.6068813360538841,9081.24
2, 100912.0,-0.38328572298715546,-1.2342651945647232,0.31964332362065706,9172.52
2, 100913.0,0.11986483978197071,-0.40804340241589926,2.346633392042642,19756.69
2, 100914.0,-0.7426789821079599,-1.2342651945647232,-1.7764620064069059,15165.01
1, 100915.0,0.6230154025510969,0.4181783897329248,-0.3927008647471896,14911.44
2, 100916.0,-1.0301935894046035,0.4181783897329248,-0.654845467279288,23506.97
0, 100917.0,-0.09577111569051194,0.4181783897329248,-0.48195620843561005,21384.18
2, 100918.0,-0.7426789821079599,0.4181783897329248,0.21825540036425922,18913.31
1, 100919.0,0.6230154025510969,0.4181783897329248,-1.4833388840445718,11175.02
1, 100920.0,1.70119517991351,-0.40804340241589926,0.6278917285110697,14691.47
0, 100921.0,0.40737944707861423,2.896843766179397,0.38479527590069573,17309.13
2, 100922.0,-0.4551643748113164,-0.40804340241589926,0.295337722552809,12452.23
2, 100923.0,-0.7426789821079599,-0.40804340241589926,-1.362700601206983,13281.45
1, 100924.0,0.9105300098477405,-0.40804340241589926,0.19617410555054032,23534.52
0, 100925.0,-1.4614655003495687,1.244400181881749,-0.5428213159349634,10016.1
1, 100926.0,1.3418019207927057,-0.40804340241589926,-0.6886953642739451,27621.33
2, 100927.0,-0.023892463866351063,-1.2342651945647232,0.38168124714491486,11348.05
2, 100928.0,-1.4614655003495687,0.4181783897329248,-0.32358560314161167,12540.56
2, 100929.0,-0.670800330283799,0.4181783897329248,-1.0849858548959803,12816.09
2, 100930.0,-1.389586848525408,-0.40804340241589926,-1.747141605784294,9657.82
1, 100931.0,1.6293165280893493,-0.40804340241589926,-1.546064320411015,16121.57
2, 100932.0,-1.5333441521737297,0.4181783897329248,-0.8945043556787351,11320.11
1, 100933.0,1.4855592244410276,-0.40804340241589926,-0.5242180272640647,16019.65
1, 100934.0,1.1261659653202232,-1.2342651945647232,-1.4007160171866457,14269.14
2, 100935.0,-0.5989216784596382,-1.2342651945647232,2.288922755230963,24960.03
1, 100936.0,1.269923268968545,-0.40804340241589926,0.5357245657263346,18320.75
1, 100937.0,0.2636221434302925,-1.2342651945647232,1.0973416739280086,15329.78
2, 100938.0,-1.389586848525408,-1.2342651945647232,0.7168235367443441,29597.53
1, 100939.0,0.7667727061994186,-1.2342651945647232,-0.6048187975273279,28586.5
1, 100940.0,1.269923268968545,0.4181783897329248,1.4944814451198023,11400.4
2, 100941.0,-1.6052228039978906,-1.2342651945647232,-0.7352844698149783,10013.18
2, 100942.0,-0.09577111569051194,-1.2342651945647232,-0.7378727534561468,13676.87
0, 100943.0,0.6230154025510969,2.070621974030573,0.3310075064826626,12682.58
0, 100944.0,0.40737944707861423,1.244400181881749,-1.7792120577756474,36891.4
0, 100945.0,0.40737944707861423,1.244400181881749,-0.09609973624203534,29154.81
0, 100946.0,-0.23952841933883373,2.896843766179397,-1.6157862109949919,16235.71
1, 100947.0,0.9105300098477405,-1.2342651945647232,0.42082903721758863,20578.82
2, 100948.0,-0.4551643748113164,-0.40804340241589926,-1.1862928942885917,19898.94
1, 100949.0,1.1261659653202232,-0.40804340241589926,1.389251538333545,23901.42
1, 100950.0,1.198044617144384,0.4181783897329248,0.4839184509710711,14500.58
0, 100951.0,-0.23952841933883373,2.070621974030573,0.5919388510579633,19510.99
1, 100952.0,0.9824086616719013,0.4181783897329248,0.009291938271795044,18689.85
1, 100953.0,1.5574378762651884,-1.2342651945647232,1.957298913706247,10655.56
1, 100954.0,0.8386513580235796,-1.2342651945647232,-1.1336374989635698,22334.54
1, 100955.0,1.70119517991351,-0.40804340241589926,0.5624971246396714,22892.67
2, 100956.0,-1.1739508930529252,-0.40804340241589926,-0.4464886341652228,21919.37
1, 100957.0,0.551136750726936,-1.2342651945647232,2.141754565071397,17550.91
0, 100958.0,1.5574378762651884,1.244400181881749,-0.18393961231419176,22202.99
0, 100959.0,0.19174349160613158,1.244400181881749,1.0266087350467004,15021.19
1, 100960.0,1.5574378762651884,-0.40804340241589926,0.8245204013760902,13520.32
0, 100961.0,-1.6052228039978906,1.244400181881749,0.8596644401913314,23424.96
1, 100962.0,1.4855592244410276,-0.40804340241589926,-1.1723404277854177,14645.04
1, 100963.0,0.11986483978197071,-1.2342651945647232,1.5989025132681947,15277.41
1, 100964.0,0.47925809890277515,0.4181783897329248,1.182027079312491,20097.86
1, 100965.0,0.47925809890277515,-1.2342651945647232,0.8494730733542303,13743.66
2, 100966.0,-0.16764976751467284,-0.40804340241589926,-0.2664815953083314,13635.74
2, 100967.0,-1.317708196701247,0.4181783897329248,0.08576763148194595,22531.86
0, 100968.0,-0.38328572298715546,2.070621974030573,-0.7401779435740625,11421.77
0, 100969.0,-1.1739508930529252,1.244400181881749,-0.3517736296712125,11426.55
0, 100970.0,-0.3114070711629946,2.070621974030573,-0.30518452413017927,23137.32
2, 100971.0,-1.317708196701247,-0.40804340241589926,-0.7474170493829557,15298.91
0, 100972.0,0.04798618795780982,0.4181783897329248,1.169651848153154,7407.4
1, 100973.0,1.4855592244410276,-0.40804340241589926,0.8172004117034104,33453.64
1, 100974.0,1.6293165280893493,-0.40804340241589926,-0.46327203590092486,21519.27
1, 100975.0,0.40737944707861423,0.4181783897329248,0.2151009296765851,19517.33
0, 100976.0,-1.5333441521737297,2.896843766179397,0.6906980487412994,7897.06
2, 100977.0,-0.9583149375804426,-1.2342651945647232,0.6203290872470304,14545.87
1, 100978.0,1.4855592244410276,-1.2342651945647232,0.7814497439097703,12779.61
2, 100979.0,-0.23952841933883373,-1.2342651945647232,1.8123550298008104,35545.75
1, 100980.0,0.6948940543752578,-0.40804340241589926,-1.0948536862779352,13200.95
0, 100981.0,1.198044617144384,1.244400181881749,-1.5602594385055486,22188.9
0, 100982.0,-1.1739508930529252,2.070621974030573,1.7306218854445359,22058.35
2, 100983.0,-1.389586848525408,-0.40804340241589926,-0.11138678649768688,8084.56
1, 100984.0,1.6293165280893493,-1.2342651945647232,1.1316768741053846,18116.31
0, 100985.0,1.5574378762651884,2.896843766179397,0.9935272347580154,16584.11
1, 100986.0,1.198044617144384,-0.40804340241589926,-0.40839233432177374,17198.14
1, 100987.0,1.3418019207927057,0.4181783897329248,1.1315151063778117,14710.49
2, 100988.0,-1.6771014558220514,-1.2342651945647232,0.519466909105245,17236.06
2, 100989.0,-0.8145576339321208,-0.40804340241589926,-0.8149550756446966,11300.74
1, 100990.0,1.198044617144384,-1.2342651945647232,0.004236696785137792,19986.1
2, 100991.0,-0.670800330283799,0.4181783897329248,-1.4927214122438077,11884.76
2, 100992.0,-1.4614655003495687,0.4181783897329248,-0.240720084692326,8209.12
2, 100993.0,-0.7426789821079599,-1.2342651945647232,-0.5044419225682615,32206.09
1, 100994.0,0.33550079525445337,-0.40804340241589926,0.18104882302246184,32374.48
1, 100995.0,0.8386513580235796,0.4181783897329248,-1.2191721849178105,20370.09
0, 100996.0,1.5574378762651884,1.244400181881749,0.20935817534774245,34799.77
2, 100997.0,-0.5989216784596382,-0.40804340241589926,-0.6904748092772484,16062.3
2, 100998.0,-0.5989216784596382,-0.40804340241589926,-0.9009750647816563,28785.92
1, 100999.0,1.0542873134960622,-0.40804340241589926,-1.9146925296180617,17823.89
2, 101000.0,-1.4614655003495687,0.4181783897329248,-1.3513364183449776,22436.73
1, 101001.0,1.269923268968545,0.4181783897329248,0.6964003611382488,18755.59
2, 101002.0,-0.9583149375804426,0.4181783897329248,0.4425867965761614,8906.3
0, 101003.0,1.3418019207927057,2.896843766179397,-0.28844156432637047,26237.08
0, 101004.0,0.19174349160613158,2.070621974030573,-1.317567405214107,22241.03
1, 101005.0,0.6948940543752578,-1.2342651945647232,2.1012721912462458,19533.55
0, 101006.0,0.19174349160613158,2.070621974030573,1.2454400285211196,12505.99
2, 101007.0,0.04798618795780982,-0.40804340241589926,1.9863362208056063,13923.92
1, 101008.0,1.70119517991351,-0.40804340241589926,-0.38796915871567844,17788.98
2, 101009.0,-0.9583149375804426,0.4181783897329248,0.6394985629644347,7367.13
2, 101010.0,-0.023892463866351063,-1.2342651945647232,0.2045051435205515,14554.63
2, 101011.0,-0.8145576339321208,0.4181783897329248,-0.25920204756754495,18623.14
1, 101012.0,0.6948940543752578,-0.40804340241589926,0.7791849957237479,17096.31
2, 101013.0,-1.4614655003495687,-0.40804340241589926,-1.5617962319174923,10190.12
0, 101014.0,-0.5270430266354773,1.244400181881749,0.6676461475621422,16160.66
2, 101015.0,-1.4614655003495687,-0.40804340241589926,0.08354332522781677,12419.42
2, 101016.0,-1.4614655003495687,0.4181783897329248,-1.7760980290198665,12115.55
1, 101017.0,1.3418019207927057,0.4181783897329248,-0.12331715640619799,12133.46
1, 101018.0,0.11986483978197071,-0.40804340241589926,-0.35407881978912825,17900.08
1, 101019.0,1.4855592244410276,0.4181783897329248,-0.9084972641138024,19206.6
2, 101020.0,-1.2458295448770862,-0.40804340241589926,-1.6245216682839356,9247.18
0, 101021.0,1.1261659653202232,1.244400181881749,2.378946495625355,37727.32
2, 101022.0,-1.0301935894046035,-0.40804340241589926,0.38726223374618446,12921.61
0, 101023.0,0.33550079525445337,1.244400181881749,-0.030058061460345006,12388.09
2, 101024.0,-0.8864362857562816,0.4181783897329248,0.725922971420327,12548.68
2, 101025.0,-1.6052228039978906,-0.40804340241589926,0.2499618749685735,11367.21
0, 101026.0,-0.5989216784596382,2.070621974030573,-1.3874106215937638,8512.27
1, 101027.0,1.3418019207927057,-0.40804340241589926,0.24963833951342743,11717.6
2, 101028.0,-0.5270430266354773,-1.2342651945647232,1.1782255377145248,35558.64
2, 101029.0,-0.5989216784596382,0.4181783897329248,0.20393895647404586,27468.21
1, 101030.0,0.9824086616719013,0.4181783897329248,0.08596984114141225,10673.6
2, 101031.0,-1.2458295448770862,-0.40804340241589926,0.300514289835146,11220.02
2, 101032.0,-0.8145576339321208,-0.40804340241589926,0.32206983953425256,20723.5
2, 101033.0,-0.23952841933883373,-0.40804340241589926,0.5772584297807106,20631.23
2, 101034.0,-0.9583149375804426,-0.40804340241589926,-1.47351149459451,30412.81
1, 101035.0,0.6230154025510969,-1.2342651945647232,3.8052929915686726,22603.67
2, 101036.0,-1.389586848525408,-1.2342651945647232,-1.6075764988206604,8504.7
1, 101037.0,0.9824086616719013,0.4181783897329248,0.8473296509638877,13579.26
1, 101038.0,0.9105300098477405,0.4181783897329248,-0.8983058972767013,25321.98
1, 101039.0,1.269923268968545,-1.2342651945647232,0.1039260589020188,21894.82
1, 101040.0,1.198044617144384,-1.2342651945647232,0.8019538033796522,23857.19
2, 101041.0,-1.389586848525408,-0.40804340241589926,-0.20351350735052864,8974.92
2, 101042.0,-0.8145576339321208,-0.40804340241589926,-0.29867337309536474,22188.1
2, 101043.0,-1.389586848525408,0.4181783897329248,0.778901902200495,16326.73
1, 101044.0,1.3418019207927057,0.4181783897329248,0.4239026240414762,12409.1
2, 101045.0,-1.1739508930529252,0.4181783897329248,0.9344011303300721,22972.77
0, 101046.0,-0.023892463866351063,0.4181783897329248,-0.1031770743233555,10871.6
2, 101047.0,-0.5989216784596382,0.4181783897329248,0.7296840710864001,16376.34
1, 101048.0,1.0542873134960622,-0.40804340241589926,0.34123931525165685,16621.75
2, 101049.0,-0.16764976751467284,-0.40804340241589926,-0.3258099093957409,25172.06
2, 101050.0,-0.9583149375804426,-0.40804340241589926,0.983740287239847,16161.74
0, 101051.0,0.6948940543752578,1.244400181881749,4.514644476976418,17332.81
0, 101052.0,0.8386513580235796,2.070621974030573,1.9630012261031966,16776.34
0, 101053.0,0.33550079525445337,1.244400181881749,0.5595853055433568,14693.98
1, 101054.0,0.04798618795780982,-0.40804340241589926,-0.05185626275081107,19621.29
1, 101055.0,1.6293165280893493,-1.2342651945647232,-0.06896319994165921,17100.71
1, 101056.0,1.6293165280893493,0.4181783897329248,0.12095211222908042,14969.04
0, 101057.0,0.6948940543752578,1.244400181881749,-1.2478455146301304,14945.24
2, 101058.0,-1.0301935894046035,-0.40804340241589926,-0.5270894044284861,35016.25
1, 101059.0,0.2636221434302925,-0.40804340241589926,-0.43637815119190826,8249.17
0, 101060.0,-0.09577111569051194,0.4181783897329248,-0.7153061554597088,18611.16
2, 101061.0,-1.6771014558220514,0.4181783897329248,-0.37765646608289766,22455.65
0, 101062.0,0.2636221434302925,0.4181783897329248,0.6973305255717936,13608.03
0, 101063.0,0.9105300098477405,1.244400181881749,-0.1699062619472312,16061.06
1, 101064.0,1.269923268968545,-0.40804340241589926,-0.7929142227628709,23017.9
1, 101065.0,0.9824086616719013,0.4181783897329248,-0.3826308237057684,22961.56
1, 101066.0,0.04798618795780982,-0.40804340241589926,-0.48215841809507637,14004.15
0, 101067.0,0.33550079525445337,0.4181783897329248,0.664936538125294,15134.5
1, 101068.0,1.6293165280893493,-0.40804340241589926,-1.9146925296180617,19170.8
1, 101069.0,0.8386513580235796,-1.2342651945647232,0.05114933778131709,11384.31
2, 101070.0,-1.389586848525408,-0.40804340241589926,-0.3569097550216563,8105.26
1, 101071.0,0.6230154025510969,0.4181783897329248,-0.287430516029039,22958.41
1, 101072.0,1.4136805726168666,-1.2342651945647232,-0.5693916651888339,9013.46
2, 101073.0,-1.1020722412287642,-0.40804340241589926,1.633278155377464,12255.13
2, 101074.0,-0.23952841933883373,-0.40804340241589926,-0.5741233712203451,13273.6
2, 101075.0,-0.23952841933883373,-0.40804340241589926,1.3970568311889437,26850.65
0, 101076.0,0.33550079525445337,2.070621974030573,-0.5407992193403005,19701.84
0, 101077.0,0.04798618795780982,2.896843766179397,-1.9146925296180617,19705.64
0, 101078.0,0.2636221434302925,1.244400181881749,0.5584933733822389,37432.21
1, 101079.0,0.47925809890277515,-1.2342651945647232,-0.37761602415100437,13406.14
0, 101080.0,-1.2458295448770862,1.244400181881749,1.5731410026521893,17061.99
2, 101081.0,-1.1739508930529252,-0.40804340241589926,-1.9146925296180617,17623.63
0, 101082.0,1.5574378762651884,1.244400181881749,-1.6611620585792273,12876.0
1, 101083.0,0.551136750726936,-0.40804340241589926,0.9623060633364202,32154.86
0, 101084.0,-1.1739508930529252,1.244400181881749,-0.753281129507478,24132.55
2, 101085.0,-1.6052228039978906,-1.2342651945647232,1.095360019265239,21557.05
2, 101086.0,-0.4551643748113164,0.4181783897329248,-0.6995742439532314,16129.96
2, 101087.0,-1.6771014558220514,0.4181783897329248,0.7029115121730632,7845.57
1, 101088.0,0.33550079525445337,-0.40804340241589926,0.6479509267301257,14277.86
1, 101089.0,1.4855592244410276,-0.40804340241589926,-1.5372479792582847,9075.7
2, 101090.0,-0.670800330283799,-0.40804340241589926,-1.1225159676929237,11413.69
2, 101091.0,-0.5989216784596382,-1.2342651945647232,-0.21184454532053978,15992.6
0, 101092.0,1.4136805726168666,2.896843766179397,0.9467763614894091,34194.97
2, 101093.0,-0.9583149375804426,-1.2342651945647232,0.45726721785341407,14590.11
0, 101094.0,1.6293165280893493,1.244400181881749,0.20709342716172,18322.49
2, 101095.0,-1.6771014558220514,-1.2342651945647232,-1.0798092876136434,7145.03
1, 101096.0,1.5574378762651884,-0.40804340241589926,1.7397617620524122,18440.24
1, 101097.0,1.1261659653202232,0.4181783897329248,0.6288218929446145,16582.6
1, 101098.0,0.9105300098477405,-1.2342651945647232,0.8083031866868936,17229.4
1, 101099.0,1.70119517991351,-0.40804340241589926,-0.8187566172426628,28714.54
2, 101100.0,-1.2458295448770862,-0.40804340241589926,1.4628154124473813,34669.48
2, 101101.0,-0.5270430266354773,-1.2342651945647232,-1.6010653477858459,19767.38
0, 101102.0,1.269923268968545,1.244400181881749,2.0446130446637913,31896.75
2, 101103.0,-1.6052228039978906,-1.2342651945647232,1.0380538017724925,16923.82
0, 101104.0,-0.3114070711629946,0.4181783897329248,0.07205781657013148,17715.16
2, 101105.0,-0.670800330283799,-1.2342651945647232,0.3165292948648762,27104.51
1, 101106.0,0.2636221434302925,-1.2342651945647232,0.31806608827682,14204.96
2, 101107.0,-0.7426789821079599,-0.40804340241589926,-0.2050907426943657,32943.06
2, 101108.0,-1.5333441521737297,-1.2342651945647232,0.8059171127051914,16187.99
1, 101109.0,0.551136750726936,-0.40804340241589926,-0.9501524539638582,13755.47
2, 101110.0,-0.7426789821079599,-1.2342651945647232,-0.902794951716853,19147.39
2, 101111.0,-1.1020722412287642,-0.40804340241589926,-0.015539407910665378,23856.04
2, 101112.0,-1.317708196701247,-0.40804340241589926,1.5803396665291891,5755.05
2, 101113.0,-0.16764976751467284,-1.2342651945647232,0.42135478233220097,18734.88
2, 101114.0,-0.7426789821079599,0.4181783897329248,-1.2107602630840129,5514.99
0, 101115.0,1.5574378762651884,2.070621974030573,0.10857688106974347,18120.56
1, 101116.0,0.33550079525445337,-0.40804340241589926,-0.5135413572442445,10332.03
0, 101117.0,-1.0301935894046035,1.244400181881749,-0.8217088782708707,19203.67
1, 101118.0,0.9824086616719013,-0.40804340241589926,-0.4433746054094419,28798.36
1, 101119.0,1.0542873134960622,-0.40804340241589926,0.22872986072461304,19203.38
2, 101120.0,-0.8145576339321208,-0.40804340241589926,0.1165439416527153,27105.31
1, 101121.0,0.33550079525445337,-1.2342651945647232,-0.3584465484336001,18903.25
2, 101122.0,-0.5989216784596382,-1.2342651945647232,0.12544116666923205,12503.67
0, 101123.0,-0.7426789821079599,2.070621974030573,-0.9562187437478468,15761.59
0, 101124.0,1.1261659653202232,1.244400181881749,-0.40074880919394795,9788.8
1, 101125.0,0.7667727061994186,0.4181783897329248,1.0839553944713403,17419.75
1, 101126.0,0.9824086616719013,-0.40804340241589926,-0.7800132464889217,17427.53
1, 101127.0,0.9105300098477405,0.4181783897329248,1.0651498961409753,19235.28
1, 101128.0,1.70119517991351,-0.40804340241589926,0.8643961462228426,23799.86
2, 101129.0,-0.09577111569051194,-0.40804340241589926,-1.510960723527667,26353.3
1, 101130.0,0.9824086616719013,-0.40804340241589926,0.47194763913066673,12144.81
1, 101131.0,0.11986483978197071,-0.40804340241589926,0.2315607959571411,13332.01
0, 101132.0,0.04798618795780982,0.4181783897329248,0.49273479212380134,27728.52
2, 101133.0,-1.317708196701247,-1.2342651945647232,0.23584764073782644,8805.25
1, 101134.0,1.1261659653202232,-1.2342651945647232,-0.6753899686810632,17730.05
1, 101135.0,1.6293165280893493,0.4181783897329248,1.9469457791415732,16220.98
1, 101136.0,1.70119517991351,0.4181783897329248,0.9593133603763191,14232.1
0, 101137.0,1.4136805726168666,2.070621974030573,-1.9146925296180617,24136.2
2, 101138.0,-1.4614655003495687,-0.40804340241589926,-0.029977177596558487,21464.96
2, 101139.0,-0.670800330283799,-1.2342651945647232,-1.7940138048485799,13111.02
1, 101140.0,1.3418019207927057,-0.40804340241589926,0.2986135190361629,19680.38
0, 101141.0,0.6230154025510969,2.896843766179397,-0.07482728006618163,15097.51
1, 101142.0,0.2636221434302925,-0.40804340241589926,-0.4210506590043635,25704.43
2, 101143.0,-1.6052228039978906,-1.2342651945647232,1.155375846194834,5705.49
2, 101144.0,-0.3114070711629946,0.4181783897329248,0.6552304744709121,37464.8
0, 101145.0,-0.23952841933883373,2.070621974030573,1.6118843734059305,34639.17
0, 101146.0,-0.5270430266354773,1.244400181881749,1.9426184924289944,26829.31
0, 101147.0,0.33550079525445337,1.244400181881749,0.23236963459500626,13716.28
1, 101148.0,1.0542873134960622,0.4181783897329248,-0.16064505954367514,26600.6
2, 101149.0,-1.1020722412287642,0.4181783897329248,-1.5842415041182505,11699.32
2, 101150.0,-1.317708196701247,0.4181783897329248,-1.1227990612161767,10097.49
1, 101151.0,0.6230154025510969,-1.2342651945647232,0.34398936662039836,30603.23
0, 101152.0,-0.023892463866351063,2.070621974030573,-0.38768606519242566,25754.68
2, 101153.0,-0.9583149375804426,0.4181783897329248,-0.06216895538359187,33446.48
0, 101154.0,-1.389586848525408,2.070621974030573,-0.6984823117921135,21507.34
0, 101155.0,-0.3114070711629946,0.4181783897329248,0.3266397778381907,28182.54
2, 101156.0,-1.5333441521737297,-1.2342651945647232,0.4523333021624366,15547.36
0, 101157.0,0.6230154025510969,1.244400181881749,-0.06572784539019857,26642.76
1, 101158.0,0.9824086616719013,0.4181783897329248,0.03683289389110375,15841.08
2, 101159.0,-1.5333441521737297,-0.40804340241589926,-0.4241242458282511,38560.06
2, 101160.0,-1.2458295448770862,-1.2342651945647232,-1.1442332851196033,13165.54
1, 101161.0,0.6230154025510969,-0.40804340241589926,-0.04938930490532234,14137.24
2, 101162.0,-0.670800330283799,-0.40804340241589926,-1.557347619409234,3110.63
2, 101163.0,-0.38328572298715546,0.4181783897329248,-0.07903324098308045,6453.86
1, 101164.0,0.19174349160613158,-1.2342651945647232,-1.464897363101246,16755.18
2, 101165.0,-0.4551643748113164,-0.40804340241589926,0.22391727082931534,13782.67
1, 101166.0,1.4136805726168666,-0.40804340241589926,0.44614568658276815,45220.98
2, 101167.0,-0.3114070711629946,-0.40804340241589926,0.43809774213600977,18322.45
1, 101168.0,1.0542873134960622,0.4181783897329248,-0.7897193101433035,22400.2
2, 101169.0,-1.317708196701247,0.4181783897329248,-0.9008132970540833,5433.54
0, 101170.0,0.19174349160613158,0.4181783897329248,-0.3524611425133979,16400.95
2, 101171.0,-0.4551643748113164,-1.2342651945647232,-0.810021159953719,7199.65
2, 101172.0,-0.9583149375804426,-0.40804340241589926,-1.2264921745904902,35114.96
1, 101173.0,0.7667727061994186,-0.40804340241589926,-0.6338965465585804,21961.54
0, 101174.0,0.6948940543752578,1.244400181881749,-0.3346666924803644,22816.98
1, 101175.0,1.269923268968545,0.4181783897329248,1.529989461322083,13209.26
2, 101176.0,-1.1020722412287642,-0.40804340241589926,-1.2869933047028042,15764.12
0, 101177.0,-1.1739508930529252,2.896843766179397,1.3342100690268208,20050.93
2, 101178.0,-0.8864362857562816,0.4181783897329248,0.46855051685163307,8568.97
0, 101179.0,-0.8145576339321208,1.244400181881749,-0.5898552827268224,22207.85
0, 101180.0,-0.8145576339321208,2.070621974030573,1.5948583200788689,18859.53
1, 101181.0,0.8386513580235796,0.4181783897329248,0.6165275456490642,29513.75
2, 101182.0,-0.5989216784596382,-0.40804340241589926,1.897687506095585,11547.65
0, 101183.0,-0.023892463866351063,1.244400181881749,0.806321532024124,14371.49
1, 101184.0,1.70119517991351,-0.40804340241589926,-0.34878092671111144,14085.41
2, 101185.0,-1.1739508930529252,0.4181783897329248,0.5436511843774132,12331.17
0, 101186.0,-1.389586848525408,1.244400181881749,-0.4082305665942007,13049.22
1, 101187.0,0.9824086616719013,0.4181783897329248,-1.0533602641554525,16165.83
1, 101188.0,1.1261659653202232,-1.2342651945647232,1.5932810847350318,37410.25
2, 101189.0,-0.9583149375804426,-1.2342651945647232,-0.8724635027969094,10863.35
2, 101190.0,-0.09577111569051194,-1.2342651945647232,0.23131814436578155,14489.34
0, 101191.0,0.2636221434302925,0.4181783897329248,0.10623124901993451,13779.1
2, 101192.0,-1.317708196701247,0.4181783897329248,-1.6327313804582668,11367.29
2, 101193.0,-0.8864362857562816,0.4181783897329248,-0.6171940286866648,17629.28
1, 101194.0,0.9105300098477405,0.4181783897329248,-0.33353431838735315,14019.76
2, 101195.0,-0.8145576339321208,-1.2342651945647232,-0.4460842148462902,13262.06
1, 101196.0,1.198044617144384,-0.40804340241589926,-0.5391411001326769,28068.39
0, 101197.0,0.8386513580235796,1.244400181881749,-1.1885980844065074,21801.43
2, 101198.0,-1.5333441521737297,-1.2342651945647232,-0.033293416011805646,17031.85
1, 101199.0,0.551136750726936,0.4181783897329248,0.0471860284557778,40168.09
2, 101200.0,-0.8145576339321208,-0.40804340241589926,-0.6928608832589506,6949.26
1, 101201.0,0.19174349160613158,-0.40804340241589926,0.215869326382557,18121.59
2, 101202.0,-1.2458295448770862,-0.40804340241589926,-0.29422476058710634,14797.47
1, 101203.0,1.4136805726168666,-0.40804340241589926,-1.9146925296180617,22633.18
2, 101204.0,-1.389586848525408,0.4181783897329248,0.12649265689845676,18266.6
0, 101205.0,0.6948940543752578,1.244400181881749,-1.790899776092799,16291.16
1, 101206.0,1.198044617144384,0.4181783897329248,-1.241213037799636,11131.03
1, 101207.0,1.4136805726168666,-0.40804340241589926,-1.9146925296180617,16802.77
1, 101208.0,1.4855592244410276,-1.2342651945647232,-0.7289350865077368,28993.7
2, 101209.0,-0.8864362857562816,-1.2342651945647232,-1.4306430467876565,10853.94
2, 101210.0,-1.6052228039978906,-1.2342651945647232,0.10040761082730536,12418.2
0, 101211.0,0.33550079525445337,0.4181783897329248,-0.3140413072148028,10146.0
1, 101212.0,0.9105300098477405,0.4181783897329248,-1.342479635260354,27540.9
0, 101213.0,-0.09577111569051194,0.4181783897329248,-0.19024855368954,22486.63
1, 101214.0,1.5574378762651884,-0.40804340241589926,-1.3746309711154943,23778.12
1, 101215.0,0.551136750726936,0.4181783897329248,1.0374876147259868,39230.12
1, 101216.0,1.6293165280893493,-1.2342651945647232,-0.501853638927093,11680.44
2, 101217.0,-0.7426789821079599,-0.40804340241589926,-0.523328304762413,11368.33
0, 101218.0,-0.4551643748113164,0.4181783897329248,-1.8743314815885903,19244.05
2, 101219.0,-0.7426789821079599,0.4181783897329248,-0.46974274500384616,12271.66
1, 101220.0,1.6293165280893493,0.4181783897329248,-0.38364187200309985,18378.37
1, 101221.0,0.40737944707861423,0.4181783897329248,-0.06176453606465929,18661.69
0, 101222.0,-1.4614655003495687,1.244400181881749,-0.506706670754284,13775.19
0, 101223.0,1.4136805726168666,1.244400181881749,-0.3061146885637242,18919.3
1, 101224.0,0.9824086616719013,-0.40804340241589926,-1.764410310702715,7969.55
2, 101225.0,-0.8864362857562816,-0.40804340241589926,1.3259599149205963,26726.59
0, 101226.0,-0.23952841933883373,1.244400181881749,-0.02201011701358666,30023.53
0, 101227.0,0.6948940543752578,1.244400181881749,-1.9146925296180617,11920.61
1, 101228.0,1.0542873134960622,-0.40804340241589926,-0.15275888282448982,17281.74
2, 101229.0,-0.5989216784596382,-0.40804340241589926,1.1018711703000537,15971.56
1, 101230.0,1.1261659653202232,-0.40804340241589926,-0.6524998352294791,18151.33
0, 101231.0,-0.16764976751467284,0.4181783897329248,1.2195571921094344,29560.04
2, 101232.0,-0.8864362857562816,-1.2342651945647232,2.2183515840772277,19335.05
0, 101233.0,-0.5270430266354773,0.4181783897329248,-1.3170012181676016,19940.98
1, 101234.0,0.7667727061994186,0.4181783897329248,-0.7000595471359505,31133.39
2, 101235.0,-0.16764976751467284,-0.40804340241589926,0.5764091492109522,7613.61
1, 101236.0,1.4855592244410276,0.4181783897329248,0.7661222517222256,28890.97
1, 101237.0,1.269923268968545,-0.40804340241589926,-1.9146925296180617,15865.71
1, 101238.0,0.9105300098477405,-1.2342651945647232,1.3583943442989892,18046.27
0, 101239.0,-0.38328572298715546,2.896843766179397,0.34803355980972417,32085.03
0, 101240.0,1.6293165280893493,2.070621974030573,1.5149855045896843,23482.65
1, 101241.0,0.9105300098477405,0.4181783897329248,-0.05331217229896836,26186.97
2, 101242.0,-1.389586848525408,0.4181783897329248,-0.6971072861077428,13437.24
2, 101243.0,-1.4614655003495687,0.4181783897329248,-1.781962109144389,13980.07
2, 101244.0,-0.09577111569051194,-0.40804340241589926,-0.2046054395116466,33002.68
2, 101245.0,-0.7426789821079599,-0.40804340241589926,-0.30081679548570744,21166.45
0, 101246.0,-0.8145576339321208,1.244400181881749,-0.5839507606704067,6974.95
0, 101247.0,-1.389586848525408,1.244400181881749,-0.19146181164633774,17792.21
1, 101248.0,0.8386513580235796,-1.2342651945647232,-1.5121739814844648,16209.91
1, 101249.0,0.7667727061994186,-0.40804340241589926,-1.3305897072837363,24182.09
2, 101250.0,-0.9583149375804426,-0.40804340241589926,-0.25438945767224724,7356.86
1, 101251.0,0.7667727061994186,-1.2342651945647232,0.793299229954495,13257.43
1, 101252.0,0.47925809890277515,-1.2342651945647232,-0.6312273790536254,10351.38
1, 101253.0,0.11986483978197071,-1.2342651945647232,-0.5694321071207271,9614.08
2, 101254.0,-0.9583149375804426,0.4181783897329248,1.0150019005933353,22033.1
0, 101255.0,0.551136750726936,2.070621974030573,0.2584546806661577,15091.56
2, 101256.0,-0.3114070711629946,-0.40804340241589926,-1.8549597962117197,16446.99
1, 101257.0,0.6230154025510969,-0.40804340241589926,-0.8215471105432977,11824.12
1, 101258.0,1.4136805726168666,-1.2342651945647232,-0.06366530686364241,15762.33
2, 101259.0,-1.4614655003495687,-0.40804340241589926,-0.6643088793423104,6561.83
2, 101260.0,-1.4614655003495687,-1.2342651945647232,-1.0220177669381776,8204.1
0, 101261.0,-0.7426789821079599,1.244400181881749,1.3452507164336802,12475.39
1, 101262.0,1.269923268968545,0.4181783897329248,-0.7216555387669503,33804.36
2, 101263.0,-0.09577111569051194,-1.2342651945647232,-0.07288606733530524,26537.46
1, 101264.0,0.40737944707861423,-0.40804340241589926,1.369798969092888,13930.74
0, 101265.0,1.5574378762651884,1.244400181881749,0.8607563723524493,16308.75
0, 101266.0,1.5574378762651884,1.244400181881749,1.5758101701571443,26816.24
2, 101267.0,-1.6771014558220514,-1.2342651945647232,-1.840724236185293,7263.02
2, 101268.0,-1.5333441521737297,0.4181783897329248,2.2151971133895536,27356.53
2, 101269.0,-1.4614655003495687,0.4181783897329248,0.993163257370976,30067.19
0, 101270.0,0.7667727061994186,1.244400181881749,-0.780377223875961,34179.18
0, 101271.0,0.19174349160613158,0.4181783897329248,1.0587196289699472,11935.54
2, 101272.0,-0.3114070711629946,-0.40804340241589926,1.5965164392864923,12031.42
0, 101273.0,0.551136750726936,1.244400181881749,-0.0978791812453387,12934.22
1, 101274.0,0.551136750726936,-0.40804340241589926,-0.1788843708275345,9362.16
2, 101275.0,-0.7426789821079599,0.4181783897329248,0.04233299662858684,8564.68
2, 101276.0,-1.317708196701247,0.4181783897329248,-0.8592389910678141,8841.05
0, 101277.0,-1.1020722412287642,1.244400181881749,-1.1425751659119798,14531.12
1, 101278.0,1.70119517991351,0.4181783897329248,-0.48284593093726175,26916.57
2, 101279.0,-1.317708196701247,-0.40804340241589926,0.26197312874087114,22213.8
0, 101280.0,0.47925809890277515,2.896843766179397,-1.162674806062929,19691.65
0, 101281.0,-0.023892463866351063,2.070621974030573,-0.10803010615054646,29809.95
1, 101282.0,0.9824086616719013,-1.2342651945647232,-0.2802318521520391,29343.5
2, 101283.0,-1.4614655003495687,-1.2342651945647232,1.63000235889411,11288.8
0, 101284.0,-0.023892463866351063,2.070621974030573,-0.12400466924838338,13156.06
0, 101285.0,0.2636221434302925,1.244400181881749,0.70287107024117,29986.01
0, 101286.0,-1.1739508930529252,2.070621974030573,-0.056749736509895295,13325.42
1, 101287.0,1.70119517991351,-0.40804340241589926,1.2836172122283551,10910.09
1, 101288.0,1.4136805726168666,-1.2342651945647232,1.1993766680946987,32701.89
2, 101289.0,-0.5989216784596382,-0.40804340241589926,-0.26348889234823025,6861.96
2, 101290.0,-0.8864362857562816,-0.40804340241589926,1.2259874592804625,23547.07
0, 101291.0,1.1261659653202232,1.244400181881749,-1.9146925296180617,13572.99
1, 101292.0,0.551136750726936,-0.40804340241589926,-1.403304300827814,29010.58
1, 101293.0,1.70119517991351,-1.2342651945647232,-0.28868421591773,13216.31
0, 101294.0,-1.6052228039978906,2.070621974030573,1.9352985027563148,11457.18
0, 101295.0,-1.0301935894046035,1.244400181881749,-1.9146925296180617,19366.97
2, 101296.0,-1.389586848525408,-0.40804340241589926,0.769802467524512,17147.28
1, 101297.0,1.70119517991351,-0.40804340241589926,-0.4759708025154079,16304.08
2, 101298.0,-0.670800330283799,-1.2342651945647232,0.02138407590787919,16572.59
1, 101299.0,1.4136805726168666,-0.40804340241589926,0.7419379764500572,16869.7
0, 101300.0,-0.8864362857562816,1.244400181881749,-1.2222053298098048,24940.79
2, 101301.0,-1.6771014558220514,-0.40804340241589926,-0.2037157170099949,7847.38
2, 101302.0,-0.5989216784596382,0.4181783897329248,-1.4067823069706344,17564.06
0, 101303.0,-0.7426789821079599,2.070621974030573,-0.00672306675793513,12385.93
0, 101304.0,-1.0301935894046035,2.070621974030573,2.289731593868828,22742.03
2, 101305.0,-0.023892463866351063,-1.2342651945647232,0.5390812460734751,8873.47
2, 101306.0,-0.5270430266354773,-1.2342651945647232,1.590975894617116,13367.91
0, 101307.0,1.269923268968545,1.244400181881749,-1.1158026069986429,11100.11
1, 101308.0,1.269923268968545,-0.40804340241589926,0.022961311251716254,10157.08
0, 101309.0,0.33550079525445337,0.4181783897329248,0.020049492155401676,7879.53
0, 101310.0,0.11986483978197071,0.4181783897329248,0.9944169572596671,14221.73
1, 101311.0,1.1261659653202232,-0.40804340241589926,-1.7817194575530295,15919.2
1, 101312.0,0.9105300098477405,-1.2342651945647232,-1.293100036418686,25661.3
0, 101313.0,0.9105300098477405,2.070621974030573,0.1452577132969285,12579.37
1, 101314.0,0.19174349160613158,-0.40804340241589926,-1.6725262414412327,14262.38
1, 101315.0,0.7667727061994186,-1.2342651945647232,-0.49687928130422226,9403.87
0, 101316.0,-0.16764976751467284,0.4181783897329248,-0.5149163829286153,34413.31
2, 101317.0,-0.8145576339321208,0.4181783897329248,-0.017642388369114793,10697.2
2, 101318.0,-1.4614655003495687,-0.40804340241589926,0.889389260132876,11633.15
1, 101319.0,1.198044617144384,-0.40804340241589926,0.44776336385849846,22291.11
1, 101320.0,0.33550079525445337,-1.2342651945647232,-0.11090148331496778,16231.42
1, 101321.0,0.19174349160613158,-1.2342651945647232,0.7340922416627652,33164.33
1, 101322.0,0.551136750726936,-0.40804340241589926,-0.8643751164182578,35253.81
2, 101323.0,-1.4614655003495687,-0.40804340241589926,1.4110901815559043,14692.11
0, 101324.0,-1.389586848525408,2.070621974030573,0.6676461475621422,14083.07
2, 101325.0,-1.389586848525408,-0.40804340241589926,0.6318550378366089,12454.55
1, 101326.0,0.6948940543752578,-1.2342651945647232,-1.422392892681432,15932.5
2, 101327.0,-0.8864362857562816,-1.2342651945647232,-0.7125965460228605,12363.15
1, 101328.0,0.9105300098477405,0.4181783897329248,0.13013243076885,14913.19
2, 101329.0,-0.4551643748113164,-0.40804340241589926,-1.0628236762184748,32968.27
1, 101330.0,0.9105300098477405,-0.40804340241589926,2.3050186441244795,18835.75
1, 101331.0,0.19174349160613158,-0.40804340241589926,-1.0784342619292726,20017.82
0, 101332.0,0.551136750726936,1.244400181881749,-0.17095775217645592,12802.77
2, 101333.0,-0.4551643748113164,-1.2342651945647232,1.4878085263574148,12711.9
1, 101334.0,0.11986483978197071,-0.40804340241589926,-0.8533344690113984,23775.45
1, 101335.0,1.3418019207927057,-0.40804340241589926,-0.841040121715848,17727.8
1, 101336.0,1.6293165280893493,-0.40804340241589926,0.6839846880470185,13866.26
1, 101337.0,0.33550079525445337,-0.40804340241589926,0.06906511361003038,8066.04
0, 101338.0,0.04798618795780982,0.4181783897329248,-0.481632672980464,13788.68
2, 101339.0,-0.9583149375804426,-1.2342651945647232,-0.5051294354104469,10346.91
1, 101340.0,0.9824086616719013,-1.2342651945647232,0.08778972807660886,26959.35
2, 101341.0,-1.1020722412287642,0.4181783897329248,0.5537212254188344,11276.66
1, 101342.0,0.2636221434302925,-1.2342651945647232,-0.26765441133323586,17188.8
2, 101343.0,-1.317708196701247,0.4181783897329248,-1.7691824586661193,11180.74
1, 101344.0,1.0542873134960622,-0.40804340241589926,0.7406842765613663,16536.32
1, 101345.0,1.4855592244410276,-1.2342651945647232,0.14133484590328246,35646.58
2, 101346.0,-0.09577111569051194,-0.40804340241589926,1.7267799019146763,29433.89
0, 101347.0,-1.317708196701247,1.244400181881749,0.5257758504805932,9170.82
2, 101348.0,-0.3114070711629946,0.4181783897329248,0.79410806859236,18692.73
0, 101349.0,-1.6052228039978906,1.244400181881749,0.024134127276620735,7447.58
0, 101350.0,-1.0301935894046035,1.244400181881749,0.5984904440246711,17583.55
1, 101351.0,1.5574378762651884,-0.40804340241589926,-0.9214386823196449,23410.1
2, 101352.0,-0.5270430266354773,-1.2342651945647232,2.3232175134764455,14794.93
2, 101353.0,-0.023892463866351063,-0.40804340241589926,-0.05197758854649085,29478.23
2, 101354.0,-0.38328572298715546,-0.40804340241589926,1.0674146443269978,9775.95
0, 101355.0,-0.23952841933883373,2.070621974030573,1.1108088372484637,6566.01
2, 101356.0,-1.389586848525408,0.4181783897329248,-0.7879803070718935,7607.98
1, 101357.0,0.7667727061994186,0.4181783897329248,-0.15457876975968643,10063.39
1, 101358.0,0.9824086616719013,-0.40804340241589926,1.1385115605953453,16444.61
2, 101359.0,-1.0301935894046035,-0.40804340241589926,-1.1652630897040974,26518.03
1, 101360.0,1.5574378762651884,-1.2342651945647232,-0.10621021921534984,15288.75
1, 101361.0,0.11986483978197071,-1.2342651945647232,-1.8381359525441243,16951.32
1, 101362.0,0.7667727061994186,0.4181783897329248,0.007836028723637756,13712.94
2, 101363.0,-1.5333441521737297,-0.40804340241589926,0.9294672146390947,18062.5
1, 101364.0,0.7667727061994186,-1.2342651945647232,1.3555634090664612,18371.06
2, 101365.0,-0.8145576339321208,0.4181783897329248,-0.15898694033605157,23173.81
0, 101366.0,-0.16764976751467284,0.4181783897329248,-0.26801838872027517,22433.42
2, 101367.0,-0.09577111569051194,-1.2342651945647232,-0.323787812801078,9777.19
1, 101368.0,0.8386513580235796,0.4181783897329248,-0.9071626803613249,9828.61
2, 101369.0,-0.8864362857562816,0.4181783897329248,-0.6016643268396538,13927.12
1, 101370.0,0.9105300098477405,0.4181783897329248,0.4318292426925548,25263.81
2, 101371.0,-0.9583149375804426,-1.2342651945647232,0.5522248739387839,33998.29
2, 101372.0,-0.670800330283799,-1.2342651945647232,1.5543355043218243,14753.64
2, 101373.0,-0.8145576339321208,0.4181783897329248,1.3670084757922532,25799.44
1, 101374.0,0.19174349160613158,-1.2342651945647232,0.7738466607138378,17644.67
2, 101375.0,-0.5270430266354773,-1.2342651945647232,-0.392134677700684,17932.77
2, 101376.0,-0.5270430266354773,-1.2342651945647232,0.5839313485430981,28548.69
0, 101377.0,1.3418019207927057,1.244400181881749,0.41565246993525157,11937.62
0, 101378.0,0.47925809890277515,1.244400181881749,-0.6352715722429512,28548.83
0, 101379.0,1.6293165280893493,2.896843766179397,0.15868443468549015,16918.39
2, 101380.0,-0.670800330283799,-1.2342651945647232,0.08871989251015379,20809.68
1, 101381.0,1.1261659653202232,-1.2342651945647232,-0.7169238327354391,16312.63
1, 101382.0,1.198044617144384,-1.2342651945647232,-1.5084128818183917,24819.94
1, 101383.0,1.5574378762651884,-0.40804340241589926,0.4278659333670155,11688.15
2, 101384.0,-1.0301935894046035,-0.40804340241589926,-1.8566987992831299,11299.64
0, 101385.0,-0.023892463866351063,1.244400181881749,-0.16258627227455152,20963.6
2, 101386.0,-0.8145576339321208,-0.40804340241589926,0.9252208117903026,12017.36
2, 101387.0,-1.1020722412287642,-0.40804340241589926,-0.7904877068492755,10976.28
1, 101388.0,1.6293165280893493,-0.40804340241589926,-1.6441360052521656,32632.99
1, 101389.0,1.5574378762651884,-0.40804340241589926,1.3748946525114385,10176.54
0, 101390.0,1.4855592244410276,2.070621974030573,1.2245719916641984,21444.22
2, 101391.0,-0.5270430266354773,0.4181783897329248,-0.022050558945479918,7295.34
2, 101392.0,-1.4614655003495687,0.4181783897329248,-1.5920467969736494,16920.35
2, 101393.0,-0.5989216784596382,0.4181783897329248,-0.8782871409895386,17637.55
2, 101394.0,-0.5270430266354773,-0.40804340241589926,1.2755692677815968,9494.05
0, 101395.0,0.551136750726936,1.244400181881749,-1.1184313325717048,12219.19
2, 101396.0,-0.23952841933883373,-0.40804340241589926,0.9268384890660329,16174.52
0, 101397.0,1.6293165280893493,1.244400181881749,0.5919388510579633,13921.84
2, 101398.0,-1.6052228039978906,-1.2342651945647232,0.7801151601572928,10407.9
1, 101399.0,0.40737944707861423,-1.2342651945647232,1.1901154656911426,16811.51
0, 101400.0,1.6293165280893493,2.896843766179397,-0.2541872480127809,37050.79
2, 101401.0,-0.670800330283799,0.4181783897329248,-1.1225159676929237,21230.87
2, 101402.0,-0.23952841933883373,-1.2342651945647232,-0.8161278916696011,14949.84
1, 101403.0,0.551136750726936,-1.2342651945647232,-0.3916898164498582,16525.01
2, 101404.0,-0.8145576339321208,-0.40804340241589926,1.8324546699517597,16809.86
0, 101405.0,-1.317708196701247,1.244400181881749,-0.3382255824869711,13144.68
0, 101406.0,0.04798618795780982,0.4181783897329248,-0.7061258369199392,10644.91
2, 101407.0,-0.8145576339321208,0.4181783897329248,-0.3385895598740104,10673.78
2, 101408.0,-0.23952841933883373,-1.2342651945647232,0.58296074217766,9320.51
2, 101409.0,-0.5270430266354773,-0.40804340241589926,-0.6040099588894627,4969.02
2, 101410.0,-1.6052228039978906,-0.40804340241589926,1.2587049821821081,22030.63
1, 101411.0,1.3418019207927057,-1.2342651945647232,0.553033712576649,18741.27
0, 101412.0,0.11986483978197071,1.244400181881749,-0.4229514298033466,14346.63
2, 101413.0,-1.4614655003495687,-0.40804340241589926,-0.5196480889601265,15887.2
1, 101414.0,0.8386513580235796,-0.40804340241589926,-1.8941075862843935,15274.04
2, 101415.0,-0.670800330283799,-0.40804340241589926,-0.8470659695679434,25600.64
1, 101416.0,0.8386513580235796,-0.40804340241589926,0.2964700966458202,19006.11
1, 101417.0,1.3418019207927057,-0.40804340241589926,0.2924259034564944,24995.69
2, 101418.0,-1.4614655003495687,-1.2342651945647232,1.0070752819422568,20205.96
0, 101419.0,1.4855592244410276,1.244400181881749,0.0549913213111766,21622.13
0, 101420.0,-1.5333441521737297,1.244400181881749,2.4702239359084386,13938.84
2, 101421.0,-1.1739508930529252,-0.40804340241589926,0.5035732298711945,25079.28
0, 101422.0,0.40737944707861423,1.244400181881749,-0.3478103203456732,15293.61
0, 101423.0,0.9105300098477405,1.244400181881749,2.434756361638051,23524.8
0, 101424.0,-1.389586848525408,2.070621974030573,1.4730067792844823,33760.35
0, 101425.0,-1.5333441521737297,2.070621974030573,-0.6810922810780126,22103.0
2, 101426.0,-0.8145576339321208,-0.40804340241589926,-0.8268450036213144,8102.99
2, 101427.0,-0.7426789821079599,-0.40804340241589926,-0.2126938258902982,14539.57
1, 101428.0,0.6948940543752578,0.4181783897329248,-0.6729634527674677,28600.69
1, 101429.0,0.40737944707861423,0.4181783897329248,-1.0783938199973793,11928.65
1, 101430.0,1.4136805726168666,-0.40804340241589926,2.3704132479958777,18750.0
2, 101431.0,-0.7426789821079599,-1.2342651945647232,-0.07276474153962546,7966.86
2, 101432.0,-0.16764976751467284,-0.40804340241589926,-0.542133803092778,12720.7
1, 101433.0,1.5574378762651884,-0.40804340241589926,-0.5361483971725758,36602.37
1, 101434.0,0.40737944707861423,-0.40804340241589926,1.2293036976957097,9343.25
2, 101435.0,-0.9583149375804426,-0.40804340241589926,-0.7710351376086184,12586.43
1, 101436.0,1.5574378762651884,-0.40804340241589926,-1.5040451531739198,22711.65
1, 101437.0,1.4136805726168666,-0.40804340241589926,0.42086947914948186,17572.66
2, 101438.0,-1.1020722412287642,-0.40804340241589926,0.329511155002612,20665.46
1, 101439.0,0.551136750726936,-0.40804340241589926,0.22234003548547826,14396.38
1, 101440.0,0.11986483978197071,-0.40804340241589926,0.7856961467585625,19356.9
0, 101441.0,1.4855592244410276,1.244400181881749,-0.13811890347913042,27553.85
2, 101442.0,-1.389586848525408,-0.40804340241589926,3.6372972064840785,15831.43
2, 101443.0,-0.8145576339321208,-1.2342651945647232,1.6409621224371829,32120.28
0, 101444.0,-0.38328572298715546,0.4181783897329248,-0.8035504508507978,10665.98
1, 101445.0,0.7667727061994186,-0.40804340241589926,1.454443932545477,15210.0
2, 101446.0,-1.1020722412287642,-1.2342651945647232,1.7391146911421203,17762.44
2, 101447.0,-1.0301935894046035,0.4181783897329248,-0.3202693647263645,24747.78
1, 101448.0,0.9824086616719013,0.4181783897329248,-0.699655127817018,11473.79
0, 101449.0,-1.1020722412287642,1.244400181881749,-1.4485183806844766,18955.26
1, 101450.0,0.9824086616719013,-0.40804340241589926,0.2841353074183765,17888.22
2, 101451.0,-1.389586848525408,-0.40804340241589926,-0.6596176152426926,10672.61
1, 101452.0,0.11986483978197071,-1.2342651945647232,0.08499923477597406,13500.73
1, 101453.0,1.1261659653202232,0.4181783897329248,0.6267189124861652,12136.47
2, 101454.0,-0.23952841933883373,-1.2342651945647232,-0.1885095506181299,13774.51
1, 101455.0,1.4136805726168666,0.4181783897329248,-0.3921751196325773,12053.68
1, 101456.0,0.9824086616719013,-0.40804340241589926,0.06158335620977766,12835.63
1, 101457.0,0.7667727061994186,-0.40804340241589926,-0.9961753724583857,13780.16
2, 101458.0,-0.09577111569051194,-0.40804340241589926,-0.7919031744655395,8132.24
0, 101459.0,0.9105300098477405,1.244400181881749,1.3673320112473992,19187.0
1, 101460.0,1.198044617144384,-1.2342651945647232,-0.052705543320569495,9479.0
2, 101461.0,-0.8864362857562816,-0.40804340241589926,0.6654622832399063,25424.46
0, 101462.0,-1.1739508930529252,2.896843766179397,-0.25188205789486523,11969.87
0, 101463.0,0.47925809890277515,2.070621974030573,0.26071942885218014,29726.58
1, 101464.0,0.6230154025510969,-0.40804340241589926,0.5418717393741098,21930.31
0, 101465.0,-0.9583149375804426,1.244400181881749,0.2957825838036348,31281.15
2, 101466.0,-1.2458295448770862,0.4181783897329248,0.16280951173860247,11534.19
2, 101467.0,-0.4551643748113164,-1.2342651945647232,-0.07151104165093447,15640.79
2, 101468.0,-1.1020722412287642,-1.2342651945647232,-0.823650091001747,10648.45
1, 101469.0,0.2636221434302925,-0.40804340241589926,-0.6985631956559,14685.93
0, 101470.0,0.40737944707861423,2.070621974030573,0.5559050897410703,18841.9
2, 101471.0,-1.6052228039978906,-0.40804340241589926,0.9511036482019877,11748.63
1, 101472.0,1.6293165280893493,-0.40804340241589926,-1.0031313847440262,14766.3
2, 101473.0,-0.670800330283799,-0.40804340241589926,-0.05861006537698516,11150.11
2, 101474.0,0.04798618795780982,-0.40804340241589926,1.6186381760321045,16829.58
2, 101475.0,-0.4551643748113164,0.4181783897329248,1.216685814945013,12682.17
0, 101476.0,-0.38328572298715546,2.070621974030573,-0.6334921272396479,29799.21
1, 101477.0,1.0542873134960622,-0.40804340241589926,-1.2268157100456363,15852.11
2, 101478.0,-0.9583149375804426,0.4181783897329248,-1.9146925296180617,11588.22
1, 101479.0,1.6293165280893493,-0.40804340241589926,-0.8127712113224607,25736.56
2, 101480.0,-1.1020722412287642,-1.2342651945647232,0.5538829931464074,20660.18
1, 101481.0,1.4855592244410276,-1.2342651945647232,-0.7911347777595676,28012.89
0, 101482.0,0.04798618795780982,0.4181783897329248,-1.0870888353544297,11894.31
0, 101483.0,0.6230154025510969,2.070621974030573,1.3606995344169048,24298.52
1, 101484.0,0.6230154025510969,-0.40804340241589926,0.274024824445062,21626.05
1, 101485.0,1.5574378762651884,-1.2342651945647232,2.219807493625385,32460.23
0, 101486.0,0.2636221434302925,0.4181783897329248,0.16535735344787772,13020.13
2, 101487.0,-1.6052228039978906,-1.2342651945647232,0.9865307805404817,7683.88
0, 101488.0,-0.3114070711629946,0.4181783897329248,-1.4412792748755834,10746.35
2, 101489.0,-0.8864362857562816,0.4181783897329248,0.40558242889383034,13256.15
2, 101490.0,-0.8145576339321208,-0.40804340241589926,1.647715925063357,29208.64
2, 101491.0,-0.8864362857562816,-1.2342651945647232,0.714154369239389,16005.48
2, 101492.0,-0.023892463866351063,-0.40804340241589926,0.9425704005725103,23937.9
2, 101493.0,-1.1020722412287642,-1.2342651945647232,-0.19061253107657933,24973.12
2, 101494.0,-0.8864362857562816,-1.2342651945647232,-1.8967363118574552,18475.03
0, 101495.0,-1.389586848525408,1.244400181881749,-1.6057161699535705,14454.12
0, 101496.0,0.33550079525445337,0.4181783897329248,-1.9146925296180617,12554.34
0, 101497.0,-0.8864362857562816,1.244400181881749,-0.3611157159385551,9316.59
2, 101498.0,-1.1020722412287642,0.4181783897329248,-0.7282880155974446,8289.73
2, 101499.0,-0.16764976751467284,-0.40804340241589926,1.566346758094122,27510.43
2, 101500.0,-1.5333441521737297,-1.2342651945647232,0.05474866971981705,18940.1
2, 101501.0,-1.389586848525408,-0.40804340241589926,-0.0857466016773613,23512.44
1, 101502.0,0.551136750726936,0.4181783897329248,-1.7059312771850639,11181.98
2, 101503.0,-0.16764976751467284,-0.40804340241589926,2.1428869391644083,18590.34
1, 101504.0,1.70119517991351,-1.2342651945647232,0.7821372567519557,11593.52
2, 101505.0,-0.8864362857562816,0.4181783897329248,1.4300170056819492,6232.25
2, 101506.0,-1.1020722412287642,-0.40804340241589926,1.3685452692041968,12964.63
1, 101507.0,1.5574378762651884,-0.40804340241589926,2.501485549261927,15691.43
2, 101508.0,-0.23952841933883373,0.4181783897329248,1.1968288263854234,10637.93
2, 101509.0,-0.38328572298715546,-0.40804340241589926,-0.24634151322548886,17870.47
1, 101510.0,1.5574378762651884,0.4181783897329248,-1.674143918716963,9903.19
1, 101511.0,0.47925809890277515,-0.40804340241589926,2.1216549249204477,10737.47
2, 101512.0,-0.23952841933883373,-1.2342651945647232,-1.4964420699779875,19964.92
2, 101513.0,-1.1739508930529252,-0.40804340241589926,0.9439049843249878,18165.14
1, 101514.0,1.5574378762651884,0.4181783897329248,0.6672012863113165,14541.11
2, 101515.0,-0.16764976751467284,-0.40804340241589926,0.3261544746554716,10798.8
1, 101516.0,1.4136805726168666,-1.2342651945647232,-0.402164276810212,9733.85
1, 101517.0,1.198044617144384,0.4181783897329248,2.009752099371803,10896.95
0, 101518.0,-1.6771014558220514,2.896843766179397,-1.0212493702322056,20752.09
2, 101519.0,-1.4614655003495687,0.4181783897329248,-1.389796695575466,15420.2
1, 101520.0,1.6293165280893493,-1.2342651945647232,0.1508386998981981,29475.84
2, 101521.0,-0.7426789821079599,0.4181783897329248,0.4433956352140266,14792.33
1, 101522.0,0.6230154025510969,-1.2342651945647232,1.0429877174634699,16615.19
1, 101523.0,0.40737944707861423,0.4181783897329248,-1.9146925296180617,6265.81
1, 101524.0,0.33550079525445337,-1.2342651945647232,0.6221085322503338,33448.93
2, 101525.0,-0.023892463866351063,-1.2342651945647232,-0.08627234679197365,23776.99
1, 101526.0,0.9105300098477405,-0.40804340241589926,0.9840233807630997,23006.22
0, 101527.0,0.2636221434302925,0.4181783897329248,0.6814368463377433,20092.43
2, 101528.0,-0.16764976751467284,-1.2342651945647232,-0.21063128736374204,14793.97
1, 101529.0,0.19174349160613158,-0.40804340241589926,1.1892257431894908,22074.99
0, 101530.0,-0.16764976751467284,1.244400181881749,-0.2892908448961289,15281.33
2, 101531.0,-1.317708196701247,-1.2342651945647232,-0.7998702350485113,7948.29
2, 101532.0,-0.7426789821079599,-1.2342651945647232,0.13907009771726,16696.98
2, 101533.0,-0.8864362857562816,-0.40804340241589926,-0.044091411827305534,20625.46
1, 101534.0,1.5574378762651884,-1.2342651945647232,-1.1335970570316765,14050.01
0, 101535.0,-0.38328572298715546,1.244400181881749,-1.9146925296180617,27527.96
1, 101536.0,0.7667727061994186,-0.40804340241589926,0.7480447081659393,28640.12
2, 101537.0,-0.23952841933883373,-1.2342651945647232,-0.5526487053850251,22257.83
2, 101538.0,-1.2458295448770862,-1.2342651945647232,0.8275939881999778,19669.74
0, 101539.0,0.04798618795780982,0.4181783897329248,0.25469358100008466,14039.48
2, 101540.0,-0.38328572298715546,-0.40804340241589926,-0.4206057977535377,10802.91
1, 101541.0,0.47925809890277515,-1.2342651945647232,0.10453268788041767,26558.5
1, 101542.0,0.04798618795780982,-0.40804340241589926,-0.41765353672532984,34176.87
2, 101543.0,-1.6052228039978906,-0.40804340241589926,1.125934119776542,18595.95
1, 101544.0,1.198044617144384,-0.40804340241589926,-0.1039454710293274,26751.27
0, 101545.0,-1.6052228039978906,2.896843766179397,0.33986428956728604,14598.02
1, 101546.0,1.269923268968545,-1.2342651945647232,1.4039319596107978,20970.88
1, 101547.0,0.6948940543752578,0.4181783897329248,-1.506107691700476,18090.6
2, 101548.0,-1.5333441521737297,-1.2342651945647232,-0.8163301013290674,11721.15
1, 101549.0,1.4136805726168666,0.4181783897329248,-0.9063538417234597,12746.54
2, 101550.0,-1.317708196701247,-1.2342651945647232,1.3429050843838715,21282.97
1, 101551.0,0.19174349160613158,-0.40804340241589926,-0.007612789259586806,7874.78
1, 101552.0,0.2636221434302925,-1.2342651945647232,-0.9739727518489871,26145.16
1, 101553.0,0.9105300098477405,-0.40804340241589926,2.063903846176875,15036.14
0, 101554.0,-1.389586848525408,1.244400181881749,-0.05755857514776046,14410.22
2, 101555.0,-1.0301935894046035,-1.2342651945647232,0.7016578122843723,14818.85
0, 101556.0,-0.3114070711629946,1.244400181881749,-0.23036695012765196,30422.63
0, 101557.0,-0.7426789821079599,1.244400181881749,1.6632456269103681,19408.26
2, 101558.0,-1.4614655003495687,0.4181783897329248,0.5472909582478064,27408.42
1, 101559.0,0.9824086616719013,0.4181783897329248,0.5544087382610199,18256.37
0, 101560.0,1.1261659653202232,2.896843766179397,-0.8754157638251173,10338.2
0, 101561.0,0.11986483978197071,2.070621974030573,-0.2162527158969049,17835.27
1, 101562.0,0.9105300098477405,-0.40804340241589926,0.6361418826172943,16805.85
1, 101563.0,1.3418019207927057,-1.2342651945647232,-0.9304167911999482,17616.79
2, 101564.0,-1.2458295448770862,-0.40804340241589926,0.9301142855493868,8468.21
1, 101565.0,1.0542873134960622,-1.2342651945647232,0.5443386972195986,12486.44
2, 101566.0,-0.4551643748113164,-1.2342651945647232,-0.6802834424401474,13987.2
0, 101567.0,0.04798618795780982,2.896843766179397,-1.9146925296180617,13293.0
2, 101568.0,-1.2458295448770862,-0.40804340241589926,-0.7954620644721462,19719.29
1, 101569.0,1.198044617144384,-0.40804340241589926,-0.974741148554959,21120.38
2, 101570.0,-0.7426789821079599,-1.2342651945647232,-1.443058719878887,13019.45
0, 101571.0,-1.4614655003495687,1.244400181881749,-0.11413683786642842,9934.47
1, 101572.0,1.1261659653202232,-0.40804340241589926,0.40392430968620674,23731.84
0, 101573.0,-0.7426789821079599,1.244400181881749,0.14291208124711952,13730.48
2, 101574.0,-0.023892463866351063,-1.2342651945647232,2.1667881209133237,30919.28
2, 101575.0,-1.0301935894046035,-0.40804340241589926,0.021505401703558965,22260.44
0, 101576.0,0.33550079525445337,0.4181783897329248,-1.2887323077742143,15626.22
2, 101577.0,-1.1020722412287642,0.4181783897329248,0.8880951183122917,8841.64
2, 101578.0,-0.8145576339321208,-1.2342651945647232,-1.012837448398408,17704.73
1, 101579.0,0.47925809890277515,-0.40804340241589926,0.43449841019750984,15225.09
1, 101580.0,0.40737944707861423,0.4181783897329248,0.3090070955327302,38204.37
1, 101581.0,0.40737944707861423,-1.2342651945647232,0.015317786123890488,23496.28
1, 101582.0,0.11986483978197071,-1.2342651945647232,-1.3518217215276966,21790.08
0, 101583.0,0.6948940543752578,2.896843766179397,1.1112132565673962,27563.03
2, 101584.0,-0.38328572298715546,-1.2342651945647232,-0.8665994226723871,25477.26
0, 101585.0,1.4855592244410276,2.070621974030573,0.3090070955327302,10663.61
0, 101586.0,-1.6771014558220514,2.896843766179397,-0.4531211109957171,20319.54
2, 101587.0,-1.317708196701247,-0.40804340241589926,-0.16938051683261887,9967.86
2, 101588.0,-1.4614655003495687,0.4181783897329248,0.5591000023606377,18380.49
1, 101589.0,0.40737944707861423,0.4181783897329248,0.3086026762137976,13651.95
2, 101590.0,-0.9583149375804426,-0.40804340241589926,0.7031137218325295,9202.72
0, 101591.0,1.0542873134960622,2.070621974030573,-0.23627147218406763,8177.87
1, 101592.0,0.9824086616719013,-1.2342651945647232,-0.24355101992485406,14730.82
2, 101593.0,-0.16764976751467284,-0.40804340241589926,2.0119359636940386,11829.7
0, 101594.0,0.11986483978197071,2.896843766179397,-0.41401376285493663,12988.88
1, 101595.0,0.7667727061994186,-0.40804340241589926,0.08932652148855266,10375.97
1, 101596.0,0.40737944707861423,-0.40804340241589926,-1.4115140130021455,13954.35
1, 101597.0,0.11986483978197071,-1.2342651945647232,1.0793045723036157,10108.54
0, 101598.0,0.8386513580235796,1.244400181881749,-1.9146925296180617,19825.1
0, 101599.0,-0.7426789821079599,2.896843766179397,-0.2820517390872357,25826.84
2, 101600.0,-0.8145576339321208,-1.2342651945647232,-0.36754598310958314,10838.36
2, 101601.0,-1.0301935894046035,-0.40804340241589926,1.256157140472833,26842.95
0, 101602.0,0.19174349160613158,0.4181783897329248,0.592990341287188,27634.97
2, 101603.0,-1.1020722412287642,0.4181783897329248,1.8126785652559565,13817.52
1, 101604.0,1.6293165280893493,-1.2342651945647232,1.236583245436496,25168.63
2, 101605.0,-1.2458295448770862,0.4181783897329248,0.22800190595053438,26517.02
2, 101606.0,-1.317708196701247,-1.2342651945647232,2.9245485987972994,21499.03
1, 101607.0,1.4136805726168666,0.4181783897329248,1.3838323194598485,16681.69
2, 101608.0,-1.4614655003495687,-1.2342651945647232,0.8447818092546124,17818.35
0, 101609.0,1.70119517991351,1.244400181881749,-0.13532841017849562,13147.14
0, 101610.0,-0.23952841933883373,1.244400181881749,-0.2633675665525505,23931.72
1, 101611.0,1.198044617144384,0.4181783897329248,0.7492175241908436,20728.74
1, 101612.0,0.40737944707861423,-1.2342651945647232,-0.8329517353371964,36392.54
1, 101613.0,0.9105300098477405,-1.2342651945647232,0.24907215246692183,26251.2
1, 101614.0,1.6293165280893493,0.4181783897329248,-1.7680096426412149,19146.03
1, 101615.0,1.0542873134960622,0.4181783897329248,1.9704020996396627,10542.66
1, 101616.0,0.6948940543752578,-1.2342651945647232,-1.5307772701553635,25222.35
2, 101617.0,-0.8145576339321208,0.4181783897329248,0.11727189642679395,32381.34
0, 101618.0,0.19174349160613158,0.4181783897329248,-1.320681433969888,13953.68
1, 101619.0,0.6230154025510969,-0.40804340241589926,-0.4663051807929192,8899.98
2, 101620.0,-1.5333441521737297,-1.2342651945647232,0.7416953248586977,21656.15
1, 101621.0,0.9105300098477405,0.4181783897329248,-0.779285291714843,19761.33
1, 101622.0,1.0542873134960622,0.4181783897329248,0.5469674227926603,11599.81
1, 101623.0,1.269923268968545,-1.2342651945647232,-1.9146925296180617,12254.37
1, 101624.0,0.47925809890277515,0.4181783897329248,0.39053803022953837,19785.2
0, 101625.0,-0.16764976751467284,1.244400181881749,-1.9146925296180617,34600.66
2, 101626.0,-1.5333441521737297,0.4181783897329248,1.6268478882064359,14448.56
2, 101627.0,-1.389586848525408,-0.40804340241589926,0.5476144937029525,13067.75
1, 101628.0,0.8386513580235796,-0.40804340241589926,1.3404381265383827,41337.2
1, 101629.0,1.4136805726168666,-1.2342651945647232,-0.2928497349027356,39237.59
1, 101630.0,0.19174349160613158,-0.40804340241589926,-0.5284644301128568,17420.08
2, 101631.0,-0.38328572298715546,-1.2342651945647232,-0.5881971635191989,18560.23
1, 101632.0,0.8386513580235796,-0.40804340241589926,0.93735339135828,15933.03
0, 101633.0,-0.3114070711629946,0.4181783897329248,-1.116732771432188,10645.56
1, 101634.0,1.198044617144384,-0.40804340241589926,1.708217055175671,16755.26
0, 101635.0,0.11986483978197071,1.244400181881749,-1.0320069241158123,20867.3
2, 101636.0,-0.38328572298715546,0.4181783897329248,0.30221285097466283,23639.61
0, 101637.0,1.70119517991351,1.244400181881749,0.5708686045415758,38070.5
2, 101638.0,-1.6771014558220514,-1.2342651945647232,0.23653515358001184,14979.5
1, 101639.0,0.6948940543752578,-0.40804340241589926,0.3205330461223087,20706.12
1, 101640.0,0.19174349160613158,-1.2342651945647232,-0.16505323012004025,13828.94
2, 101641.0,-0.5270430266354773,-1.2342651945647232,-0.360630412755836,26686.58
2, 101642.0,-0.9583149375804426,0.4181783897329248,-0.44297018609050937,23091.24
1, 101643.0,1.269923268968545,-1.2342651945647232,0.9339158271473531,33704.4
0, 101644.0,1.269923268968545,1.244400181881749,-1.9146925296180617,25507.73
1, 101645.0,0.7667727061994186,-0.40804340241589926,-0.7691748087415285,15746.86
1, 101646.0,1.0542873134960622,-1.2342651945647232,1.253043111717052,13458.78
1, 101647.0,1.198044617144384,-1.2342651945647232,-0.5517185409514801,29416.45
1, 101648.0,1.6293165280893493,0.4181783897329248,0.7634126422853773,18346.7
0, 101649.0,1.70119517991351,1.244400181881749,-0.16816725887582112,19665.86
2, 101650.0,-0.3114070711629946,-1.2342651945647232,0.17951202961051804,15668.35
0, 101651.0,-1.6052228039978906,1.244400181881749,1.1070477375823906,8805.74
0, 101652.0,-0.23952841933883373,0.4181783897329248,-0.2801914102201458,29486.51
1, 101653.0,0.40737944707861423,-1.2342651945647232,-0.03515374487889551,18578.52
1, 101654.0,0.7667727061994186,0.4181783897329248,-0.7760499371633823,17996.2
2, 101655.0,-1.4614655003495687,-0.40804340241589926,-1.052470541653801,24670.69
2, 101656.0,-0.5270430266354773,-0.40804340241589926,-0.8393415605763311,13117.29
2, 101657.0,-0.23952841933883373,-1.2342651945647232,-0.13597548108878774,15923.35
2, 101658.0,-0.4551643748113164,-0.40804340241589926,-0.0656065195945188,21656.67
1, 101659.0,0.11986483978197071,-0.40804340241589926,-1.5996498801695818,34809.55
2, 101660.0,-1.6052228039978906,-1.2342651945647232,1.9672071870200953,34939.4
2, 101661.0,-0.023892463866351063,-1.2342651945647232,0.2836500042356574,12986.58
2, 101662.0,-1.1020722412287642,-0.40804340241589926,-0.6370510172462546,42803.46
1, 101663.0,1.269923268968545,-1.2342651945647232,1.4670618152961734,20871.21
2, 101664.0,-0.023892463866351063,-1.2342651945647232,0.5127939903428573,19346.54
1, 101665.0,1.4855592244410276,-1.2342651945647232,-0.6699707498073666,21116.42
0, 101666.0,-0.16764976751467284,0.4181783897329248,-0.5844765057850191,8771.27
1, 101667.0,0.551136750726936,0.4181783897329248,1.7130296450709688,10401.96
0, 101668.0,-1.5333441521737297,2.070621974030573,0.1974682473711246,29643.86
2, 101669.0,-0.38328572298715546,0.4181783897329248,-0.11215518320365878,21893.93
2, 101670.0,-0.670800330283799,-0.40804340241589926,0.41840252130399314,14674.53
2, 101671.0,-1.2458295448770862,-1.2342651945647232,0.27074902796170813,12466.27
2, 101672.0,-0.8145576339321208,0.4181783897329248,0.2739439405812755,31459.87
2, 101673.0,-1.6052228039978906,-1.2342651945647232,-0.8428600086510446,27911.7
2, 101674.0,-0.09577111569051194,-0.40804340241589926,1.4513703457215894,8782.9
1, 101675.0,1.269923268968545,0.4181783897329248,-0.6108850873113166,11260.49
2, 101676.0,-1.1020722412287642,-1.2342651945647232,1.3278606857195794,12986.1
1, 101677.0,0.6948940543752578,-0.40804340241589926,0.17247513346109114,16531.26
2, 101678.0,-0.5270430266354773,-0.40804340241589926,-1.9146925296180617,5305.72
0, 101679.0,0.6948940543752578,1.244400181881749,-0.757972393607096,20659.69
2, 101680.0,-1.5333441521737297,-1.2342651945647232,0.40950529628747634,11509.85
0, 101681.0,-0.09577111569051194,0.4181783897329248,-1.9146925296180617,16149.2
0, 101682.0,-1.4614655003495687,2.896843766179397,0.8375022615138259,21735.72
0, 101683.0,-1.4614655003495687,1.244400181881749,-1.9146925296180617,10583.87
2, 101684.0,-1.0301935894046035,-0.40804340241589926,0.003630067806738922,16192.49
2, 101685.0,-1.2458295448770862,0.4181783897329248,-0.7423618078962985,18226.71
1, 101686.0,1.4136805726168666,0.4181783897329248,-1.9146925296180617,46118.94
1, 101687.0,0.8386513580235796,-1.2342651945647232,2.206299888373037,25919.04
1, 101688.0,0.551136750726936,-0.40804340241589926,-0.12501571754571483,9924.66
0, 101689.0,-0.5989216784596382,0.4181783897329248,-1.9034901144836294,25306.82
1, 101690.0,0.6230154025510969,0.4181783897329248,-0.6590514281961869,21223.32
1, 101691.0,0.6948940543752578,-1.2342651945647232,-0.29280929297084235,13462.09
1, 101692.0,1.4855592244410276,-0.40804340241589926,2.246458726743042,27952.79
0, 101693.0,-0.38328572298715546,0.4181783897329248,-0.6744193623156249,25818.08
2, 101694.0,-1.0301935894046035,-1.2342651945647232,0.04318227719834526,17047.12
2, 101695.0,-0.9583149375804426,-0.40804340241589926,-0.18875220220948946,16296.19
2, 101696.0,-1.389586848525408,0.4181783897329248,1.2580174693399229,26958.29
2, 101697.0,-0.23952841933883373,-0.40804340241589926,-0.8797834924695892,12974.1
2, 101698.0,-0.5989216784596382,0.4181783897329248,0.577945942622896,17225.08
2, 101699.0,-1.2458295448770862,-1.2342651945647232,-0.9133907378728866,14890.45
2, 101700.0,-0.5989216784596382,-1.2342651945647232,-0.3695276377723528,19203.72
2, 101701.0,-0.8864362857562816,-1.2342651945647232,-0.5351373488752443,27313.5
1, 101702.0,0.7667727061994186,0.4181783897329248,-0.3021918211700782,16197.86
0, 101703.0,0.551136750726936,2.070621974030573,1.572170396286751,12432.59
2, 101704.0,-1.1739508930529252,-0.40804340241589926,0.9765820652947402,16462.94
2, 101705.0,-1.389586848525408,-0.40804340241589926,0.8786317062492693,9316.55
2, 101706.0,-1.6771014558220514,-0.40804340241589926,0.0615429142778844,6115.16
1, 101707.0,0.33550079525445337,-0.40804340241589926,-0.6740149429966924,17995.23
1, 101708.0,1.269923268968545,-0.40804340241589926,-0.8218706459984437,18996.61
2, 101709.0,-1.389586848525408,-0.40804340241589926,2.7034121152049644,16550.05
2, 101710.0,-1.1739508930529252,-0.40804340241589926,-1.9146925296180617,15338.65
0, 101711.0,-0.38328572298715546,1.244400181881749,-0.9718293294586444,9949.06
0, 101712.0,0.19174349160613158,0.4181783897329248,0.19823664407709649,14030.62
0, 101713.0,-0.16764976751467284,0.4181783897329248,0.7598133103468773,31847.14
0, 101714.0,-0.23952841933883373,1.244400181881749,-0.25503652858253933,19592.91
2, 101715.0,-1.317708196701247,-0.40804340241589926,0.19661896680136617,15054.11
2, 101716.0,-0.3114070711629946,-1.2342651945647232,-0.27275009475178635,12122.34
1, 101717.0,0.9824086616719013,-1.2342651945647232,-1.8403198168663604,34295.32
2, 101718.0,-0.8864362857562816,-1.2342651945647232,-0.29143426728647154,11093.62
1, 101719.0,0.11986483978197071,-0.40804340241589926,1.1352357641119915,21423.09
1, 101720.0,1.1261659653202232,-0.40804340241589926,1.7114119677952384,17968.55
2, 101721.0,-1.1020722412287642,-0.40804340241589926,2.342103895670597,19548.49
2, 101722.0,-0.8864362857562816,-0.40804340241589926,0.9794534424591615,8468.98
0, 101723.0,0.47925809890277515,1.244400181881749,-1.1134165330169408,12479.68
0, 101724.0,-1.5333441521737297,1.244400181881749,-0.031958832259328135,5828.73
1, 101725.0,0.6230154025510969,0.4181783897329248,1.8881027682368827,26418.44
1, 101726.0,1.0542873134960622,-1.2342651945647232,1.415902771451202,19790.28
1, 101727.0,1.269923268968545,0.4181783897329248,0.5654898275997725,11605.22
0, 101728.0,0.9105300098477405,2.070621974030573,-0.29430564445089286,25639.52
2, 101729.0,-0.5989216784596382,-0.40804340241589926,0.5326914208343403,18503.1
1, 101730.0,0.8386513580235796,-1.2342651945647232,-0.7587003483811746,28022.22
2, 101731.0,-0.23952841933883373,-1.2342651945647232,0.42329599506307736,19595.37
1, 101732.0,1.5574378762651884,-1.2342651945647232,-1.662375316536025,9529.81
2, 101733.0,-1.5333441521737297,-0.40804340241589926,-1.7185087180038672,3854.35
2, 101734.0,-1.2458295448770862,0.4181783897329248,1.0010898760220546,30932.81
0, 101735.0,1.1261659653202232,2.896843766179397,-0.02124172030761476,24830.69
1, 101736.0,1.5574378762651884,0.4181783897329248,0.42006064051161673,26465.9
2, 101737.0,-1.6771014558220514,0.4181783897329248,-0.6608713151313835,8645.44
0, 101738.0,-0.8864362857562816,2.070621974030573,-0.04198843136885612,17147.18
1, 101739.0,1.198044617144384,0.4181783897329248,0.010545638160486042,14229.32
0, 101740.0,0.40737944707861423,1.244400181881749,-0.17524459695714129,31119.12
2, 101741.0,-0.8145576339321208,-0.40804340241589926,-0.4295434647019477,27029.38
2, 101742.0,-1.5333441521737297,-1.2342651945647232,0.18517390007557416,6898.96
1, 101743.0,1.269923268968545,-1.2342651945647232,2.48712866343982,11615.43
0, 101744.0,0.19174349160613158,0.4181783897329248,0.1452577132969285,10275.62
2, 101745.0,-1.4614655003495687,-0.40804340241589926,-0.9968224433686779,16227.06
0, 101746.0,0.11986483978197071,1.244400181881749,0.37233916087757224,25897.3
2, 101747.0,-1.389586848525408,-1.2342651945647232,-1.4713276302722742,3946.31
0, 101748.0,-1.0301935894046035,2.070621974030573,0.9339158271473531,11319.4
1, 101749.0,0.9824086616719013,-0.40804340241589926,0.1791480522234787,26039.01
1, 101750.0,0.19174349160613158,-0.40804340241589926,-0.44559891166357113,21977.28
2, 101751.0,-0.16764976751467284,0.4181783897329248,1.4612786190354377,10682.95
2, 101752.0,-0.5270430266354773,-0.40804340241589926,2.1350412043771163,13833.14
2, 101753.0,-1.4614655003495687,0.4181783897329248,0.2252922965136861,13078.8
2, 101754.0,-0.5989216784596382,-0.40804340241589926,-0.10439033228015324,14182.72
2, 101755.0,-0.7426789821079599,-0.40804340241589926,1.217615979378558,14227.63
2, 101756.0,-0.09577111569051194,-0.40804340241589926,-0.13116289119349003,11672.02
0, 101757.0,0.04798618795780982,0.4181783897329248,-1.493732460541139,21499.83
2, 101758.0,-0.09577111569051194,-0.40804340241589926,-1.5220013709345264,13223.16
1, 101759.0,0.6948940543752578,-0.40804340241589926,-1.830088008097366,45864.14
0, 101760.0,1.4855592244410276,1.244400181881749,0.06538489780774391,19411.33
2, 101761.0,-1.0301935894046035,-1.2342651945647232,-0.5126920766744861,23679.2
0, 101762.0,-1.4614655003495687,1.244400181881749,0.06550622360342369,17542.17
0, 101763.0,0.11986483978197071,0.4181783897329248,-1.9146925296180617,23777.29
2, 101764.0,-1.6771014558220514,-1.2342651945647232,0.3505005176552129,8725.12
1, 101765.0,1.4855592244410276,-1.2342651945647232,0.8989335560596848,19377.89
1, 101766.0,0.40737944707861423,-0.40804340241589926,0.50240041384629,15655.29
2, 101767.0,-0.023892463866351063,-1.2342651945647232,0.0018910647353288272,8599.67
1, 101768.0,1.3418019207927057,-1.2342651945647232,-0.20064213018610733,15229.13
1, 101769.0,1.1261659653202232,0.4181783897329248,0.09049933751345714,18411.14
0, 101770.0,-1.1739508930529252,1.244400181881749,0.542842345739548,13632.62
2, 101771.0,-0.8864362857562816,0.4181783897329248,-1.9146925296180617,11279.43
2, 101772.0,-1.317708196701247,-0.40804340241589926,-0.5881971635191989,10410.22
2, 101773.0,-0.16764976751467284,-0.40804340241589926,0.8614034432627414,20997.64
2, 101774.0,-0.670800330283799,0.4181783897329248,0.6579805258396536,17196.24
1, 101775.0,0.6230154025510969,-0.40804340241589926,1.3850860193485395,12216.77
2, 101776.0,-0.8145576339321208,0.4181783897329248,0.7733209155992254,16376.59
0, 101777.0,-1.4614655003495687,1.244400181881749,-1.9146925296180617,26119.02
2, 101778.0,-0.9583149375804426,-0.40804340241589926,-0.10151895511573192,8566.12
2, 101779.0,-1.389586848525408,-0.40804340241589926,-0.5843147380574462,20095.42
1, 101780.0,0.40737944707861423,0.4181783897329248,-1.1338801505549292,29724.32
0, 101781.0,-0.9583149375804426,1.244400181881749,0.8838082735316064,8934.83
1, 101782.0,1.1261659653202232,-1.2342651945647232,1.0632491253419922,35197.36
2, 101783.0,-0.23952841933883373,-0.40804340241589926,0.281708791504781,31636.4
1, 101784.0,0.2636221434302925,-0.40804340241589926,0.933430523964634,10814.3
0, 101785.0,-0.23952841933883373,0.4181783897329248,-0.9693219296812624,19340.14
2, 101786.0,-0.3114070711629946,-0.40804340241589926,1.9739609896462695,16300.11
2, 101787.0,-0.8864362857562816,0.4181783897329248,1.5344380738303414,11886.74
2, 101788.0,-1.6771014558220514,-0.40804340241589926,-0.8779636055343926,17482.25
2, 101789.0,-0.23952841933883373,-0.40804340241589926,-0.7274791769595795,28844.25
2, 101790.0,-0.3114070711629946,-1.2342651945647232,0.24729270746361848,6550.24
2, 101791.0,-0.023892463866351063,-1.2342651945647232,-0.2287088309200284,33818.74
2, 101792.0,-0.5989216784596382,-0.40804340241589926,-1.5119313298931052,16015.15
2, 101793.0,-1.389586848525408,-0.40804340241589926,-1.1363066664685249,12206.13
1, 101794.0,0.551136750726936,-1.2342651945647232,-0.6463931035135971,22156.75
2, 101795.0,-0.8864362857562816,-0.40804340241589926,1.300845475214883,14854.31
1, 101796.0,0.47925809890277515,-1.2342651945647232,-1.4561214638804092,28703.77
1, 101797.0,0.11986483978197071,-0.40804340241589926,0.1899460480389786,12254.52
2, 101798.0,-0.8864362857562816,-0.40804340241589926,1.9543466526780393,11601.94
1, 101799.0,0.47925809890277515,-0.40804340241589926,-1.2262495229991306,24001.95
2, 101800.0,-1.317708196701247,0.4181783897329248,-0.09472471055766457,12647.63
2, 101801.0,-1.6771014558220514,0.4181783897329248,0.07808366442222693,10098.72
2, 101802.0,-0.8145576339321208,-1.2342651945647232,1.1080587858797222,8186.9
1, 101803.0,1.4855592244410276,-1.2342651945647232,0.7994059616703769,17385.41
1, 101804.0,0.8386513580235796,-1.2342651945647232,-0.06795215164432776,4226.84
0, 101805.0,-1.389586848525408,1.244400181881749,0.6842677815702713,28840.22
2, 101806.0,-0.16764976751467284,-1.2342651945647232,-1.4859271676857404,14217.36
2, 101807.0,-1.0301935894046035,0.4181783897329248,0.4855765701786947,16119.54
1, 101808.0,1.6293165280893493,-1.2342651945647232,0.17283911084813045,8827.27
1, 101809.0,0.8386513580235796,-0.40804340241589926,-1.0785960296568455,11603.66
0, 101810.0,-0.23952841933883373,0.4181783897329248,0.1557321736572823,17721.94
2, 101811.0,-0.8864362857562816,-0.40804340241589926,-1.6505662724231938,11943.98
1, 101812.0,1.5574378762651884,-0.40804340241589926,0.42196141131059983,36367.88
2, 101813.0,-1.2458295448770862,-0.40804340241589926,1.3205811379787928,23123.62
0, 101814.0,-0.670800330283799,2.896843766179397,0.7016173703524791,14497.35
2, 101815.0,-0.38328572298715546,-0.40804340241589926,0.10950704550328841,9867.29
2, 101816.0,-0.5270430266354773,-1.2342651945647232,-0.10807054808243971,17791.09
0, 101817.0,-1.2458295448770862,2.070621974030573,-0.4633529197647114,8708.33
2, 101818.0,-1.317708196701247,0.4181783897329248,-0.66095219899517,20913.0
2, 101819.0,-0.8145576339321208,0.4181783897329248,1.1817844277211313,28297.09
0, 101820.0,1.198044617144384,2.896843766179397,-0.6531469061397712,10461.56
2, 101821.0,-1.1020722412287642,-1.2342651945647232,-0.05808432026237281,14030.8
2, 101822.0,-1.6771014558220514,-0.40804340241589926,1.1935934718339627,15269.95
1, 101823.0,1.70119517991351,-1.2342651945647232,-1.0379518881041212,11142.87
2, 101824.0,-1.0301935894046035,0.4181783897329248,0.031009255698474597,12018.94
2, 101825.0,-0.023892463866351063,-0.40804340241589926,2.147901738719172,14633.28
1, 101826.0,0.11986483978197071,-1.2342651945647232,0.47453592277183526,13432.02
2, 101827.0,-0.8864362857562816,-1.2342651945647232,0.28320514298483157,20856.78
1, 101828.0,0.47925809890277515,0.4181783897329248,0.8216490242116689,13057.27
1, 101829.0,1.4136805726168666,0.4181783897329248,2.4310357039038717,24900.76
0, 101830.0,-0.16764976751467284,0.4181783897329248,1.339871939491877,22418.58
0, 101831.0,0.04798618795780982,0.4181783897329248,2.725250758427324,21206.12
2, 101832.0,-1.0301935894046035,-0.40804340241589926,-0.30158519219167934,9383.14
2, 101833.0,-1.0301935894046035,-0.40804340241589926,-1.5717449471632339,10125.49
0, 101834.0,-0.09577111569051194,0.4181783897329248,-0.016307804616637278,25239.22
1, 101835.0,0.47925809890277515,-1.2342651945647232,-0.1826454704936075,22519.3
0, 101836.0,0.19174349160613158,2.070621974030573,1.1363276962731095,34375.43
2, 101837.0,-1.5333441521737297,-0.40804340241589926,-1.1725021955129906,5050.21
2, 101838.0,-1.6771014558220514,-0.40804340241589926,-1.9146925296180617,16044.74
0, 101839.0,0.9824086616719013,1.244400181881749,-1.9146925296180617,13407.54
0, 101840.0,1.4855592244410276,2.896843766179397,-1.5328398086819195,13516.68
0, 101841.0,0.40737944707861423,2.896843766179397,-0.3192583164290331,19194.53
2, 101842.0,-1.4614655003495687,-1.2342651945647232,-0.41644027876853207,13524.25
2, 101843.0,-0.4551643748113164,0.4181783897329248,-0.1698253780834447,9230.66
2, 101844.0,-0.4551643748113164,0.4181783897329248,-0.21257250009461842,17058.09
0, 101845.0,1.1261659653202232,2.070621974030573,0.6895252327163949,14921.04
1, 101846.0,1.70119517991351,-0.40804340241589926,-1.9146925296180617,19716.1
0, 101847.0,0.6948940543752578,1.244400181881749,-0.8483601113885277,33530.84
1, 101848.0,1.198044617144384,-0.40804340241589926,1.7272247631655022,8338.81
1, 101849.0,0.9824086616719013,0.4181783897329248,0.5438129521049863,17061.23
1, 101850.0,0.6230154025510969,-1.2342651945647232,-0.3035264049225557,10464.55
1, 101851.0,1.4855592244410276,-0.40804340241589926,-0.13047537835130466,10876.76
1, 101852.0,0.40737944707861423,0.4181783897329248,0.1518901901274228,11790.15
0, 101853.0,0.6230154025510969,2.070621974030573,2.980439348673782,23555.71
0, 101854.0,-0.16764976751467284,0.4181783897329248,0.6734697857547715,18479.74
0, 101855.0,-0.16764976751467284,0.4181783897329248,-0.22094397999652285,15762.31
0, 101856.0,0.47925809890277515,2.070621974030573,0.19318140259043923,15582.79
1, 101857.0,1.1261659653202232,-1.2342651945647232,1.0992020027950986,17620.02
0, 101858.0,-1.4614655003495687,1.244400181881749,0.6428148013796818,16994.84
0, 101859.0,-0.8864362857562816,1.244400181881749,0.25683700339042737,23718.87
0, 101860.0,0.40737944707861423,1.244400181881749,0.09349204047355823,11205.26
1, 101861.0,0.9105300098477405,-0.40804340241589926,1.5384013831558807,18713.01
2, 101862.0,-1.1739508930529252,-1.2342651945647232,0.27758371445166874,6682.1
1, 101863.0,0.19174349160613158,-1.2342651945647232,-0.6079732682150021,8912.71
1, 101864.0,1.6293165280893493,-1.2342651945647232,1.1665378193973732,17945.04
2, 101865.0,-0.670800330283799,0.4181783897329248,0.17360750755410237,17468.73
2, 101866.0,-1.1739508930529252,-1.2342651945647232,0.26512759942854525,15101.58
2, 101867.0,-1.5333441521737297,-0.40804340241589926,1.520121629940128,20903.34
1, 101868.0,1.4855592244410276,-0.40804340241589926,0.008685309293396174,13906.0
1, 101869.0,0.7667727061994186,-0.40804340241589926,-1.0287311276324584,20191.85
2, 101870.0,-0.3114070711629946,-1.2342651945647232,1.4750693178110386,12616.83
2, 101871.0,-0.670800330283799,0.4181783897329248,-1.9146925296180617,34848.37
0, 101872.0,-0.4551643748113164,1.244400181881749,-1.4268819471215837,13504.45
0, 101873.0,1.70119517991351,1.244400181881749,-0.06342265527228287,14533.61
1, 101874.0,0.19174349160613158,-0.40804340241589926,-0.6569080058058443,10375.09
2, 101875.0,-1.317708196701247,-1.2342651945647232,-1.39667182399732,17252.06
1, 101876.0,0.11986483978197071,-0.40804340241589926,0.34277610866360064,9593.44
1, 101877.0,0.33550079525445337,-0.40804340241589926,-0.8368746027308425,17923.83
1, 101878.0,1.5574378762651884,-0.40804340241589926,-0.4342347288015656,13179.59
2, 101879.0,-0.7426789821079599,0.4181783897329248,-1.9146925296180617,8547.61
2, 101880.0,-1.0301935894046035,-1.2342651945647232,-0.9293653009707235,11140.26
2, 101881.0,-1.1739508930529252,-0.40804340241589926,0.3666368484806229,11864.47
2, 101882.0,-0.09577111569051194,-1.2342651945647232,-0.2545512253998202,9274.75
2, 101883.0,-1.6771014558220514,0.4181783897329248,-1.4933684831540999,18684.63
1, 101884.0,0.551136750726936,-0.40804340241589926,1.9501811336930337,17781.83
1, 101885.0,0.6230154025510969,-0.40804340241589926,-0.6172749125504514,9204.77
1, 101886.0,0.19174349160613158,-1.2342651945647232,-0.8166940787161067,13263.97
0, 101887.0,1.4136805726168666,1.244400181881749,-0.7675975733976914,13600.65
1, 101888.0,-0.023892463866351063,-0.40804340241589926,-0.5105890962160368,13476.96
2, 101889.0,-1.5333441521737297,-0.40804340241589926,-0.3266591899654993,24594.79
1, 101890.0,1.1261659653202232,-1.2342651945647232,-0.9778956192426331,14550.5
1, 101891.0,1.4855592244410276,-0.40804340241589926,-0.7011514792970686,6726.14
1, 101892.0,1.1261659653202232,-0.40804340241589926,-0.18151309640059626,19516.89
1, 101893.0,0.6230154025510969,-1.2342651945647232,1.668867055443531,16702.78
2, 101894.0,-1.317708196701247,-0.40804340241589926,1.3248275408275851,14947.3
2, 101895.0,-0.09577111569051194,-1.2342651945647232,-0.4137711112635771,13095.75
1, 101896.0,0.40737944707861423,-1.2342651945647232,0.4742528292485825,33553.85
2, 101897.0,-0.09577111569051194,-1.2342651945647232,-0.3520971651263586,13726.53
0, 101898.0,-0.09577111569051194,0.4181783897329248,0.5456328390401829,23920.97
1, 101899.0,1.70119517991351,-0.40804340241589926,0.5693722530615253,15382.63
0, 101900.0,0.04798618795780982,0.4181783897329248,-1.9146925296180617,17078.34
0, 101901.0,-0.09577111569051194,0.4181783897329248,1.1415042635554464,7257.71
1, 101902.0,1.6293165280893493,-0.40804340241589926,0.3901336109106058,23114.49
2, 101903.0,-0.5989216784596382,-1.2342651945647232,1.0338073989237004,15466.17
1, 101904.0,0.9824086616719013,-0.40804340241589926,-1.2425476215521136,17040.93
2, 101905.0,-0.8145576339321208,-0.40804340241589926,0.9882293416799985,10900.45
2, 101906.0,-0.670800330283799,-0.40804340241589926,-0.4659412034058799,24259.47
1, 101907.0,1.269923268968545,0.4181783897329248,9.204583698906348E-4,18321.14
0, 101908.0,-0.023892463866351063,0.4181783897329248,0.8458737414157304,25572.43
2, 101909.0,-1.5333441521737297,-0.40804340241589926,0.3389745670656344,11234.3
2, 101910.0,-0.023892463866351063,-0.40804340241589926,0.03400195865857569,10182.44
0, 101911.0,-0.16764976751467284,1.244400181881749,0.9823652615554761,10670.17
1, 101912.0,1.4855592244410276,-1.2342651945647232,2.0650766622017795,22154.88
2, 101913.0,-1.5333441521737297,0.4181783897329248,-0.2152821095314667,17305.59
0, 101914.0,1.4136805726168666,2.070621974030573,-0.3413800531746452,27646.87
2, 101915.0,-1.6771014558220514,0.4181783897329248,-1.5198579485441839,25118.85
2, 101916.0,-0.38328572298715546,-1.2342651945647232,-0.6854600097224844,8638.89
2, 101917.0,-0.670800330283799,-1.2342651945647232,-0.284923116251657,9421.8
1, 101918.0,0.551136750726936,-1.2342651945647232,0.27070858602981485,23343.65
1, 101919.0,1.0542873134960622,-0.40804340241589926,0.10647390061129405,28049.33
1, 101920.0,1.269923268968545,-1.2342651945647232,-0.07300739313098502,19545.12
2, 101921.0,-1.6771014558220514,0.4181783897329248,-0.1309202396021305,9543.59
0, 101922.0,-1.6771014558220514,1.244400181881749,0.383743785671471,17824.54
1, 101923.0,0.9105300098477405,-1.2342651945647232,-0.8427386828553648,15533.23
1, 101924.0,0.47925809890277515,0.4181783897329248,0.6767860241700185,11288.04
0, 101925.0,0.11986483978197071,0.4181783897329248,-0.5504243991308959,13998.91
2, 101926.0,-0.5270430266354773,-0.40804340241589926,0.09300673729083914,31890.29
1, 101927.0,1.1261659653202232,0.4181783897329248,0.4210312468770549,16145.55
2, 101928.0,-0.670800330283799,-0.40804340241589926,1.8225463966379114,22384.56
2, 101929.0,-0.5270430266354773,-1.2342651945647232,1.1592178297246936,7654.52
1, 101930.0,1.70119517991351,-1.2342651945647232,2.478393206150877,30089.02
2, 101931.0,-0.8145576339321208,0.4181783897329248,-0.4622205456717002,21357.76
1, 101932.0,1.5574378762651884,0.4181783897329248,2.401270442030434,19753.13
2, 101933.0,-1.1739508930529252,-1.2342651945647232,-1.5402002402864925,12884.45
1, 101934.0,0.551136750726936,-0.40804340241589926,1.6200940855802617,26334.69
2, 101935.0,-1.6052228039978906,-0.40804340241589926,-1.5782560981980485,7956.94
0, 101936.0,-1.6052228039978906,2.070621974030573,1.1431219408311768,10273.71
2, 101937.0,-0.8864362857562816,0.4181783897329248,0.14040468146973753,20148.01
2, 101938.0,-1.1020722412287642,-1.2342651945647232,0.5604750280450085,11954.9
2, 101939.0,-0.4551643748113164,-0.40804340241589926,0.7065108441115633,9842.27
2, 101940.0,-1.1020722412287642,-1.2342651945647232,-0.7993040480020057,22477.18
1, 101941.0,1.70119517991351,0.4181783897329248,-0.07733467984356363,10694.24
0, 101942.0,0.2636221434302925,0.4181783897329248,1.5917038493911946,22038.02
2, 101943.0,-1.2458295448770862,0.4181783897329248,0.27503587274239344,25600.73
2, 101944.0,-0.4551643748113164,-0.40804340241589926,0.8361272358294551,9406.33
2, 101945.0,-0.023892463866351063,-0.40804340241589926,0.746912334072928,14039.41
1, 101946.0,1.269923268968545,-1.2342651945647232,0.056932534042052986,11921.63
0, 101947.0,-1.5333441521737297,1.244400181881749,-0.021282162239508014,16384.47
1, 101948.0,0.551136750726936,0.4181783897329248,-1.0093594422555878,12335.42
2, 101949.0,-0.23952841933883373,-1.2342651945647232,0.25671567759474756,18904.84
0, 101950.0,-1.389586848525408,1.244400181881749,-0.1632737851167369,19877.82
2, 101951.0,-1.2458295448770862,-1.2342651945647232,-0.4609264038511159,20507.7
2, 101952.0,-1.389586848525408,-0.40804340241589926,-1.4638458728720214,19243.31
2, 101953.0,-0.5989216784596382,0.4181783897329248,-0.07624274768244566,20912.54
1, 101954.0,0.19174349160613158,-0.40804340241589926,-0.7464868849494107,17712.62
2, 101955.0,-0.8864362857562816,-1.2342651945647232,-0.9669762976314534,16828.25
0, 101956.0,0.11986483978197071,0.4181783897329248,0.7786996925410288,16645.21
1, 101957.0,1.4136805726168666,-1.2342651945647232,-0.3790314917672684,14236.85
1, 101958.0,0.40737944707861423,0.4181783897329248,2.2426167432131825,16373.05
0, 101959.0,0.551136750726936,1.244400181881749,0.01709723112719384,15999.51
2, 101960.0,-1.6052228039978906,-0.40804340241589926,0.537180475274492,7550.37
2, 101961.0,-1.1020722412287642,0.4181783897329248,-1.123041712807536,19650.27
0, 101962.0,0.11986483978197071,2.070621974030573,0.24595812371114095,23386.1
1, 101963.0,0.8386513580235796,0.4181783897329248,-0.31193832675635336,12618.05
0, 101964.0,1.4136805726168666,2.070621974030573,0.1230955346194231,10997.97
2, 101965.0,-0.670800330283799,-1.2342651945647232,-1.3902819987581851,35347.99
2, 101966.0,-1.317708196701247,-0.40804340241589926,0.8547305245003538,14603.96
2, 101967.0,-0.8864362857562816,-0.40804340241589926,0.25598772282066895,20191.46
2, 101968.0,-1.317708196701247,-0.40804340241589926,2.0872792828111786,25391.71
0, 101969.0,0.04798618795780982,2.070621974030573,0.6999592511448555,23230.81
1, 101970.0,-0.023892463866351063,-1.2342651945647232,-0.9606673562561052,16652.81
1, 101971.0,1.3418019207927057,0.4181783897329248,1.8242449577774282,13408.91
1, 101972.0,1.4855592244410276,-1.2342651945647232,-0.9248358045986786,11075.77
1, 101973.0,0.6948940543752578,-0.40804340241589926,0.8271086850172586,15425.07
1, 101974.0,1.4136805726168666,-1.2342651945647232,0.4215974339235605,31919.26
2, 101975.0,-0.8864362857562816,-0.40804340241589926,0.40837292219446514,11930.78
2, 101976.0,-1.1020722412287642,-0.40804340241589926,-0.8608971102754377,11516.54
2, 101977.0,-1.317708196701247,-0.40804340241589926,0.04071531935285652,17624.5
1, 101978.0,0.40737944707861423,-0.40804340241589926,-1.7741568162889902,14615.44
1, 101979.0,0.47925809890277515,-1.2342651945647232,-0.656867563873951,26174.84
2, 101980.0,-1.5333441521737297,-1.2342651945647232,0.5862365386610139,27830.04
2, 101981.0,-1.2458295448770862,0.4181783897329248,2.751740223817408,17740.63
2, 101982.0,-0.5989216784596382,-1.2342651945647232,1.5906119172300768,12364.89
0, 101983.0,-1.0301935894046035,2.070621974030573,-1.9146925296180617,7222.76
0, 101984.0,1.6293165280893493,2.070621974030573,-1.2337312803993834,12696.12
2, 101985.0,-0.38328572298715546,-0.40804340241589926,0.41164871867781905,17332.82
1, 101986.0,0.9824086616719013,-0.40804340241589926,0.503492346007408,28189.74
1, 101987.0,0.9824086616719013,0.4181783897329248,1.8525947520346022,21225.77
0, 101988.0,1.6293165280893493,2.070621974030573,-0.06677933561942329,24246.28
0, 101989.0,0.04798618795780982,2.070621974030573,2.311529795159294,13479.36
2, 101990.0,-1.6052228039978906,-0.40804340241589926,-0.04073473148016512,14256.57
1, 101991.0,0.6230154025510969,-1.2342651945647232,-0.1382402292748102,10983.98
0, 101992.0,-0.8145576339321208,1.244400181881749,-1.139339811360519,11891.55
1, 101993.0,0.6230154025510969,-0.40804340241589926,-0.6669780468472655,26661.8
1, 101994.0,1.4855592244410276,-0.40804340241589926,0.3341215352384434,10674.49
1, 101995.0,1.198044617144384,-0.40804340241589926,-0.780700759331107,14968.84
2, 101996.0,-1.1020722412287642,-0.40804340241589926,1.285315773367872,9864.35
1, 101997.0,1.3418019207927057,-0.40804340241589926,-0.3125853976666455,30216.26
2, 101998.0,-0.09577111569051194,-0.40804340241589926,-0.3537148424020889,28123.22
2, 101999.0,-0.09577111569051194,-0.40804340241589926,0.056770766314479956,14491.97
0, 102000.0,0.11986483978197071,0.4181783897329248,-1.0250104698982787,13714.65
2, 102001.0,-0.5989216784596382,0.4181783897329248,-0.15279932475638308,31428.16
1, 102002.0,1.4136805726168666,-1.2342651945647232,1.4318368926171456,30472.04
2, 102003.0,-1.6052228039978906,0.4181783897329248,0.7577103298884279,11831.44
2, 102004.0,-1.0301935894046035,-1.2342651945647232,-0.41235564364731303,17921.99
1, 102005.0,1.198044617144384,-0.40804340241589926,-1.0805776843196153,17494.3
1, 102006.0,0.9105300098477405,-1.2342651945647232,0.9976523118111277,17617.99
0, 102007.0,-1.6052228039978906,2.070621974030573,0.20163376635613017,19086.37
1, 102008.0,0.33550079525445337,-1.2342651945647232,-0.47766936365492474,33914.87
0, 102009.0,-0.023892463866351063,2.070621974030573,-0.1446704964458382,25686.46
2, 102010.0,-1.2458295448770862,-1.2342651945647232,-0.6197014284640469,13117.44
0, 102011.0,0.11986483978197071,0.4181783897329248,1.1536772850553172,28621.95
1, 102012.0,0.6230154025510969,0.4181783897329248,-0.652338067501906,15237.25
0, 102013.0,0.19174349160613158,0.4181783897329248,-0.263448450416337,22643.49
0, 102014.0,1.4855592244410276,1.244400181881749,0.34645632446588714,34512.16
1, 102015.0,1.269923268968545,0.4181783897329248,0.8119025186253936,25002.93
2, 102016.0,-1.4614655003495687,-1.2342651945647232,0.5761664976195926,7689.12
1, 102017.0,0.9105300098477405,-1.2342651945647232,-0.399818644760403,20671.46
1, 102018.0,0.7667727061994186,-0.40804340241589926,0.13437883361764208,10723.13
1, 102019.0,1.269923268968545,-0.40804340241589926,-0.014447475749547412,12775.58
1, 102020.0,1.198044617144384,-1.2342651945647232,-0.08857753690988936,11267.94
1, 102021.0,1.3418019207927057,0.4181783897329248,1.3310555983391468,28851.37
1, 102022.0,1.70119517991351,-0.40804340241589926,-1.2664892452329224,32148.68
1, 102023.0,1.0542873134960622,-0.40804340241589926,2.582854716231162,36152.5
2, 102024.0,-0.5989216784596382,0.4181783897329248,-1.5825025010468405,26034.42
1, 102025.0,1.3418019207927057,0.4181783897329248,-0.7204422808101526,31517.48
1, 102026.0,0.11986483978197071,-0.40804340241589926,-0.869106822449769,20643.04
1, 102027.0,1.1261659653202232,-1.2342651945647232,-1.9146925296180617,15094.74
1, 102028.0,1.5574378762651884,0.4181783897329248,-1.9146925296180617,18047.04
1, 102029.0,1.0542873134960622,-0.40804340241589926,0.898165159353713,13922.41
2, 102030.0,-1.317708196701247,-1.2342651945647232,0.18654892575994492,10125.78
2, 102031.0,-0.670800330283799,0.4181783897329248,1.6397893064122784,24249.78
0, 102032.0,0.2636221434302925,0.4181783897329248,-0.4430106280224026,15084.49
1, 102033.0,1.4855592244410276,-1.2342651945647232,-0.08453334372056355,24332.53
2, 102034.0,-0.09577111569051194,-1.2342651945647232,-0.5706049231456316,9572.74
1, 102035.0,1.3418019207927057,-0.40804340241589926,-1.9146925296180617,13956.61
0, 102036.0,1.269923268968545,2.070621974030573,1.656774917807447,11198.15
2, 102037.0,-0.8145576339321208,-1.2342651945647232,-0.5080816964386548,11977.57
1, 102038.0,0.6230154025510969,-1.2342651945647232,-0.1298687493729058,20577.86
2, 102039.0,-0.8864362857562816,-0.40804340241589926,0.9363827849928418,14138.08
2, 102040.0,0.11986483978197071,-0.40804340241589926,2.151905489976605,18479.84
2, 102041.0,-1.4614655003495687,-0.40804340241589926,-0.746042023698585,15650.16
2, 102042.0,-0.4551643748113164,-1.2342651945647232,1.2011965550298953,13727.29
1, 102043.0,1.5574378762651884,-0.40804340241589926,1.9114782048711858,29036.59
1, 102044.0,0.11986483978197071,-1.2342651945647232,0.44978546045316137,27061.94
2, 102045.0,-0.5989216784596382,-0.40804340241589926,0.0027403453050872453,9536.67
0, 102046.0,1.198044617144384,1.244400181881749,1.1446587342431205,9646.11
1, 102047.0,0.8386513580235796,0.4181783897329248,-1.079728403749857,10502.86
1, 102048.0,1.0542873134960622,0.4181783897329248,2.3184858074449344,19260.51
1, 102049.0,0.6230154025510969,0.4181783897329248,-0.7188650454663156,11242.62
0, 102050.0,1.4136805726168666,1.244400181881749,-1.345917199471281,12243.8
1, 102051.0,1.1261659653202232,0.4181783897329248,0.340956221728404,20269.82
2, 102052.0,-0.7426789821079599,-0.40804340241589926,-0.16719665251038293,14630.32
2, 102053.0,-0.8145576339321208,-0.40804340241589926,-1.238705638022254,13148.91
0, 102054.0,0.9105300098477405,1.244400181881749,0.18335401314037755,20357.77
2, 102055.0,-0.670800330283799,0.4181783897329248,0.29683407403285955,14426.26
0, 102056.0,-1.389586848525408,2.070621974030573,0.22480699333096701,12652.49
2, 102057.0,-0.670800330283799,-0.40804340241589926,1.3229672119604952,27482.86
0, 102058.0,0.04798618795780982,2.070621974030573,0.09146994387889533,12108.82
0, 102059.0,-0.5989216784596382,1.244400181881749,0.748166033961619,22883.28
1, 102060.0,0.2636221434302925,-1.2342651945647232,0.9246141828119037,15271.4
2, 102061.0,-0.5989216784596382,-0.40804340241589926,-1.5262882157152118,14963.7
2, 102062.0,-0.7426789821079599,-0.40804340241589926,0.560394144181222,28328.9
1, 102063.0,0.47925809890277515,-0.40804340241589926,1.1139633079361377,28131.47
1, 102064.0,0.551136750726936,0.4181783897329248,-1.9146925296180617,14561.72
2, 102065.0,-0.7426789821079599,0.4181783897329248,-0.48871001106178413,29088.31
1, 102066.0,1.269923268968545,-1.2342651945647232,1.0335647473323408,13839.09
1, 102067.0,0.9824086616719013,0.4181783897329248,0.36162204892585886,32405.63
2, 102068.0,-0.3114070711629946,0.4181783897329248,0.8798045222741738,17734.75
1, 102069.0,1.0542873134960622,-0.40804340241589926,1.5319711159848526,9897.0
2, 102070.0,-0.09577111569051194,-0.40804340241589926,-0.5337623231908736,11163.94
2, 102071.0,-1.2458295448770862,-1.2342651945647232,-0.7840169977463541,19865.94
1, 102072.0,0.8386513580235796,0.4181783897329248,0.9890381803178637,16749.6
1, 102073.0,0.2636221434302925,-1.2342651945647232,0.6631975350538839,23591.1
1, 102074.0,0.551136750726936,0.4181783897329248,-0.3386704437377969,33091.41
0, 102075.0,-1.6771014558220514,2.070621974030573,-1.0068116005463126,15465.7
2, 102076.0,-0.38328572298715546,-1.2342651945647232,-0.6675037919618778,17748.1
0, 102077.0,-0.38328572298715546,2.070621974030573,2.86348128163848,19641.66
2, 102078.0,-0.7426789821079599,-1.2342651945647232,0.010990499411311881,12968.45
0, 102079.0,0.04798618795780982,0.4181783897329248,-0.655452096257687,16610.89
0, 102080.0,-0.3114070711629946,0.4181783897329248,-1.1894069230443725,26236.85
1, 102081.0,1.70119517991351,-1.2342651945647232,0.23904255335739383,10584.24
1, 102082.0,0.9105300098477405,0.4181783897329248,1.106805085991031,29726.21
1, 102083.0,0.9824086616719013,0.4181783897329248,-0.09775785544965893,19965.14
0, 102084.0,0.8386513580235796,2.896843766179397,-1.0003813333752847,15897.22
2, 102085.0,-1.1020722412287642,0.4181783897329248,-1.4687393466311056,34390.9
0, 102086.0,1.5574378762651884,2.896843766179397,-0.6803238843720406,24046.12
0, 102087.0,0.04798618795780982,2.896843766179397,-0.6651581599120688,23264.65
1, 102088.0,1.4136805726168666,0.4181783897329248,0.7107976888922486,17587.76
1, 102089.0,0.40737944707861423,-1.2342651945647232,-0.3561009163837911,18357.52
2, 102090.0,-1.1739508930529252,-0.40804340241589926,0.5873689127540251,8729.87
2, 102091.0,-1.4614655003495687,-0.40804340241589926,0.46135185297463316,31611.79
1, 102092.0,0.8386513580235796,-1.2342651945647232,-1.9146925296180617,18584.82
2, 102093.0,-1.0301935894046035,-0.40804340241589926,-0.30720662072484217,21023.23
0, 102094.0,-0.5989216784596382,2.896843766179397,0.9418424457984316,35670.47
2, 102095.0,-0.670800330283799,-0.40804340241589926,0.40040586161149333,12351.63
1, 102096.0,1.1261659653202232,-0.40804340241589926,-0.32912614781098803,12294.38
1, 102097.0,0.9824086616719013,-1.2342651945647232,1.561655493994504,20292.36
1, 102098.0,0.8386513580235796,-0.40804340241589926,-0.7054383240777539,13873.84
2, 102099.0,-1.1020722412287642,0.4181783897329248,0.989078622249757,17517.24
2, 102100.0,-0.7426789821079599,-0.40804340241589926,-0.46003668134946424,9901.28
2, 102101.0,-0.8145576339321208,-0.40804340241589926,-0.43075672265874543,7156.75
2, 102102.0,-0.4551643748113164,-1.2342651945647232,-0.8699561030195274,17152.08
1, 102103.0,0.40737944707861423,0.4181783897329248,1.4923380227294598,31690.79
1, 102104.0,1.6293165280893493,-0.40804340241589926,1.4183697292966908,17139.7
2, 102105.0,-0.5270430266354773,-0.40804340241589926,1.3001984043045909,29694.57
1, 102106.0,0.11986483978197071,-0.40804340241589926,0.013700108848160168,7112.43
1, 102107.0,1.70119517991351,-0.40804340241589926,-1.3438142190128317,18510.26
1, 102108.0,0.6230154025510969,-0.40804340241589926,-0.774270492160079,9634.93
2, 102109.0,-1.317708196701247,0.4181783897329248,-0.8714120125676847,13689.6
2, 102110.0,-1.0301935894046035,-1.2342651945647232,0.47692199675353747,16318.7
1, 102111.0,1.198044617144384,0.4181783897329248,-1.0057196683851946,16910.03
2, 102112.0,-1.317708196701247,-0.40804340241589926,-0.22769778262269694,14767.12
0, 102113.0,-0.3114070711629946,1.244400181881749,-0.4166829303598916,13941.99
0, 102114.0,0.8386513580235796,1.244400181881749,0.18036131018027646,24749.52
1, 102115.0,1.70119517991351,-1.2342651945647232,-0.14701612849564719,18797.62
1, 102116.0,1.4855592244410276,-1.2342651945647232,-0.029977177596558487,11969.55
1, 102117.0,1.70119517991351,0.4181783897329248,-0.897941919889662,12253.5
0, 102118.0,-0.09577111569051194,1.244400181881749,-1.9146925296180617,16667.68
0, 102119.0,0.19174349160613158,0.4181783897329248,-1.9146925296180617,17077.0
2, 102120.0,-0.670800330283799,-0.40804340241589926,-0.7251739868416638,14716.12
2, 102121.0,-1.2458295448770862,-1.2342651945647232,-1.4484374968206901,19094.15
0, 102122.0,0.7667727061994186,1.244400181881749,-1.0732981365788288,22518.34
1, 102123.0,1.4136805726168666,-0.40804340241589926,-0.9607077981879985,14321.54
1, 102124.0,1.4855592244410276,-1.2342651945647232,1.5531626882969198,13486.68
0, 102125.0,-0.09577111569051194,0.4181783897329248,1.5216584233520718,28257.7
1, 102126.0,0.40737944707861423,-0.40804340241589926,0.7347393125730574,14351.0
0, 102127.0,0.2636221434302925,0.4181783897329248,-0.04344434091701341,10049.77
1, 102128.0,0.8386513580235796,-1.2342651945647232,-1.893258305714635,10901.82
2, 102129.0,-0.670800330283799,-1.2342651945647232,0.8199909050040453,14894.97
1, 102130.0,1.3418019207927057,0.4181783897329248,0.9201655703036453,22151.18
2, 102131.0,-1.0301935894046035,-0.40804340241589926,-1.0489116516471941,15114.58
0, 102132.0,-0.09577111569051194,2.070621974030573,-0.05622399139528294,17955.39
1, 102133.0,0.04798618795780982,-0.40804340241589926,-1.3619322045010112,29993.96
1, 102134.0,1.4136805726168666,-0.40804340241589926,-0.3696894054999258,12215.06
2, 102135.0,-1.1739508930529252,-0.40804340241589926,1.4709442407579263,14260.8
0, 102136.0,-0.3114070711629946,1.244400181881749,1.1739791348657327,20833.89
1, 102137.0,0.40737944707861423,0.4181783897329248,-1.1921165324812208,18693.39
2, 102138.0,-1.317708196701247,0.4181783897329248,-0.7778293821666857,24500.78
2, 102139.0,-0.9583149375804426,-1.2342651945647232,0.40121470024935846,13809.04
2, 102140.0,-0.7426789821079599,-1.2342651945647232,1.342985968247658,3586.55
1, 102141.0,0.551136750726936,0.4181783897329248,0.8096377704393711,32788.64
1, 102142.0,0.11986483978197071,-0.40804340241589926,-0.2778053362384436,6535.7
1, 102143.0,1.4855592244410276,-0.40804340241589926,-0.8053703377859944,15176.56
1, 102144.0,0.6230154025510969,-0.40804340241589926,1.382335967979798,12452.57
2, 102145.0,-0.5270430266354773,0.4181783897329248,-0.15801633397061338,33374.51
2, 102146.0,-0.9583149375804426,-1.2342651945647232,0.11852559631548494,22304.82
0, 102147.0,1.6293165280893493,1.244400181881749,-1.1801457206408164,27240.0
2, 102148.0,-1.6052228039978906,-0.40804340241589926,0.40161911956829105,14241.29
0, 102149.0,-1.6771014558220514,2.070621974030573,-0.84528652456464,15455.31
0, 102150.0,-0.16764976751467284,0.4181783897329248,0.3934902912577462,27498.29
2, 102151.0,-1.389586848525408,0.4181783897329248,-0.22506905704963515,26859.91
1, 102152.0,0.551136750726936,-0.40804340241589926,-0.5887229086338113,7592.73
1, 102153.0,1.269923268968545,-1.2342651945647232,-0.934946287571993,14820.93
1, 102154.0,1.3418019207927057,-0.40804340241589926,1.2025311387823727,20066.63
1, 102155.0,0.8386513580235796,-1.2342651945647232,1.176526976575008,10281.77
2, 102156.0,-0.23952841933883373,-1.2342651945647232,-1.9146925296180617,5899.64
2, 102157.0,-0.8864362857562816,-1.2342651945647232,1.0445245108754138,11797.97
1, 102158.0,0.8386513580235796,-1.2342651945647232,-0.8454078503603198,12000.54
2, 102159.0,-0.9583149375804426,0.4181783897329248,1.0380133598405992,15275.4
2, 102160.0,-1.1020722412287642,0.4181783897329248,0.04059399355717675,16960.49
1, 102161.0,0.9105300098477405,-0.40804340241589926,0.4391087904333412,17418.37
1, 102162.0,0.6230154025510969,-1.2342651945647232,-0.8695112417687016,8359.95
2, 102163.0,-1.0301935894046035,0.4181783897329248,0.8285241526335226,8251.79
0, 102164.0,0.19174349160613158,0.4181783897329248,1.067293318531318,33580.44
2, 102165.0,-1.1739508930529252,-0.40804340241589926,1.1475705533394351,6870.65
2, 102166.0,-0.7426789821079599,0.4181783897329248,-1.4380034783922295,25026.64
0, 102167.0,-1.4614655003495687,1.244400181881749,0.6759771855321535,4109.25
2, 102168.0,-1.1739508930529252,0.4181783897329248,-0.021727023490333855,25777.22
2, 102169.0,-0.8145576339321208,-1.2342651945647232,-1.1622299448121032,11807.18
0, 102170.0,0.8386513580235796,1.244400181881749,0.1160586384699962,14340.02
1, 102171.0,0.47925809890277515,0.4181783897329248,-1.7743994678803496,28423.06
2, 102172.0,0.04798618795780982,-0.40804340241589926,1.504308834569864,36326.8
2, 102173.0,-0.38328572298715546,-1.2342651945647232,-1.8958870312876968,8692.32
2, 102174.0,-1.5333441521737297,0.4181783897329248,-0.36762686697336966,7330.02
0, 102175.0,-0.3114070711629946,0.4181783897329248,-0.37122619891186964,8683.5
2, 102176.0,-0.4551643748113164,-0.40804340241589926,1.0981100706339806,15624.45
1, 102177.0,0.9824086616719013,-0.40804340241589926,0.5133601773893629,20518.75
0, 102178.0,-1.1739508930529252,1.244400181881749,-1.3641160688232472,30331.92
1, 102179.0,0.9105300098477405,-0.40804340241589926,-0.4874563111730932,20254.45
2, 102180.0,-0.16764976751467284,-0.40804340241589926,1.3319857627726917,18310.67
0, 102181.0,1.0542873134960622,2.896843766179397,-1.1271667898606486,12992.41
1, 102182.0,1.1261659653202232,-0.40804340241589926,0.9974905440835546,29996.09
1, 102183.0,0.9824086616719013,0.4181783897329248,-0.4234367329860657,21047.82
0, 102184.0,-0.3114070711629946,1.244400181881749,1.0819737398085707,14430.2
1, 102185.0,1.5574378762651884,0.4181783897329248,0.12576470212437812,9772.67
0, 102186.0,0.47925809890277515,2.896843766179397,0.04443597708703626,27464.06
0, 102187.0,-1.5333441521737297,2.070621974030573,-0.4398157154028352,34801.31
1, 102188.0,1.0542873134960622,0.4181783897329248,0.7846042145974444,12785.23
1, 102189.0,1.4855592244410276,-1.2342651945647232,-1.3884621118229885,29229.0
0, 102190.0,-1.1739508930529252,1.244400181881749,-0.945744283387493,15033.0
1, 102191.0,1.3418019207927057,-0.40804340241589926,-1.9146925296180617,7302.66
1, 102192.0,0.9824086616719013,0.4181783897329248,-0.25240780300947757,18587.62
1, 102193.0,0.6230154025510969,-0.40804340241589926,-0.9472001929356503,19532.6
1, 102194.0,0.551136750726936,-0.40804340241589926,1.0080863302395882,21951.65
1, 102195.0,1.269923268968545,0.4181783897329248,1.318397273656557,12019.49
0, 102196.0,-1.0301935894046035,1.244400181881749,0.5656920372592388,17489.78
1, 102197.0,0.47925809890277515,-1.2342651945647232,0.6826905462264342,23386.98
2, 102198.0,-1.4614655003495687,-1.2342651945647232,-0.03806556397521009,25458.55
2, 102199.0,-1.2458295448770862,-1.2342651945647232,1.0485687040647396,21654.78
2, 102200.0,-1.6052228039978906,-1.2342651945647232,0.08269404465805834,18486.83
1, 102201.0,0.9105300098477405,-0.40804340241589926,0.18958207065193927,9594.31
0, 102202.0,-0.3114070711629946,0.4181783897329248,-0.8196058978124212,28272.27
2, 102203.0,-0.09577111569051194,-1.2342651945647232,0.5999059116409351,9787.32
0, 102204.0,0.40737944707861423,1.244400181881749,0.9165662383651454,31884.41
0, 102205.0,-0.8145576339321208,1.244400181881749,0.9034630524317298,8496.76
0, 102206.0,-0.38328572298715546,0.4181783897329248,-1.0969566667363848,12601.18
1, 102207.0,1.198044617144384,0.4181783897329248,0.5484233323408176,39363.4
2, 102208.0,-1.0301935894046035,0.4181783897329248,-0.8116388372294494,29667.32
1, 102209.0,0.9824086616719013,0.4181783897329248,1.6317009200336268,14461.32
2, 102210.0,-0.3114070711629946,-1.2342651945647232,0.8961026208271569,11234.85
0, 102211.0,-1.6771014558220514,1.244400181881749,-0.45805502668669457,19981.63
1, 102212.0,0.9824086616719013,0.4181783897329248,0.6735506696185579,13303.24
0, 102213.0,-0.23952841933883373,0.4181783897329248,-0.4076643795476951,14565.07
1, 102214.0,0.47925809890277515,-1.2342651945647232,0.3176616689578874,20427.75
2, 102215.0,-0.3114070711629946,-0.40804340241589926,0.13316557566084433,8871.6
1, 102216.0,0.7667727061994186,-0.40804340241589926,0.7473976372556471,10368.33
2, 102217.0,-1.4614655003495687,-1.2342651945647232,0.6342006698864179,20328.02
1, 102218.0,0.33550079525445337,-0.40804340241589926,-0.3334129925916734,21726.46
0, 102219.0,-1.1739508930529252,2.070621974030573,-0.20909449395179824,35938.32
1, 102220.0,1.0542873134960622,-1.2342651945647232,0.6464141333181819,33415.83
2, 102221.0,-1.5333441521737297,-0.40804340241589926,1.3002792881683773,20210.38
1, 102222.0,1.4855592244410276,0.4181783897329248,-0.9983592367806217,29255.87
0, 102223.0,0.11986483978197071,0.4181783897329248,0.653653239127075,35343.37
2, 102224.0,-1.6052228039978906,-0.40804340241589926,-0.8867395047552296,28674.77
2, 102225.0,-0.5989216784596382,-0.40804340241589926,0.31758078509410087,3920.88
2, 102226.0,-1.1020722412287642,-1.2342651945647232,-0.4842613985535258,16737.34
2, 102227.0,-1.317708196701247,0.4181783897329248,0.8817052930731569,22996.55
0, 102228.0,1.198044617144384,1.244400181881749,0.08257271886237857,15464.05
0, 102229.0,1.6293165280893493,2.070621974030573,-1.0908094930886094,13352.71
1, 102230.0,1.198044617144384,-0.40804340241589926,0.5234302184307842,25454.18
1, 102231.0,0.19174349160613158,-0.40804340241589926,-1.6899162721553338,17591.45
1, 102232.0,1.198044617144384,-0.40804340241589926,-0.2099033325896634,13199.19
2, 102233.0,-1.1739508930529252,-0.40804340241589926,0.39247924296041475,12971.19
1, 102234.0,1.0542873134960622,0.4181783897329248,-1.9146925296180617,6177.36
0, 102235.0,-0.16764976751467284,2.896843766179397,-0.5604539982404239,16919.28
0, 102236.0,-0.23952841933883373,0.4181783897329248,0.13692667532691735,13056.8
2, 102237.0,-0.38328572298715546,-0.40804340241589926,-0.7815500399008655,20206.39
2, 102238.0,-0.8145576339321208,-1.2342651945647232,-0.6097931551501986,13251.59
1, 102239.0,1.70119517991351,0.4181783897329248,-0.3574355001362686,28720.34
0, 102240.0,-0.23952841933883373,0.4181783897329248,-0.32621432871467343,33317.26
2, 102241.0,-0.4551643748113164,0.4181783897329248,1.231851539404985,5716.78
2, 102242.0,-1.4614655003495687,-0.40804340241589926,-0.6340178723542602,8599.36
0, 102243.0,0.11986483978197071,1.244400181881749,0.34669897605724664,15693.03
0, 102244.0,0.40737944707861423,1.244400181881749,-0.11640158605245086,30170.26
0, 102245.0,-0.9583149375804426,2.070621974030573,-0.45643734941096425,19016.17
1, 102246.0,0.7667727061994186,0.4181783897329248,0.6583445032266929,18853.07
1, 102247.0,1.4136805726168666,0.4181783897329248,0.8142077087433093,14653.78
2, 102248.0,-1.389586848525408,-1.2342651945647232,0.11019455834547379,11225.09
2, 102249.0,-1.6052228039978906,-1.2342651945647232,1.562423890700476,16878.06
1, 102250.0,0.551136750726936,-0.40804340241589926,-0.7878589812762137,24764.14
1, 102251.0,1.5574378762651884,-0.40804340241589926,-0.7851898137712586,12006.54
1, 102252.0,1.1261659653202232,-1.2342651945647232,-0.11300446377341719,21841.11
1, 102253.0,0.9105300098477405,-1.2342651945647232,-0.07907368291497371,17565.39
0, 102254.0,1.198044617144384,2.070621974030573,-0.09027609804940619,17950.3
1, 102255.0,1.70119517991351,0.4181783897329248,-0.0782244023452153,38717.79
1, 102256.0,0.19174349160613158,-0.40804340241589926,-0.10556314830505772,20030.81
2, 102257.0,-1.5333441521737297,-0.40804340241589926,-1.7960359014432428,7456.73
1, 102258.0,0.47925809890277515,0.4181783897329248,0.9495668547900439,37342.05
1, 102259.0,0.19174349160613158,-1.2342651945647232,0.9020071428835725,7707.48
0, 102260.0,-1.1739508930529252,1.244400181881749,1.8092005591131364,13775.49
1, 102261.0,0.40737944707861423,-0.40804340241589926,2.038465871016016,17840.57
2, 102262.0,-1.4614655003495687,-0.40804340241589926,-0.8397459798952638,6937.88
1, 102263.0,1.0542873134960622,-0.40804340241589926,-1.280077734349057,26028.19
1, 102264.0,0.9824086616719013,-0.40804340241589926,0.24506840120948928,23271.63
2, 102265.0,-1.1020722412287642,-0.40804340241589926,-1.093397776729778,15652.36
1, 102266.0,1.70119517991351,-0.40804340241589926,-0.3785461885845493,28901.22
2, 102267.0,-0.5989216784596382,0.4181783897329248,0.3498130048130275,10403.99
2, 102268.0,-0.7426789821079599,-0.40804340241589926,1.0322706055117565,10933.49
1, 102269.0,1.4136805726168666,-1.2342651945647232,-0.0244770748590754,8179.19
1, 102270.0,1.4136805726168666,-0.40804340241589926,0.1847290388247483,11738.65
2, 102271.0,-0.5989216784596382,-0.40804340241589926,-1.6298600032938455,11553.35
1, 102272.0,0.6230154025510969,-0.40804340241589926,-0.8715333383633646,17873.59
0, 102273.0,-0.09577111569051194,0.4181783897329248,0.15775427025194522,9775.2
1, 102274.0,0.7667727061994186,-0.40804340241589926,-1.9146925296180617,16894.91
0, 102275.0,0.04798618795780982,0.4181783897329248,0.19936901817010771,29386.88
1, 102276.0,1.4136805726168666,-1.2342651945647232,-1.0030909428121328,9399.72
0, 102277.0,0.04798618795780982,0.4181783897329248,-0.6432386328259231,10611.44
2, 102278.0,-1.6771014558220514,-0.40804340241589926,-0.6986036375877933,13674.84
2, 102279.0,-1.317708196701247,-0.40804340241589926,2.999770592118759,21062.69
2, 102280.0,-0.23952841933883373,-0.40804340241589926,-1.2510808691815911,10122.13
1, 102281.0,1.6293165280893493,-0.40804340241589926,-1.9146925296180617,25664.24
1, 102282.0,0.40737944707861423,0.4181783897329248,-0.5113170509901154,26004.52
0, 102283.0,-0.23952841933883373,1.244400181881749,-0.9707373972975264,16666.27
2, 102284.0,-1.1020722412287642,0.4181783897329248,1.8921065194943152,16250.86
2, 102285.0,-1.0301935894046035,-1.2342651945647232,1.30602204249722,11069.06
0, 102286.0,-0.670800330283799,2.896843766179397,1.2515467602370014,16567.1
0, 102287.0,1.198044617144384,2.070621974030573,1.4803672108890553,10558.13
0, 102288.0,-0.23952841933883373,0.4181783897329248,-1.0409445910642223,17269.42
1, 102289.0,1.4855592244410276,-1.2342651945647232,-0.46282717465009904,16054.56
2, 102290.0,-1.4614655003495687,-0.40804340241589926,0.9551882833232068,17045.14
2, 102291.0,-0.16764976751467284,-0.40804340241589926,-1.8636952535006635,23752.88
2, 102292.0,-0.23952841933883373,-0.40804340241589926,-0.9528620634007064,9122.96
2, 102293.0,-1.2458295448770862,-0.40804340241589926,-0.6216830831268165,12214.5
1, 102294.0,1.70119517991351,0.4181783897329248,-0.20945847133883755,29077.0
1, 102295.0,0.19174349160613158,-0.40804340241589926,0.1821407551835798,15920.84
1, 102296.0,-0.023892463866351063,-0.40804340241589926,-0.7360528665209501,14969.63
1, 102297.0,0.7667727061994186,-0.40804340241589926,-1.9146925296180617,32447.95
2, 102298.0,-1.1739508930529252,-0.40804340241589926,-0.8149550756446966,10851.15
2, 102299.0,-1.6052228039978906,-0.40804340241589926,0.5821923454716881,30630.23
1, 102300.0,0.551136750726936,-1.2342651945647232,0.09482662422603574,13486.78
2, 102301.0,-0.4551643748113164,-1.2342651945647232,-0.2522864772137978,10107.69
0, 102302.0,-0.16764976751467284,0.4181783897329248,-0.7463655591537309,16876.91
2, 102303.0,-0.4551643748113164,-0.40804340241589926,0.4526972795494759,31782.83
2, 102304.0,-0.670800330283799,-0.40804340241589926,1.2491606862552993,14929.95
1, 102305.0,0.9105300098477405,-1.2342651945647232,0.8841318089867525,12222.97
2, 102306.0,-1.6052228039978906,0.4181783897329248,-0.24492604560922485,9533.87
2, 102307.0,-1.389586848525408,0.4181783897329248,0.3652618227962521,21274.89
2, 102308.0,-1.317708196701247,0.4181783897329248,-0.711585497725529,10978.04
1, 102309.0,1.6293165280893493,-0.40804340241589926,0.4954848434925429,32569.96
2, 102310.0,-0.5989216784596382,0.4181783897329248,-0.5187179245265816,12231.05
1, 102311.0,1.269923268968545,-0.40804340241589926,-0.35674798729408325,14538.16
1, 102312.0,0.2636221434302925,-0.40804340241589926,0.5256545246849134,16952.8
0, 102313.0,-1.389586848525408,1.244400181881749,0.37205606735431945,12466.28
1, 102314.0,0.04798618795780982,-0.40804340241589926,-0.2724265592966403,11495.05
2, 102315.0,-0.16764976751467284,-0.40804340241589926,-0.6592536378556532,34615.24
0, 102316.0,0.11986483978197071,0.4181783897329248,-0.4034584186307963,13412.44
2, 102317.0,-1.0301935894046035,0.4181783897329248,0.8366934228759608,10660.32
1, 102318.0,0.47925809890277515,0.4181783897329248,-1.6178083075896548,20272.37
1, 102319.0,0.9824086616719013,-0.40804340241589926,1.7239489666821484,24816.65
1, 102320.0,0.6948940543752578,0.4181783897329248,-1.9146925296180617,16599.54
0, 102321.0,0.9105300098477405,1.244400181881749,-0.3310673605418644,23947.54
0, 102322.0,1.4855592244410276,2.070621974030573,0.19860062146413582,16183.45
1, 102323.0,1.4855592244410276,-1.2342651945647232,1.2998748688494448,35773.83
1, 102324.0,0.8386513580235796,-1.2342651945647232,1.2698669553846473,16644.67
2, 102325.0,-0.8864362857562816,0.4181783897329248,-1.866121769414259,23950.71
2, 102326.0,-1.317708196701247,-0.40804340241589926,1.1277540067117386,8719.32
0, 102327.0,1.5574378762651884,1.244400181881749,1.2907754341734619,28877.54
1, 102328.0,0.8386513580235796,-0.40804340241589926,0.20830668511851774,22950.64
2, 102329.0,-0.23952841933883373,-0.40804340241589926,-0.3206737840452971,27957.13
0, 102330.0,0.33550079525445337,0.4181783897329248,-0.6370105753143613,7118.91
0, 102331.0,-0.09577111569051194,0.4181783897329248,-0.24310615867402824,23846.3
2, 102332.0,-1.6052228039978906,0.4181783897329248,0.4654364880958522,26473.09
1, 102333.0,0.47925809890277515,-0.40804340241589926,1.9742845251014154,27567.11
1, 102334.0,0.7667727061994186,-0.40804340241589926,-0.18859043448191642,17874.19
2, 102335.0,-1.1020722412287642,-0.40804340241589926,1.1364490220687893,14121.22
1, 102336.0,0.8386513580235796,-1.2342651945647232,1.4711060084854992,11654.07
1, 102337.0,1.269923268968545,0.4181783897329248,-0.025932984407232688,15645.78
2, 102338.0,-1.389586848525408,-1.2342651945647232,-0.0699338063070974,14903.42
2, 102339.0,-0.670800330283799,0.4181783897329248,0.4233364369949706,25485.22
1, 102340.0,0.11986483978197071,-1.2342651945647232,-0.49445276539062677,18223.85
2, 102341.0,-0.16764976751467284,0.4181783897329248,1.81433668446358,28416.57
2, 102342.0,-1.2458295448770862,-0.40804340241589926,1.2073437286776705,20698.13
2, 102343.0,-1.389586848525408,-0.40804340241589926,0.014872924873064651,28832.07
1, 102344.0,0.9824086616719013,-0.40804340241589926,-1.3243212078402813,14195.88
2, 102345.0,-1.0301935894046035,0.4181783897329248,-0.31080595266334216,14668.29
2, 102346.0,-0.4551643748113164,-0.40804340241589926,1.9932517911593535,11519.52
2, 102347.0,-0.023892463866351063,-1.2342651945647232,0.037439522869502626,27544.02
2, 102348.0,-1.6052228039978906,-0.40804340241589926,-1.9146925296180617,35260.71
1, 102349.0,0.6948940543752578,-0.40804340241589926,-0.24759521311417987,18112.6
1, 102350.0,1.4855592244410276,0.4181783897329248,-1.9146925296180617,19601.81
1, 102351.0,1.269923268968545,-1.2342651945647232,1.1513316530055082,13231.23
0, 102352.0,0.19174349160613158,0.4181783897329248,-0.510467770420357,16776.24
2, 102353.0,-0.09577111569051194,-1.2342651945647232,-0.8901770689661564,12065.28
0, 102354.0,-0.16764976751467284,0.4181783897329248,0.8799258480698536,10480.79
1, 102355.0,0.551136750726936,-1.2342651945647232,-1.2781365216181806,7527.32
1, 102356.0,1.0542873134960622,0.4181783897329248,0.8399287774274214,18305.13
1, 102357.0,0.7667727061994186,-1.2342651945647232,0.08055062226771567,17883.84
0, 102358.0,-0.16764976751467284,0.4181783897329248,1.0117261041099814,20314.99
1, 102359.0,1.70119517991351,-1.2342651945647232,0.13199275963593987,19171.09
1, 102360.0,-0.023892463866351063,-1.2342651945647232,-0.5486853960594857,35340.83
2, 102361.0,-1.2458295448770862,0.4181783897329248,-0.30914783345571856,14812.22
1, 102362.0,0.551136750726936,-0.40804340241589926,0.09163171160646837,10345.11
0, 102363.0,-0.23952841933883373,0.4181783897329248,0.6159613586025585,25438.52
2, 102364.0,-1.1020722412287642,-0.40804340241589926,0.08811326353175492,8336.07
0, 102365.0,-0.23952841933883373,0.4181783897329248,-0.7806603173992138,4860.02
2, 102366.0,-0.3114070711629946,-0.40804340241589926,0.5570779057659748,33028.81
1, 102367.0,1.3418019207927057,0.4181783897329248,-0.9895428956278914,16466.39
0, 102368.0,-0.16764976751467284,1.244400181881749,-0.10778745455918691,14847.02
2, 102369.0,-1.389586848525408,-0.40804340241589926,-1.28557783708654,4560.94
2, 102370.0,-1.6052228039978906,-1.2342651945647232,0.3626330972231903,18038.89
1, 102371.0,1.0542873134960622,-1.2342651945647232,0.5897549867357273,16605.85
1, 102372.0,0.551136750726936,-0.40804340241589926,-0.3462735269337294,8320.72
1, 102373.0,1.1261659653202232,-0.40804340241589926,-1.380373725444337,15422.04
2, 102374.0,-0.670800330283799,-0.40804340241589926,-1.3663808170092695,19256.37
1, 102375.0,1.3418019207927057,-1.2342651945647232,-0.6138373483395244,24212.47
2, 102376.0,-1.1020722412287642,-1.2342651945647232,0.6133326330294968,15390.24
1, 102377.0,0.40737944707861423,-1.2342651945647232,-0.19498025972105118,11192.58
2, 102378.0,-0.5989216784596382,-1.2342651945647232,1.1597031329074126,30749.78
0, 102379.0,-0.670800330283799,1.244400181881749,0.4791867449395599,16156.28
2, 102380.0,-0.4551643748113164,-1.2342651945647232,-1.4333122142926116,8867.95
0, 102381.0,0.47925809890277515,1.244400181881749,0.601159611529626,10908.13
1, 102382.0,1.4855592244410276,-0.40804340241589926,-1.8655960242996465,18227.81
2, 102383.0,-1.6771014558220514,-0.40804340241589926,-0.3601451095731169,12336.2
0, 102384.0,-1.0301935894046035,1.244400181881749,2.5851194644171844,33738.72
1, 102385.0,1.1261659653202232,-0.40804340241589926,1.4034870983599719,17691.28
2, 102386.0,-1.6052228039978906,-0.40804340241589926,-0.8248633489585447,15296.38
1, 102387.0,1.4855592244410276,-0.40804340241589926,-0.4122343178516332,7458.06
1, 102388.0,0.9105300098477405,0.4181783897329248,-0.95985851761824,27270.46
2, 102389.0,-0.8864362857562816,-1.2342651945647232,0.7499859208968156,19234.59
2, 102390.0,-1.4614655003495687,-0.40804340241589926,-0.6961771216741978,13404.1
1, 102391.0,1.4855592244410276,0.4181783897329248,-0.41360934353600404,16524.04
2, 102392.0,-1.6052228039978906,-1.2342651945647232,-0.683680564719181,15157.09
1, 102393.0,0.7667727061994186,-1.2342651945647232,1.5080294923040438,22344.86
2, 102394.0,-1.5333441521737297,-0.40804340241589926,1.2264323205312884,17376.24
2, 102395.0,-0.09577111569051194,-0.40804340241589926,1.3065882295437257,25805.87
2, 102396.0,-1.389586848525408,0.4181783897329248,0.28381177196323043,7233.6
1, 102397.0,0.19174349160613158,-0.40804340241589926,-0.9450567705453076,20046.15
2, 102398.0,-0.5270430266354773,-0.40804340241589926,-0.5458140188950644,29727.9
1, 102399.0,0.9105300098477405,0.4181783897329248,0.657090803338002,16132.76
0, 102400.0,1.1261659653202232,1.244400181881749,0.3472651631037523,15027.47
1, 102401.0,1.70119517991351,0.4181783897329248,0.582030577744115,18479.88
2, 102402.0,-0.7426789821079599,-1.2342651945647232,0.05523397290253615,13551.86
1, 102403.0,1.3418019207927057,-0.40804340241589926,-0.30571026924479167,17351.14
2, 102404.0,-0.670800330283799,-1.2342651945647232,0.39114465920793723,13576.9
0, 102405.0,0.9105300098477405,1.244400181881749,0.7645854583102818,17497.16
2, 102406.0,-1.1739508930529252,0.4181783897329248,1.3872698836707753,13881.12
2, 102407.0,-1.6052228039978906,-0.40804340241589926,1.233145681225569,17738.89
2, 102408.0,-0.38328572298715546,0.4181783897329248,0.8696940393008593,11804.53
0, 102409.0,0.8386513580235796,1.244400181881749,-0.869268590177342,22396.59
2, 102410.0,-1.1020722412287642,-0.40804340241589926,0.5798467134218791,8644.75
1, 102411.0,1.70119517991351,0.4181783897329248,0.8160680376103991,8541.07
1, 102412.0,1.3418019207927057,-0.40804340241589926,-0.3965832902089424,34055.59
1, 102413.0,0.6948940543752578,0.4181783897329248,0.9684532369841954,22866.69
0, 102414.0,0.11986483978197071,0.4181783897329248,-0.22462419579880932,15333.35
0, 102415.0,0.33550079525445337,0.4181783897329248,-0.08837532725042306,34585.49
1, 102416.0,1.4136805726168666,-1.2342651945647232,0.2671901379551014,20533.6
1, 102417.0,0.6948940543752578,-0.40804340241589926,-0.7735425373860003,14215.09
2, 102418.0,-0.8145576339321208,-0.40804340241589926,-0.8475512727506626,27731.56
0, 102419.0,0.19174349160613158,1.244400181881749,0.28631917174061244,14632.42
2, 102420.0,-0.16764976751467284,-0.40804340241589926,0.029674671945997082,14342.95
0, 102421.0,-0.5989216784596382,1.244400181881749,0.27713885320084286,14787.13
2, 102422.0,-0.5270430266354773,-0.40804340241589926,-0.49534248789227847,25593.13
2, 102423.0,-0.38328572298715546,-1.2342651945647232,-0.5515972151558004,8708.88
1, 102424.0,0.47925809890277515,0.4181783897329248,0.09442220490710317,18477.65
1, 102425.0,0.551136750726936,-1.2342651945647232,-1.3883407860273087,19419.88
0, 102426.0,1.198044617144384,1.244400181881749,-0.2655918728066797,30155.01
2, 102427.0,-1.0301935894046035,-0.40804340241589926,-1.3607189465442135,16768.91
1, 102428.0,1.5574378762651884,-1.2342651945647232,-0.23469423684023055,18404.44
0, 102429.0,0.8386513580235796,1.244400181881749,-0.4018002994231727,28321.96
0, 102430.0,0.33550079525445337,2.070621974030573,-0.38178154313601,11753.55
0, 102431.0,-0.23952841933883373,0.4181783897329248,0.27022328284709574,22004.66
1, 102432.0,0.6948940543752578,-1.2342651945647232,-0.9384242937148133,32063.81
1, 102433.0,0.7667727061994186,-0.40804340241589926,0.22885118652029282,14879.66
1, 102434.0,1.5574378762651884,0.4181783897329248,-0.06694110334699631,14330.94
2, 102435.0,-0.8145576339321208,-0.40804340241589926,-1.820058408987838,22312.73
2, 102436.0,-0.9583149375804426,-1.2342651945647232,0.333434022396258,32662.01
1, 102437.0,1.0542873134960622,-0.40804340241589926,0.1916850511103887,18487.7
0, 102438.0,0.7667727061994186,2.070621974030573,-0.34732501716295416,17675.64
2, 102439.0,-0.23952841933883373,-0.40804340241589926,1.4605506642613588,16998.53
2, 102440.0,-0.023892463866351063,-0.40804340241589926,1.050671684523189,7107.88
2, 102441.0,-0.8145576339321208,-1.2342651945647232,-0.17597255173121992,15165.09
1, 102442.0,0.9824086616719013,-1.2342651945647232,-0.38113447222571784,12847.93
1, 102443.0,1.6293165280893493,0.4181783897329248,-0.4589851911202395,20292.92
2, 102444.0,-1.5333441521737297,-0.40804340241589926,-0.3252841642811285,7062.99
0, 102445.0,0.11986483978197071,1.244400181881749,-0.6292457243908558,17659.21
1, 102446.0,1.0542873134960622,-0.40804340241589926,-0.013315101656536186,33998.55
1, 102447.0,1.6293165280893493,-0.40804340241589926,0.929831192026134,20156.97
1, 102448.0,0.8386513580235796,-0.40804340241589926,1.6065460383960204,5019.09
1, 102449.0,1.4136805726168666,-0.40804340241589926,2.0725988615339257,16161.71
0, 102450.0,0.40737944707861423,1.244400181881749,-0.13658211006718662,22642.18
1, 102451.0,1.1261659653202232,-0.40804340241589926,-1.384458360565556,23430.69
2, 102452.0,-1.2458295448770862,-0.40804340241589926,0.5576440928124805,7173.7
0, 102453.0,-0.023892463866351063,0.4181783897329248,0.00367050973863218,25457.54
2, 102454.0,-0.5270430266354773,0.4181783897329248,0.38758576920133053,11566.81
1, 102455.0,1.1261659653202232,-0.40804340241589926,-1.367068329851455,18510.15
2, 102456.0,-0.3114070711629946,-1.2342651945647232,-0.5713328779197103,18498.78
0, 102457.0,-1.389586848525408,2.070621974030573,-0.5318211104599972,17473.49
2, 102458.0,-0.9583149375804426,-1.2342651945647232,1.7753506621184794,7722.27
1, 102459.0,0.8386513580235796,-1.2342651945647232,0.29796644812587075,19144.28
2, 102460.0,-1.1739508930529252,-0.40804340241589926,0.7626442455794054,12554.98
2, 102461.0,-0.5989216784596382,-0.40804340241589926,1.6060607352133012,18125.96
2, 102462.0,-1.5333441521737297,0.4181783897329248,-0.8891255787369318,18571.35
2, 102463.0,-1.6771014558220514,-1.2342651945647232,-1.4807910423352966,18173.41
0, 102464.0,-0.4551643748113164,1.244400181881749,-0.20517162655815221,8042.12
2, 102465.0,-0.8864362857562816,0.4181783897329248,-0.3525420263771844,24376.01
2, 102466.0,-1.4614655003495687,-0.40804340241589926,0.8395648000403821,14555.62
1, 102467.0,1.6293165280893493,0.4181783897329248,1.0721867922904023,15610.46
1, 102468.0,0.2636221434302925,-1.2342651945647232,0.02870406558055889,11892.11
0, 102469.0,-1.1020722412287642,1.244400181881749,1.3107941904606244,27108.01
0, 102470.0,0.2636221434302925,2.896843766179397,0.7110403404836081,12499.6
1, 102471.0,0.9824086616719013,-1.2342651945647232,-1.1199681259836485,15425.7
0, 102472.0,-0.9583149375804426,2.896843766179397,-0.0729265092671985,13690.69
1, 102473.0,0.9824086616719013,0.4181783897329248,-0.38918241667247616,17650.55
2, 102474.0,-0.8864362857562816,-1.2342651945647232,-0.29074675444428616,9702.39
1, 102475.0,1.0542873134960622,-1.2342651945647232,1.1369747671834016,18091.12
2, 102476.0,-1.2458295448770862,-1.2342651945647232,-0.5518803086790531,8563.95
2, 102477.0,-0.5989216784596382,-0.40804340241589926,0.6384875146671033,24237.26
1, 102478.0,0.7667727061994186,-0.40804340241589926,1.4619256899457298,16398.99
0, 102479.0,-1.6052228039978906,1.244400181881749,0.7326363321146079,18236.96
2, 102480.0,-1.6771014558220514,0.4181783897329248,-0.2094989132707308,27341.36
0, 102481.0,-0.23952841933883373,0.4181783897329248,-0.6014621171801875,11055.17
1, 102482.0,1.4855592244410276,0.4181783897329248,-0.028561709980294458,33056.98
0, 102483.0,0.8386513580235796,1.244400181881749,-1.3152217731642981,12956.73
2, 102484.0,-1.1020722412287642,-1.2342651945647232,1.3906670059498092,9084.01
2, 102485.0,-0.16764976751467284,-1.2342651945647232,-0.6141204418627773,9476.94
2, 102486.0,-0.3114070711629946,-0.40804340241589926,1.2870143345073888,23251.88
1, 102487.0,1.198044617144384,0.4181783897329248,1.25959470468376,21166.24
1, 102488.0,0.11986483978197071,-1.2342651945647232,0.08172343829262015,12679.61
0, 102489.0,-0.8145576339321208,2.070621974030573,-0.5673291266622777,11406.17
2, 102490.0,-1.1739508930529252,0.4181783897329248,-1.9146925296180617,25216.7
1, 102491.0,0.40737944707861423,-1.2342651945647232,1.8605213706856807,30509.22
1, 102492.0,1.0542873134960622,-0.40804340241589926,1.0533004100962506,13182.83
2, 102493.0,-1.389586848525408,-1.2342651945647232,0.5583316056546659,17748.3
1, 102494.0,0.6948940543752578,-0.40804340241589926,-0.43573108028161617,15023.28
0, 102495.0,0.40737944707861423,2.896843766179397,2.2585913063110192,28797.08
2, 102496.0,-1.1020722412287642,-0.40804340241589926,-0.40240692840157155,27800.14
1, 102497.0,0.04798618795780982,-0.40804340241589926,-1.635279222167542,17911.33
2, 102498.0,-0.38328572298715546,-0.40804340241589926,1.5533244560244928,15059.07
2, 102499.0,-0.5270430266354773,0.4181783897329248,1.0331603280134083,14367.67
1, 102500.0,0.47925809890277515,-1.2342651945647232,0.4801977932368914,12889.56
1, 102501.0,0.47925809890277515,-1.2342651945647232,0.38479527590069573,11614.08
1, 102502.0,1.269923268968545,-0.40804340241589926,-0.5322255297789298,34355.92
2, 102503.0,-1.5333441521737297,-1.2342651945647232,-0.5741233712203451,8546.16
2, 102504.0,-0.09577111569051194,-0.40804340241589926,-0.1606855014755684,8684.51
1, 102505.0,1.269923268968545,-0.40804340241589926,-0.7258614996838492,11171.48
0, 102506.0,0.47925809890277515,1.244400181881749,2.183773732308492,10240.77
2, 102507.0,-1.389586848525408,0.4181783897329248,2.198656363245211,30187.93
1, 102508.0,0.6230154025510969,-0.40804340241589926,0.8586533918939999,11475.46
0, 102509.0,-1.5333441521737297,2.070621974030573,-0.8134991660965393,9443.66
2, 102510.0,-0.23952841933883373,-0.40804340241589926,0.1927365413396134,11525.6
2, 102511.0,-0.8864362857562816,-0.40804340241589926,-1.4288636017843532,9363.56
2, 102512.0,-0.8145576339321208,0.4181783897329248,-0.589774398863036,23345.64
1, 102513.0,0.40737944707861423,-1.2342651945647232,-0.0159033852977047,17689.42
1, 102514.0,0.11986483978197071,-1.2342651945647232,-0.13840199700238323,19241.63
1, 102515.0,1.3418019207927057,-1.2342651945647232,-0.8253486521412638,20179.13
2, 102516.0,-1.1739508930529252,0.4181783897329248,-1.1900539939546646,31257.77
2, 102517.0,-0.5270430266354773,-0.40804340241589926,-0.25030482255102815,24074.52
1, 102518.0,1.6293165280893493,0.4181783897329248,-0.7026073888452258,10489.28
0, 102519.0,0.04798618795780982,0.4181783897329248,1.1250848392067836,16610.71
1, 102520.0,1.5574378762651884,0.4181783897329248,0.4029941452526618,17087.6
2, 102521.0,-0.5989216784596382,-0.40804340241589926,-1.2330842094890913,25432.75
2, 102522.0,-1.5333441521737297,-0.40804340241589926,-1.5804804044521776,24007.11
1, 102523.0,1.4136805726168666,-0.40804340241589926,0.3310075064826626,5963.4
1, 102524.0,1.6293165280893493,-1.2342651945647232,0.9214597121242296,12377.82
0, 102525.0,1.5574378762651884,1.244400181881749,-0.6632573891130857,17685.95
2, 102526.0,-1.317708196701247,0.4181783897329248,0.25311634565624763,18668.1
1, 102527.0,1.269923268968545,-0.40804340241589926,0.001243993825036699,33029.61
2, 102528.0,-1.0301935894046035,-0.40804340241589926,-1.2589670459007762,23378.17
0, 102529.0,1.4855592244410276,1.244400181881749,0.6790103304241478,19718.43
0, 102530.0,0.8386513580235796,1.244400181881749,-0.15474053748725947,12286.04
2, 102531.0,-1.317708196701247,-1.2342651945647232,-0.8304443355598143,9549.72
2, 102532.0,-0.9583149375804426,-1.2342651945647232,-0.860007387773786,13736.36
2, 102533.0,-1.6771014558220514,-1.2342651945647232,0.25190308769944986,25059.96
2, 102534.0,-1.4614655003495687,-0.40804340241589926,-0.9450163286134143,18406.35
1, 102535.0,0.6230154025510969,-0.40804340241589926,-1.0076204391841777,11619.93
1, 102536.0,1.5574378762651884,0.4181783897329248,-0.782884623653343,20101.27
0, 102537.0,0.04798618795780982,0.4181783897329248,-0.266117617921292,29677.36
2, 102538.0,-1.1020722412287642,-1.2342651945647232,-0.231944185471489,22269.92
1, 102539.0,1.5574378762651884,-1.2342651945647232,-1.9146925296180617,13953.7
0, 102540.0,-0.5270430266354773,1.244400181881749,0.3998396745649877,12391.66
1, 102541.0,0.04798618795780982,-0.40804340241589926,0.2886648037904214,14390.76
1, 102542.0,1.4855592244410276,0.4181783897329248,0.040310900033923944,18306.93
2, 102543.0,-1.1739508930529252,0.4181783897329248,-0.5256334948803287,18032.58
1, 102544.0,0.33550079525445337,-0.40804340241589926,-0.529758571933441,7360.41
1, 102545.0,1.4136805726168666,0.4181783897329248,-0.9262917141468359,30862.63
2, 102546.0,-1.4614655003495687,-0.40804340241589926,-0.8995191552334991,14907.61
2, 102547.0,-0.8864362857562816,0.4181783897329248,-1.378351628849674,20965.61
2, 102548.0,-1.389586848525408,-0.40804340241589926,-0.22620143114264638,6207.7
1, 102549.0,0.04798618795780982,-1.2342651945647232,-0.33632481168798795,28641.78
0, 102550.0,0.04798618795780982,0.4181783897329248,-1.7743994678803496,24557.36
2, 102551.0,-1.6052228039978906,-0.40804340241589926,0.24506840120948928,24058.0
1, 102552.0,0.9105300098477405,-1.2342651945647232,0.14097086851624313,35462.7
1, 102553.0,0.6230154025510969,-0.40804340241589926,-0.10968822535817004,18428.99
0, 102554.0,-1.5333441521737297,1.244400181881749,0.8687234329354211,11023.47
1, 102555.0,1.0542873134960622,-0.40804340241589926,-0.25867630245293255,15558.63
1, 102556.0,0.551136750726936,-0.40804340241589926,-1.0596692055308008,33244.51
0, 102557.0,1.6293165280893493,2.896843766179397,-0.7681233185123038,20848.79
1, 102558.0,0.6948940543752578,-0.40804340241589926,-1.9146925296180617,7289.42
1, 102559.0,0.8386513580235796,-1.2342651945647232,1.3488500483721804,22474.28
2, 102560.0,-1.5333441521737297,0.4181783897329248,2.5263977793081738,19437.91
1, 102561.0,1.3418019207927057,-1.2342651945647232,-0.7195930002403942,12371.63
2, 102562.0,-1.5333441521737297,0.4181783897329248,0.15496377695131042,11317.47
2, 102563.0,-0.23952841933883373,-1.2342651945647232,-0.0067635086898283885,13235.68
2, 102564.0,-1.5333441521737297,-0.40804340241589926,-0.20598046519601737,10581.6
0, 102565.0,-0.23952841933883373,0.4181783897329248,-0.08327964383187256,29871.16
1, 102566.0,-0.023892463866351063,-1.2342651945647232,-1.017528712498026,16507.73
1, 102567.0,0.9824086616719013,0.4181783897329248,-0.105765357964524,10850.5
2, 102568.0,-0.5989216784596382,-0.40804340241589926,-0.17585122593554015,13358.02
1, 102569.0,0.6948940543752578,-0.40804340241589926,-0.10341972591471504,12699.69
2, 102570.0,-1.2458295448770862,-0.40804340241589926,-1.1501782491079122,12696.79
2, 102571.0,-0.09577111569051194,-0.40804340241589926,2.0576757886653136,8452.13
1, 102572.0,1.198044617144384,-1.2342651945647232,-1.1010413018576037,25614.16
2, 102573.0,-1.0301935894046035,-1.2342651945647232,1.4745435726964262,9953.75
0, 102574.0,-0.4551643748113164,0.4181783897329248,-1.1267623705417158,8204.58
1, 102575.0,1.4136805726168666,-1.2342651945647232,-1.0564338509793403,15309.48
1, 102576.0,0.9105300098477405,-0.40804340241589926,1.5658210129795096,33838.3
2, 102577.0,-0.4551643748113164,-1.2342651945647232,-1.702817248429283,16771.89
2, 102578.0,-0.9583149375804426,-0.40804340241589926,-1.4325438175866396,23231.83
0, 102579.0,-0.4551643748113164,1.244400181881749,-0.8255508618007301,14157.76
1, 102580.0,0.8386513580235796,-0.40804340241589926,1.1542030301699295,21673.28
1, 102581.0,1.4855592244410276,-0.40804340241589926,0.37889075384428006,24158.12
0, 102582.0,0.04798618795780982,1.244400181881749,0.06756876212997985,8138.53
1, 102583.0,0.9824086616719013,-0.40804340241589926,0.05543618256200244,31439.12
1, 102584.0,0.7667727061994186,-0.40804340241589926,1.643186428691312,16851.15
0, 102585.0,-0.09577111569051194,0.4181783897329248,-1.8006462816790743,18911.31
2, 102586.0,-0.3114070711629946,0.4181783897329248,0.8508885409704944,15168.2
2, 102587.0,-1.6771014558220514,-0.40804340241589926,0.21728479399882103,19092.04
0, 102588.0,1.0542873134960622,2.070621974030573,-0.5451669479847724,19447.13
2, 102589.0,-0.670800330283799,0.4181783897329248,0.49811356906560467,7084.46
0, 102590.0,1.6293165280893493,1.244400181881749,-0.29163647694593786,40945.97
1, 102591.0,0.19174349160613158,-0.40804340241589926,-1.7703552746910238,16587.48
1, 102592.0,0.7667727061994186,-0.40804340241589926,1.1797623311264684,24734.28
1, 102593.0,0.9824086616719013,-0.40804340241589926,-0.606557800598738,8124.78
1, 102594.0,1.6293165280893493,-0.40804340241589926,1.4069246625708989,17513.72
1, 102595.0,1.5574378762651884,0.4181783897329248,2.379431798808074,16024.62
2, 102596.0,-0.023892463866351063,-0.40804340241589926,0.28676403299143827,12651.81
2, 102597.0,-1.0301935894046035,-0.40804340241589926,1.1662951678060136,8674.45
0, 102598.0,-0.23952841933883373,0.4181783897329248,0.7814901858416636,19431.23
1, 102599.0,0.40737944707861423,-0.40804340241589926,-1.4997583083932347,10406.97
0, 102600.0,-0.4551643748113164,0.4181783897329248,-1.1750500372222659,13952.29
2, 102601.0,-1.317708196701247,0.4181783897329248,0.6624695802798053,10837.49
1, 102602.0,1.198044617144384,-1.2342651945647232,-0.060308626516502,10677.46
2, 102603.0,-0.38328572298715546,-1.2342651945647232,0.971850359263229,29742.12
0, 102604.0,0.19174349160613158,0.4181783897329248,-1.2612317940867988,15072.49
1, 102605.0,1.5574378762651884,-0.40804340241589926,-0.6232603184706536,37964.98
1, 102606.0,0.04798618795780982,-1.2342651945647232,-1.9146925296180617,12884.01
0, 102607.0,0.19174349160613158,1.244400181881749,0.04621542209033961,14912.99
1, 102608.0,0.33550079525445337,-0.40804340241589926,0.47955072232659923,14997.09
2, 102609.0,-1.4614655003495687,-0.40804340241589926,1.2838598638197147,5079.44
1, 102610.0,0.04798618795780982,-0.40804340241589926,0.17797523619857422,27790.7
2, 102611.0,-0.16764976751467284,-1.2342651945647232,0.27988890456958443,16362.5
2, 102612.0,-0.9583149375804426,-0.40804340241589926,1.5646077550227118,27753.35
2, 102613.0,-1.1739508930529252,0.4181783897329248,-0.7483876557483938,13085.17
1, 102614.0,0.47925809890277515,0.4181783897329248,-0.991039247107942,21805.86
1, 102615.0,0.40737944707861423,-0.40804340241589926,-0.2375251720727586,13407.65
0, 102616.0,1.198044617144384,1.244400181881749,0.44691408328874005,10317.22
1, 102617.0,0.11986483978197071,-1.2342651945647232,0.6591533418645581,15107.35
2, 102618.0,-0.4551643748113164,-0.40804340241589926,0.730937770975091,15543.19
2, 102619.0,-0.7426789821079599,0.4181783897329248,-0.06774994198486148,10447.69
2, 102620.0,-1.1020722412287642,-1.2342651945647232,-0.3700938248188584,13543.41
1, 102621.0,1.5574378762651884,-0.40804340241589926,-0.6956513765595854,8471.4
2, 102622.0,-1.0301935894046035,-0.40804340241589926,1.9213055943212476,9882.56
1, 102623.0,0.19174349160613158,-0.40804340241589926,0.024174569208513994,25733.28
0, 102624.0,-0.09577111569051194,0.4181783897329248,0.8848193218289379,12980.32
1, 102625.0,0.7667727061994186,-0.40804340241589926,-1.0865630902398173,23134.95
1, 102626.0,1.4136805726168666,-0.40804340241589926,-0.5185965987309018,22657.25
2, 102627.0,-1.4614655003495687,-1.2342651945647232,-0.7460824656304782,16189.98
2, 102628.0,-0.7426789821079599,0.4181783897329248,0.9030990750446904,20013.74
0, 102629.0,-0.7426789821079599,2.070621974030573,-0.7505715200706298,16478.51
1, 102630.0,0.551136750726936,0.4181783897329248,0.7100292921862766,17298.35
1, 102631.0,0.33550079525445337,-1.2342651945647232,-0.722707028996175,17295.98
0, 102632.0,-0.4551643748113164,0.4181783897329248,-0.8996000390972856,13479.85
0, 102633.0,-0.023892463866351063,0.4181783897329248,0.25077071360643866,29842.8
2, 102634.0,-0.38328572298715546,0.4181783897329248,0.39514841046536975,12376.87
1, 102635.0,1.5574378762651884,0.4181783897329248,0.3253051940857132,17585.3
0, 102636.0,0.04798618795780982,1.244400181881749,0.5298604856018122,12211.83
1, 102637.0,0.47925809890277515,-1.2342651945647232,-0.29762188286614005,12398.07
2, 102638.0,-0.9583149375804426,-0.40804340241589926,-1.8022639589548044,20267.05
0, 102639.0,1.4855592244410276,1.244400181881749,1.2613337077551698,29285.72
2, 102640.0,-1.0301935894046035,-0.40804340241589926,-1.9146925296180617,12731.74
0, 102641.0,-0.7426789821079599,1.244400181881749,-1.1425347239800865,27068.9
0, 102642.0,0.8386513580235796,1.244400181881749,-0.93304551677301,35885.64
1, 102643.0,1.3418019207927057,-0.40804340241589926,-0.49129829470295266,19009.78
2, 102644.0,-0.3114070711629946,-0.40804340241589926,-1.1289057929320585,12887.65
1, 102645.0,0.6948940543752578,-1.2342651945647232,-1.3536011665310002,16780.85
1, 102646.0,0.33550079525445337,-0.40804340241589926,-1.1976570771505972,12838.93
1, 102647.0,0.8386513580235796,-0.40804340241589926,-1.8089773196490853,14408.25
2, 102648.0,-0.8145576339321208,-1.2342651945647232,0.5556219962178176,27118.48
2, 102649.0,-1.1739508930529252,-1.2342651945647232,0.17639800085473717,1500.0
2, 102650.0,-0.7426789821079599,0.4181783897329248,-1.5306155024277903,11020.26
1, 102651.0,0.11986483978197071,-0.40804340241589926,0.7545154172688605,8040.08
2, 102652.0,-0.8864362857562816,-0.40804340241589926,-0.8477534824101288,11668.34
1, 102653.0,0.8386513580235796,0.4181783897329248,-0.471441306143363,31882.93
1, 102654.0,0.7667727061994186,0.4181783897329248,0.07149162952362587,29677.94
2, 102655.0,-1.2458295448770862,0.4181783897329248,-0.15061546043414714,29994.75
0, 102656.0,0.8386513580235796,1.244400181881749,-1.0316833886606662,20565.67
1, 102657.0,1.1261659653202232,-0.40804340241589926,1.084521581517846,22964.99
2, 102658.0,-0.23952841933883373,-0.40804340241589926,-0.10014392943136115,17807.12
1, 102659.0,1.4136805726168666,-1.2342651945647232,-0.5397881710429691,11876.01
1, 102660.0,0.40737944707861423,-0.40804340241589926,1.2099724542507322,36022.37
2, 102661.0,-1.317708196701247,-0.40804340241589926,0.6838229203194455,14849.72
2, 102662.0,-0.16764976751467284,-1.2342651945647232,-1.9146925296180617,10056.61
1, 102663.0,1.0542873134960622,0.4181783897329248,1.9573797975700336,26219.32
1, 102664.0,0.11986483978197071,-1.2342651945647232,-0.24848493561583154,21920.71
2, 102665.0,-0.16764976751467284,-0.40804340241589926,-0.8740002962088532,28935.12
0, 102666.0,0.47925809890277515,1.244400181881749,-1.5403620080140656,24787.0
1, 102667.0,0.9824086616719013,-1.2342651945647232,0.3412797571835501,24687.74
1, 102668.0,0.7667727061994186,0.4181783897329248,-0.11623981832487784,27154.79
1, 102669.0,0.04798618795780982,-0.40804340241589926,-0.26199254086817975,16275.43
1, 102670.0,1.4136805726168666,-0.40804340241589926,0.3974131586513922,13344.37
2, 102671.0,-0.09577111569051194,-1.2342651945647232,1.115257449756722,22958.57
0, 102672.0,0.40737944707861423,1.244400181881749,0.9202868960993251,28966.29
1, 102673.0,1.4855592244410276,-0.40804340241589926,-0.5033904323390368,9764.61
2, 102674.0,-0.16764976751467284,-0.40804340241589926,0.845186228573545,23739.15
1, 102675.0,1.0542873134960622,0.4181783897329248,2.0495065184228753,13857.76
2, 102676.0,-1.6052228039978906,0.4181783897329248,0.3955932717161956,10130.32
1, 102677.0,1.1261659653202232,-1.2342651945647232,-1.059062576552402,15864.07
2, 102678.0,-1.6052228039978906,-1.2342651945647232,1.3069117649988717,20877.86
1, 102679.0,0.2636221434302925,-1.2342651945647232,1.3002388462364842,15672.02
0, 102680.0,0.9824086616719013,2.896843766179397,0.28680447492333155,23100.4
1, 102681.0,0.47925809890277515,0.4181783897329248,-0.7136884781839785,18158.47
1, 102682.0,1.3418019207927057,0.4181783897329248,-0.8525256303735332,9801.07
0, 102683.0,-0.5270430266354773,2.896843766179397,-0.4875371950368797,23346.48
0, 102684.0,-1.317708196701247,1.244400181881749,-0.414701275697122,23695.12
0, 102685.0,-1.4614655003495687,2.070621974030573,0.24450221416298365,19424.18
1, 102686.0,1.0542873134960622,-0.40804340241589926,-1.5029532210128018,8014.1
0, 102687.0,1.269923268968545,1.244400181881749,-1.001715917127762,16950.24
2, 102688.0,-1.2458295448770862,0.4181783897329248,-1.2903499850499445,11650.98
1, 102689.0,1.6293165280893493,-0.40804340241589926,0.4069978965100944,14627.34
1, 102690.0,0.8386513580235796,-1.2342651945647232,-0.08647455645143994,27509.17
0, 102691.0,1.6293165280893493,1.244400181881749,-1.9146925296180617,16807.51
2, 102692.0,-1.0301935894046035,-1.2342651945647232,-1.4881110320079762,10734.6
1, 102693.0,1.3418019207927057,-0.40804340241589926,0.12014327359121527,22040.68
0, 102694.0,0.19174349160613158,1.244400181881749,-0.42129331059572306,19494.54
1, 102695.0,0.9105300098477405,0.4181783897329248,-0.03770158658817077,30471.61
0, 102696.0,-1.2458295448770862,1.244400181881749,0.3926005687560945,12380.87
0, 102697.0,-0.16764976751467284,0.4181783897329248,-0.30194916957871865,10288.78
1, 102698.0,0.9105300098477405,-0.40804340241589926,-1.9146925296180617,16834.73
0, 102699.0,-1.6771014558220514,2.070621974030573,0.8770544709054323,15640.52
2, 102700.0,-0.16764976751467284,-1.2342651945647232,1.1579641298360024,10300.5
0, 102701.0,-1.6771014558220514,2.896843766179397,1.2663889492418272,35103.23
1, 102702.0,0.6230154025510969,0.4181783897329248,0.6038692209664744,15174.12
1, 102703.0,1.3418019207927057,-0.40804340241589926,-0.940405948377583,16714.74
2, 102704.0,-1.317708196701247,-0.40804340241589926,0.8927459404800164,13244.14
2, 102705.0,-0.9583149375804426,-1.2342651945647232,0.6481935783214852,10736.71
2, 102706.0,-0.16764976751467284,-0.40804340241589926,0.853355498815983,26943.01
1, 102707.0,0.40737944707861423,-0.40804340241589926,0.620895274293536,9970.02
0, 102708.0,0.19174349160613158,0.4181783897329248,-0.9086590318413754,16149.99
1, 102709.0,1.4855592244410276,-0.40804340241589926,1.7880494287329622,35787.27
0, 102710.0,1.1261659653202232,1.244400181881749,0.17142364323186643,31213.74
2, 102711.0,-0.4551643748113164,-0.40804340241589926,-0.4234367329860657,17267.36
2, 102712.0,-1.6052228039978906,-1.2342651945647232,-1.9146925296180617,14479.63
2, 102713.0,-0.8864362857562816,-0.40804340241589926,0.7571441428419222,15407.46
0, 102714.0,0.11986483978197071,0.4181783897329248,0.007714702927957982,26880.72
0, 102715.0,-0.3114070711629946,2.070621974030573,0.6429765691072549,28510.9
0, 102716.0,-1.6771014558220514,1.244400181881749,1.1059153634893795,14594.88
1, 102717.0,0.7667727061994186,-0.40804340241589926,0.60269640494157,15811.46
0, 102718.0,-0.023892463866351063,1.244400181881749,0.8193842760256463,16875.52
1, 102719.0,0.9105300098477405,0.4181783897329248,-0.16719665251038293,17295.74
2, 102720.0,-0.4551643748113164,0.4181783897329248,0.5620522633888456,28704.72
1, 102721.0,1.70119517991351,-1.2342651945647232,-0.4454371439359981,18614.63
1, 102722.0,1.6293165280893493,-1.2342651945647232,-1.0581324121188571,13246.48
1, 102723.0,1.6293165280893493,0.4181783897329248,-0.702000759866827,23408.25
0, 102724.0,-1.1020722412287642,1.244400181881749,1.305577181246394,11396.19
0, 102725.0,0.6948940543752578,1.244400181881749,0.33954075411214,12682.97
1, 102726.0,0.9824086616719013,-0.40804340241589926,-1.6561877009563566,15329.22
1, 102727.0,1.4136805726168666,-1.2342651945647232,1.1688430095152889,15830.87
1, 102728.0,0.551136750726936,-0.40804340241589926,-0.9656012719470827,29384.4
0, 102729.0,0.33550079525445337,0.4181783897329248,1.0820950656042505,21300.34
2, 102730.0,-1.389586848525408,-0.40804340241589926,-0.5712519940559238,12137.07
1, 102731.0,0.551136750726936,-1.2342651945647232,0.2760873629716182,11738.36
1, 102732.0,1.5574378762651884,-0.40804340241589926,0.11840427051980516,30789.0
0, 102733.0,1.3418019207927057,1.244400181881749,1.475918598380797,20188.2
1, 102734.0,0.2636221434302925,-1.2342651945647232,0.6156782650793057,12646.84
1, 102735.0,0.40737944707861423,-1.2342651945647232,-1.5317478765208017,15897.4
0, 102736.0,-0.8145576339321208,1.244400181881749,0.9296694242985609,10097.91
1, 102737.0,0.551136750726936,-0.40804340241589926,-1.4293489049670722,12389.58
1, 102738.0,1.0542873134960622,-0.40804340241589926,-1.0824784551185984,13099.03
2, 102739.0,-0.4551643748113164,-0.40804340241589926,-1.3350383197919946,4826.89
1, 102740.0,1.70119517991351,-1.2342651945647232,-1.9146925296180617,14753.52
2, 102741.0,-1.5333441521737297,-1.2342651945647232,-1.9146925296180617,16224.45
1, 102742.0,1.5574378762651884,-1.2342651945647232,-0.5204164856660984,11764.67
1, 102743.0,0.33550079525445337,-0.40804340241589926,0.15277991262907448,28329.36
2, 102744.0,-0.16764976751467284,0.4181783897329248,1.514783294930218,6744.46
2, 102745.0,-0.5989216784596382,-1.2342651945647232,0.9279304212271509,23483.69
0, 102746.0,-1.1020722412287642,1.244400181881749,-1.247319769515518,19169.64
2, 102747.0,-0.23952841933883373,-0.40804340241589926,1.7344638689743954,15366.71
0, 102748.0,0.11986483978197071,1.244400181881749,-0.8278964938505391,14716.85
2, 102749.0,-0.7426789821079599,0.4181783897329248,1.5766594507269027,8990.4
2, 102750.0,-1.4614655003495687,-1.2342651945647232,0.273863056717489,8361.86
2, 102751.0,-1.6052228039978906,-1.2342651945647232,0.14218412647304088,32294.37
1, 102752.0,1.198044617144384,-0.40804340241589926,0.6553518002665918,19188.69
1, 102753.0,0.47925809890277515,-1.2342651945647232,-1.9146925296180617,19419.84
2, 102754.0,-0.23952841933883373,-0.40804340241589926,0.610542139728862,35039.96
2, 102755.0,-1.0301935894046035,-1.2342651945647232,1.4681941893891848,10592.5
2, 102756.0,-1.6052228039978906,0.4181783897329248,1.4101600171223594,42655.15
0, 102757.0,-0.23952841933883373,2.896843766179397,-0.589936166590609,16442.85
2, 102758.0,-1.0301935894046035,-1.2342651945647232,0.4294836106427458,28362.73
0, 102759.0,-0.3114070711629946,1.244400181881749,-1.1914694615709287,31967.71
2, 102760.0,-0.8864362857562816,0.4181783897329248,1.2253403883701703,16976.57
1, 102761.0,1.269923268968545,-1.2342651945647232,-0.911732618665263,17572.06
2, 102762.0,-1.389586848525408,-1.2342651945647232,0.7564161880678436,10560.07
2, 102763.0,-1.5333441521737297,-0.40804340241589926,0.16992729175181587,28684.52
1, 102764.0,0.11986483978197071,-0.40804340241589926,-0.637900297816013,21101.35
2, 102765.0,-0.3114070711629946,-0.40804340241589926,-1.5797524496780988,24401.02
2, 102766.0,-1.1739508930529252,-1.2342651945647232,-0.7625423319110342,14245.21
2, 102767.0,-1.1020722412287642,0.4181783897329248,-0.5710093424645643,15542.77
2, 102768.0,-1.0301935894046035,-0.40804340241589926,-0.7170856004630122,15488.47
1, 102769.0,0.47925809890277515,0.4181783897329248,0.46442543979852074,15803.33
0, 102770.0,-0.23952841933883373,0.4181783897329248,-0.8293119614668032,25831.07
0, 102771.0,1.0542873134960622,2.896843766179397,1.275164848462664,32158.02
2, 102772.0,-1.6052228039978906,-0.40804340241589926,0.42754239791186943,16324.5
1, 102773.0,0.19174349160613158,-0.40804340241589926,0.8659329396347863,9033.47
0, 102774.0,-0.23952841933883373,1.244400181881749,0.4770433225492173,18497.88
2, 102775.0,-1.2458295448770862,0.4181783897329248,-0.34768899454999347,29084.11
2, 102776.0,-0.670800330283799,-1.2342651945647232,-0.3618032287807405,7805.43
0, 102777.0,1.70119517991351,1.244400181881749,1.242083348173979,20645.81
2, 102778.0,-0.3114070711629946,0.4181783897329248,1.3328754852743434,13693.14
2, 102779.0,-1.389586848525408,-1.2342651945647232,-1.5742119050087227,22943.27
2, 102780.0,-0.38328572298715546,-0.40804340241589926,0.260072357941888,29818.17
0, 102781.0,1.1261659653202232,1.244400181881749,0.42839167848162785,27381.23
1, 102782.0,0.6230154025510969,-0.40804340241589926,-1.7260713592679064,13612.67
2, 102783.0,-1.6052228039978906,-0.40804340241589926,-0.2644594987136685,9460.16
0, 102784.0,-0.5989216784596382,1.244400181881749,0.5039372072582339,15122.96
2, 102785.0,-0.09577111569051194,-0.40804340241589926,1.9290704452447531,9754.94
2, 102786.0,-1.389586848525408,-0.40804340241589926,0.4811279576704363,29800.45
1, 102787.0,1.4855592244410276,-0.40804340241589926,-0.7548583648513152,25273.92
1, 102788.0,1.4136805726168666,-0.40804340241589926,-0.4654154582912675,17580.81
1, 102789.0,0.19174349160613158,-0.40804340241589926,-0.46521324863180125,30510.74
0, 102790.0,0.7667727061994186,2.070621974030573,0.3325038579627131,8724.82
1, 102791.0,0.40737944707861423,-1.2342651945647232,1.6467453186979188,34767.74
2, 102792.0,-1.1739508930529252,-0.40804340241589926,0.15722852513733288,7896.11
0, 102793.0,1.5574378762651884,2.896843766179397,-0.8921587236289261,36742.89
1, 102794.0,0.8386513580235796,-0.40804340241589926,-0.41927121400106016,9465.5
1, 102795.0,0.47925809890277515,0.4181783897329248,-1.4987877020277964,17995.17
1, 102796.0,0.8386513580235796,0.4181783897329248,1.6706869423787276,9747.17
1, 102797.0,0.6230154025510969,-1.2342651945647232,0.6145458909862945,16699.51
1, 102798.0,1.5574378762651884,0.4181783897329248,-0.741350759598967,22246.97
0, 102799.0,0.33550079525445337,0.4181783897329248,0.22100545173300076,16119.54
2, 102800.0,-1.0301935894046035,-0.40804340241589926,-0.6164660739125862,17112.44
2, 102801.0,-1.1739508930529252,0.4181783897329248,-1.1600865224217605,14733.03
2, 102802.0,-0.670800330283799,0.4181783897329248,0.005247745082469242,10797.68
1, 102803.0,1.0542873134960622,0.4181783897329248,0.9786446038212964,29496.86
0, 102804.0,0.9105300098477405,2.070621974030573,-0.9665314363806277,10171.94
0, 102805.0,0.33550079525445337,0.4181783897329248,0.6122002589364856,24160.57
2, 102806.0,-1.5333441521737297,0.4181783897329248,-0.5063831352991379,4401.67
1, 102807.0,0.19174349160613158,-0.40804340241589926,-0.43613549960054876,26285.96
0, 102808.0,1.198044617144384,1.244400181881749,1.3349784657327928,29799.23
1, 102809.0,0.47925809890277515,-0.40804340241589926,-1.0410659168599021,10112.95
2, 102810.0,-1.1739508930529252,-1.2342651945647232,-0.8528896077605725,12488.06
1, 102811.0,0.6230154025510969,0.4181783897329248,-0.35913406127578545,24058.08
1, 102812.0,1.4136805726168666,-0.40804340241589926,0.8844553444418985,12520.7
2, 102813.0,-1.0301935894046035,0.4181783897329248,-1.0846623194408342,13582.75
1, 102814.0,1.4855592244410276,0.4181783897329248,-0.3733696213022123,18410.72
1, 102815.0,1.4136805726168666,-0.40804340241589926,1.4135975813332864,21680.88
2, 102816.0,-0.8145576339321208,-1.2342651945647232,-0.6411356523674736,16099.21
2, 102817.0,-1.1739508930529252,-0.40804340241589926,-1.8462647808546693,6042.23
2, 102818.0,-0.7426789821079599,-0.40804340241589926,0.730937770975091,13446.45
2, 102819.0,-1.4614655003495687,-0.40804340241589926,-0.4465695180290093,9261.76
1, 102820.0,1.3418019207927057,-0.40804340241589926,-0.3702151506145382,15487.32
1, 102821.0,0.04798618795780982,-1.2342651945647232,0.11371300642018724,13043.65
2, 102822.0,-1.0301935894046035,0.4181783897329248,-0.6169109351634121,10860.81
2, 102823.0,-1.4614655003495687,-1.2342651945647232,0.6105016977969687,17868.01
2, 102824.0,-1.1739508930529252,-0.40804340241589926,-1.3580093371073652,16706.83
0, 102825.0,-0.16764976751467284,0.4181783897329248,0.8167555504525846,32448.17
0, 102826.0,-0.5270430266354773,2.070621974030573,1.1231840684078005,29229.42
1, 102827.0,0.6948940543752578,0.4181783897329248,0.48177502858072846,11122.9
0, 102828.0,0.33550079525445337,1.244400181881749,0.603181708124289,14873.6
1, 102829.0,1.4136805726168666,-0.40804340241589926,0.6278512865791764,15364.86
2, 102830.0,-0.7426789821079599,0.4181783897329248,-0.32601211905520716,10679.31
1, 102831.0,0.47925809890277515,-1.2342651945647232,0.818696763183461,14945.09
1, 102832.0,0.7667727061994186,-1.2342651945647232,0.24798022030580386,20906.67
2, 102833.0,-1.6771014558220514,0.4181783897329248,-0.23517954002294966,18344.39
1, 102834.0,0.551136750726936,0.4181783897329248,0.3315332515972749,12364.72
1, 102835.0,1.4136805726168666,-1.2342651945647232,-1.5754656048974136,12364.29
2, 102836.0,-1.1020722412287642,-1.2342651945647232,-0.14212265473656296,7616.03
1, 102837.0,1.4855592244410276,0.4181783897329248,-1.5295640121985656,29448.56
1, 102838.0,0.9824086616719013,-1.2342651945647232,2.0345834455542633,12284.32
2, 102839.0,-0.38328572298715546,0.4181783897329248,0.6838229203194455,20220.2
0, 102840.0,-0.9583149375804426,1.244400181881749,-0.03794423817953032,20156.14
2, 102841.0,-0.8145576339321208,-0.40804340241589926,-0.27804798782980317,13342.04
1, 102842.0,0.47925809890277515,-0.40804340241589926,1.0708522085379246,29635.24
0, 102843.0,-0.5270430266354773,1.244400181881749,0.3874240014737575,8732.72
0, 102844.0,-1.6771014558220514,1.244400181881749,-1.5884879069670426,18116.59
2, 102845.0,-0.23952841933883373,-0.40804340241589926,0.9218641314431621,16645.01
1, 102846.0,1.1261659653202232,-0.40804340241589926,-0.9723550745732568,12445.77
1, 102847.0,1.0542873134960622,-1.2342651945647232,-0.06766905812107496,13699.6
2, 102848.0,-0.9583149375804426,-1.2342651945647232,-0.8229221362276684,26600.71
2, 102849.0,-0.23952841933883373,-1.2342651945647232,2.224175222269857,32562.92
2, 102850.0,-1.0301935894046035,-0.40804340241589926,0.1664492856089957,19605.1
1, 102851.0,0.6948940543752578,-1.2342651945647232,-0.22159105090681497,26063.57
2, 102852.0,-1.4614655003495687,0.4181783897329248,-0.6719119625382429,9705.02
1, 102853.0,1.6293165280893493,-0.40804340241589926,0.40837292219446514,41085.6
2, 102854.0,-0.5270430266354773,-0.40804340241589926,0.5461990260866885,3528.88
0, 102855.0,0.19174349160613158,0.4181783897329248,-0.7845427428609666,8490.28
2, 102856.0,-0.8864362857562816,-1.2342651945647232,1.4774553917927409,23614.87
2, 102857.0,-0.38328572298715546,-0.40804340241589926,0.013578783052480394,18688.32
1, 102858.0,0.40737944707861423,-0.40804340241589926,-0.9149275312848304,14809.18
0, 102859.0,-1.5333441521737297,2.070621974030573,-0.1829285640168603,12876.57
1, 102860.0,1.269923268968545,-0.40804340241589926,0.8122260540805397,16074.72
2, 102861.0,-1.1739508930529252,0.4181783897329248,1.479073069068471,8405.88
2, 102862.0,-0.9583149375804426,-0.40804340241589926,1.0277411091397117,33950.47
0, 102863.0,-0.16764976751467284,1.244400181881749,-0.27719870726004475,16265.34
0, 102864.0,1.269923268968545,1.244400181881749,0.16572133083491705,33092.45
0, 102865.0,1.5574378762651884,1.244400181881749,1.3930935218634046,16662.1
2, 102866.0,-1.6052228039978906,-0.40804340241589926,0.20802359159526493,9797.28
1, 102867.0,1.5574378762651884,0.4181783897329248,-0.0840075986059512,27594.38
0, 102868.0,0.8386513580235796,1.244400181881749,0.37201562542242617,22884.93
2, 102869.0,-0.16764976751467284,-0.40804340241589926,-0.5729505551954406,13758.74
2, 102870.0,-1.6771014558220514,-0.40804340241589926,-0.45239315622163845,9060.56
2, 102871.0,-1.6052228039978906,0.4181783897329248,-0.8528491658286793,17113.78
0, 102872.0,-1.2458295448770862,1.244400181881749,0.46131141104273987,17907.07
0, 102873.0,1.4855592244410276,1.244400181881749,-0.21969028010783184,15633.05
1, 102874.0,1.0542873134960622,0.4181783897329248,0.46482985911745334,21296.24
0, 102875.0,-0.38328572298715546,1.244400181881749,-1.9146925296180617,9281.28
0, 102876.0,0.6230154025510969,2.070621974030573,0.42770416563944247,18970.05
0, 102877.0,0.7667727061994186,1.244400181881749,-1.9146925296180617,15623.48
0, 102878.0,-0.3114070711629946,1.244400181881749,0.5117020581817394,14867.91
0, 102879.0,0.04798618795780982,1.244400181881749,1.3531368931528656,12663.42
0, 102880.0,-0.3114070711629946,2.070621974030573,2.6859007586951837,19649.65
2, 102881.0,-0.670800330283799,-0.40804340241589926,-0.5828992704411821,15065.29
2, 102882.0,-0.7426789821079599,-0.40804340241589926,-1.2004071285193387,22565.07
1, 102883.0,0.11986483978197071,-0.40804340241589926,-1.6432867246824072,37483.32
1, 102884.0,0.04798618795780982,-0.40804340241589926,-1.2175949495739733,36730.98
2, 102885.0,-1.4614655003495687,0.4181783897329248,-1.5958483385716156,26033.02
2, 102886.0,-0.23952841933883373,-1.2342651945647232,-0.03511330294700226,17852.6
2, 102887.0,-1.4614655003495687,0.4181783897329248,-0.9182842116319708,8462.79
2, 102888.0,-1.1739508930529252,-0.40804340241589926,1.3909096575411686,20363.52
1, 102889.0,0.33550079525445337,-1.2342651945647232,-1.3487885766357024,15033.06
2, 102890.0,-0.9583149375804426,0.4181783897329248,-0.3313908959970105,22699.07
2, 102891.0,-0.8145576339321208,0.4181783897329248,1.4231823191919886,9517.23
2, 102892.0,-0.23952841933883373,-1.2342651945647232,0.15678366388650702,12709.66
0, 102893.0,-0.5270430266354773,0.4181783897329248,-1.4118375484572916,11159.02
1, 102894.0,1.1261659653202232,-1.2342651945647232,0.06392898825958662,10910.53
2, 102895.0,-0.023892463866351063,-0.40804340241589926,0.700363670463788,16255.53
2, 102896.0,-1.4614655003495687,0.4181783897329248,1.1578023621084295,30548.81
1, 102897.0,1.4855592244410276,-1.2342651945647232,-0.025811658611552914,11628.22
1, 102898.0,0.40737944707861423,-0.40804340241589926,-1.501537753396538,24091.01
0, 102899.0,1.0542873134960622,1.244400181881749,-0.4662242969291327,24347.91
1, 102900.0,0.6948940543752578,-1.2342651945647232,1.5427286698684592,15964.64
1, 102901.0,1.4136805726168666,-1.2342651945647232,-0.4254183876488354,14689.92
1, 102902.0,0.19174349160613158,-0.40804340241589926,0.532165675719728,10028.74
1, 102903.0,1.4136805726168666,0.4181783897329248,-0.3814580076808639,19353.2
2, 102904.0,-0.16764976751467284,-0.40804340241589926,1.5065735827558866,27909.31
0, 102905.0,-0.3114070711629946,0.4181783897329248,0.010869173615632107,23368.59
0, 102906.0,-1.5333441521737297,1.244400181881749,-0.9286777881285381,33456.01
2, 102907.0,-0.8864362857562816,-0.40804340241589926,0.18359666473173708,15621.13
2, 102908.0,-1.5333441521737297,0.4181783897329248,0.49815401099749795,28209.68
2, 102909.0,-1.2458295448770862,-0.40804340241589926,-0.6812944907374788,27165.01
0, 102910.0,1.70119517991351,1.244400181881749,-0.11923252128497892,19603.02
1, 102911.0,0.7667727061994186,-0.40804340241589926,0.9988251278360322,17984.42
2, 102912.0,-0.9583149375804426,-1.2342651945647232,1.2815951156336922,23251.8
2, 102913.0,-0.8864362857562816,-0.40804340241589926,-1.4054072812862637,12687.19
1, 102914.0,0.9105300098477405,-0.40804340241589926,0.3289854098879997,3598.21
0, 102915.0,-1.6052228039978906,1.244400181881749,0.49042960200588565,12876.32
0, 102916.0,0.7667727061994186,2.070621974030573,0.30197019938330333,14395.13
0, 102917.0,0.6230154025510969,1.244400181881749,0.8698962489603256,26762.75
0, 102918.0,0.9105300098477405,1.244400181881749,0.3423312474127748,29060.12
1, 102919.0,1.0542873134960622,-0.40804340241589926,0.23544322141889387,35788.32
1, 102920.0,1.4855592244410276,-0.40804340241589926,-0.3461117592061564,19235.87
0, 102921.0,-0.23952841933883373,0.4181783897329248,-0.3986862706673918,18166.21
2, 102922.0,-0.8145576339321208,-1.2342651945647232,-1.9146925296180617,11501.75
0, 102923.0,-0.8145576339321208,2.070621974030573,-1.1396633468156652,10818.48
0, 102924.0,-1.5333441521737297,1.244400181881749,0.06627462030939558,15428.91
1, 102925.0,1.269923268968545,-0.40804340241589926,-0.5137031249718176,15440.45
2, 102926.0,-0.8145576339321208,-0.40804340241589926,0.31927934623361776,13462.03
1, 102927.0,0.11986483978197071,-1.2342651945647232,1.472319266442297,20086.15
0, 102928.0,-1.0301935894046035,1.244400181881749,1.2467341703417039,22130.42
0, 102929.0,-0.16764976751467284,0.4181783897329248,-0.633209033716395,11789.88
0, 102930.0,-0.5989216784596382,1.244400181881749,0.17700462983313603,21027.95
1, 102931.0,1.0542873134960622,0.4181783897329248,-0.12299362095105193,35697.91
0, 102932.0,0.8386513580235796,1.244400181881749,0.09612076604662001,11711.61
2, 102933.0,-1.1739508930529252,0.4181783897329248,-1.0855116000105927,13444.2
1, 102934.0,0.551136750726936,-1.2342651945647232,-0.7749580050022644,14278.99
1, 102935.0,1.3418019207927057,-1.2342651945647232,-1.0159110352222958,23477.08
1, 102936.0,1.1261659653202232,0.4181783897329248,-0.764402660778124,25256.2
1, 102937.0,0.40737944707861423,-1.2342651945647232,2.0986030237412905,14406.89
2, 102938.0,-1.5333441521737297,-0.40804340241589926,0.17223248186973159,13288.62
2, 102939.0,-0.9583149375804426,-0.40804340241589926,-1.2728790704720572,20356.36
2, 102940.0,-1.2458295448770862,0.4181783897329248,-0.403417976698903,12287.93
1, 102941.0,1.3418019207927057,-0.40804340241589926,1.4546865841368366,13514.82
2, 102942.0,-0.8864362857562816,-0.40804340241589926,1.3460999970034389,33667.56
1, 102943.0,1.3418019207927057,0.4181783897329248,-1.1571342613935527,10752.62
0, 102944.0,0.33550079525445337,0.4181783897329248,0.23382554414316353,13564.25
2, 102945.0,-1.1739508930529252,-0.40804340241589926,-1.508453323750285,11370.79
0, 102946.0,-1.6052228039978906,1.244400181881749,-0.5005190551746155,3808.61
1, 102947.0,0.2636221434302925,-1.2342651945647232,0.7479638243021527,21553.85
0, 102948.0,-0.023892463866351063,2.070621974030573,0.03683289389110375,7403.7
1, 102949.0,1.3418019207927057,0.4181783897329248,0.5297391598061324,16587.46
1, 102950.0,0.2636221434302925,-0.40804340241589926,-0.6096313874226256,26025.75
2, 102951.0,-0.5270430266354773,0.4181783897329248,0.7264487165349395,19329.55
2, 102952.0,-1.6052228039978906,-1.2342651945647232,0.558655141109812,10433.3
0, 102953.0,-0.09577111569051194,0.4181783897329248,-0.5178686439568232,12821.18
1, 102954.0,1.4136805726168666,-1.2342651945647232,-0.9160599053778417,18173.42
2, 102955.0,-0.23952841933883373,-0.40804340241589926,0.6945804742030521,22353.33
1, 102956.0,0.19174349160613158,-1.2342651945647232,-0.07927589257444001,25564.23
0, 102957.0,1.0542873134960622,1.244400181881749,-1.9146925296180617,9170.38
2, 102958.0,-1.1020722412287642,0.4181783897329248,0.19682117646083247,15292.13
2, 102959.0,-0.8864362857562816,0.4181783897329248,-1.2163816916171757,16991.95
0, 102960.0,0.04798618795780982,2.070621974030573,0.9053638232307128,13915.04
0, 102961.0,-1.0301935894046035,1.244400181881749,0.4931392114427339,14123.28
0, 102962.0,-0.23952841933883373,2.070621974030573,1.5896008689327452,15641.85
1, 102963.0,1.198044617144384,-1.2342651945647232,0.7068748214986026,17565.0
1, 102964.0,0.9824086616719013,-0.40804340241589926,0.23520056982753432,25394.94
2, 102965.0,-0.8145576339321208,-0.40804340241589926,0.7712988190045625,12797.9
1, 102966.0,1.1261659653202232,-1.2342651945647232,-1.9146925296180617,14879.3
2, 102967.0,-0.9583149375804426,-0.40804340241589926,-0.7857964427496575,11652.39
0, 102968.0,-0.09577111569051194,1.244400181881749,0.5972771860678733,31585.03
0, 102969.0,1.0542873134960622,1.244400181881749,0.38976963352356647,14368.09
0, 102970.0,0.19174349160613158,1.244400181881749,1.3986745084646741,17276.03
0, 102971.0,-0.023892463866351063,0.4181783897329248,-0.8454482922922131,12178.53
2, 102972.0,-1.2458295448770862,0.4181783897329248,0.213523694332748,8893.59
1, 102973.0,0.40737944707861423,-0.40804340241589926,-0.5286261978404299,16599.82
0, 102974.0,0.47925809890277515,1.244400181881749,0.09749579173099078,34078.99
1, 102975.0,0.7667727061994186,-0.40804340241589926,-1.8666879564607646,25917.09
1, 102976.0,1.3418019207927057,-0.40804340241589926,1.3474750226878096,20165.68
2, 102977.0,-0.38328572298715546,-0.40804340241589926,0.7697215836607255,11570.42
0, 102978.0,0.7667727061994186,2.070621974030573,0.329349387275039,19879.83
1, 102979.0,0.551136750726936,0.4181783897329248,0.4835140316521385,12830.36
1, 102980.0,1.0542873134960622,-0.40804340241589926,0.9538941415026225,33593.97
1, 102981.0,0.11986483978197071,-0.40804340241589926,-0.441352508814779,25268.38
2, 102982.0,-1.4614655003495687,-0.40804340241589926,-0.24355101992485406,8945.09
2, 102983.0,-0.4551643748113164,0.4181783897329248,-0.5266445431776602,32003.38
2, 102984.0,-1.389586848525408,-0.40804340241589926,0.32805524545445475,8445.86
0, 102985.0,0.19174349160613158,1.244400181881749,-0.4758899186516214,14733.54
2, 102986.0,-1.1020722412287642,-1.2342651945647232,-1.8516031158645794,19753.48
2, 102987.0,-1.0301935894046035,0.4181783897329248,0.012972154074081524,35463.54
0, 102988.0,-0.3114070711629946,0.4181783897329248,-0.8377643252324941,25632.37
1, 102989.0,0.11986483978197071,-0.40804340241589926,1.0814479946939584,30463.26
0, 102990.0,-0.5989216784596382,1.244400181881749,0.6642085833512154,22692.35
1, 102991.0,0.8386513580235796,0.4181783897329248,0.15298212228854077,26590.62
2, 102992.0,-1.0301935894046035,-0.40804340241589926,-0.29834983764021866,31013.13
0, 102993.0,1.5574378762651884,1.244400181881749,-0.14940220247734942,16377.01
0, 102994.0,1.0542873134960622,1.244400181881749,-1.1414832337508618,8697.75
0, 102995.0,1.70119517991351,2.896843766179397,0.10849599720595696,31610.66
0, 102996.0,1.3418019207927057,2.896843766179397,-0.011333446993766544,17278.26
1, 102997.0,1.4136805726168666,-0.40804340241589926,1.718246654285199,17533.56
2, 102998.0,-1.4614655003495687,0.4181783897329248,1.3255554956016637,26589.39
0, 102999.0,-0.670800330283799,1.244400181881749,0.24288453688725334,16856.34
1, 103000.0,0.11986483978197071,-0.40804340241589926,-0.2777244523746571,12242.5
2, 103001.0,-1.317708196701247,-0.40804340241589926,0.11270195812285579,24255.04
2, 103002.0,-1.1739508930529252,0.4181783897329248,-0.18175574799195582,13823.7
2, 103003.0,0.04798618795780982,-0.40804340241589926,1.3076801617048437,17258.19
2, 103004.0,-1.6052228039978906,-0.40804340241589926,-0.4370656640340937,15663.4
1, 103005.0,0.9105300098477405,0.4181783897329248,1.0123731750202736,23563.31
0, 103006.0,-1.6052228039978906,2.070621974030573,-0.4331023547085544,9604.88
0, 103007.0,-0.023892463866351063,0.4181783897329248,-0.8734745510942409,8379.85
0, 103008.0,0.8386513580235796,2.070621974030573,-0.1755276904803941,18460.53
2, 103009.0,-0.5270430266354773,0.4181783897329248,0.09911346900672109,4196.89
0, 103010.0,-0.8145576339321208,2.070621974030573,1.1157831948713344,24517.26
2, 103011.0,-1.6771014558220514,-1.2342651945647232,-0.6084585713977212,6581.13
0, 103012.0,-0.5989216784596382,2.070621974030573,0.29970545119728087,9696.14
0, 103013.0,-0.8145576339321208,1.244400181881749,1.6317818038974135,26685.88
0, 103014.0,1.70119517991351,1.244400181881749,1.1480962984540475,27978.65
1, 103015.0,0.9105300098477405,-0.40804340241589926,0.7550816043153661,16127.8
1, 103016.0,1.70119517991351,-0.40804340241589926,-0.21940718658457903,9231.85
1, 103017.0,0.551136750726936,-0.40804340241589926,0.025751804552351057,18816.1
2, 103018.0,-0.9583149375804426,-0.40804340241589926,-0.11065883172360823,10498.07
2, 103019.0,-0.023892463866351063,-1.2342651945647232,-0.3456264560234373,14328.04
2, 103020.0,-1.4614655003495687,0.4181783897329248,0.9087205035778533,10739.69
2, 103021.0,-1.5333441521737297,0.4181783897329248,0.47473813243130153,27449.23
2, 103022.0,-1.5333441521737297,0.4181783897329248,0.9601626409460775,30293.69
2, 103023.0,-0.23952841933883373,-0.40804340241589926,0.33561788671849396,14181.96
2, 103024.0,-1.1020722412287642,-1.2342651945647232,-0.23287434990503394,6778.79
1, 103025.0,0.11986483978197071,-0.40804340241589926,-0.011171679266193512,9802.54
1, 103026.0,0.11986483978197071,-0.40804340241589926,1.0943085290360144,22812.61
1, 103027.0,1.70119517991351,-1.2342651945647232,1.656774917807447,38609.99
0, 103028.0,-1.0301935894046035,1.244400181881749,0.40404563548188654,7560.29
0, 103029.0,-1.5333441521737297,1.244400181881749,-0.6026753751369852,21106.55
0, 103030.0,-0.023892463866351063,2.070621974030573,0.8744661872642637,10897.04
2, 103031.0,-0.4551643748113164,-0.40804340241589926,-1.0972802021915309,31261.99
2, 103032.0,-0.5989216784596382,-0.40804340241589926,-0.7714799988594442,13151.88
1, 103033.0,0.9824086616719013,0.4181783897329248,-0.26911032088139314,13881.93
2, 103034.0,-0.5989216784596382,0.4181783897329248,-0.7383984985707591,8993.91
2, 103035.0,-0.670800330283799,-0.40804340241589926,-1.9146925296180617,15167.97
0, 103036.0,-0.8864362857562816,1.244400181881749,-1.8670114919159106,17174.51
0, 103037.0,-1.1739508930529252,1.244400181881749,1.3169009221765064,27813.57
1, 103038.0,1.1261659653202232,-1.2342651945647232,1.6781686997789802,29851.92
1, 103039.0,1.70119517991351,0.4181783897329248,1.6414878675517952,32907.19
2, 103040.0,-0.023892463866351063,-0.40804340241589926,0.07108721020469329,11353.13
0, 103041.0,-0.4551643748113164,1.244400181881749,-0.9733661228705882,15209.93
2, 103042.0,-0.16764976751467284,-0.40804340241589926,0.9250590440627295,31259.6
1, 103043.0,0.8386513580235796,-1.2342651945647232,-1.9146925296180617,30551.23
2, 103044.0,-0.8145576339321208,0.4181783897329248,0.4502303217039872,11694.98
1, 103045.0,1.3418019207927057,-1.2342651945647232,0.41160827674592576,25307.91
1, 103046.0,0.6230154025510969,0.4181783897329248,1.7525009705987886,24157.81
1, 103047.0,0.9105300098477405,-1.2342651945647232,-0.06216895538359187,17800.89
2, 103048.0,-0.4551643748113164,-0.40804340241589926,-0.1420013289408832,18812.5
2, 103049.0,-1.6771014558220514,-0.40804340241589926,-0.5946678726221202,13197.01
0, 103050.0,-1.389586848525408,2.896843766179397,0.9222281088302015,17314.42
0, 103051.0,-0.670800330283799,1.244400181881749,-0.4705920255736046,18680.63
1, 103052.0,0.551136750726936,-0.40804340241589926,-0.21936674465268577,15082.68
0, 103053.0,0.19174349160613158,0.4181783897329248,-0.5758623742917551,15854.49
2, 103054.0,-0.670800330283799,-1.2342651945647232,-1.9146925296180617,7290.47
2, 103055.0,-1.6771014558220514,-0.40804340241589926,0.79236906552095,5003.04
1, 103056.0,0.40737944707861423,0.4181783897329248,-0.40527830556599287,7208.32
2, 103057.0,-0.5270430266354773,-1.2342651945647232,1.8989007640523825,14570.41
2, 103058.0,-1.5333441521737297,-0.40804340241589926,-0.7252953126373436,18719.42
0, 103059.0,-0.23952841933883373,0.4181783897329248,0.715731604583226,31586.37
2, 103060.0,-0.4551643748113164,-0.40804340241589926,0.03412328445425546,17630.63
2, 103061.0,-0.3114070711629946,0.4181783897329248,0.34758869855889835,15726.19
1, 103062.0,0.7667727061994186,0.4181783897329248,-1.6134001370132895,29644.4
1, 103063.0,0.551136750726936,0.4181783897329248,0.9918691155503918,28045.52
1, 103064.0,0.40737944707861423,0.4181783897329248,-1.3245234174997476,14216.75
1, 103065.0,0.9824086616719013,-0.40804340241589926,-1.9146925296180617,31474.91
0, 103066.0,0.33550079525445337,1.244400181881749,0.6194393647453788,33500.97
1, 103067.0,0.551136750726936,0.4181783897329248,-0.9305785589275213,11105.68
2, 103068.0,-1.317708196701247,-1.2342651945647232,1.3270518470817143,10827.88
2, 103069.0,-0.8864362857562816,0.4181783897329248,-0.26235651825521905,17360.92
0, 103070.0,-1.5333441521737297,1.244400181881749,-1.259088371696456,29778.25
1, 103071.0,0.47925809890277515,-0.40804340241589926,0.32486033283488736,35712.22
2, 103072.0,-0.4551643748113164,-1.2342651945647232,-0.11450081525346774,10301.73
0, 103073.0,-0.09577111569051194,1.244400181881749,1.2508996893267095,6730.63
2, 103074.0,-1.1739508930529252,0.4181783897329248,0.29008027140668546,10466.34
0, 103075.0,-1.1739508930529252,2.070621974030573,-0.4671949032945709,12015.86
1, 103076.0,0.9824086616719013,-0.40804340241589926,-0.2788568264676683,16359.38
1, 103077.0,1.1261659653202232,-1.2342651945647232,1.815266848897125,24596.2
2, 103078.0,-0.8145576339321208,0.4181783897329248,-0.04603262455818192,32639.56
0, 103079.0,0.9824086616719013,1.244400181881749,2.491617717879972,32262.3
2, 103080.0,-0.09577111569051194,-1.2342651945647232,-0.3589722935482124,20497.9
0, 103081.0,-0.16764976751467284,0.4181783897329248,1.0410465047325936,18399.12
1, 103082.0,0.9105300098477405,-0.40804340241589926,-1.2762357508191975,13125.62
2, 103083.0,-1.2458295448770862,-0.40804340241589926,-1.9146925296180617,29985.91
1, 103084.0,1.70119517991351,-1.2342651945647232,-1.798421975424945,22029.51
1, 103085.0,1.198044617144384,0.4181783897329248,-1.5233763966188971,28582.61
2, 103086.0,-0.09577111569051194,-0.40804340241589926,0.6966430127296083,13770.73
1, 103087.0,1.1261659653202232,0.4181783897329248,0.7420997441776302,13086.76
2, 103088.0,-0.38328572298715546,0.4181783897329248,0.9101764131260106,13523.5
0, 103089.0,0.8386513580235796,1.244400181881749,-0.5837081090790472,8061.51
2, 103090.0,-0.23952841933883373,-0.40804340241589926,1.9731925929402976,12342.95
2, 103091.0,-0.9583149375804426,-0.40804340241589926,-0.09440117510251851,19993.34
1, 103092.0,0.6230154025510969,-0.40804340241589926,0.25396562622600605,43137.69
1, 103093.0,0.9105300098477405,-0.40804340241589926,1.2534879729678778,33463.91
0, 103094.0,1.198044617144384,2.070621974030573,-0.5227621177159074,22798.73
2, 103095.0,-0.09577111569051194,-1.2342651945647232,-0.18337342526768613,13488.96
0, 103096.0,0.19174349160613158,0.4181783897329248,-1.1635240866326875,13593.1
1, 103097.0,1.1261659653202232,0.4181783897329248,1.4717126374638982,12593.13
0, 103098.0,-1.1020722412287642,2.070621974030573,-0.4946954169819863,16530.06
0, 103099.0,-1.5333441521737297,2.070621974030573,1.7488611967283954,9861.49
2, 103100.0,-1.2458295448770862,-1.2342651945647232,0.10679743606644011,21435.58
0, 103101.0,-1.389586848525408,1.244400181881749,-1.1146702329056317,19376.33
1, 103102.0,1.3418019207927057,-0.40804340241589926,1.1297761033064015,12293.19
1, 103103.0,0.551136750726936,-1.2342651945647232,0.7107572469603554,26201.52
2, 103104.0,-1.6052228039978906,-1.2342651945647232,1.0483664944052733,14098.26
1, 103105.0,0.6948940543752578,-0.40804340241589926,1.0568593001028574,9856.46
2, 103106.0,-1.0301935894046035,0.4181783897329248,-0.45712486225314963,19364.78
0, 103107.0,-0.3114070711629946,0.4181783897329248,-0.8710075932487522,31713.23
0, 103108.0,-1.0301935894046035,2.896843766179397,1.6765105805713567,8404.24
2, 103109.0,-0.670800330283799,-0.40804340241589926,-0.8977397102301957,8537.67
2, 103110.0,-0.7426789821079599,-1.2342651945647232,-0.5997635560406707,10774.81
2, 103111.0,-0.09577111569051194,-0.40804340241589926,-0.43536710289457686,10291.98
2, 103112.0,-1.0301935894046035,0.4181783897329248,-0.13326587165193945,14450.24
0, 103113.0,-0.8145576339321208,2.070621974030573,1.2238844788220131,17068.69
1, 103114.0,1.5574378762651884,-1.2342651945647232,-1.0498418160807392,8465.53
1, 103115.0,0.11986483978197071,-1.2342651945647232,-0.6462717777179174,25176.02
1, 103116.0,0.47925809890277515,-1.2342651945647232,0.48776043450093065,24071.45
0, 103117.0,-0.670800330283799,1.244400181881749,0.18537610973504046,17462.44
1, 103118.0,0.47925809890277515,-1.2342651945647232,-1.1704800989183277,26869.22
2, 103119.0,-0.8145576339321208,-0.40804340241589926,-0.2870260967101064,14288.14
1, 103120.0,1.4855592244410276,0.4181783897329248,-1.9146925296180617,22627.63
1, 103121.0,1.5574378762651884,0.4181783897329248,-1.2593310232878157,31739.9
1, 103122.0,0.6948940543752578,-1.2342651945647232,1.8330208569982653,15693.94
2, 103123.0,-1.5333441521737297,0.4181783897329248,0.5297391598061324,9543.69
0, 103124.0,0.6230154025510969,2.896843766179397,0.8641939365633763,33783.7
1, 103125.0,0.11986483978197071,-0.40804340241589926,-0.21908365112943298,16723.09
2, 103126.0,-1.6052228039978906,0.4181783897329248,0.29962456733349435,12718.32
2, 103127.0,-0.8864362857562816,-0.40804340241589926,-0.0025979897048228127,28873.19
1, 103128.0,1.269923268968545,-1.2342651945647232,0.005692606333295081,13632.07
0, 103129.0,0.47925809890277515,2.070621974030573,-0.7858368846815508,19110.71
1, 103130.0,0.2636221434302925,-1.2342651945647232,-0.5271298463603793,16153.98
1, 103131.0,0.6948940543752578,-1.2342651945647232,-0.5319019943237837,15340.52
0, 103132.0,0.2636221434302925,0.4181783897329248,-1.0589412507567222,17437.7
2, 103133.0,-0.9583149375804426,0.4181783897329248,-0.6997360116808045,14002.42
1, 103134.0,1.198044617144384,-0.40804340241589926,0.07893294499198535,9746.01
1, 103135.0,1.4855592244410276,-1.2342651945647232,-0.2243411022755565,12617.88
1, 103136.0,1.4136805726168666,0.4181783897329248,-0.13326587165193945,16807.94
1, 103137.0,0.8386513580235796,-0.40804340241589926,0.40647215139548204,22531.21
2, 103138.0,-1.1739508930529252,-1.2342651945647232,0.5055953264658574,18253.22
1, 103139.0,0.6948940543752578,-1.2342651945647232,-0.5823735253265697,16157.99
1, 103140.0,0.40737944707861423,0.4181783897329248,0.4962936821304081,13704.36
2, 103141.0,-0.7426789821079599,0.4181783897329248,-0.3928221905428694,9435.53
2, 103142.0,-0.5270430266354773,-1.2342651945647232,0.32360663294619635,5782.03
2, 103143.0,-1.6052228039978906,0.4181783897329248,-0.41627851104095903,33008.57
1, 103144.0,0.8386513580235796,0.4181783897329248,0.1874386482615966,14853.72
0, 103145.0,-1.6771014558220514,2.070621974030573,0.773240031735439,22464.03
1, 103146.0,0.8386513580235796,-0.40804340241589926,0.897396762647741,12580.35
2, 103147.0,-0.4551643748113164,-1.2342651945647232,0.8076965577084948,14936.17
2, 103148.0,-0.670800330283799,-0.40804340241589926,0.819626927617006,31055.74
0, 103149.0,-0.023892463866351063,1.244400181881749,1.1412211700321937,21270.41
2, 103150.0,-1.1739508930529252,-0.40804340241589926,0.5517395707560648,9926.67
2, 103151.0,-1.1020722412287642,0.4181783897329248,0.3342428610341232,14034.17
0, 103152.0,0.7667727061994186,1.244400181881749,-0.7737851889773599,29147.36
1, 103153.0,0.47925809890277515,-0.40804340241589926,0.5486659839321772,14231.3
2, 103154.0,-0.38328572298715546,-1.2342651945647232,-0.5122472154236604,9790.48
1, 103155.0,0.04798618795780982,-0.40804340241589926,-0.7591856515638937,19830.4
2, 103156.0,-0.5989216784596382,-1.2342651945647232,0.744243166567973,19183.26
2, 103157.0,-0.670800330283799,-0.40804340241589926,-0.32354516120971843,13713.79
2, 103158.0,-0.5989216784596382,0.4181783897329248,-0.719714326036074,25309.63
2, 103159.0,-0.8145576339321208,-0.40804340241589926,-0.24059875889664623,8416.17
0, 103160.0,0.9105300098477405,2.896843766179397,-0.3202289227944713,14862.67
0, 103161.0,1.3418019207927057,1.244400181881749,0.31204024042472456,14970.35
1, 103162.0,0.9105300098477405,0.4181783897329248,0.19528438304888865,21648.27
0, 103163.0,1.269923268968545,1.244400181881749,0.45168623125214447,21137.52
1, 103164.0,1.6293165280893493,-0.40804340241589926,-0.5043205967725818,25194.48
2, 103165.0,-0.3114070711629946,-0.40804340241589926,-0.393388377589375,16137.8
2, 103166.0,-1.317708196701247,0.4181783897329248,0.7819754890243827,16671.43
2, 103167.0,-1.0301935894046035,0.4181783897329248,0.7565779557954166,8990.4
0, 103168.0,0.40737944707861423,2.070621974030573,-1.0623383730357558,19033.56
2, 103169.0,-0.9583149375804426,0.4181783897329248,-1.3086701801975904,17099.09
2, 103170.0,-1.2458295448770862,0.4181783897329248,1.0801942948052672,8340.21
1, 103171.0,0.7667727061994186,0.4181783897329248,-1.0296208501341102,12971.06
1, 103172.0,0.19174349160613158,-0.40804340241589926,0.1056650619734289,13694.91
1, 103173.0,1.4136805726168666,0.4181783897329248,-1.780708409255698,10786.66
1, 103174.0,0.33550079525445337,-0.40804340241589926,0.18015910052081016,13678.68
1, 103175.0,0.04798618795780982,-0.40804340241589926,0.19508217338942238,19301.51
0, 103176.0,-0.3114070711629946,0.4181783897329248,-1.4871808675744314,15850.2
2, 103177.0,-1.4614655003495687,-0.40804340241589926,1.5735049800392287,13928.72
0, 103178.0,-0.5989216784596382,1.244400181881749,1.2847495863213663,15851.5
2, 103179.0,-0.670800330283799,0.4181783897329248,-0.4607241941916496,9470.64
2, 103180.0,-0.9583149375804426,-0.40804340241589926,1.218869679267249,9966.62
2, 103181.0,-0.3114070711629946,-0.40804340241589926,-1.6787138570209013,14791.04
1, 103182.0,0.7667727061994186,-1.2342651945647232,1.2799774383579618,12275.97
1, 103183.0,1.269923268968545,-0.40804340241589926,1.8037813402394398,15183.95
2, 103184.0,-0.8145576339321208,-0.40804340241589926,2.223730361019031,16511.98
1, 103185.0,1.70119517991351,-0.40804340241589926,1.0732787244515203,22189.42
1, 103186.0,1.3418019207927057,0.4181783897329248,-0.29317327035788165,31246.24
2, 103187.0,-0.5989216784596382,-0.40804340241589926,0.34115843138787033,16664.55
1, 103188.0,1.3418019207927057,-1.2342651945647232,-0.30837943674974666,13451.2
1, 103189.0,0.9824086616719013,0.4181783897329248,-0.6525807190932656,15822.43
2, 103190.0,-0.23952841933883373,0.4181783897329248,1.7073677746059126,9741.47
1, 103191.0,1.4136805726168666,-0.40804340241589926,-0.19231109221609616,9625.79
1, 103192.0,0.04798618795780982,-0.40804340241589926,-0.9318322588162122,14480.53
1, 103193.0,0.9824086616719013,-0.40804340241589926,0.6721352020022939,9846.76
0, 103194.0,0.9105300098477405,2.070621974030573,-1.0509741901737504,15220.54
2, 103195.0,-0.09577111569051194,-1.2342651945647232,0.30722765052942685,28114.87
0, 103196.0,0.6230154025510969,2.070621974030573,-0.665805230822361,35504.33
2, 103197.0,-0.7426789821079599,-1.2342651945647232,-0.7093207495395066,5488.79
2, 103198.0,-1.2458295448770862,-1.2342651945647232,-0.6756326202724227,13065.05
1, 103199.0,0.8386513580235796,-0.40804340241589926,1.0953195773333457,7497.43
0, 103200.0,0.33550079525445337,1.244400181881749,-1.2038042507983724,16774.48
1, 103201.0,-0.023892463866351063,-1.2342651945647232,-0.8722208512055499,14587.78
1, 103202.0,1.6293165280893493,-0.40804340241589926,1.4323221957998649,13201.31
1, 103203.0,0.6948940543752578,-1.2342651945647232,1.0911540583483401,11082.64
1, 103204.0,1.4855592244410276,-1.2342651945647232,1.4528262552697466,21496.57
1, 103205.0,1.5574378762651884,0.4181783897329248,2.0946397144157514,20959.56
2, 103206.0,-0.3114070711629946,-0.40804340241589926,-0.9128649927582743,14060.66
2, 103207.0,-0.23952841933883373,-0.40804340241589926,0.34277610866360064,7077.01
1, 103208.0,1.0542873134960622,-1.2342651945647232,1.1470852501567161,35491.98
1, 103209.0,1.4855592244410276,-0.40804340241589926,1.2922717856535124,21213.98
1, 103210.0,1.269923268968545,-1.2342651945647232,-0.795421622540253,13728.15
1, 103211.0,0.40737944707861423,-0.40804340241589926,-0.7866861652513092,17156.47
2, 103212.0,-0.5270430266354773,-0.40804340241589926,0.7253163424419282,15398.36
2, 103213.0,-0.4551643748113164,0.4181783897329248,0.9719716850589089,24710.11
0, 103214.0,1.1261659653202232,1.244400181881749,-0.09521001374038367,16711.56
1, 103215.0,1.0542873134960622,0.4181783897329248,1.4060753820011405,18087.62
1, 103216.0,1.6293165280893493,-0.40804340241589926,-0.4994675649453908,29663.87
2, 103217.0,-0.38328572298715546,-1.2342651945647232,0.9525191158182518,8667.27
0, 103218.0,-0.670800330283799,2.070621974030573,-0.22341093784201158,17799.1
2, 103219.0,-0.7426789821079599,-1.2342651945647232,0.38168124714491486,13442.4
1, 103220.0,0.6230154025510969,-1.2342651945647232,-0.46759932261350345,7898.08
2, 103221.0,-1.5333441521737297,-0.40804340241589926,1.4736538501947745,17970.93
1, 103222.0,1.269923268968545,0.4181783897329248,1.0479620750863408,15230.72
2, 103223.0,-0.09577111569051194,-1.2342651945647232,1.1233053942034803,20042.91
1, 103224.0,0.7667727061994186,0.4181783897329248,-1.0282458244497394,30859.95
2, 103225.0,-0.5270430266354773,-0.40804340241589926,0.03436593604561501,7011.83
0, 103226.0,0.19174349160613158,0.4181783897329248,-0.48725410151362686,9117.44
1, 103227.0,0.9824086616719013,-0.40804340241589926,0.7298053968820798,24055.99
1, 103228.0,1.269923268968545,-0.40804340241589926,-1.9146925296180617,10584.3
2, 103229.0,-1.5333441521737297,-1.2342651945647232,0.49253258246433507,8586.15
1, 103230.0,1.1261659653202232,0.4181783897329248,1.2680470684494507,28902.06
1, 103231.0,0.8386513580235796,-1.2342651945647232,-1.82790414377513,22327.34
2, 103232.0,-1.6052228039978906,0.4181783897329248,-1.9146925296180617,14877.31
0, 103233.0,-0.23952841933883373,0.4181783897329248,-0.2005612463223208,17318.12
2, 103234.0,-0.3114070711629946,-0.40804340241589926,0.07189604884255846,9393.03
0, 103235.0,0.04798618795780982,1.244400181881749,0.9830527743976616,15954.97
1, 103236.0,1.198044617144384,0.4181783897329248,-0.8017305639156012,15670.25
1, 103237.0,1.6293165280893493,-0.40804340241589926,-0.6431173070302433,21679.77
2, 103238.0,-1.2458295448770862,-1.2342651945647232,-1.9146925296180617,20013.78
1, 103239.0,0.551136750726936,-0.40804340241589926,0.7484086855529786,18322.14
2, 103240.0,-1.5333441521737297,-0.40804340241589926,-0.1340747102898046,11105.11
1, 103241.0,1.6293165280893493,-1.2342651945647232,-1.9146925296180617,19134.92
1, 103242.0,1.4855592244410276,-1.2342651945647232,0.8284432687697362,15514.52
1, 103243.0,1.269923268968545,0.4181783897329248,-1.4934493670178863,16831.86
1, 103244.0,1.70119517991351,-0.40804340241589926,-0.8390989089849716,16791.63
1, 103245.0,1.198044617144384,-0.40804340241589926,0.4389874646376615,14961.69
2, 103246.0,-0.7426789821079599,-0.40804340241589926,-0.34683971398023505,13285.48
0, 103247.0,0.04798618795780982,0.4181783897329248,-0.9744984969635995,19900.15
2, 103248.0,-1.4614655003495687,-1.2342651945647232,-1.042602710271846,10060.01
1, 103249.0,1.3418019207927057,-0.40804340241589926,-0.017440178709648504,16001.75
0, 103250.0,0.8386513580235796,1.244400181881749,-0.6352715722429512,26962.29
1, 103251.0,0.8386513580235796,-0.40804340241589926,1.2114688057307827,34837.96
0, 103252.0,-0.4551643748113164,1.244400181881749,-1.2913205914153827,10212.2
2, 103253.0,-1.6771014558220514,-1.2342651945647232,0.9270811406573924,10953.02
0, 103254.0,-0.23952841933883373,1.244400181881749,-0.09480559442145109,17446.0
0, 103255.0,-0.023892463866351063,1.244400181881749,-0.7090376560162538,18238.8
1, 103256.0,1.5574378762651884,0.4181783897329248,1.8340319052955967,13960.51
0, 103257.0,0.551136750726936,2.070621974030573,-0.9623254754637288,37104.49
2, 103258.0,-1.389586848525408,-0.40804340241589926,0.15011074512411945,14050.88
2, 103259.0,-0.7426789821079599,-1.2342651945647232,0.1557321736572823,17091.52
0, 103260.0,-0.3114070711629946,0.4181783897329248,-0.05525338502984475,18598.67
0, 103261.0,1.4855592244410276,2.070621974030573,0.22185473230275918,23752.8
1, 103262.0,1.70119517991351,-1.2342651945647232,-1.0282458244497394,16724.75
1, 103263.0,0.6948940543752578,-1.2342651945647232,-0.5986311819476594,28683.3
1, 103264.0,1.70119517991351,-1.2342651945647232,1.0789001529846831,19068.48
1, 103265.0,1.70119517991351,0.4181783897329248,0.6094097656358507,20228.44
1, 103266.0,0.7667727061994186,0.4181783897329248,-1.9146925296180617,26154.25
1, 103267.0,0.33550079525445337,-0.40804340241589926,-0.573799835765199,11779.1
2, 103268.0,-0.8864362857562816,-0.40804340241589926,1.8438997366775516,20216.8
2, 103269.0,-1.317708196701247,-0.40804340241589926,0.1721111560740518,11688.98
0, 103270.0,-1.4614655003495687,1.244400181881749,0.222299593553585,9335.85
2, 103271.0,0.04798618795780982,-0.40804340241589926,0.9808689100754256,12654.33
2, 103272.0,-1.0301935894046035,-1.2342651945647232,-0.6800407908487879,17398.55
2, 103273.0,-1.0301935894046035,0.4181783897329248,0.4147627474335999,18144.21
2, 103274.0,-1.2458295448770862,-1.2342651945647232,0.8255718916053149,9039.09
0, 103275.0,-0.5989216784596382,1.244400181881749,0.3669603839357689,25519.65
1, 103276.0,0.8386513580235796,-1.2342651945647232,0.8026413162218375,12808.92
1, 103277.0,0.551136750726936,0.4181783897329248,0.38479527590069573,16203.62
2, 103278.0,-0.7426789821079599,-0.40804340241589926,-0.5411631967273398,6614.84
2, 103279.0,-1.1020722412287642,-0.40804340241589926,-0.06835657096326035,23096.38
2, 103280.0,-0.5989216784596382,-0.40804340241589926,0.5608794473639411,30722.0
1, 103281.0,0.6948940543752578,0.4181783897329248,-0.29289017683462887,13734.73
2, 103282.0,-0.16764976751467284,-1.2342651945647232,-1.2400806637066248,25192.78
1, 103283.0,0.04798618795780982,-1.2342651945647232,-0.936968384166656,6207.76
1, 103284.0,0.551136750726936,0.4181783897329248,-1.0561911993879807,22744.8
0, 103285.0,0.2636221434302925,2.070621974030573,-0.8515954659399884,12225.63
1, 103286.0,0.2636221434302925,-1.2342651945647232,0.6591533418645581,17550.43
0, 103287.0,-0.09577111569051194,1.244400181881749,0.2685247217075789,10580.33
1, 103288.0,1.1261659653202232,0.4181783897329248,2.4328960327709614,40722.04
0, 103289.0,-1.1020722412287642,2.070621974030573,-0.21257250009461842,29049.67
1, 103290.0,0.6230154025510969,-1.2342651945647232,1.367938640225798,18003.93
2, 103291.0,-0.5989216784596382,-0.40804340241589926,-0.10920292217545094,8286.94
2, 103292.0,-0.09577111569051194,-0.40804340241589926,0.48638540881655984,14133.59
2, 103293.0,-0.670800330283799,0.4181783897329248,-1.4128081548227298,7810.59
0, 103294.0,0.40737944707861423,1.244400181881749,-0.38210507859115606,27875.89
0, 103295.0,-0.16764976751467284,1.244400181881749,0.041685925718294714,22005.95
1, 103296.0,1.1261659653202232,-0.40804340241589926,0.4118104864053921,15261.71
1, 103297.0,0.47925809890277515,0.4181783897329248,-0.7913774293509271,15365.03
1, 103298.0,0.47925809890277515,-1.2342651945647232,0.40048674547527985,12352.64
0, 103299.0,-0.8145576339321208,2.896843766179397,0.3210183493050278,14301.63
1, 103300.0,1.5574378762651884,-1.2342651945647232,-0.8820482406556116,40644.33
2, 103301.0,-1.1020722412287642,0.4181783897329248,2.8450802026270474,34216.16
1, 103302.0,0.47925809890277515,-0.40804340241589926,-1.0204000896624472,17362.3
2, 103303.0,-1.5333441521737297,-0.40804340241589926,-0.16784372342067505,26030.2
1, 103304.0,0.6230154025510969,0.4181783897329248,-0.6274662793875524,15386.0
0, 103305.0,1.70119517991351,1.244400181881749,-0.8230030200914549,15880.43
2, 103306.0,-1.2458295448770862,-0.40804340241589926,0.6526421908297435,12813.39
0, 103307.0,0.47925809890277515,2.070621974030573,1.0161342746863467,8542.01
2, 103308.0,-1.6052228039978906,-1.2342651945647232,0.0981428626412829,17777.75
2, 103309.0,-1.389586848525408,-1.2342651945647232,-1.6875706401055248,11546.64
0, 103310.0,0.11986483978197071,2.896843766179397,-0.4093224987553187,9449.95
1, 103311.0,0.19174349160613158,-0.40804340241589926,0.3518755433395837,17904.87
1, 103312.0,0.8386513580235796,-0.40804340241589926,-0.9025523001254935,12429.15
1, 103313.0,1.70119517991351,0.4181783897329248,-0.3621267642358866,21682.52
0, 103314.0,-0.16764976751467284,0.4181783897329248,-0.3338578538424992,20819.02
2, 103315.0,-1.1020722412287642,0.4181783897329248,0.678727236900895,11321.24
0, 103316.0,-0.16764976751467284,0.4181783897329248,-0.27194125611392117,20412.49
0, 103317.0,-1.389586848525408,1.244400181881749,1.5424860182770996,14814.45
0, 103318.0,0.04798618795780982,1.244400181881749,0.5562690671281098,13953.71
1, 103319.0,0.40737944707861423,-1.2342651945647232,1.378413100586152,24947.0
1, 103320.0,0.8386513580235796,-1.2342651945647232,-0.18402049617797828,25517.07
0, 103321.0,-0.16764976751467284,0.4181783897329248,-1.9146925296180617,29538.74
1, 103322.0,0.19174349160613158,-0.40804340241589926,-0.7381154050475064,10455.2
0, 103323.0,0.9105300098477405,1.244400181881749,-1.2984788133604894,20360.72
1, 103324.0,1.1261659653202232,-0.40804340241589926,1.734868288293328,9644.3
1, 103325.0,1.198044617144384,0.4181783897329248,0.3448386471901568,11647.89
2, 103326.0,-0.16764976751467284,-0.40804340241589926,0.10012451730405254,11150.37
2, 103327.0,-0.5270430266354773,-0.40804340241589926,-0.5555200825494464,29998.27
0, 103328.0,-0.38328572298715546,0.4181783897329248,-0.6686766079867823,41073.26
1, 103329.0,1.3418019207927057,0.4181783897329248,-0.8481579017290614,18058.4
0, 103330.0,1.1261659653202232,1.244400181881749,0.0118397799810703,28736.95
0, 103331.0,0.7667727061994186,1.244400181881749,0.04702426072820477,19411.58
1, 103332.0,1.3418019207927057,-0.40804340241589926,0.038814548553873396,27642.93
2, 103333.0,-0.8864362857562816,-0.40804340241589926,1.0232116127676667,11312.78
0, 103334.0,-0.38328572298715546,0.4181783897329248,-0.3893846263319425,31513.94
2, 103335.0,-0.8145576339321208,-0.40804340241589926,-1.273647467178029,20953.93
0, 103336.0,1.4136805726168666,1.244400181881749,0.25145822644862403,5817.51
1, 103337.0,1.198044617144384,-0.40804340241589926,1.3172244576316525,19486.15
2, 103338.0,-0.23952841933883373,-1.2342651945647232,-0.1933221405134276,9134.27
2, 103339.0,-0.9583149375804426,-0.40804340241589926,-0.6991698246342989,28491.81
1, 103340.0,0.2636221434302925,-0.40804340241589926,-1.9146925296180617,15307.0
2, 103341.0,-0.38328572298715546,0.4181783897329248,0.3852805790834148,19403.46
2, 103342.0,-1.2458295448770862,0.4181783897329248,-0.673327430154507,10434.81
0, 103343.0,-1.2458295448770862,1.244400181881749,-1.2384225444990014,8988.44
1, 103344.0,1.6293165280893493,0.4181783897329248,-0.018006365756154115,18646.1
1, 103345.0,0.6230154025510969,0.4181783897329248,-0.22066088647327003,25219.28
1, 103346.0,0.19174349160613158,-0.40804340241589926,1.08407672026702,10845.8
1, 103347.0,0.6948940543752578,-0.40804340241589926,-1.0198743445478349,14695.73
0, 103348.0,0.19174349160613158,2.070621974030573,1.615443263412537,18224.72
0, 103349.0,-0.9583149375804426,2.070621974030573,0.9529235351371843,25796.7
1, 103350.0,-0.023892463866351063,-1.2342651945647232,-0.9791493191313241,25475.73
1, 103351.0,1.6293165280893493,-1.2342651945647232,0.82998006218168,13427.38
1, 103352.0,1.1261659653202232,-0.40804340241589926,0.04710514459199129,21005.73
2, 103353.0,-1.6052228039978906,-0.40804340241589926,0.6788485626965748,14843.18
1, 103354.0,1.198044617144384,-1.2342651945647232,1.3338865335716747,7842.14
0, 103355.0,0.40737944707861423,1.244400181881749,0.2029279081767144,20873.19
0, 103356.0,1.0542873134960622,2.070621974030573,2.125618234245987,14080.61
0, 103357.0,0.551136750726936,2.070621974030573,-0.07875014745982765,40667.24
2, 103358.0,-0.023892463866351063,-1.2342651945647232,1.3310555983391468,10181.15
1, 103359.0,0.33550079525445337,-0.40804340241589926,-1.9146925296180617,14373.41
2, 103360.0,-1.389586848525408,-0.40804340241589926,-0.5577848307354688,10808.87
0, 103361.0,0.19174349160613158,0.4181783897329248,-1.9146925296180617,13001.09
1, 103362.0,0.551136750726936,0.4181783897329248,1.3293165952677366,22209.72
2, 103363.0,-0.3114070711629946,-1.2342651945647232,0.2051522144308436,7570.82
1, 103364.0,0.2636221434302925,-1.2342651945647232,-0.9868332861910432,18969.83
1, 103365.0,0.11986483978197071,-0.40804340241589926,1.1423939860570982,10136.38
0, 103366.0,0.11986483978197071,0.4181783897329248,0.847531860623354,11334.71
2, 103367.0,-0.5270430266354773,-0.40804340241589926,1.1482985081135137,21000.92
1, 103368.0,-0.023892463866351063,-1.2342651945647232,-1.9146925296180617,9429.1
2, 103369.0,-0.4551643748113164,0.4181783897329248,0.8091120253247588,8205.86
1, 103370.0,0.6230154025510969,-1.2342651945647232,-0.3505199297825215,15310.54
1, 103371.0,1.0542873134960622,0.4181783897329248,0.5828394163819802,14398.08
2, 103372.0,-0.8145576339321208,0.4181783897329248,-0.45558806884120584,18038.4
2, 103373.0,-0.7426789821079599,0.4181783897329248,-0.6675846758256644,9075.84
2, 103374.0,-1.389586848525408,-0.40804340241589926,1.5280886905231,10253.63
0, 103375.0,-0.38328572298715546,1.244400181881749,2.7893107785462448,20711.81
2, 103376.0,-0.8864362857562816,-0.40804340241589926,-0.8812798439496398,10878.38
1, 103377.0,0.6230154025510969,0.4181783897329248,-0.8494924854815389,32420.08
1, 103378.0,0.47925809890277515,-1.2342651945647232,-0.1367034358628664,16444.66
1, 103379.0,0.2636221434302925,-0.40804340241589926,-0.21605050623743863,26068.78
0, 103380.0,1.70119517991351,2.070621974030573,-1.0707502948695535,28172.69
1, 103381.0,0.47925809890277515,0.4181783897329248,-0.14349768042093375,13571.37
0, 103382.0,1.4855592244410276,2.896843766179397,-0.33284680554516777,23959.88
2, 103383.0,-0.7426789821079599,-1.2342651945647232,1.507746398780791,8630.43
1, 103384.0,1.269923268968545,0.4181783897329248,-1.9146925296180617,16908.39
2, 103385.0,-0.38328572298715546,-1.2342651945647232,-1.1233652482626821,9243.42
1, 103386.0,0.9824086616719013,-0.40804340241589926,1.5989833971319811,12374.89
2, 103387.0,-1.2458295448770862,-1.2342651945647232,0.16418453742297323,7840.08
0, 103388.0,-1.4614655003495687,1.244400181881749,-0.34594999147858335,12920.17
2, 103389.0,-1.317708196701247,-0.40804340241589926,-1.5952821515251099,12052.2
1, 103390.0,0.11986483978197071,-0.40804340241589926,1.5565598105759535,11566.97
0, 103391.0,1.269923268968545,1.244400181881749,0.8459546252795168,19025.48
1, 103392.0,1.198044617144384,-1.2342651945647232,0.316812388388129,9717.62
2, 103393.0,-0.9583149375804426,-0.40804340241589926,0.16915889504584397,17302.22
2, 103394.0,-1.1739508930529252,0.4181783897329248,0.18865190621839434,28352.5
1, 103395.0,0.47925809890277515,-1.2342651945647232,-0.45037105962697555,7890.12
0, 103396.0,1.0542873134960622,1.244400181881749,0.051796408691609216,17534.66
2, 103397.0,-0.5270430266354773,0.4181783897329248,0.882797225234275,34955.11
0, 103398.0,0.6948940543752578,2.896843766179397,-0.8921182816970329,14027.95
0, 103399.0,0.04798618795780982,0.4181783897329248,0.7504712240795347,10672.47
0, 103400.0,-0.23952841933883373,0.4181783897329248,-1.7851165798320632,9149.91
0, 103401.0,0.33550079525445337,0.4181783897329248,1.375743933081197,34447.03
1, 103402.0,1.70119517991351,0.4181783897329248,0.3286214325009603,12046.22
2, 103403.0,-0.8864362857562816,-0.40804340241589926,0.06032965632108666,17076.15
1, 103404.0,0.2636221434302925,-0.40804340241589926,-1.2714231609238997,19525.25
2, 103405.0,-0.5989216784596382,-0.40804340241589926,0.7678612547936357,11246.6
2, 103406.0,-0.9583149375804426,-0.40804340241589926,-0.08586792747304106,15764.07
1, 103407.0,1.1261659653202232,-0.40804340241589926,0.02607534000749712,31232.2
0, 103408.0,-0.3114070711629946,2.070621974030573,0.9983802665852063,12238.28
1, 103409.0,0.47925809890277515,0.4181783897329248,-1.3977637561584377,15484.51
2, 103410.0,-0.9583149375804426,-1.2342651945647232,1.3968141795975844,14187.17
1, 103411.0,1.6293165280893493,0.4181783897329248,-0.4229918717352399,27242.01
2, 103412.0,-1.389586848525408,-1.2342651945647232,0.555541112354031,17071.93
1, 103413.0,0.40737944707861423,-1.2342651945647232,1.316051641606748,30662.14
2, 103414.0,-0.9583149375804426,-0.40804340241589926,0.10206573003492893,19595.22
1, 103415.0,0.7667727061994186,-0.40804340241589926,-1.0940448476400702,13685.49
2, 103416.0,-0.3114070711629946,-0.40804340241589926,0.3065805796191347,8734.3
1, 103417.0,0.33550079525445337,-0.40804340241589926,-0.17172614888242782,12092.72
2, 103418.0,-0.9583149375804426,0.4181783897329248,0.4359543197456671,6855.46
1, 103419.0,1.4855592244410276,-1.2342651945647232,0.5757620783006601,18911.08
2, 103420.0,-0.16764976751467284,-1.2342651945647232,-0.6370105753143613,22945.16
2, 103421.0,-0.3114070711629946,-1.2342651945647232,0.7308568871113046,15077.2
2, 103422.0,-0.4551643748113164,-0.40804340241589926,-0.7707520440853656,21969.53
2, 103423.0,-1.4614655003495687,0.4181783897329248,-0.9740536357127736,9475.89
1, 103424.0,0.6948940543752578,-1.2342651945647232,-0.6253228569972097,10335.18
1, 103425.0,0.11986483978197071,-1.2342651945647232,-0.7183393003517031,13785.93
2, 103426.0,-1.0301935894046035,0.4181783897329248,0.9794130005272683,13105.56
1, 103427.0,1.4855592244410276,-0.40804340241589926,-0.25588580915229775,33898.12
1, 103428.0,1.198044617144384,0.4181783897329248,0.30192975745141004,30615.86
2, 103429.0,-0.5270430266354773,-0.40804340241589926,0.901319630041387,15190.75
0, 103430.0,0.2636221434302925,0.4181783897329248,0.33391932557897713,15502.75
1, 103431.0,-0.023892463866351063,-1.2342651945647232,-1.0470917647119975,10235.91
1, 103432.0,0.8386513580235796,0.4181783897329248,-0.35674798729408325,14463.85
2, 103433.0,-1.389586848525408,-1.2342651945647232,0.21558623285930417,14072.49
2, 103434.0,-1.1020722412287642,0.4181783897329248,-0.1660642784173717,13585.23
0, 103435.0,1.5574378762651884,2.896843766179397,-1.269724599784383,24245.38
1, 103436.0,0.47925809890277515,-0.40804340241589926,1.1425557537846711,10699.27
1, 103437.0,1.6293165280893493,0.4181783897329248,-0.9126223411669147,22413.21
2, 103438.0,-0.5270430266354773,-1.2342651945647232,-1.9146925296180617,18789.29
2, 103439.0,-0.4551643748113164,0.4181783897329248,0.21138027194240536,11427.42
1, 103440.0,0.551136750726936,-0.40804340241589926,-0.11441993138968122,24854.17
1, 103441.0,0.7667727061994186,-1.2342651945647232,1.3521662867874273,10722.26
0, 103442.0,-1.389586848525408,1.244400181881749,-0.2664411533764381,10332.92
2, 103443.0,-1.317708196701247,0.4181783897329248,-0.2522864772137978,20460.97
2, 103444.0,-0.4551643748113164,0.4181783897329248,-0.603565097638637,21763.31
1, 103445.0,0.9824086616719013,-1.2342651945647232,1.133901180359514,15852.66
2, 103446.0,-1.6052228039978906,-0.40804340241589926,-0.553093566635851,6218.03
2, 103447.0,-1.5333441521737297,-1.2342651945647232,0.05486999551549683,16830.74
2, 103448.0,-0.8864362857562816,-1.2342651945647232,0.7352246157557765,15492.91
2, 103449.0,-0.09577111569051194,-1.2342651945647232,-0.5310122718221321,13875.84
1, 103450.0,0.33550079525445337,-0.40804340241589926,-1.5520901682631105,28961.62
2, 103451.0,-0.023892463866351063,-0.40804340241589926,0.8200313469359385,12806.72
2, 103452.0,-0.8145576339321208,0.4181783897329248,-1.3830024510173986,13563.27
2, 103453.0,-0.5270430266354773,0.4181783897329248,-0.618933031758075,23059.76
0, 103454.0,0.6948940543752578,1.244400181881749,-0.8343672029534605,20955.24
1, 103455.0,0.9105300098477405,0.4181783897329248,0.9550265155956338,29524.68
1, 103456.0,0.6230154025510969,-0.40804340241589926,0.5200735380836438,12665.88
2, 103457.0,-0.5270430266354773,0.4181783897329248,-0.8249442328223313,6410.25
0, 103458.0,1.6293165280893493,2.896843766179397,0.29161706481862926,18210.69
1, 103459.0,0.6948940543752578,-1.2342651945647232,0.5094777519276101,28788.86
1, 103460.0,1.3418019207927057,-0.40804340241589926,0.918871428483061,15335.34
0, 103461.0,0.2636221434302925,1.244400181881749,-1.1041957725452778,17562.63
2, 103462.0,-1.317708196701247,-0.40804340241589926,2.178435397298582,14378.01
1, 103463.0,1.4136805726168666,-0.40804340241589926,-1.1063796368675138,19707.64
2, 103464.0,-1.6771014558220514,0.4181783897329248,0.6416824272866707,20319.57
1, 103465.0,1.198044617144384,0.4181783897329248,1.7991709600036083,15759.09
0, 103466.0,-0.23952841933883373,0.4181783897329248,-0.7001404309997371,16265.52
1, 103467.0,1.1261659653202232,-0.40804340241589926,0.17562960414876527,18450.73
1, 103468.0,0.47925809890277515,-0.40804340241589926,1.491933603410527,28494.79
1, 103469.0,0.6948940543752578,-1.2342651945647232,-1.1391780436329462,20398.37
2, 103470.0,-0.8145576339321208,0.4181783897329248,0.44727806067577935,27774.52
0, 103471.0,-1.317708196701247,1.244400181881749,0.7685892095677143,17932.6
1, 103472.0,1.4136805726168666,-0.40804340241589926,1.6854078055878734,17508.98
1, 103473.0,1.3418019207927057,0.4181783897329248,-1.9146925296180617,25567.19
1, 103474.0,0.6948940543752578,-0.40804340241589926,0.4615136207022062,17045.48
2, 103475.0,-0.7426789821079599,0.4181783897329248,0.6178621294015416,23867.58
0, 103476.0,1.4136805726168666,1.244400181881749,-1.6337828706874915,19434.18
2, 103477.0,-1.1020722412287642,0.4181783897329248,-1.412201525844331,13535.62
1, 103478.0,0.6230154025510969,0.4181783897329248,-0.27719870726004475,11895.11
0, 103479.0,1.3418019207927057,1.244400181881749,-0.19154269551012426,13675.04
2, 103480.0,-0.8864362857562816,0.4181783897329248,-0.32354516120971843,10669.85
2, 103481.0,-0.9583149375804426,-0.40804340241589926,-0.3409351919238194,30255.05
1, 103482.0,0.6948940543752578,-0.40804340241589926,0.3990712778590158,17174.25
1, 103483.0,1.70119517991351,-0.40804340241589926,-1.0745113945356266,13984.05
0, 103484.0,0.40737944707861423,1.244400181881749,-1.002322546106161,22833.08
2, 103485.0,-0.670800330283799,0.4181783897329248,0.3496512370854545,12392.45
2, 103486.0,-0.8864362857562816,0.4181783897329248,-0.1539316988493943,31049.8
2, 103487.0,-0.670800330283799,-0.40804340241589926,-1.9146925296180617,18533.19
1, 103488.0,0.47925809890277515,-1.2342651945647232,0.7207868460698833,15048.53
0, 103489.0,1.0542873134960622,1.244400181881749,-0.839624654099584,17590.65
1, 103490.0,1.4136805726168666,0.4181783897329248,2.1069340617113017,33458.81
2, 103491.0,-1.1020722412287642,0.4181783897329248,0.5419930651697896,12751.62
2, 103492.0,-0.16764976751467284,0.4181783897329248,1.865293518649085,16719.83
2, 103493.0,-1.4614655003495687,-0.40804340241589926,-1.093236009002205,9678.7
0, 103494.0,1.3418019207927057,1.244400181881749,1.1222134620423623,15053.61
2, 103495.0,-0.5989216784596382,-0.40804340241589926,-1.3931533759226065,9543.23
0, 103496.0,-1.5333441521737297,1.244400181881749,1.7756741975736254,13756.59
1, 103497.0,1.198044617144384,-0.40804340241589926,-0.7419169466454726,33193.69
1, 103498.0,1.70119517991351,0.4181783897329248,-1.9146925296180617,18388.36
0, 103499.0,-0.09577111569051194,1.244400181881749,0.10979013902654121,14535.11
1, 103500.0,0.551136750726936,-1.2342651945647232,1.4631793898344208,18114.36
2, 103501.0,-1.1739508930529252,-0.40804340241589926,-0.402164276810212,24107.89
2, 103502.0,-0.5270430266354773,-0.40804340241589926,0.9193567316657801,23284.59
0, 103503.0,0.11986483978197071,0.4181783897329248,0.49762826588288556,18847.94
2, 103504.0,-0.4551643748113164,-0.40804340241589926,1.1394821669607835,23663.28
2, 103505.0,-1.317708196701247,-1.2342651945647232,-0.3682334959517685,8490.95
1, 103506.0,1.3418019207927057,0.4181783897329248,0.4894185537085542,13835.35
1, 103507.0,1.5574378762651884,-0.40804340241589926,-1.2602207457894674,17759.19
2, 103508.0,-0.8864362857562816,-1.2342651945647232,-0.24601797777034282,14280.48
0, 103509.0,0.8386513580235796,1.244400181881749,-0.7139715717072314,41300.28
1, 103510.0,1.3418019207927057,-0.40804340241589926,-0.771439556927551,26730.43
2, 103511.0,-0.4551643748113164,-1.2342651945647232,-0.006965718349294678,21595.11
0, 103512.0,-0.09577111569051194,2.896843766179397,-1.9146925296180617,14293.99
2, 103513.0,-1.4614655003495687,-0.40804340241589926,0.9542176769577686,11856.06
1, 103514.0,1.6293165280893493,-1.2342651945647232,-1.8948759829903654,15796.57
0, 103515.0,-0.38328572298715546,0.4181783897329248,-0.4863643790119752,20421.9
1, 103516.0,0.9824086616719013,-0.40804340241589926,0.5204779574025764,25740.02
2, 103517.0,-0.38328572298715546,-1.2342651945647232,-0.44333416347754867,20727.67
1, 103518.0,0.551136750726936,-0.40804340241589926,-0.07151104165093447,12742.5
2, 103519.0,-1.5333441521737297,-1.2342651945647232,0.6831758494091533,21310.76
0, 103520.0,0.9824086616719013,2.070621974030573,-0.6834783550597148,16203.25
2, 103521.0,-1.6771014558220514,-1.2342651945647232,0.03295046842935098,13854.04
2, 103522.0,-0.16764976751467284,-1.2342651945647232,0.3741994897446621,15666.48
2, 103523.0,0.11986483978197071,-0.40804340241589926,2.717526349435712,15644.65
1, 103524.0,-0.023892463866351063,-0.40804340241589926,-0.6379811816797994,12380.7
2, 103525.0,-0.8145576339321208,-0.40804340241589926,0.602089775963171,14303.17
1, 103526.0,0.9105300098477405,-1.2342651945647232,-0.23699942695814627,23908.99
1, 103527.0,0.6948940543752578,-1.2342651945647232,-0.5405161258170477,10849.25
0, 103528.0,-0.16764976751467284,0.4181783897329248,-0.5166553860000255,16092.55
0, 103529.0,-0.23952841933883373,0.4181783897329248,0.4966172175855541,11043.99
2, 103530.0,0.04798618795780982,-1.2342651945647232,0.6789294465603612,12848.92
1, 103531.0,0.47925809890277515,-0.40804340241589926,-1.4063374457198086,12790.82
0, 103532.0,-0.7426789821079599,1.244400181881749,0.5299009275337054,23604.69
0, 103533.0,-0.38328572298715546,2.070621974030573,-0.1374718325688383,12454.65
2, 103534.0,-0.9583149375804426,-0.40804340241589926,-0.8132160725732864,28470.21
2, 103535.0,-1.6771014558220514,-0.40804340241589926,-0.23141844035687667,13532.35
1, 103536.0,1.6293165280893493,-1.2342651945647232,0.1468753905726588,7013.86
1, 103537.0,0.11986483978197071,-0.40804340241589926,-0.8162492174652808,8891.01
1, 103538.0,0.2636221434302925,-1.2342651945647232,1.5000219897891787,16270.05
2, 103539.0,-0.5270430266354773,0.4181783897329248,2.410005899319377,37733.63
1, 103540.0,1.6293165280893493,0.4181783897329248,-1.18354284291985,23075.06
2, 103541.0,-0.8145576339321208,-1.2342651945647232,-1.862198902020613,7924.84
1, 103542.0,1.5574378762651884,-0.40804340241589926,1.3563722477043263,16149.16
0, 103543.0,0.47925809890277515,2.896843766179397,-1.9146925296180617,20467.33
2, 103544.0,-0.09577111569051194,-0.40804340241589926,0.9832954259890211,11002.49
1, 103545.0,0.04798618795780982,-0.40804340241589926,0.2878964070844495,10583.21
2, 103546.0,-1.1020722412287642,-1.2342651945647232,0.6611349965273278,13786.1
1, 103547.0,1.1261659653202232,0.4181783897329248,-1.2206280944659678,20343.89
2, 103548.0,-1.6771014558220514,-0.40804340241589926,-0.8797026086058026,24353.36
1, 103549.0,1.198044617144384,0.4181783897329248,0.5675523661263286,18160.44
2, 103550.0,-0.3114070711629946,-1.2342651945647232,1.222913872456575,9791.34
0, 103551.0,1.6293165280893493,1.244400181881749,0.5584529314503457,17552.2
2, 103552.0,-0.23952841933883373,-1.2342651945647232,-0.713769362047765,6111.92
2, 103553.0,-1.0301935894046035,-0.40804340241589926,-0.7414720853946467,10948.65
0, 103554.0,-0.38328572298715546,1.244400181881749,1.0421788788256048,18621.7
1, 103555.0,1.4136805726168666,0.4181783897329248,-0.27436777202751667,12802.6
2, 103556.0,-1.2458295448770862,0.4181783897329248,-0.8669634000594264,14285.08
2, 103557.0,-1.5333441521737297,0.4181783897329248,0.48484861540461605,31552.27
0, 103558.0,-0.5270430266354773,1.244400181881749,-0.30607424663183097,23048.17
2, 103559.0,-0.16764976751467284,-1.2342651945647232,1.3441587842725624,20081.43
2, 103560.0,-1.6771014558220514,0.4181783897329248,1.756019418673502,18362.18
2, 103561.0,-1.1020722412287642,-0.40804340241589926,-0.21734464805802287,8053.16
1, 103562.0,0.40737944707861423,-0.40804340241589926,-0.8614632973219433,20020.63
2, 103563.0,-0.023892463866351063,-1.2342651945647232,-0.04485980853327744,23415.93
2, 103564.0,-1.5333441521737297,-0.40804340241589926,-0.003770805729727295,13964.48
1, 103565.0,0.9824086616719013,0.4181783897329248,-1.8549597962117197,22183.41
0, 103566.0,0.04798618795780982,0.4181783897329248,1.2542968116057431,10972.05
0, 103567.0,-0.38328572298715546,0.4181783897329248,-0.4366208027832678,26314.93
2, 103568.0,-0.8864362857562816,-1.2342651945647232,-1.9146925296180617,10232.67
2, 103569.0,-0.9583149375804426,0.4181783897329248,-0.856408055835286,11720.94
1, 103570.0,0.551136750726936,-1.2342651945647232,-0.9554907889737682,9317.82
1, 103571.0,0.8386513580235796,0.4181783897329248,2.571369207573477,14677.16
1, 103572.0,1.5574378762651884,-1.2342651945647232,-0.8907432560126621,13502.91
2, 103573.0,-1.6771014558220514,-1.2342651945647232,0.1284743115612264,6871.89
2, 103574.0,-0.23952841933883373,-1.2342651945647232,-0.4817539987761438,22042.19
2, 103575.0,-1.6771014558220514,0.4181783897329248,-1.5567005484989418,13393.13
2, 103576.0,-1.2458295448770862,-1.2342651945647232,0.3373568897899041,35264.29
1, 103577.0,0.9824086616719013,-0.40804340241589926,-0.17884392889564124,9524.75
2, 103578.0,-1.5333441521737297,-1.2342651945647232,0.8413038031117922,10215.61
1, 103579.0,0.40737944707861423,-0.40804340241589926,0.37270313826461154,16045.35
0, 103580.0,-1.6771014558220514,1.244400181881749,0.4787014417568408,10077.65
2, 103581.0,-0.8864362857562816,-0.40804340241589926,-0.35444279717616756,9623.31
0, 103582.0,0.11986483978197071,2.070621974030573,0.5364929624323065,14921.11
1, 103583.0,0.11986483978197071,-0.40804340241589926,-1.1424538401163,21525.27
1, 103584.0,0.40737944707861423,-0.40804340241589926,-1.9146925296180617,9087.82
2, 103585.0,-0.38328572298715546,-1.2342651945647232,0.09899214321104133,23925.14
2, 103586.0,-1.2458295448770862,0.4181783897329248,-0.20088478177746685,13935.79
2, 103587.0,-0.9583149375804426,-1.2342651945647232,-1.7901718213187203,20483.77
1, 103588.0,0.9824086616719013,-1.2342651945647232,0.4186451728953527,12408.8
0, 103589.0,0.11986483978197071,0.4181783897329248,-0.7593069773595735,31127.38
2, 103590.0,-1.1739508930529252,-0.40804340241589926,-0.475364173537009,11502.47
2, 103591.0,-0.23952841933883373,-1.2342651945647232,-1.7279721300668895,39168.37
2, 103592.0,-0.5989216784596382,0.4181783897329248,-0.3016256341235726,44709.66
2, 103593.0,-1.2458295448770862,-0.40804340241589926,-0.7041037403252763,15690.55
2, 103594.0,-0.5989216784596382,-1.2342651945647232,1.0051745111432737,15076.09
2, 103595.0,-1.389586848525408,-0.40804340241589926,-0.04785251149337853,15618.96
2, 103596.0,-1.2458295448770862,-0.40804340241589926,-1.847316271083894,12506.99
0, 103597.0,0.40737944707861423,1.244400181881749,-1.3612042497269325,20223.14
0, 103598.0,0.19174349160613158,0.4181783897329248,-0.3093096011832916,30117.16
1, 103599.0,1.6293165280893493,0.4181783897329248,0.21696125854367496,37523.19
2, 103600.0,-1.1739508930529252,-0.40804340241589926,-1.6038962830183738,26519.16
1, 103601.0,0.9824086616719013,-1.2342651945647232,-0.5575421791441093,15595.56
2, 103602.0,-0.38328572298715546,0.4181783897329248,0.5459968164272222,9449.25
1, 103603.0,0.11986483978197071,-0.40804340241589926,-0.1558729115802707,32740.52
2, 103604.0,-1.1020722412287642,-0.40804340241589926,0.07428212282426068,26624.05
2, 103605.0,-0.670800330283799,-0.40804340241589926,1.2870952183711752,16187.66
2, 103606.0,-1.317708196701247,-1.2342651945647232,0.3046798088201516,9628.86
2, 103607.0,-1.2458295448770862,-0.40804340241589926,0.3870600240867182,15445.12
1, 103608.0,0.7667727061994186,-0.40804340241589926,0.06955041679274948,7104.04
1, 103609.0,0.2636221434302925,-0.40804340241589926,2.371222086633743,21196.47
0, 103610.0,0.33550079525445337,0.4181783897329248,-0.6959344700828383,9568.15
0, 103611.0,-0.09577111569051194,0.4181783897329248,0.6005529825512272,31251.97
1, 103612.0,1.4855592244410276,-1.2342651945647232,-1.3597887821106684,19609.18
1, 103613.0,0.47925809890277515,0.4181783897329248,1.5545377139812906,9406.68
1, 103614.0,1.70119517991351,0.4181783897329248,-1.6751954089461878,25098.25
1, 103615.0,1.70119517991351,-0.40804340241589926,1.6406385869820368,24497.68
0, 103616.0,-1.1020722412287642,2.896843766179397,-0.5838698768066203,15197.17
1, 103617.0,0.551136750726936,0.4181783897329248,-1.2691584127378774,17976.27
1, 103618.0,1.198044617144384,-0.40804340241589926,-0.023991771676356303,25990.06
0, 103619.0,-0.3114070711629946,0.4181783897329248,-1.747020279988614,8059.52
2, 103620.0,-0.8145576339321208,-1.2342651945647232,2.200193156657155,17411.71
0, 103621.0,0.11986483978197071,2.896843766179397,-0.2968939280920614,28171.44
2, 103622.0,-0.5989216784596382,0.4181783897329248,0.4201819663072965,31065.65
1, 103623.0,1.269923268968545,-0.40804340241589926,-0.14875513156705727,14296.5
2, 103624.0,-1.6052228039978906,0.4181783897329248,-0.9710204908207792,23771.94
1, 103625.0,0.19174349160613158,-1.2342651945647232,-1.431492327357415,11130.11
1, 103626.0,0.47925809890277515,-0.40804340241589926,0.15512554467888345,20060.89
2, 103627.0,-0.8864362857562816,0.4181783897329248,0.4413735386193637,11202.16
1, 103628.0,1.0542873134960622,-0.40804340241589926,-1.0932764509340982,16437.97
1, 103629.0,0.11986483978197071,-1.2342651945647232,-0.12355980799755753,32758.73
1, 103630.0,0.19174349160613158,-1.2342651945647232,-1.9146925296180617,16834.76
0, 103631.0,0.33550079525445337,0.4181783897329248,0.9691003078944875,14570.86
1, 103632.0,1.6293165280893493,-1.2342651945647232,1.0884848908433853,17275.58
2, 103633.0,-1.5333441521737297,-0.40804340241589926,0.41407523459141454,14293.0
0, 103634.0,0.33550079525445337,0.4181783897329248,-0.7993040480020057,22484.31
0, 103635.0,0.6230154025510969,2.070621974030573,1.3899794931076237,9221.7
2, 103636.0,-0.8864362857562816,-0.40804340241589926,0.2741057083088485,27625.53
2, 103637.0,-0.7426789821079599,-0.40804340241589926,0.6384875146671033,7092.19
2, 103638.0,-0.5270430266354773,-1.2342651945647232,-0.2641359632585224,35256.32
1, 103639.0,0.9105300098477405,0.4181783897329248,0.9585045217384539,12262.66
0, 103640.0,1.4855592244410276,1.244400181881749,-0.38918241667247616,13206.62
2, 103641.0,-1.6771014558220514,-0.40804340241589926,1.259635146615653,12365.43
0, 103642.0,-0.23952841933883373,1.244400181881749,0.45443628262088603,11426.54
1, 103643.0,1.4136805726168666,0.4181783897329248,-1.9146925296180617,15622.3
0, 103644.0,-0.023892463866351063,0.4181783897329248,0.9206104315544712,12315.48
0, 103645.0,1.4855592244410276,2.896843766179397,0.8164320149974386,14128.59
2, 103646.0,-1.4614655003495687,-1.2342651945647232,-0.16286936579780434,8311.89
2, 103647.0,-1.389586848525408,-0.40804340241589926,-0.2412053878750451,12117.06
0, 103648.0,0.47925809890277515,1.244400181881749,-1.8338086658315458,22102.14
2, 103649.0,-1.1020722412287642,-0.40804340241589926,1.0841576041308065,17502.09
1, 103650.0,1.6293165280893493,-1.2342651945647232,-0.9308212105188808,18203.46
1, 103651.0,1.1261659653202232,0.4181783897329248,-0.7467699784726636,31344.92
2, 103652.0,-0.670800330283799,0.4181783897329248,0.8046229708846072,37004.0
2, 103653.0,-1.4614655003495687,-1.2342651945647232,2.284231491131345,19283.78
1, 103654.0,0.9824086616719013,-1.2342651945647232,-0.519405437368767,8246.05
2, 103655.0,-1.6052228039978906,0.4181783897329248,0.2280827898143209,13764.63
2, 103656.0,-0.23952841933883373,-1.2342651945647232,-0.4730994253509866,5888.11
0, 103657.0,0.9824086616719013,1.244400181881749,-1.4337570755434375,29552.14
2, 103658.0,-0.4551643748113164,0.4181783897329248,2.2801872979420192,16065.21
2, 103659.0,-1.317708196701247,-0.40804340241589926,-0.2598086765459438,13282.38
0, 103660.0,0.33550079525445337,0.4181783897329248,-0.18632568629589397,25171.51
2, 103661.0,-0.3114070711629946,-0.40804340241589926,-0.018693878598339504,16032.29
2, 103662.0,-1.1739508930529252,-0.40804340241589926,-0.46723534522646415,18842.04
2, 103663.0,-0.8145576339321208,-1.2342651945647232,0.4777712773232959,16682.86
2, 103664.0,-0.3114070711629946,-0.40804340241589926,0.538919478345902,8600.89
2, 103665.0,-0.38328572298715546,0.4181783897329248,1.015244552184695,10371.09
1, 103666.0,0.04798618795780982,-0.40804340241589926,0.14558124875207457,18505.65
2, 103667.0,-0.23952841933883373,-0.40804340241589926,1.4643926477912184,5750.73
2, 103668.0,-1.1020722412287642,0.4181783897329248,0.06073407564001924,16004.92
1, 103669.0,0.6948940543752578,-1.2342651945647232,-0.7650092897565229,16700.14
2, 103670.0,-1.389586848525408,0.4181783897329248,-0.3841271751858189,17759.59
1, 103671.0,0.11986483978197071,-1.2342651945647232,0.36886115473475206,15595.45
1, 103672.0,1.5574378762651884,-1.2342651945647232,-0.747457491314849,16375.98
2, 103673.0,-0.9583149375804426,-1.2342651945647232,-0.4030135573799704,13881.75
1, 103674.0,0.6948940543752578,0.4181783897329248,-0.3641488608305495,25248.5
0, 103675.0,1.0542873134960622,1.244400181881749,-1.1456891946677605,21534.93
0, 103676.0,-0.38328572298715546,0.4181783897329248,-0.4056422829530322,12056.26
1, 103677.0,1.5574378762651884,-1.2342651945647232,-0.33434315702521833,20184.66
1, 103678.0,1.0542873134960622,-1.2342651945647232,-0.6153741417514683,7292.4
0, 103679.0,-0.023892463866351063,1.244400181881749,1.2252595045063839,28711.85
0, 103680.0,-1.6052228039978906,2.896843766179397,-0.0633013294766031,13115.17
2, 103681.0,-0.7426789821079599,-0.40804340241589926,0.3681331999606734,10518.68
1, 103682.0,0.9105300098477405,-1.2342651945647232,-1.142170746593047,22783.69
2, 103683.0,-1.2458295448770862,-0.40804340241589926,-0.5330748103486882,12585.19
0, 103684.0,-1.1020722412287642,1.244400181881749,-0.6803238843720406,19208.84
2, 103685.0,-0.4551643748113164,-1.2342651945647232,-0.5086478834851603,17449.49
2, 103686.0,-0.4551643748113164,-1.2342651945647232,-0.987439915169442,17509.34
2, 103687.0,-1.1739508930529252,-1.2342651945647232,0.6274064253283506,5950.81
0, 103688.0,0.11986483978197071,2.070621974030573,1.656006521101475,18598.62
0, 103689.0,0.7667727061994186,2.070621974030573,-1.012675680670835,18442.71
0, 103690.0,1.1261659653202232,2.070621974030573,-1.9146925296180617,27645.86
0, 103691.0,-1.0301935894046035,1.244400181881749,0.26144738362625874,13103.67
1, 103692.0,0.551136750726936,-0.40804340241589926,-0.030664690438743876,33440.2
1, 103693.0,0.9105300098477405,0.4181783897329248,2.5416848295638252,12836.32
0, 103694.0,0.7667727061994186,2.070621974030573,0.9917073478228188,15789.28
0, 103695.0,0.2636221434302925,1.244400181881749,-0.5774396096355923,29482.67
0, 103696.0,-0.5270430266354773,2.070621974030573,0.8072516964576689,9688.38
0, 103697.0,-0.8145576339321208,1.244400181881749,0.9556735865059258,16766.79
1, 103698.0,0.9105300098477405,0.4181783897329248,-0.889327788396398,28660.92
2, 103699.0,-0.4551643748113164,-0.40804340241589926,-0.9978739335979026,15115.51
2, 103700.0,-1.4614655003495687,-0.40804340241589926,-0.8037526605102641,12747.38
2, 103701.0,-0.8864362857562816,-1.2342651945647232,-1.8218782959230346,18026.33
2, 103702.0,-0.23952841933883373,-0.40804340241589926,0.3757767250884992,24595.34
1, 103703.0,0.9105300098477405,-1.2342651945647232,-1.5255198190092398,15613.26
2, 103704.0,-0.09577111569051194,-0.40804340241589926,0.7706921900261637,16267.14
1, 103705.0,1.70119517991351,-0.40804340241589926,0.47279691970042514,31783.13
1, 103706.0,1.70119517991351,0.4181783897329248,-1.6474118017355195,11299.52
1, 103707.0,1.6293165280893493,0.4181783897329248,-1.4218671475668196,23199.58
0, 103708.0,-0.16764976751467284,0.4181783897329248,-0.6029989105921313,27673.55
0, 103709.0,-1.2458295448770862,1.244400181881749,0.33759954138126363,7332.92
2, 103710.0,-1.2458295448770862,-0.40804340241589926,0.6631166511900973,30868.38
0, 103711.0,-0.7426789821079599,1.244400181881749,0.43292117485367276,22644.86
1, 103712.0,0.40737944707861423,-0.40804340241589926,-0.7223834935410289,17456.33
2, 103713.0,-0.4551643748113164,-0.40804340241589926,0.6517120263961986,12531.18
1, 103714.0,1.3418019207927057,-0.40804340241589926,3.2348595422142683,12036.85
0, 103715.0,-1.6052228039978906,1.244400181881749,1.0051340692113804,25067.52
0, 103716.0,1.4855592244410276,1.244400181881749,-0.37514906630551564,31069.26
1, 103717.0,0.9824086616719013,-1.2342651945647232,1.286893008711709,27768.7
1, 103718.0,1.4855592244410276,-0.40804340241589926,1.1207979944260984,16297.05
0, 103719.0,0.11986483978197071,0.4181783897329248,-0.604050400821356,17585.24
1, 103720.0,0.2636221434302925,-1.2342651945647232,1.8226272805016979,13025.26
2, 103721.0,-1.2458295448770862,-0.40804340241589926,-0.29402255092764007,29234.71
1, 103722.0,1.6293165280893493,0.4181783897329248,2.7337840060568013,13628.9
1, 103723.0,1.4855592244410276,-0.40804340241589926,0.4635357172968691,11870.13
0, 103724.0,0.11986483978197071,0.4181783897329248,0.7544345334050739,12324.27
2, 103725.0,-1.317708196701247,-0.40804340241589926,-1.6356836414864748,9049.2
1, 103726.0,0.47925809890277515,-1.2342651945647232,-1.6294960259068063,29431.09
2, 103727.0,-1.1739508930529252,-0.40804340241589926,-0.4482276372366329,10364.99
2, 103728.0,-1.6052228039978906,-0.40804340241589926,0.40210442275101016,9705.04
2, 103729.0,-1.4614655003495687,-0.40804340241589926,-1.0982912504888622,11290.32
2, 103730.0,-0.670800330283799,-0.40804340241589926,-1.443544023061606,24147.67
1, 103731.0,1.269923268968545,-0.40804340241589926,-0.7732998857946408,11096.49
2, 103732.0,-0.9583149375804426,0.4181783897329248,0.8189798567067138,15935.93
0, 103733.0,1.70119517991351,2.070621974030573,0.7304120258604787,14416.73
0, 103734.0,-0.09577111569051194,0.4181783897329248,0.26233710612791045,17136.58
1, 103735.0,0.6230154025510969,-0.40804340241589926,0.8103252832815565,24264.69
2, 103736.0,-0.23952841933883373,0.4181783897329248,1.6220352983111381,7959.16
2, 103737.0,-0.16764976751467284,-1.2342651945647232,0.6039905467621541,21239.94
0, 103738.0,1.5574378762651884,1.244400181881749,0.41836207937209985,22894.16
2, 103739.0,-0.8864362857562816,0.4181783897329248,-0.5715755295110698,16496.85
1, 103740.0,0.11986483978197071,-1.2342651945647232,-0.5318211104599972,38460.02
0, 103741.0,-0.16764976751467284,0.4181783897329248,0.5254927569573403,17384.36
0, 103742.0,0.19174349160613158,1.244400181881749,-1.9146925296180617,11796.41
2, 103743.0,-0.5270430266354773,-1.2342651945647232,1.7444934680839235,21905.1
2, 103744.0,-1.1020722412287642,0.4181783897329248,-0.1404645355289394,6287.72
0, 103745.0,-0.09577111569051194,1.244400181881749,2.61249865230892,19803.23
0, 103746.0,1.6293165280893493,1.244400181881749,-0.6826290744899564,20832.02
2, 103747.0,-1.389586848525408,-0.40804340241589926,-1.9146925296180617,11146.0
2, 103748.0,-1.389586848525408,-0.40804340241589926,-1.6434889343418735,9185.28
2, 103749.0,-1.1739508930529252,0.4181783897329248,-1.1533731617274796,18726.26
0, 103750.0,-0.023892463866351063,0.4181783897329248,-0.5377660744483062,32304.49
2, 103751.0,-0.23952841933883373,-1.2342651945647232,-0.5807962899827327,8218.01
0, 103752.0,-1.389586848525408,1.244400181881749,-1.228190735730007,27404.45
0, 103753.0,-0.38328572298715546,2.070621974030573,-0.8947874492019879,7293.36
0, 103754.0,0.33550079525445337,1.244400181881749,-0.7027691565727988,14971.29
2, 103755.0,-0.16764976751467284,-0.40804340241589926,0.3739163962214093,24143.63
1, 103756.0,1.0542873134960622,-1.2342651945647232,0.4197775469883639,24178.29
1, 103757.0,0.47925809890277515,0.4181783897329248,0.8709881811214436,14699.22
2, 103758.0,-1.6771014558220514,-0.40804340241589926,-1.6636694583566092,29033.54
0, 103759.0,-0.38328572298715546,0.4181783897329248,-1.5486930459840766,12980.64
2, 103760.0,-1.389586848525408,0.4181783897329248,0.17320308823516978,20478.48
2, 103761.0,-1.1020722412287642,-0.40804340241589926,-1.3998667366168873,16164.11
2, 103762.0,-0.9583149375804426,-0.40804340241589926,-0.32403046439243754,10073.48
2, 103763.0,-1.0301935894046035,0.4181783897329248,-1.305475267578023,15986.06
1, 103764.0,1.4136805726168666,-0.40804340241589926,-0.9656012719470827,19930.98
0, 103765.0,0.551136750726936,1.244400181881749,-0.0032855025470081988,23630.92
0, 103766.0,1.70119517991351,1.244400181881749,-1.0909712608161826,21129.49
0, 103767.0,-0.16764976751467284,0.4181783897329248,0.40404563548188654,16931.39
2, 103768.0,-1.6771014558220514,-0.40804340241589926,-0.6937910476924956,16631.16
1, 103769.0,0.8386513580235796,-0.40804340241589926,-1.1536966971826257,29371.34
2, 103770.0,-0.9583149375804426,-0.40804340241589926,0.5300626952612785,14326.08
2, 103771.0,-0.670800330283799,0.4181783897329248,-1.401403530028831,15675.2
0, 103772.0,0.11986483978197071,1.244400181881749,1.1151765658929356,11370.12
1, 103773.0,1.0542873134960622,-0.40804340241589926,-1.278217405481967,32224.68
1, 103774.0,0.33550079525445337,-1.2342651945647232,-1.510151884889802,13137.38
2, 103775.0,-0.9583149375804426,-1.2342651945647232,0.12192271859451861,14589.43
0, 103776.0,-1.317708196701247,2.070621974030573,1.458043264483977,20562.95
1, 103777.0,1.4855592244410276,0.4181783897329248,-0.43969438960715546,13184.87
2, 103778.0,-0.9583149375804426,0.4181783897329248,-1.9146925296180617,38465.29
0, 103779.0,-0.5989216784596382,1.244400181881749,-1.5166630359246165,26343.99
2, 103780.0,-1.0301935894046035,-1.2342651945647232,1.1200295977201264,27074.55
1, 103781.0,0.40737944707861423,-1.2342651945647232,0.12034548325068155,14598.04
1, 103782.0,0.9824086616719013,0.4181783897329248,-0.5729101132635473,20012.79
0, 103783.0,-1.2458295448770862,1.244400181881749,-0.014407033817654152,23439.17
2, 103784.0,-0.8145576339321208,0.4181783897329248,0.3436658311652523,19267.8
1, 103785.0,0.47925809890277515,0.4181783897329248,-1.1674065120944401,13101.73
0, 103786.0,0.40737944707861423,1.244400181881749,-0.40046571567069517,17333.81
0, 103787.0,0.19174349160613158,2.070621974030573,-1.6146133949700874,12518.46
2, 103788.0,-1.1739508930529252,0.4181783897329248,0.15921017980010252,12733.34
2, 103789.0,-1.4614655003495687,0.4181783897329248,0.935776156014443,14233.55
1, 103790.0,1.4136805726168666,-1.2342651945647232,-0.5234496305580928,25031.81
2, 103791.0,-0.9583149375804426,-0.40804340241589926,0.09547369513632788,14271.09
0, 103792.0,-0.38328572298715546,1.244400181881749,-0.17653873877772552,16738.07
1, 103793.0,1.3418019207927057,-1.2342651945647232,-0.8638089293717522,24123.73
0, 103794.0,0.04798618795780982,0.4181783897329248,2.1991012244960366,5481.73
2, 103795.0,-1.6771014558220514,0.4181783897329248,-0.22563524409614077,10832.85
0, 103796.0,0.33550079525445337,0.4181783897329248,0.5445004649471716,6717.39
1, 103797.0,1.3418019207927057,0.4181783897329248,-0.4877798466282392,13843.38
1, 103798.0,0.9105300098477405,0.4181783897329248,-0.9763588258306893,31284.58
2, 103799.0,-1.0301935894046035,0.4181783897329248,0.7601368458020233,30664.99
1, 103800.0,1.269923268968545,-0.40804340241589926,0.07480786793887303,16210.56
2, 103801.0,-1.5333441521737297,0.4181783897329248,-0.583667667147154,12136.9
1, 103802.0,0.7667727061994186,0.4181783897329248,0.5728502592043455,20183.54
0, 103803.0,-1.2458295448770862,1.244400181881749,-0.05739680742018742,9301.71
2, 103804.0,-1.317708196701247,-0.40804340241589926,-0.8543050753768366,13497.33
1, 103805.0,0.9824086616719013,-1.2342651945647232,0.145338597160715,13131.18
1, 103806.0,0.8386513580235796,-1.2342651945647232,1.1352762060438848,12907.66
2, 103807.0,-0.5270430266354773,-0.40804340241589926,-0.5048463418871941,31869.98
1, 103808.0,1.1261659653202232,0.4181783897329248,0.36396768097566784,30246.86
1, 103809.0,0.47925809890277515,-1.2342651945647232,-0.9089016834327349,25944.5
1, 103810.0,0.19174349160613158,-0.40804340241589926,0.05090668618995754,26010.36
2, 103811.0,-0.16764976751467284,-0.40804340241589926,0.9720930108545887,23516.24
2, 103812.0,-1.2458295448770862,-0.40804340241589926,-1.164413809134339,29278.1
2, 103813.0,-0.8864362857562816,-1.2342651945647232,0.918871428483061,13330.26
2, 103814.0,-0.8145576339321208,0.4181783897329248,-0.21916453499321947,18185.9
1, 103815.0,1.70119517991351,-0.40804340241589926,0.49774959167856536,23787.61
2, 103816.0,-1.6771014558220514,0.4181783897329248,1.2577748177485633,8755.97
1, 103817.0,0.47925809890277515,-0.40804340241589926,0.5264229213908853,6962.14
0, 103818.0,-1.1020722412287642,1.244400181881749,-0.3773329306277516,17563.54
1, 103819.0,1.3418019207927057,0.4181783897329248,-1.9146925296180617,18900.12
2, 103820.0,-1.2458295448770862,0.4181783897329248,-1.3096407865630286,21088.98
0, 103821.0,0.40737944707861423,1.244400181881749,-1.6517795303799914,15198.84
0, 103822.0,1.70119517991351,2.070621974030573,-1.075360675105385,19873.41
0, 103823.0,1.4136805726168666,1.244400181881749,-0.6941954670114281,21239.15
1, 103824.0,0.6948940543752578,-0.40804340241589926,-1.3540055858499327,14782.22
1, 103825.0,0.7667727061994186,-1.2342651945647232,1.0820546236723572,25260.53
1, 103826.0,1.4855592244410276,-0.40804340241589926,-1.2539522463460124,14695.97
1, 103827.0,0.9105300098477405,0.4181783897329248,-0.055334268893631265,30298.03
1, 103828.0,1.269923268968545,-1.2342651945647232,0.8233071434192923,28548.99
2, 103829.0,-0.5270430266354773,-0.40804340241589926,-0.48361432764323364,13398.2
1, 103830.0,1.269923268968545,-1.2342651945647232,0.41569291186714485,19196.96
1, 103831.0,0.6230154025510969,-1.2342651945647232,-0.4197969591156725,23810.15
0, 103832.0,0.9824086616719013,2.070621974030573,0.015964857034182618,32690.5
1, 103833.0,1.70119517991351,-1.2342651945647232,0.5917770833303903,19799.3
2, 103834.0,-1.317708196701247,0.4181783897329248,0.9940529798726278,13779.22
2, 103835.0,-0.4551643748113164,-1.2342651945647232,-0.3021109373062917,9970.84
1, 103836.0,1.269923268968545,0.4181783897329248,-0.037216283405451675,8410.89
1, 103837.0,0.40737944707861423,-0.40804340241589926,-1.1655461832273504,26199.81
2, 103838.0,-0.8145576339321208,0.4181783897329248,-0.30955225277465115,24707.25
1, 103839.0,0.6230154025510969,-0.40804340241589926,-0.9826273252741443,11163.48
1, 103840.0,1.70119517991351,-0.40804340241589926,-0.342916846586589,8627.74
0, 103841.0,1.3418019207927057,2.070621974030573,1.3214304185485513,16538.38
2, 103842.0,-0.5989216784596382,0.4181783897329248,0.5350370528841493,19961.0
2, 103843.0,-0.5989216784596382,-0.40804340241589926,0.27147698273578674,8692.15
0, 103844.0,0.11986483978197071,1.244400181881749,1.1698540578126204,9235.73
0, 103845.0,1.0542873134960622,1.244400181881749,-1.9146925296180617,18616.33
1, 103846.0,1.198044617144384,-0.40804340241589926,0.15350786740315311,27277.73
1, 103847.0,1.6293165280893493,-0.40804340241589926,0.37642379599879133,13063.27
2, 103848.0,-1.6771014558220514,0.4181783897329248,0.06053186598055295,13775.49
1, 103849.0,0.6948940543752578,-1.2342651945647232,-0.04093694113963141,10387.2
2, 103850.0,-0.4551643748113164,-0.40804340241589926,1.0530577585048913,13826.86
0, 103851.0,-0.09577111569051194,2.070621974030573,0.4679034459413409,18576.54
1, 103852.0,0.7667727061994186,-1.2342651945647232,-1.529159592879633,19817.93
1, 103853.0,1.198044617144384,-0.40804340241589926,0.10513931685881654,18719.86
0, 103854.0,-0.5270430266354773,1.244400181881749,-1.114548907109952,10023.86
1, 103855.0,1.4855592244410276,-0.40804340241589926,-1.9146925296180617,16757.02
1, 103856.0,1.4855592244410276,0.4181783897329248,0.688918603737996,14020.95
0, 103857.0,1.4855592244410276,1.244400181881749,-0.16505323012004025,14746.34
2, 103858.0,-0.7426789821079599,0.4181783897329248,-1.168943305506384,15092.41
2, 103859.0,-1.6771014558220514,-0.40804340241589926,1.5287762033652852,25628.1
2, 103860.0,-1.1739508930529252,-0.40804340241589926,2.0594147917367236,26430.16
2, 103861.0,-0.7426789821079599,-0.40804340241589926,-0.15627733089920326,7212.99
1, 103862.0,1.1261659653202232,-1.2342651945647232,-0.9708991650250994,18012.25
1, 103863.0,1.4136805726168666,0.4181783897329248,0.6528848424211031,11184.17
0, 103864.0,0.8386513580235796,1.244400181881749,-1.5668919153360428,26629.74
0, 103865.0,0.9105300098477405,2.070621974030573,-0.8241758361163594,17513.83
1, 103866.0,0.19174349160613158,-0.40804340241589926,-0.3558178228605383,16435.61
2, 103867.0,-0.5989216784596382,0.4181783897329248,-1.1213431516680192,22078.75
1, 103868.0,0.6230154025510969,-1.2342651945647232,-0.380527843247319,14573.16
2, 103869.0,-0.8145576339321208,-0.40804340241589926,2.0908786147496783,17832.6
1, 103870.0,1.0542873134960622,-0.40804340241589926,-1.0108962356675317,19674.02
1, 103871.0,0.40737944707861423,0.4181783897329248,-1.5179167358133074,13894.49
0, 103872.0,-0.4551643748113164,2.070621974030573,0.805997996568978,16008.56
2, 103873.0,-0.4551643748113164,-0.40804340241589926,-0.3546854487675271,10625.11
0, 103874.0,0.19174349160613158,0.4181783897329248,0.7275810906279506,5482.9
1, 103875.0,0.6948940543752578,-0.40804340241589926,-0.3201480389306848,14436.98
1, 103876.0,1.4855592244410276,-1.2342651945647232,0.17207071414215855,22726.88
1, 103877.0,0.11986483978197071,-0.40804340241589926,-0.7443030206271748,20695.25
1, 103878.0,0.6948940543752578,0.4181783897329248,0.5398092008475537,16113.69
1, 103879.0,0.9105300098477405,-0.40804340241589926,0.7955639781405174,16541.38
2, 103880.0,-0.38328572298715546,-0.40804340241589926,-0.11648246991623738,17864.0
1, 103881.0,1.4136805726168666,-0.40804340241589926,1.0917202453948458,20725.9
2, 103882.0,-1.2458295448770862,0.4181783897329248,1.5762145894760768,9659.36
0, 103883.0,-0.9583149375804426,2.070621974030573,-1.065816379178576,30679.59
0, 103884.0,-0.38328572298715546,2.070621974030573,-1.5146409393299536,13690.81
2, 103885.0,-0.9583149375804426,-1.2342651945647232,-0.3064382240188703,21529.82
1, 103886.0,0.7667727061994186,0.4181783897329248,0.7578316556841076,20233.29
2, 103887.0,-1.389586848525408,-0.40804340241589926,-1.9146925296180617,28222.77
1, 103888.0,1.70119517991351,0.4181783897329248,-0.37967856267756056,17463.33
1, 103889.0,0.7667727061994186,0.4181783897329248,-0.09945641658917576,31059.83
0, 103890.0,1.4855592244410276,1.244400181881749,0.24009404358661854,33820.37
1, 103891.0,1.3418019207927057,-1.2342651945647232,2.0199030242770104,24680.25
0, 103892.0,-0.23952841933883373,0.4181783897329248,0.3441915762798647,24618.26
2, 103893.0,-0.7426789821079599,-1.2342651945647232,-1.7919108243901305,19976.06
2, 103894.0,-1.6771014558220514,0.4181783897329248,1.1214450653363905,14090.45
2, 103895.0,-1.0301935894046035,-0.40804340241589926,-1.9146925296180617,7511.97
2, 103896.0,-1.6771014558220514,-1.2342651945647232,0.5746297042076488,17292.59
1, 103897.0,1.5574378762651884,0.4181783897329248,-1.196362935330013,6201.89
1, 103898.0,0.8386513580235796,-0.40804340241589926,1.5243275908570268,7601.17
0, 103899.0,0.8386513580235796,1.244400181881749,-1.9146925296180617,7998.94
2, 103900.0,-0.9583149375804426,0.4181783897329248,-0.4740295897845315,16222.91
2, 103901.0,-1.1739508930529252,0.4181783897329248,-0.7284093413931244,15255.53
1, 103902.0,0.04798618795780982,-0.40804340241589926,-1.9146925296180617,18648.54
2, 103903.0,-0.7426789821079599,-0.40804340241589926,1.2540946019462769,17770.26
1, 103904.0,0.47925809890277515,0.4181783897329248,-0.41571232399445346,16600.83
0, 103905.0,-0.38328572298715546,0.4181783897329248,-1.9146925296180617,11412.8
0, 103906.0,1.70119517991351,1.244400181881749,0.46729681696294206,17030.68
1, 103907.0,0.04798618795780982,-0.40804340241589926,-1.3601123175658145,16575.47
0, 103908.0,0.2636221434302925,0.4181783897329248,-0.1554684922613381,20146.12
0, 103909.0,0.33550079525445337,1.244400181881749,0.31705503997948853,14856.35
1, 103910.0,1.4136805726168666,-0.40804340241589926,-0.02835950032082817,17491.72
1, 103911.0,1.269923268968545,-0.40804340241589926,-0.39488472906942557,23160.84
1, 103912.0,0.8386513580235796,0.4181783897329248,-0.7564760421270454,9800.4
2, 103913.0,-1.5333441521737297,0.4181783897329248,-0.4337494256188465,12167.65
2, 103914.0,-1.6771014558220514,-1.2342651945647232,1.1371365349109746,10135.91
2, 103915.0,-0.7426789821079599,-1.2342651945647232,1.4270647446537412,13403.91
1, 103916.0,0.47925809890277515,0.4181783897329248,0.4839184509710711,20768.18
1, 103917.0,0.7667727061994186,-1.2342651945647232,-0.6311869371217321,19615.91
1, 103918.0,1.6293165280893493,-0.40804340241589926,-0.30235358889765124,15066.85
2, 103919.0,-0.7426789821079599,0.4181783897329248,-0.19635528540542196,23654.42
1, 103920.0,1.5574378762651884,0.4181783897329248,-0.05068344672590659,28944.93
1, 103921.0,1.0542873134960622,-0.40804340241589926,0.5958212765197161,18578.52
1, 103922.0,1.70119517991351,-1.2342651945647232,-0.6325215208742097,37149.06
1, 103923.0,1.3418019207927057,0.4181783897329248,0.6818817075885691,20793.07
2, 103924.0,-1.0301935894046035,0.4181783897329248,0.3545447108445387,11629.69
1, 103925.0,-0.09577111569051194,-1.2342651945647232,-1.8803168875087926,21747.35
0, 103926.0,0.40737944707861423,1.244400181881749,0.23220786686743322,22693.67
1, 103927.0,0.551136750726936,-0.40804340241589926,-0.33713365032585313,17994.22
2, 103928.0,-1.6771014558220514,-0.40804340241589926,0.8270682430853654,9170.8
0, 103929.0,1.1261659653202232,1.244400181881749,0.6191158292902327,17359.74
2, 103930.0,-1.5333441521737297,-0.40804340241589926,-0.24706946799956753,5902.85
1, 103931.0,0.2636221434302925,-0.40804340241589926,-1.193532000097485,27685.83
1, 103932.0,0.551136750726936,0.4181783897329248,-0.44491139882138575,17660.39
2, 103933.0,-0.23952841933883373,-1.2342651945647232,-0.6402863717977152,20299.1
0, 103934.0,-0.7426789821079599,2.896843766179397,1.1012645413216546,10043.15
0, 103935.0,-0.5989216784596382,2.070621974030573,-0.2629631472336179,15985.03
2, 103936.0,-0.5989216784596382,-1.2342651945647232,-0.2087305165647589,9986.38
1, 103937.0,1.4136805726168666,-0.40804340241589926,0.09854728196021549,12651.15
0, 103938.0,0.40737944707861423,1.244400181881749,0.39074023988900464,28960.15
1, 103939.0,1.4855592244410276,-1.2342651945647232,0.45613484376040286,23725.5
2, 103940.0,-0.4551643748113164,-1.2342651945647232,-0.4641213164706833,7239.45
2, 103941.0,-0.09577111569051194,-1.2342651945647232,-0.11769572787303513,14350.5
0, 103942.0,-0.3114070711629946,0.4181783897329248,-1.7088430962813785,33349.13
0, 103943.0,0.6948940543752578,2.070621974030573,-1.0904050737696769,17582.52
2, 103944.0,-0.3114070711629946,0.4181783897329248,1.192501539672845,30400.15
2, 103945.0,-1.1739508930529252,-1.2342651945647232,-0.2672904339461965,8585.08
1, 103946.0,0.19174349160613158,-0.40804340241589926,-0.031028667825783198,27113.2
1, 103947.0,0.40737944707861423,-0.40804340241589926,-0.725052661045984,26138.75
1, 103948.0,1.4136805726168666,0.4181783897329248,1.2438627931772825,11941.52
1, 103949.0,1.3418019207927057,-1.2342651945647232,-1.9146925296180617,28560.03
1, 103950.0,1.70119517991351,0.4181783897329248,1.1748688573673842,22692.81
0, 103951.0,-0.09577111569051194,1.244400181881749,1.783439048497131,17785.89
2, 103952.0,-1.6771014558220514,0.4181783897329248,-0.010484166424008125,8840.54
0, 103953.0,-0.670800330283799,2.070621974030573,-1.8500663224526355,8932.59
2, 103954.0,-0.4551643748113164,-1.2342651945647232,-0.9650350849005771,24328.32
0, 103955.0,-0.3114070711629946,0.4181783897329248,-0.1854359637942423,3496.79
2, 103956.0,-0.9583149375804426,-0.40804340241589926,-0.7502075426835905,20446.37
2, 103957.0,-0.670800330283799,-0.40804340241589926,-0.9081332867267631,14594.59
0, 103958.0,-0.023892463866351063,0.4181783897329248,0.21526269740415813,31825.89
2, 103959.0,-0.8145576339321208,-0.40804340241589926,-0.5381300518353455,23504.85
2, 103960.0,-1.6771014558220514,0.4181783897329248,0.17939070381483826,3676.12
0, 103961.0,-1.1020722412287642,2.896843766179397,0.69393340329276,19614.8
2, 103962.0,-1.4614655003495687,-0.40804340241589926,-1.6392020895611883,14325.15
0, 103963.0,0.40737944707861423,1.244400181881749,-0.2688676692900336,19016.67
0, 103964.0,0.7667727061994186,1.244400181881749,0.6515098167367324,19304.75
2, 103965.0,-0.8864362857562816,0.4181783897329248,-1.0144955676060317,30152.47
2, 103966.0,-0.5270430266354773,0.4181783897329248,-0.0562644333271762,14594.67
1, 103967.0,0.04798618795780982,-1.2342651945647232,-0.3028793340122636,10033.91
1, 103968.0,0.6948940543752578,-0.40804340241589926,-1.3422369836689945,31035.5
2, 103969.0,-0.3114070711629946,-1.2342651945647232,-0.03571993192540113,18058.38
0, 103970.0,-0.09577111569051194,0.4181783897329248,-0.07972075382526585,26808.56
2, 103971.0,-0.16764976751467284,-1.2342651945647232,-0.836025322161084,40079.94
2, 103972.0,-1.0301935894046035,0.4181783897329248,-1.9146925296180617,25574.55
2, 103973.0,0.11986483978197071,-1.2342651945647232,2.3922114492863438,34227.89
2, 103974.0,-0.4551643748113164,-0.40804340241589926,-1.9146925296180617,7762.74
1, 103975.0,1.70119517991351,-0.40804340241589926,-0.6244735764274513,15024.05
2, 103976.0,-0.16764976751467284,-1.2342651945647232,1.2913011792880742,10715.45
2, 103977.0,-1.0301935894046035,0.4181783897329248,0.6199651098599911,8582.25
2, 103978.0,-1.2458295448770862,-1.2342651945647232,-0.6095100616269459,26409.25
2, 103979.0,-1.1020722412287642,0.4181783897329248,1.1629789293907664,24229.11
1, 103980.0,0.40737944707861423,0.4181783897329248,-0.7658181283943881,13799.13
2, 103981.0,-1.1020722412287642,0.4181783897329248,-0.2708897658846965,21171.7
1, 103982.0,0.9105300098477405,-1.2342651945647232,0.722930268460226,23093.65
1, 103983.0,1.70119517991351,0.4181783897329248,1.6043217321418912,20503.72
0, 103984.0,-0.5989216784596382,0.4181783897329248,-1.9146925296180617,18687.58
0, 103985.0,-0.38328572298715546,1.244400181881749,-0.6054658684376201,8853.0
0, 103986.0,-1.317708196701247,2.070621974030573,-0.6739340591329058,15473.87
1, 103987.0,1.6293165280893493,-0.40804340241589926,0.9869351998594144,19032.96
1, 103988.0,1.0542873134960622,-0.40804340241589926,0.19981387942093357,16871.29
1, 103989.0,1.198044617144384,-1.2342651945647232,2.0165463439298703,9113.35
2, 103990.0,-1.2458295448770862,0.4181783897329248,0.5619309375931658,13031.69
1, 103991.0,0.7667727061994186,0.4181783897329248,-0.7153465973916021,14731.33
2, 103992.0,-1.2458295448770862,-0.40804340241589926,2.4443815414286467,29263.68
1, 103993.0,1.4855592244410276,0.4181783897329248,-1.6826367244145473,29132.05
2, 103994.0,-1.4614655003495687,-0.40804340241589926,-1.3343508069498093,6443.39
1, 103995.0,0.551136750726936,-0.40804340241589926,-0.3110081623228084,14541.85
1, 103996.0,1.6293165280893493,0.4181783897329248,0.21558623285930417,31165.89
0, 103997.0,-1.1020722412287642,1.244400181881749,-0.1749210615019952,16496.61
2, 103998.0,-1.389586848525408,-1.2342651945647232,-0.2545512253998202,5732.63
2, 103999.0,-1.1020722412287642,-0.40804340241589926,0.24664563655332633,11437.53
1, 104000.0,1.4855592244410276,-0.40804340241589926,0.3242132619245952,27083.95
1, 104001.0,0.9824086616719013,0.4181783897329248,-1.9146925296180617,22564.35
1, 104002.0,1.0542873134960622,0.4181783897329248,0.719654471976872,17645.18
2, 104003.0,-0.8864362857562816,0.4181783897329248,0.13636048828041172,7969.97
1, 104004.0,0.47925809890277515,0.4181783897329248,-0.061885861860339064,27341.2
2, 104005.0,-1.389586848525408,-0.40804340241589926,-0.785230255703152,18992.53
2, 104006.0,-0.3114070711629946,-1.2342651945647232,0.2388807856298208,18656.86
2, 104007.0,-0.670800330283799,0.4181783897329248,0.09074198910481669,33432.88
2, 104008.0,-0.09577111569051194,-0.40804340241589926,0.189541628720046,13390.09
2, 104009.0,-1.0301935894046035,0.4181783897329248,1.5667107354811611,6926.95
1, 104010.0,0.40737944707861423,0.4181783897329248,0.5832033937690195,12264.7
2, 104011.0,-1.0301935894046035,-0.40804340241589926,-0.1892779473241018,26648.66
0, 104012.0,0.33550079525445337,1.244400181881749,-0.48139002138910447,20969.05
2, 104013.0,-0.16764976751467284,-1.2342651945647232,1.1686407998558226,11714.81
1, 104014.0,1.6293165280893493,-1.2342651945647232,0.6079134141558001,13060.92
1, 104015.0,0.33550079525445337,-0.40804340241589926,-1.588407023103256,12005.62
1, 104016.0,0.11986483978197071,-1.2342651945647232,-0.7041037403252763,12166.93
1, 104017.0,0.33550079525445337,-0.40804340241589926,0.06142158848220462,16190.11
1, 104018.0,0.6948940543752578,-0.40804340241589926,1.2868121248479225,15906.29
1, 104019.0,0.11986483978197071,-0.40804340241589926,0.23960874040389943,20970.98
2, 104020.0,-0.16764976751467284,-1.2342651945647232,-1.0409041491323292,37779.29
2, 104021.0,-0.8864362857562816,0.4181783897329248,-0.43407296107399257,15967.26
1, 104022.0,0.7667727061994186,0.4181783897329248,-0.753281129507478,21250.65
1, 104023.0,1.1261659653202232,0.4181783897329248,-0.3583252226379203,14864.63
2, 104024.0,-0.5989216784596382,-0.40804340241589926,0.4331638264450323,30744.84
0, 104025.0,-0.38328572298715546,2.896843766179397,0.9821630518960098,27464.43
1, 104026.0,1.5574378762651884,-0.40804340241589926,1.9588761490500841,12734.76
1, 104027.0,1.70119517991351,-1.2342651945647232,0.9293054469115216,8770.08
1, 104028.0,1.1261659653202232,-0.40804340241589926,-1.3444612899231239,22555.67
2, 104029.0,-0.8145576339321208,0.4181783897329248,1.3122096580768885,26503.73
2, 104030.0,-1.6771014558220514,0.4181783897329248,0.1394745170361926,31377.72
0, 104031.0,0.04798618795780982,2.070621974030573,1.343794806885523,15870.25
0, 104032.0,0.19174349160613158,0.4181783897329248,-0.4754854993326888,31014.17
2, 104033.0,-0.7426789821079599,-1.2342651945647232,0.5618500537293794,8277.39
2, 104034.0,-0.4551643748113164,-1.2342651945647232,0.574184842956823,17130.38
2, 104035.0,-0.7426789821079599,-1.2342651945647232,-0.5768734225890866,28164.27
2, 104036.0,-0.9583149375804426,0.4181783897329248,0.248789058943669,11603.97
0, 104037.0,-0.16764976751467284,0.4181783897329248,-0.0994159746572825,34398.41
0, 104038.0,-0.4551643748113164,0.4181783897329248,-0.9340161231384482,29064.74
2, 104039.0,-0.09577111569051194,-1.2342651945647232,0.7369636188271865,7511.93
2, 104040.0,-1.1739508930529252,0.4181783897329248,0.015034692600637682,26461.02
2, 104041.0,-1.1739508930529252,0.4181783897329248,-1.1266006028141429,10214.19
0, 104042.0,0.04798618795780982,0.4181783897329248,2.098036836694785,30006.36
2, 104043.0,-1.1020722412287642,0.4181783897329248,-0.5659945429098002,14096.46
1, 104044.0,0.8386513580235796,-1.2342651945647232,-1.216139040025816,24810.19
2, 104045.0,-1.6052228039978906,0.4181783897329248,0.9942956314639873,8423.87
1, 104046.0,0.6230154025510969,-0.40804340241589926,0.03096881376658134,20789.92
0, 104047.0,-0.3114070711629946,1.244400181881749,0.7867071950558939,31701.81
0, 104048.0,0.551136750726936,1.244400181881749,-0.7348396085641524,26277.2
1, 104049.0,0.19174349160613158,-0.40804340241589926,-0.6065982425306313,18225.29
0, 104050.0,-0.3114070711629946,2.896843766179397,-1.609517711551537,20334.23
2, 104051.0,-0.670800330283799,0.4181783897329248,-1.0480623710774357,15900.42
2, 104052.0,-1.2458295448770862,0.4181783897329248,0.1753060686936192,14746.82
0, 104053.0,-1.317708196701247,2.070621974030573,0.3166910625924492,9905.54
2, 104054.0,-1.2458295448770862,-0.40804340241589926,0.44796557351796473,30665.11
2, 104055.0,-0.5270430266354773,-0.40804340241589926,-1.6626584100592778,32403.14
2, 104056.0,-0.16764976751467284,-0.40804340241589926,0.23645426971622532,19805.6
0, 104057.0,0.2636221434302925,2.070621974030573,0.06417163985094618,14888.33
0, 104058.0,-0.5270430266354773,1.244400181881749,-1.8679012144175622,14639.01
1, 104059.0,0.9824086616719013,-1.2342651945647232,0.45880401126535786,32179.13
1, 104060.0,1.1261659653202232,-1.2342651945647232,0.5080622843113461,11856.85
0, 104061.0,0.6948940543752578,1.244400181881749,2.2115977814510535,21345.98
2, 104062.0,-0.16764976751467284,-1.2342651945647232,-1.0935999863892443,15918.34
1, 104063.0,1.6293165280893493,-0.40804340241589926,0.10821290368270416,16138.44
2, 104064.0,-0.23952841933883373,-0.40804340241589926,0.1899460480389786,18377.3
2, 104065.0,-1.6771014558220514,-0.40804340241589926,-0.5241775853321714,16445.96
2, 104066.0,-0.9583149375804426,-1.2342651945647232,1.2515467602370014,13862.92
1, 104067.0,1.1261659653202232,0.4181783897329248,-0.23166109194823623,16969.96
0, 104068.0,-0.5989216784596382,1.244400181881749,-1.5747780920552281,27385.89
2, 104069.0,-0.7426789821079599,0.4181783897329248,-0.6459886841946646,18207.55
2, 104070.0,-1.4614655003495687,-1.2342651945647232,0.3894460980684204,10993.56
1, 104071.0,0.7667727061994186,-1.2342651945647232,0.918709660755488,27264.81
2, 104072.0,-1.317708196701247,-1.2342651945647232,-1.2276649906153947,9711.65
1, 104073.0,0.2636221434302925,-0.40804340241589926,0.25991059021431495,15980.7
1, 104074.0,0.19174349160613158,-0.40804340241589926,0.37925473123131936,27275.37
2, 104075.0,-1.4614655003495687,-1.2342651945647232,-1.0419556393615539,9865.05
2, 104076.0,-1.6771014558220514,-0.40804340241589926,-1.3228248563602307,24087.34
1, 104077.0,1.198044617144384,-1.2342651945647232,1.0351015407442845,20358.67
2, 104078.0,-1.6052228039978906,-0.40804340241589926,0.020898772725160095,15359.55
0, 104079.0,-1.317708196701247,1.244400181881749,2.579134058496982,14443.94
1, 104080.0,0.2636221434302925,-0.40804340241589926,-0.35145009421606643,23835.01
0, 104081.0,-0.670800330283799,1.244400181881749,-1.7056077417299178,17775.19
0, 104082.0,-0.3114070711629946,0.4181783897329248,0.030119533196822923,13303.48
2, 104083.0,-1.6052228039978906,-1.2342651945647232,-1.6497574337853285,29548.72
0, 104084.0,-0.23952841933883373,1.244400181881749,0.40720010616956065,14133.03
1, 104085.0,0.04798618795780982,-0.40804340241589926,0.017380324650446647,14741.23
2, 104086.0,-0.16764976751467284,-1.2342651945647232,0.3153564788399717,13962.04
1, 104087.0,0.6948940543752578,-0.40804340241589926,-1.8031536814564562,17168.26
1, 104088.0,0.6230154025510969,-1.2342651945647232,0.5522653158706772,33640.31
0, 104089.0,0.2636221434302925,0.4181783897329248,0.6562010808363503,13266.01
2, 104090.0,-0.8145576339321208,-1.2342651945647232,-0.7071773271491639,10549.53
1, 104091.0,1.4855592244410276,-0.40804340241589926,-0.22256165727225316,18930.29
1, 104092.0,0.8386513580235796,-0.40804340241589926,-1.1878701296324288,12085.44
1, 104093.0,1.269923268968545,0.4181783897329248,0.8542452213176348,27761.89
2, 104094.0,-0.8864362857562816,0.4181783897329248,-1.3028465420049613,21614.7
0, 104095.0,-0.8145576339321208,1.244400181881749,-1.1283800478174462,28935.33
0, 104096.0,-0.023892463866351063,0.4181783897329248,0.48088530607907676,18488.11
2, 104097.0,-0.23952841933883373,-0.40804340241589926,-0.08797090793149048,11533.6
2, 104098.0,-0.5989216784596382,-1.2342651945647232,-0.32957100906181386,16287.57
2, 104099.0,-0.670800330283799,-0.40804340241589926,0.22221870968979848,16554.02
1, 104100.0,-0.023892463866351063,-0.40804340241589926,-1.3669470040557752,25363.29
0, 104101.0,-0.09577111569051194,0.4181783897329248,0.6314506185176764,7927.1
2, 104102.0,-1.317708196701247,-0.40804340241589926,2.1000184913575546,6137.65
2, 104103.0,-1.6771014558220514,-1.2342651945647232,1.8408665917855573,17449.58
2, 104104.0,-0.09577111569051194,-1.2342651945647232,-0.7671122702149723,20154.18
1, 104105.0,0.33550079525445337,-1.2342651945647232,-1.9146925296180617,27781.92
2, 104106.0,-0.5270430266354773,0.4181783897329248,-0.19340302437721413,21142.72
1, 104107.0,1.1261659653202232,-0.40804340241589926,0.26812030238864637,19548.21
1, 104108.0,1.198044617144384,-0.40804340241589926,-1.3559063566489158,12570.55
0, 104109.0,-0.3114070711629946,2.896843766179397,1.8058843206978892,13754.06
2, 104110.0,-0.38328572298715546,-1.2342651945647232,1.007762794784442,25059.2
1, 104111.0,1.3418019207927057,-0.40804340241589926,0.7308164451794112,33872.43
2, 104112.0,-1.2458295448770862,-0.40804340241589926,-0.7777080563710059,12432.76
0, 104113.0,-0.670800330283799,1.244400181881749,0.19095709633631006,22796.14
0, 104114.0,1.3418019207927057,2.070621974030573,-1.9146925296180617,26961.38
2, 104115.0,-1.6771014558220514,-0.40804340241589926,-1.9146925296180617,15649.06
0, 104116.0,-0.09577111569051194,0.4181783897329248,0.14477241011420938,23792.66
1, 104117.0,1.5574378762651884,-0.40804340241589926,-0.06936761926059179,28818.73
2, 104118.0,-0.8864362857562816,-1.2342651945647232,-0.48964017549532907,8620.51
0, 104119.0,-1.0301935894046035,1.244400181881749,-0.4777906894506045,27197.76
0, 104120.0,1.198044617144384,2.070621974030573,-0.3284790769006959,13893.8
1, 104121.0,1.70119517991351,-1.2342651945647232,-0.3150927974440275,20111.81
1, 104122.0,0.2636221434302925,-0.40804340241589926,-0.6394370912279568,14970.76
2, 104123.0,-0.8864362857562816,-0.40804340241589926,1.293808579065456,18363.93
0, 104124.0,0.7667727061994186,2.070621974030573,1.2538519503549173,25038.92
2, 104125.0,-0.023892463866351063,-0.40804340241589926,1.389413306061118,28185.94
1, 104126.0,0.9824086616719013,0.4181783897329248,-0.1919875567609501,17200.82
1, 104127.0,1.3418019207927057,-0.40804340241589926,-1.2754673541132255,28857.01
1, 104128.0,0.33550079525445337,-0.40804340241589926,0.23645426971622532,15745.89
0, 104129.0,1.1261659653202232,1.244400181881749,0.2768962016094833,15761.6
2, 104130.0,-1.0301935894046035,0.4181783897329248,1.5659827807070825,26218.05
2, 104131.0,-0.8145576339321208,-0.40804340241589926,-0.7008683857738157,7176.65
2, 104132.0,-1.1739508930529252,-0.40804340241589926,-0.49700060709990207,17676.05
1, 104133.0,1.5574378762651884,0.4181783897329248,-1.2857800467460063,18808.55
2, 104134.0,-0.023892463866351063,-0.40804340241589926,-0.3922155615644705,11145.21
2, 104135.0,-1.1739508930529252,0.4181783897329248,1.7809720906516422,5520.11
2, 104136.0,-1.6771014558220514,0.4181783897329248,1.5049154635482629,19706.77
0, 104137.0,0.19174349160613158,0.4181783897329248,-0.31036109141251633,11599.85
2, 104138.0,-1.2458295448770862,0.4181783897329248,-0.3935097033850548,11842.59
1, 104139.0,1.198044617144384,0.4181783897329248,-1.2442461826916305,20202.55
1, 104140.0,0.6230154025510969,-1.2342651945647232,-0.41360934353600404,21881.86
0, 104141.0,0.33550079525445337,0.4181783897329248,-0.22664629239347223,16517.75
2, 104142.0,-0.8145576339321208,-0.40804340241589926,1.4181675196372245,7818.39
1, 104143.0,1.4136805726168666,0.4181783897329248,0.5431254392628009,38772.08
2, 104144.0,-1.1739508930529252,0.4181783897329248,-0.07268385767583896,23626.28
2, 104145.0,-1.5333441521737297,0.4181783897329248,-0.5202547179385254,12146.32
2, 104146.0,-1.0301935894046035,-1.2342651945647232,-1.6631032713101037,31554.47
2, 104147.0,-1.6771014558220514,-1.2342651945647232,1.8066931593357543,19325.35
2, 104148.0,-1.2458295448770862,-1.2342651945647232,-0.7366594954993491,14902.49
0, 104149.0,1.0542873134960622,1.244400181881749,0.32999645818533113,13722.79
0, 104150.0,-1.317708196701247,1.244400181881749,1.9130554402150228,11084.16
0, 104151.0,1.1261659653202232,1.244400181881749,-0.46529413249558776,21367.25
1, 104152.0,0.19174349160613158,-0.40804340241589926,0.4886501570025823,9493.23
0, 104153.0,1.6293165280893493,1.244400181881749,1.9150775368096857,19735.97
1, 104154.0,0.551136750726936,-0.40804340241589926,0.37686865724961716,22017.79
0, 104155.0,0.2636221434302925,0.4181783897329248,-1.293423571873832,14806.31
0, 104156.0,-0.09577111569051194,1.244400181881749,1.5411109925927289,16230.57
2, 104157.0,-0.3114070711629946,-0.40804340241589926,0.7523719948785178,23683.79
1, 104158.0,1.0542873134960622,-1.2342651945647232,-1.456566325131235,18064.68
1, 104159.0,1.4136805726168666,0.4181783897329248,1.1518573981201206,15667.56
2, 104160.0,-1.317708196701247,0.4181783897329248,0.21174424932944466,6061.82
2, 104161.0,-1.1020722412287642,-1.2342651945647232,2.2644958283674352,22353.99
1, 104162.0,0.40737944707861423,-1.2342651945647232,-0.35678842922597653,16406.48
0, 104163.0,0.8386513580235796,2.070621974030573,1.3205811379787928,13243.89
2, 104164.0,-0.7426789821079599,-1.2342651945647232,-0.7156296909148548,19576.21
1, 104165.0,0.8386513580235796,-0.40804340241589926,-1.3122290702041972,11822.33
1, 104166.0,1.5574378762651884,-0.40804340241589926,0.5574418831530142,32675.09
1, 104167.0,0.8386513580235796,-1.2342651945647232,-0.37005338288696515,24017.48
0, 104168.0,-0.23952841933883373,0.4181783897329248,0.1331251337289511,3853.69
1, 104169.0,1.0542873134960622,-0.40804340241589926,0.1372502107820634,11708.81
1, 104170.0,0.551136750726936,0.4181783897329248,-0.5011256841530144,29078.41
2, 104171.0,-1.389586848525408,0.4181783897329248,1.0281455284586443,24036.95
1, 104172.0,1.269923268968545,-0.40804340241589926,-0.9861457733488578,16413.28
2, 104173.0,-0.670800330283799,-1.2342651945647232,-0.9098318478662799,7224.47
1, 104174.0,0.19174349160613158,-0.40804340241589926,-1.7405091289537995,7580.67
1, 104175.0,1.4855592244410276,0.4181783897329248,0.8564290856398707,17183.11
0, 104176.0,-1.6771014558220514,1.244400181881749,1.3971781569846236,10956.67
2, 104177.0,-0.670800330283799,0.4181783897329248,0.5251692215021943,10199.25
2, 104178.0,-0.38328572298715546,-1.2342651945647232,0.062189985188176526,21879.75
0, 104179.0,1.1261659653202232,1.244400181881749,0.0676092040618731,25843.22
1, 104180.0,1.4136805726168666,0.4181783897329248,-1.073945207489121,14312.64
0, 104181.0,-1.6052228039978906,1.244400181881749,-0.23275302410935417,24434.48
1, 104182.0,0.11986483978197071,-1.2342651945647232,-0.8291097518073369,23986.12
2, 104183.0,-0.7426789821079599,0.4181783897329248,-0.29964397946080296,11193.53
0, 104184.0,0.551136750726936,1.244400181881749,-0.9750242420782118,14788.32
2, 104185.0,-0.3114070711629946,-1.2342651945647232,1.0979887448383008,15706.29
2, 104186.0,-1.1739508930529252,0.4181783897329248,-0.8634449519847129,21627.01
2, 104187.0,-0.4551643748113164,-1.2342651945647232,1.058072558059655,8193.18
2, 104188.0,-0.8145576339321208,0.4181783897329248,1.1884169045516257,21360.29
0, 104189.0,0.6948940543752578,1.244400181881749,1.0406016434817678,15215.25
2, 104190.0,-1.317708196701247,0.4181783897329248,-1.9146925296180617,8350.66
1, 104191.0,0.6230154025510969,0.4181783897329248,-0.7930355485585507,16731.32
1, 104192.0,1.0542873134960622,-1.2342651945647232,-0.5000337519918964,9867.12
2, 104193.0,-0.8864362857562816,0.4181783897329248,-0.25867630245293255,16616.7
2, 104194.0,-0.09577111569051194,-0.40804340241589926,-0.2565328800625899,10722.82
1, 104195.0,1.5574378762651884,-1.2342651945647232,0.3669603839357689,22328.73
2, 104196.0,-0.5989216784596382,0.4181783897329248,0.6891208133974622,21421.2
2, 104197.0,-1.6052228039978906,0.4181783897329248,0.9385666493150777,16269.07
0, 104198.0,-0.5270430266354773,1.244400181881749,-0.851555024008095,23204.84
2, 104199.0,-1.6771014558220514,-1.2342651945647232,-0.4565991171385373,13036.45
1, 104200.0,1.4136805726168666,-0.40804340241589926,0.5109741034076607,20466.05
1, 104201.0,0.40737944707861423,-0.40804340241589926,0.7966154683697421,17824.89
0, 104202.0,1.198044617144384,1.244400181881749,-0.9478068219140492,24940.1
0, 104203.0,-1.5333441521737297,1.244400181881749,-0.12728046573173726,11016.31
2, 104204.0,-1.317708196701247,0.4181783897329248,-0.45603293009203166,13994.54
1, 104205.0,0.11986483978197071,-0.40804340241589926,0.8191820663661801,20133.85
0, 104206.0,-1.6052228039978906,1.244400181881749,0.669182940974086,20307.9
1, 104207.0,1.5574378762651884,0.4181783897329248,-0.06346309720417613,16580.06
1, 104208.0,1.269923268968545,-0.40804340241589926,-0.31638693926461176,17942.94
0, 104209.0,1.3418019207927057,2.070621974030573,1.5757292862933578,21693.15
1, 104210.0,1.4855592244410276,0.4181783897329248,-1.6345108254615703,10024.92
2, 104211.0,-1.389586848525408,0.4181783897329248,-1.9146925296180617,30957.61
2, 104212.0,-1.6052228039978906,-0.40804340241589926,-1.9146925296180617,15379.71
0, 104213.0,-0.8864362857562816,1.244400181881749,0.8330940909374608,16807.41
1, 104214.0,0.551136750726936,-0.40804340241589926,-0.1821601673108884,9785.96
1, 104215.0,0.9105300098477405,-1.2342651945647232,-0.19182578903337708,24890.2
2, 104216.0,-1.389586848525408,0.4181783897329248,-1.0596692055308008,25020.49
2, 104217.0,-1.6771014558220514,-1.2342651945647232,-1.352347466642309,20817.92
0, 104218.0,1.198044617144384,2.070621974030573,0.9982184988576333,38799.33
0, 104219.0,-0.09577111569051194,0.4181783897329248,-0.5136626830399244,15559.14
1, 104220.0,1.269923268968545,-1.2342651945647232,0.7297649549501866,33411.5
2, 104221.0,-1.1020722412287642,0.4181783897329248,0.7448902374782651,13720.89
1, 104222.0,0.6230154025510969,0.4181783897329248,-0.20480764917111288,12751.11
2, 104223.0,-0.4551643748113164,-0.40804340241589926,1.5665894096854815,12767.36
2, 104224.0,-0.023892463866351063,-1.2342651945647232,0.552871944849076,1637.03
2, 104225.0,-0.7426789821079599,0.4181783897329248,0.6225129515692663,15860.61
1, 104226.0,0.8386513580235796,-0.40804340241589926,0.12507718928219275,18441.62
1, 104227.0,0.6230154025510969,-0.40804340241589926,-0.031958832259328135,17903.2
1, 104228.0,0.9824086616719013,0.4181783897329248,-1.4469007034087462,20100.34
1, 104229.0,1.4855592244410276,-0.40804340241589926,0.4725542681090656,13200.93
1, 104230.0,0.40737944707861423,-0.40804340241589926,-0.8752539960975443,11718.03
0, 104231.0,0.11986483978197071,0.4181783897329248,-0.2670073404229437,17767.66
1, 104232.0,0.8386513580235796,0.4181783897329248,-1.5627263963510374,16553.53
0, 104233.0,-0.023892463866351063,1.244400181881749,0.5799680392175589,14647.87
2, 104234.0,-0.5989216784596382,-0.40804340241589926,0.5559455316729637,28060.67
1, 104235.0,1.4136805726168666,-1.2342651945647232,0.34520262457719614,11569.64
1, 104236.0,0.7667727061994186,0.4181783897329248,1.4930659775035384,19563.62
1, 104237.0,1.6293165280893493,-1.2342651945647232,-1.0442203875475762,11099.76
1, 104238.0,1.269923268968545,-0.40804340241589926,-0.012587146882457542,17802.76
0, 104239.0,-1.4614655003495687,1.244400181881749,-1.4879897062122964,23398.6
1, 104240.0,0.11986483978197071,-0.40804340241589926,-0.20852830690529262,13082.77
1, 104241.0,1.6293165280893493,0.4181783897329248,-1.2585626265818437,20897.56
2, 104242.0,-1.1020722412287642,-0.40804340241589926,-1.2574706944207257,19996.35
2, 104243.0,-1.1020722412287642,-0.40804340241589926,1.4558998420936342,11061.99
0, 104244.0,-0.3114070711629946,0.4181783897329248,-0.8063409441514326,7524.95
0, 104245.0,-0.23952841933883373,2.070621974030573,0.1769237459693495,19689.87
1, 104246.0,-0.023892463866351063,-1.2342651945647232,-1.8883243900236575,7339.99
2, 104247.0,-0.5989216784596382,-1.2342651945647232,0.5570374638340816,25822.69
1, 104248.0,1.269923268968545,0.4181783897329248,-0.8982654553448081,18485.19
0, 104249.0,-0.23952841933883373,0.4181783897329248,-0.5524464957255588,26680.37
1, 104250.0,0.551136750726936,-0.40804340241589926,0.4091817608323303,22195.57
2, 104251.0,-1.2458295448770862,-1.2342651945647232,-1.6631032713101037,12067.36
0, 104252.0,1.198044617144384,1.244400181881749,0.9180221479133026,37685.7
2, 104253.0,-1.317708196701247,-0.40804340241589926,-0.5260783561311546,32714.62
1, 104254.0,0.04798618795780982,-0.40804340241589926,-1.4156390900552578,15153.75
1, 104255.0,1.0542873134960622,-0.40804340241589926,1.4205131516870335,30509.34
2, 104256.0,-0.09577111569051194,-0.40804340241589926,-0.5485236283319128,15522.34
2, 104257.0,-1.0301935894046035,0.4181783897329248,0.5481402388175648,11909.52
0, 104258.0,1.70119517991351,1.244400181881749,2.3048568763969066,22085.73
0, 104259.0,0.6230154025510969,1.244400181881749,0.5064041651037225,9704.43
1, 104260.0,0.19174349160613158,-1.2342651945647232,-0.3378211631680385,12514.49
2, 104261.0,-0.3114070711629946,0.4181783897329248,0.9842255904225661,16581.52
0, 104262.0,1.1261659653202232,1.244400181881749,-0.08137887303288943,24226.05
1, 104263.0,0.7667727061994186,-0.40804340241589926,0.06275617223468213,15684.41
1, 104264.0,0.6230154025510969,0.4181783897329248,0.8200313469359385,19998.28
2, 104265.0,-0.23952841933883373,-0.40804340241589926,0.34241213127656134,8875.58
1, 104266.0,1.269923268968545,-0.40804340241589926,0.17207071414215855,16618.5
1, 104267.0,0.8386513580235796,-0.40804340241589926,1.4759590403126903,11931.02
0, 104268.0,-0.9583149375804426,1.244400181881749,-0.43767229301249255,16080.74
2, 104269.0,-0.8145576339321208,-0.40804340241589926,-0.4538086238379025,23486.36
0, 104270.0,1.198044617144384,1.244400181881749,-1.7038687386585079,16718.81
2, 104271.0,-1.1739508930529252,-0.40804340241589926,0.8900767729750614,15929.39
2, 104272.0,-1.2458295448770862,0.4181783897329248,0.24385514325269153,15361.27
1, 104273.0,0.551136750726936,0.4181783897329248,1.1611994843874631,16173.33
1, 104274.0,0.33550079525445337,-0.40804340241589926,-0.5937377081885752,23376.62
1, 104275.0,0.11986483978197071,-1.2342651945647232,-0.6273853955237659,13807.74
0, 104276.0,0.19174349160613158,0.4181783897329248,-0.6004106269509628,17834.97
1, 104277.0,1.3418019207927057,-0.40804340241589926,-0.7019198760030404,12279.43
2, 104278.0,-0.5270430266354773,0.4181783897329248,0.33909589286131414,18063.63
1, 104279.0,0.9105300098477405,-1.2342651945647232,0.027369481828081375,13110.48
1, 104280.0,1.269923268968545,-0.40804340241589926,0.5776224071677499,33065.6
1, 104281.0,1.70119517991351,-0.40804340241589926,-0.22041823488191048,26561.87
2, 104282.0,-0.9583149375804426,-1.2342651945647232,0.11965797040849617,20065.9
1, 104283.0,1.70119517991351,-1.2342651945647232,0.028946717171918438,32988.15
2, 104284.0,-0.023892463866351063,-0.40804340241589926,-0.12582455618358,37037.62
2, 104285.0,-0.9583149375804426,0.4181783897329248,0.9553904929826731,21972.39
1, 104286.0,0.9105300098477405,-0.40804340241589926,-0.06455502936529409,16442.16
0, 104287.0,0.11986483978197071,1.244400181881749,0.9986229181765659,24775.97
2, 104288.0,-0.23952841933883373,0.4181783897329248,1.7457067260407213,33626.33
2, 104289.0,-1.5333441521737297,0.4181783897329248,1.1572361750619238,13816.49
2, 104290.0,-1.317708196701247,0.4181783897329248,-0.10916248024355768,16516.74
1, 104291.0,0.2636221434302925,-0.40804340241589926,1.4173182390674661,21871.58
0, 104292.0,-0.8145576339321208,1.244400181881749,0.8921797534335107,15932.34
0, 104293.0,0.8386513580235796,1.244400181881749,0.35248217231798257,18650.81
0, 104294.0,-0.38328572298715546,2.896843766179397,0.11440051926237263,27821.21
1, 104295.0,0.40737944707861423,-0.40804340241589926,-0.5630827238134857,17897.21
1, 104296.0,0.6948940543752578,-0.40804340241589926,-1.9146925296180617,13977.3
1, 104297.0,0.19174349160613158,-1.2342651945647232,0.2101670139856076,5191.22
0, 104298.0,-1.389586848525408,2.070621974030573,-0.3961384289581166,16136.17
1, 104299.0,1.269923268968545,0.4181783897329248,0.8236306788744384,16493.46
1, 104300.0,0.6948940543752578,-0.40804340241589926,0.1614344860542317,19661.92
0, 104301.0,0.33550079525445337,0.4181783897329248,0.9510227643382012,23330.59
1, 104302.0,0.9105300098477405,0.4181783897329248,-0.35003462659980245,15880.81
1, 104303.0,0.9105300098477405,-1.2342651945647232,0.9116323226741679,38564.44
2, 104304.0,-1.2458295448770862,-0.40804340241589926,-0.0938349880560129,30436.8
2, 104305.0,-0.5989216784596382,-1.2342651945647232,1.4260132544245165,12356.71
1, 104306.0,1.70119517991351,-0.40804340241589926,-0.8564889396990726,13934.63
0, 104307.0,0.8386513580235796,2.070621974030573,-0.6116534840172885,13474.4
2, 104308.0,-0.8864362857562816,-1.2342651945647232,-0.4682868354556889,13291.34
0, 104309.0,-1.6771014558220514,1.244400181881749,-0.22191458636196104,18055.86
1, 104310.0,1.198044617144384,-0.40804340241589926,0.5893505674167948,24972.23
2, 104311.0,-1.389586848525408,-0.40804340241589926,0.31442631440642677,22787.04
0, 104312.0,-0.09577111569051194,0.4181783897329248,-0.31282804925800506,9421.59
2, 104313.0,-1.1020722412287642,-0.40804340241589926,1.5057647441180213,8502.14
1, 104314.0,-0.09577111569051194,-0.40804340241589926,-1.7496085636297825,10165.77
0, 104315.0,-0.3114070711629946,1.244400181881749,-0.014447475749547412,15333.29
0, 104316.0,0.9824086616719013,1.244400181881749,0.0020123905310086014,34624.52
0, 104317.0,-0.023892463866351063,1.244400181881749,-0.07883103132361417,14091.87
0, 104318.0,0.04798618795780982,1.244400181881749,-0.27323539793450546,25743.14
0, 104319.0,-0.09577111569051194,1.244400181881749,-1.9146925296180617,11821.17
2, 104320.0,-1.317708196701247,-0.40804340241589926,0.6527635166254233,13107.75
2, 104321.0,-0.3114070711629946,-1.2342651945647232,-0.19421186301507928,11184.79
2, 104322.0,-0.670800330283799,-0.40804340241589926,-1.105166378910716,16916.72
2, 104323.0,-0.5270430266354773,0.4181783897329248,2.0607898174210946,18515.53
2, 104324.0,-0.16764976751467284,-0.40804340241589926,-1.2741327703607481,15591.04
1, 104325.0,0.33550079525445337,-0.40804340241589926,-1.2545588753244112,14829.88
1, 104326.0,0.9105300098477405,-0.40804340241589926,0.5085880294259585,12032.04
0, 104327.0,-0.670800330283799,2.070621974030573,1.0473150041760486,12187.81
1, 104328.0,0.6948940543752578,0.4181783897329248,-0.07110662233200189,30521.26
0, 104329.0,-1.4614655003495687,1.244400181881749,0.2972789352836854,20530.29
2, 104330.0,-0.4551643748113164,-0.40804340241589926,1.2448738414746139,8109.74
0, 104331.0,0.9824086616719013,1.244400181881749,-1.5031958726041614,30371.2
2, 104332.0,-1.317708196701247,0.4181783897329248,-0.9621232658042624,24138.18
1, 104333.0,1.4855592244410276,0.4181783897329248,-1.0632685374693007,17041.36
1, 104334.0,0.33550079525445337,-1.2342651945647232,2.1520672577041777,6730.06
0, 104335.0,-0.23952841933883373,0.4181783897329248,0.7887697335824501,18281.34
0, 104336.0,0.2636221434302925,0.4181783897329248,1.3960457828916124,18492.63
1, 104337.0,1.1261659653202232,-0.40804340241589926,-0.5795021481621484,24865.07
2, 104338.0,-0.38328572298715546,-0.40804340241589926,-1.9146925296180617,15782.38
1, 104339.0,0.551136750726936,0.4181783897329248,1.4828746106664374,15895.18
0, 104340.0,0.7667727061994186,1.244400181881749,0.3401878250224321,18087.94
1, 104341.0,1.6293165280893493,-0.40804340241589926,0.4070787803738809,15002.63
1, 104342.0,1.70119517991351,-0.40804340241589926,0.7577912137522144,33145.36
2, 104343.0,-1.389586848525408,-0.40804340241589926,-0.0852612984946422,24091.62
1, 104344.0,1.4855592244410276,-0.40804340241589926,-0.9657225977427625,15599.62
1, 104345.0,1.1261659653202232,-0.40804340241589926,0.49969080440944175,16844.68
1, 104346.0,0.6230154025510969,-1.2342651945647232,-0.4631102681733518,12009.41
2, 104347.0,-1.4614655003495687,0.4181783897329248,-1.1425347239800865,12387.12
1, 104348.0,0.551136750726936,-1.2342651945647232,-0.7443839044909614,16596.02
2, 104349.0,-0.38328572298715546,-0.40804340241589926,1.8126785652559565,18178.59
2, 104350.0,-0.16764976751467284,-1.2342651945647232,-0.15494274714672576,35649.27
1, 104351.0,0.11986483978197071,-1.2342651945647232,0.5570374638340816,32536.91
2, 104352.0,-1.1020722412287642,-1.2342651945647232,0.2505280620150791,37776.29
2, 104353.0,-1.6052228039978906,-0.40804340241589926,1.198810481048193,10460.03
1, 104354.0,0.9824086616719013,0.4181783897329248,-0.7119090331806751,19948.59
2, 104355.0,-0.16764976751467284,-0.40804340241589926,-1.2006497801106983,27674.82
1, 104356.0,0.9824086616719013,0.4181783897329248,-0.1486338057713775,30258.41
2, 104357.0,-0.3114070711629946,-1.2342651945647232,0.79956772939795,7488.16
1, 104358.0,0.11986483978197071,-1.2342651945647232,-0.12554146266032717,17263.99
1, 104359.0,1.6293165280893493,-0.40804340241589926,-1.1873443845178164,12290.92
2, 104360.0,-0.4551643748113164,-1.2342651945647232,1.4089063172336684,17733.48
2, 104361.0,-1.6771014558220514,-0.40804340241589926,0.10574594583721542,31586.26
2, 104362.0,-0.670800330283799,-0.40804340241589926,-0.7843405332015002,16290.81
1, 104363.0,1.4855592244410276,-0.40804340241589926,0.005894815992761371,15949.65
2, 104364.0,-0.09577111569051194,-0.40804340241589926,0.9424895167087237,27095.13
2, 104365.0,-1.1739508930529252,0.4181783897329248,-0.3192583164290331,10902.88
2, 104366.0,-1.4614655003495687,-0.40804340241589926,0.015964857034182618,23342.33
0, 104367.0,-0.8145576339321208,1.244400181881749,-0.8091314374520674,16688.68
1, 104368.0,0.551136750726936,0.4181783897329248,-0.48361432764323364,33183.05
1, 104369.0,1.0542873134960622,-1.2342651945647232,-1.0031718266759193,16888.46
1, 104370.0,0.551136750726936,0.4181783897329248,-1.9146925296180617,37945.36
2, 104371.0,-0.09577111569051194,-1.2342651945647232,0.34718427923996575,17703.59
2, 104372.0,-1.2458295448770862,0.4181783897329248,-1.510637188072521,11143.79
1, 104373.0,0.2636221434302925,-1.2342651945647232,-0.20399881053324773,22561.91
2, 104374.0,-1.1020722412287642,0.4181783897329248,-0.07296695119909176,6386.03
1, 104375.0,0.40737944707861423,0.4181783897329248,1.338780007330759,15707.77
0, 104376.0,-1.317708196701247,1.244400181881749,-1.860338573153523,10121.19
1, 104377.0,1.6293165280893493,-0.40804340241589926,0.4583187080826388,18654.13
2, 104378.0,-1.2458295448770862,-1.2342651945647232,-0.672073730265816,6373.37
1, 104379.0,1.6293165280893493,-1.2342651945647232,0.4040860774137798,10346.86
0, 104380.0,-0.4551643748113164,2.896843766179397,0.12285288302806355,8995.93
0, 104381.0,0.11986483978197071,0.4181783897329248,1.3201767186598603,12568.69
1, 104382.0,1.269923268968545,-1.2342651945647232,-1.0187419704548237,12057.9
1, 104383.0,0.7667727061994186,0.4181783897329248,-0.9752264517376781,35528.09
0, 104384.0,-0.38328572298715546,1.244400181881749,0.5296178340104527,33272.34
0, 104385.0,0.33550079525445337,0.4181783897329248,-1.5627263963510374,11568.3
1, 104386.0,0.9105300098477405,-1.2342651945647232,-0.8790150957636172,8633.44
1, 104387.0,0.9105300098477405,0.4181783897329248,0.10550329424585586,22379.16
1, 104388.0,0.19174349160613158,-0.40804340241589926,-1.284000601742703,20493.5
2, 104389.0,-0.23952841933883373,0.4181783897329248,1.768273324037159,9048.9
0, 104390.0,1.3418019207927057,2.070621974030573,0.2769770854732698,24279.94
2, 104391.0,-0.8145576339321208,-0.40804340241589926,-0.18191751571952886,18691.75
0, 104392.0,0.6230154025510969,1.244400181881749,-1.1775169950677546,39602.73
0, 104393.0,-1.389586848525408,1.244400181881749,2.1373059525631386,8197.58
2, 104394.0,-0.9583149375804426,-1.2342651945647232,0.31183803076525823,6977.96
1, 104395.0,0.40737944707861423,-0.40804340241589926,-0.06710287107456935,22674.86
0, 104396.0,-0.16764976751467284,0.4181783897329248,0.4771242064130038,16568.06
2, 104397.0,-1.4614655003495687,-0.40804340241589926,1.2066966577673783,20060.3
2, 104398.0,-1.389586848525408,0.4181783897329248,1.9529716269936686,14289.59
1, 104399.0,1.1261659653202232,-1.2342651945647232,0.07412035509668764,18676.03
1, 104400.0,0.2636221434302925,-1.2342651945647232,-0.5596047176706654,12647.34
1, 104401.0,0.47925809890277515,0.4181783897329248,0.312889520994483,15373.17
1, 104402.0,0.04798618795780982,-1.2342651945647232,-1.01534484817579,12483.3
2, 104403.0,-1.6771014558220514,-1.2342651945647232,-0.013840846771148541,9241.62
2, 104404.0,-0.8145576339321208,0.4181783897329248,1.7484163354775695,12192.08
0, 104405.0,0.9824086616719013,1.244400181881749,-0.66281252786226,10165.49
0, 104406.0,1.6293165280893493,1.244400181881749,0.15059604830683854,20844.15
0, 104407.0,-0.7426789821079599,1.244400181881749,0.5908469188968453,22436.85
1, 104408.0,0.551136750726936,-1.2342651945647232,-0.13383205869844508,7742.48
2, 104409.0,-0.023892463866351063,-1.2342651945647232,0.11812117699655236,14866.73
2, 104410.0,-0.8145576339321208,-1.2342651945647232,2.5287434113579828,16458.05
1, 104411.0,0.04798618795780982,-0.40804340241589926,-0.17411222286413006,12596.96
1, 104412.0,0.551136750726936,-1.2342651945647232,0.9014813977689601,14023.0
0, 104413.0,0.11986483978197071,0.4181783897329248,0.502076878391144,8400.39
0, 104414.0,-0.023892463866351063,1.244400181881749,0.16418453742297323,12417.6
1, 104415.0,1.70119517991351,0.4181783897329248,0.2301048864089838,20200.03
2, 104416.0,-0.38328572298715546,-1.2342651945647232,-0.5782484482734574,22988.76
2, 104417.0,-0.16764976751467284,-0.40804340241589926,-0.01796592382426086,19549.1
2, 104418.0,-1.2458295448770862,-1.2342651945647232,-0.8645368841458309,7049.85
2, 104419.0,-0.8864362857562816,0.4181783897329248,-0.2785737329444155,19934.84
1, 104420.0,0.11986483978197071,-1.2342651945647232,-0.08360317928701862,8879.16
2, 104421.0,-0.8864362857562816,0.4181783897329248,-1.044341713343256,16013.52
2, 104422.0,-0.09577111569051194,-1.2342651945647232,0.4618775980892455,15610.4
2, 104423.0,-1.6052228039978906,0.4181783897329248,-1.3322478264913598,14033.84
2, 104424.0,-0.4551643748113164,-1.2342651945647232,0.06894378781435062,11514.91
1, 104425.0,1.269923268968545,-0.40804340241589926,0.5404967136897391,11758.46
2, 104426.0,-1.5333441521737297,-1.2342651945647232,0.263833457607961,10881.15
0, 104427.0,-1.4614655003495687,2.896843766179397,0.7018600219438386,18306.83
1, 104428.0,0.47925809890277515,-0.40804340241589926,-0.16853123626286046,16772.33
1, 104429.0,1.70119517991351,0.4181783897329248,0.8964261562823028,28636.81
0, 104430.0,0.40737944707861423,1.244400181881749,-0.17014891353859077,29040.84
1, 104431.0,1.3418019207927057,-0.40804340241589926,0.03966382912363181,37352.52
1, 104432.0,0.6948940543752578,0.4181783897329248,-1.7614176077426138,13794.53
2, 104433.0,-0.670800330283799,0.4181783897329248,0.2718005181909328,12307.48
1, 104434.0,1.3418019207927057,0.4181783897329248,0.20094625351394477,28947.53
2, 104435.0,-1.2458295448770862,-1.2342651945647232,-0.09808139090480499,14312.11
1, 104436.0,0.6948940543752578,0.4181783897329248,0.8047847386121803,37398.42
1, 104437.0,1.269923268968545,-1.2342651945647232,1.4384289275157467,25756.74
2, 104438.0,-0.4551643748113164,-0.40804340241589926,-0.6964197732655574,14346.22
1, 104439.0,1.0542873134960622,0.4181783897329248,0.8809773382990783,22033.84
1, 104440.0,0.6230154025510969,-0.40804340241589926,1.0585983031742676,33041.49
2, 104441.0,-0.7426789821079599,0.4181783897329248,0.7629677810345514,23981.19
2, 104442.0,-0.09577111569051194,-0.40804340241589926,-0.9150892990124034,23554.88
2, 104443.0,-0.670800330283799,0.4181783897329248,-1.2583604169223774,24744.54
1, 104444.0,0.40737944707861423,-0.40804340241589926,0.740320299174327,13682.08
1, 104445.0,0.7667727061994186,-1.2342651945647232,-1.6761255733797327,12031.76
1, 104446.0,1.198044617144384,0.4181783897329248,-1.6701401674595306,21926.44
2, 104447.0,-1.1020722412287642,-0.40804340241589926,0.03420416831804198,14079.6
2, 104448.0,-0.7426789821079599,-0.40804340241589926,-0.5134604733804581,15690.6
1, 104449.0,1.4136805726168666,0.4181783897329248,0.27843299502142715,23004.34
1, 104450.0,0.47925809890277515,0.4181783897329248,-0.7373874502734277,33570.27
0, 104451.0,0.33550079525445337,1.244400181881749,1.8667494281972425,9048.66
0, 104452.0,1.70119517991351,1.244400181881749,-0.20347306541863538,18874.37
1, 104453.0,1.3418019207927057,0.4181783897329248,1.1648797001897495,23435.59
1, 104454.0,1.1261659653202232,0.4181783897329248,2.6554884259114537,22669.34
2, 104455.0,-0.670800330283799,0.4181783897329248,-0.05929757821917055,28869.35
2, 104456.0,-0.8145576339321208,-0.40804340241589926,-0.326618748033606,13335.83
2, 104457.0,-1.389586848525408,0.4181783897329248,1.5693799029861162,29249.93
1, 104458.0,1.5574378762651884,0.4181783897329248,0.5783503619418285,23740.26
0, 104459.0,-1.6052228039978906,2.070621974030573,-0.1458433124707427,7002.17
0, 104460.0,1.5574378762651884,2.070621974030573,-0.41801751411236915,19245.46
0, 104461.0,-0.38328572298715546,1.244400181881749,-0.08675764997469275,22365.32
1, 104462.0,1.70119517991351,-0.40804340241589926,-0.17989541912486595,22610.05
1, 104463.0,0.551136750726936,-0.40804340241589926,0.5828394163819802,24835.8
0, 104464.0,0.04798618795780982,0.4181783897329248,1.4309067281836008,15457.86
1, 104465.0,1.70119517991351,0.4181783897329248,1.470418495643314,23343.27
1, 104466.0,1.70119517991351,-1.2342651945647232,1.2508188054629228,19739.55
2, 104467.0,-1.1739508930529252,0.4181783897329248,-0.5207400211212445,29689.68
2, 104468.0,-1.1739508930529252,-1.2342651945647232,2.038951174198735,29631.55
1, 104469.0,1.70119517991351,-0.40804340241589926,-0.37878884017590886,19553.42
2, 104470.0,-0.8864362857562816,-1.2342651945647232,1.1043785700774356,8790.21
0, 104471.0,-0.023892463866351063,1.244400181881749,-1.658128913687233,16825.13
1, 104472.0,1.0542873134960622,-1.2342651945647232,2.0774518933611166,17337.6
1, 104473.0,1.4136805726168666,-1.2342651945647232,0.08596984114141225,18748.51
0, 104474.0,-1.4614655003495687,2.070621974030573,-0.07049999335360302,6831.82
1, 104475.0,1.4855592244410276,-1.2342651945647232,-1.9146925296180617,15594.75
1, 104476.0,0.8386513580235796,0.4181783897329248,-0.9162621150373079,19635.46
2, 104477.0,-0.5989216784596382,-0.40804340241589926,0.18100838109056858,17028.49
2, 104478.0,-1.1020722412287642,-1.2342651945647232,0.2643996446544666,15096.9
2, 104479.0,-0.4551643748113164,-1.2342651945647232,-1.0167603157920542,21172.97
2, 104480.0,-1.1020722412287642,-1.2342651945647232,-0.43273837732151504,17950.96
0, 104481.0,-1.389586848525408,1.244400181881749,-1.1204129872344744,7068.98
1, 104482.0,0.19174349160613158,-1.2342651945647232,1.9103862727100678,17452.55
2, 104483.0,-1.1020722412287642,-1.2342651945647232,1.3267283116265682,13125.03
1, 104484.0,1.70119517991351,0.4181783897329248,0.9607692699244764,25425.67
1, 104485.0,1.0542873134960622,0.4181783897329248,-0.7467699784726636,16094.6
1, 104486.0,0.33550079525445337,-1.2342651945647232,-0.5018131969951998,14440.24
0, 104487.0,-0.023892463866351063,1.244400181881749,0.9645708115224426,12387.77
0, 104488.0,-1.2458295448770862,1.244400181881749,1.69976469140998,18846.68
2, 104489.0,-0.5270430266354773,0.4181783897329248,1.0066708626233243,23073.22
0, 104490.0,0.551136750726936,2.070621974030573,-0.39209423576879077,18830.69
2, 104491.0,-1.317708196701247,-1.2342651945647232,1.3153236868326694,8473.03
0, 104492.0,-0.23952841933883373,0.4181783897329248,-0.13965569689107424,5581.52
1, 104493.0,1.4855592244410276,-0.40804340241589926,1.2219837080230298,14515.24
1, 104494.0,0.7667727061994186,-0.40804340241589926,0.16681326299603502,21499.34
1, 104495.0,0.551136750726936,-0.40804340241589926,-0.577237399976126,13714.43
2, 104496.0,-0.5270430266354773,-0.40804340241589926,0.987663154633493,24224.5
1, 104497.0,1.198044617144384,-0.40804340241589926,-0.4324957257301555,12662.29
2, 104498.0,-1.389586848525408,-0.40804340241589926,0.2594252870315959,16568.5
2, 104499.0,-1.4614655003495687,0.4181783897329248,0.33363623205572435,17362.17
1, 104500.0,1.3418019207927057,-1.2342651945647232,0.4522928602305433,20542.65
0, 104501.0,-1.0301935894046035,1.244400181881749,0.9263531858833138,16312.16
2, 104502.0,-1.389586848525408,-0.40804340241589926,-1.1132143233574745,9788.63
0, 104503.0,-0.4551643748113164,0.4181783897329248,-0.7654137090754555,27627.8
2, 104504.0,-0.16764976751467284,-0.40804340241589926,-1.9146925296180617,16077.21
1, 104505.0,0.19174349160613158,-1.2342651945647232,0.596913208680834,31611.59
1, 104506.0,1.1261659653202232,-0.40804340241589926,-0.8348929480680728,17834.68
2, 104507.0,-1.4614655003495687,-1.2342651945647232,-0.4745957768310371,18177.3
2, 104508.0,-0.7426789821079599,0.4181783897329248,0.4723520584495993,19903.11
2, 104509.0,-0.5989216784596382,-0.40804340241589926,-1.6703019351871036,9188.55
2, 104510.0,0.04798618795780982,-1.2342651945647232,3.1882299947413415,12693.41
2, 104511.0,-1.317708196701247,-0.40804340241589926,0.5574014412211209,11846.54
0, 104512.0,1.70119517991351,1.244400181881749,0.22387682889742208,31280.32
1, 104513.0,1.5574378762651884,-1.2342651945647232,1.235167777820232,11614.06
1, 104514.0,1.6293165280893493,0.4181783897329248,-1.0161536868136551,15764.12
0, 104515.0,-0.5270430266354773,1.244400181881749,0.4350645972440154,15345.61
0, 104516.0,-1.6052228039978906,1.244400181881749,-1.4878279384847235,12198.43
1, 104517.0,0.9105300098477405,-1.2342651945647232,-1.4094110325436962,13429.65
1, 104518.0,0.33550079525445337,-1.2342651945647232,1.3130993805785403,25585.16
0, 104519.0,1.3418019207927057,1.244400181881749,0.7670119742238772,31593.55
1, 104520.0,1.269923268968545,-0.40804340241589926,1.322765002301029,14429.33
1, 104521.0,0.47925809890277515,-0.40804340241589926,0.25473402293197794,15904.02
1, 104522.0,0.9105300098477405,-0.40804340241589926,0.2367373632394781,16324.7
1, 104523.0,1.6293165280893493,-1.2342651945647232,-1.1156003973391766,17207.05
2, 104524.0,-0.5270430266354773,-0.40804340241589926,1.2189505631310356,18049.95
1, 104525.0,1.1261659653202232,-1.2342651945647232,0.911025693695769,17346.81
2, 104526.0,-0.09577111569051194,-0.40804340241589926,1.016983555256105,12156.07
1, 104527.0,0.6230154025510969,0.4181783897329248,-1.7757744935647204,24827.86
2, 104528.0,-0.16764976751467284,-0.40804340241589926,-1.4155582061914713,16039.17
2, 104529.0,-0.5270430266354773,-1.2342651945647232,1.4507637167431904,9142.6
2, 104530.0,-1.6052228039978906,-1.2342651945647232,0.33080529682319626,24399.95
2, 104531.0,-0.09577111569051194,-1.2342651945647232,-0.37154973436701566,12684.75
1, 104532.0,0.40737944707861423,-1.2342651945647232,0.5963874635662216,14068.7
2, 104533.0,-1.1739508930529252,-1.2342651945647232,-0.20525251042193873,23770.09
1, 104534.0,1.70119517991351,-1.2342651945647232,-0.058003436398586294,23267.97
1, 104535.0,0.551136750726936,-0.40804340241589926,-1.9146925296180617,25552.85
1, 104536.0,0.33550079525445337,-1.2342651945647232,0.05495087937928334,17377.9
2, 104537.0,-0.8864362857562816,-0.40804340241589926,1.004123020914049,17662.39
2, 104538.0,-0.3114070711629946,-1.2342651945647232,0.010666963956165816,4767.6
1, 104539.0,-0.09577111569051194,-1.2342651945647232,-1.688703014198536,26808.17
2, 104540.0,-0.5270430266354773,0.4181783897329248,0.7206250783423103,24875.53
2, 104541.0,-1.4614655003495687,0.4181783897329248,0.7110403404836081,15008.32
2, 104542.0,-1.5333441521737297,-0.40804340241589926,0.35951906846740944,25903.28
1, 104543.0,1.198044617144384,0.4181783897329248,-1.9146925296180617,26643.18
0, 104544.0,1.3418019207927057,2.070621974030573,-0.0509665402491594,20005.64
1, 104545.0,1.1261659653202232,0.4181783897329248,0.12875740508447922,28927.76
2, 104546.0,-0.670800330283799,0.4181783897329248,-0.44163560233803184,9893.76
1, 104547.0,0.6230154025510969,-1.2342651945647232,-0.5159274312259468,20232.18
0, 104548.0,0.2636221434302925,0.4181783897329248,1.243943677041069,12475.76
0, 104549.0,-0.09577111569051194,0.4181783897329248,-0.17548724854850084,11344.25
2, 104550.0,-1.5333441521737297,-0.40804340241589926,-0.14361900621661353,32956.07
1, 104551.0,0.9824086616719013,-0.40804340241589926,0.12580514405627138,10264.35
2, 104552.0,-0.5989216784596382,-0.40804340241589926,1.4004135115360843,20233.41
0, 104553.0,0.9105300098477405,1.244400181881749,0.5513755933690255,28424.04
1, 104554.0,1.70119517991351,-0.40804340241589926,0.9950235862380659,14749.13
1, 104555.0,0.33550079525445337,-1.2342651945647232,-1.9146925296180617,12163.62
1, 104556.0,1.0542873134960622,0.4181783897329248,-1.0240398635328405,16899.1
2, 104557.0,-0.09577111569051194,-0.40804340241589926,-1.0071351360014587,17462.98
1, 104558.0,0.7667727061994186,0.4181783897329248,1.6869850409317106,12450.41
2, 104559.0,-1.4614655003495687,-1.2342651945647232,0.5457541648358626,8419.74
1, 104560.0,1.198044617144384,-1.2342651945647232,-0.3850168976874706,16193.21
1, 104561.0,-0.023892463866351063,-1.2342651945647232,-1.0944492669590027,20620.18
1, 104562.0,1.70119517991351,-1.2342651945647232,-0.7474170493829557,18134.63
2, 104563.0,-1.2458295448770862,-0.40804340241589926,1.3065477876118323,16997.54
1, 104564.0,1.0542873134960622,-1.2342651945647232,-0.18757938618458497,15695.13
0, 104565.0,-0.670800330283799,2.070621974030573,-1.2691584127378774,21490.67
0, 104566.0,1.4855592244410276,1.244400181881749,0.8542047793857415,19053.37
2, 104567.0,-0.5989216784596382,-0.40804340241589926,0.45168623125214447,24304.5
2, 104568.0,-1.6771014558220514,-0.40804340241589926,0.2295386993624782,13878.06
1, 104569.0,0.19174349160613158,-1.2342651945647232,-0.9064347255872462,10375.82
0, 104570.0,-1.317708196701247,2.070621974030573,0.12390437325728826,33427.55
2, 104571.0,-0.3114070711629946,-1.2342651945647232,0.6496090459377492,30209.56
1, 104572.0,0.8386513580235796,-1.2342651945647232,1.7641886889159402,17433.75
0, 104573.0,0.47925809890277515,2.070621974030573,-1.5103136526173748,18976.46
2, 104574.0,-1.1020722412287642,-0.40804340241589926,-0.003770805729727295,23168.85
1, 104575.0,0.47925809890277515,0.4181783897329248,-0.629892795301148,18408.63
2, 104576.0,-0.8864362857562816,0.4181783897329248,-0.10843452546947904,10640.32
2, 104577.0,-1.6052228039978906,-0.40804340241589926,1.1321217353562105,16294.86
1, 104578.0,0.9105300098477405,-0.40804340241589926,0.25792893555154534,23797.16
0, 104579.0,1.0542873134960622,1.244400181881749,-0.7545348293961691,27145.23
2, 104580.0,-1.317708196701247,0.4181783897329248,-1.007175577933352,16180.98
1, 104581.0,0.2636221434302925,-1.2342651945647232,0.0978597691180301,17523.29
1, 104582.0,0.8386513580235796,-0.40804340241589926,0.44440668351135804,13423.75
2, 104583.0,-0.5270430266354773,0.4181783897329248,1.4544843744773703,15584.53
2, 104584.0,-0.670800330283799,-0.40804340241589926,0.9589493829892798,28507.19
1, 104585.0,0.11986483978197071,-1.2342651945647232,0.578714339328868,7538.42
1, 104586.0,1.70119517991351,-0.40804340241589926,0.5844975355896038,34657.52
0, 104587.0,1.70119517991351,1.244400181881749,-0.6855004516543777,15966.78
0, 104588.0,0.2636221434302925,1.244400181881749,-1.120049009847435,13735.69
2, 104589.0,-0.9583149375804426,-1.2342651945647232,-0.718784161602529,12056.64
2, 104590.0,-0.23952841933883373,-0.40804340241589926,-1.207969769783378,25652.62
1, 104591.0,0.8386513580235796,-0.40804340241589926,-0.5021771743822391,22297.1
2, 104592.0,-1.317708196701247,-1.2342651945647232,0.9668355597084651,11777.56
1, 104593.0,0.6948940543752578,0.4181783897329248,-0.15203092805041118,9009.03
0, 104594.0,0.9105300098477405,1.244400181881749,0.14639008738993972,22825.23
0, 104595.0,-0.670800330283799,2.896843766179397,-0.4414738346104588,14218.57
0, 104596.0,-1.2458295448770862,1.244400181881749,-0.022050558945479918,8491.11
1, 104597.0,1.4136805726168666,-0.40804340241589926,-1.1409979305681426,28855.09
0, 104598.0,0.2636221434302925,1.244400181881749,1.413071836218674,9812.23
2, 104599.0,-1.0301935894046035,-1.2342651945647232,-1.4856845160943808,5449.15
0, 104600.0,-0.09577111569051194,0.4181783897329248,0.9346033399895385,28564.81
1, 104601.0,0.8386513580235796,-0.40804340241589926,0.4057441966214034,19407.91
2, 104602.0,-1.5333441521737297,0.4181783897329248,-0.5821308737352102,13432.17
1, 104603.0,1.3418019207927057,-0.40804340241589926,0.03436593604561501,21220.71
2, 104604.0,-1.6052228039978906,-1.2342651945647232,-0.010767259947260932,16622.66
1, 104605.0,1.6293165280893493,-0.40804340241589926,-1.3287293784166463,7473.89
1, 104606.0,0.40737944707861423,0.4181783897329248,-1.0324922272985315,19604.42
2, 104607.0,-0.670800330283799,-0.40804340241589926,0.8214872564840958,22963.82
2, 104608.0,-0.670800330283799,-0.40804340241589926,-0.6833165873321417,21303.91
1, 104609.0,0.47925809890277515,-0.40804340241589926,0.24506840120948928,19846.43
1, 104610.0,1.6293165280893493,0.4181783897329248,0.24927436212638812,27576.31
0, 104611.0,0.33550079525445337,2.070621974030573,1.311805238757956,23506.93
0, 104612.0,0.33550079525445337,0.4181783897329248,-1.5319096442483746,20482.22
0, 104613.0,0.2636221434302925,2.896843766179397,-0.3982009674846727,31899.08
1, 104614.0,0.8386513580235796,-0.40804340241589926,-0.7702667409026465,23225.48
2, 104615.0,-0.9583149375804426,-0.40804340241589926,0.8977202981028871,15665.25
1, 104616.0,0.11986483978197071,-0.40804340241589926,0.16329481492132156,17881.13
2, 104617.0,-1.5333441521737297,-1.2342651945647232,0.3845526243093362,6802.67
0, 104618.0,-0.23952841933883373,0.4181783897329248,-0.469095674093554,30145.17
1, 104619.0,0.6230154025510969,-0.40804340241589926,1.3136251256931526,11228.69
2, 104620.0,-1.6771014558220514,-0.40804340241589926,-1.639930044335267,28258.22
0, 104621.0,-1.1739508930529252,1.244400181881749,-0.44038190244934083,30525.39
1, 104622.0,0.8386513580235796,-1.2342651945647232,0.6299542670376258,24421.86
2, 104623.0,-1.0301935894046035,-1.2342651945647232,-0.804521057216236,17709.77
0, 104624.0,0.6230154025510969,1.244400181881749,0.39575503944376866,4836.63
2, 104625.0,-1.1020722412287642,0.4181783897329248,-1.6470882662803734,12873.6
2, 104626.0,-1.6771014558220514,-0.40804340241589926,-1.0770592362449019,15510.71
0, 104627.0,-0.5270430266354773,1.244400181881749,1.0560504614649922,20675.39
2, 104628.0,-0.23952841933883373,-1.2342651945647232,-0.1112654607020071,15273.2
1, 104629.0,1.198044617144384,0.4181783897329248,-1.0262237278550765,30619.13
1, 104630.0,1.6293165280893493,-1.2342651945647232,-0.01161654051701935,14606.65
1, 104631.0,1.269923268968545,0.4181783897329248,-0.4654559002231608,34532.48
0, 104632.0,0.9105300098477405,1.244400181881749,1.0514400812291609,18850.47
1, 104633.0,1.4855592244410276,0.4181783897329248,1.2542968116057431,21101.79
1, 104634.0,1.6293165280893493,0.4181783897329248,-0.40200250908263896,29696.83
0, 104635.0,0.2636221434302925,2.070621974030573,0.10271280094522106,19232.06
2, 104636.0,-0.38328572298715546,-1.2342651945647232,-0.44333416347754867,15847.85
0, 104637.0,0.11986483978197071,1.244400181881749,-0.7557076454210736,12543.58
1, 104638.0,1.269923268968545,0.4181783897329248,-1.9146925296180617,28368.04
2, 104639.0,-0.670800330283799,-0.40804340241589926,1.1169560108962389,7750.47
1, 104640.0,1.1261659653202232,-1.2342651945647232,-1.2430329247348326,26828.53
2, 104641.0,-1.1739508930529252,-1.2342651945647232,-0.7456376043796523,10098.53
1, 104642.0,1.3418019207927057,-1.2342651945647232,-0.44038190244934083,14326.34
1, 104643.0,0.8386513580235796,-0.40804340241589926,1.523397426423482,35340.13
2, 104644.0,-0.8864362857562816,0.4181783897329248,0.696279035342569,20008.12
2, 104645.0,-1.6052228039978906,-0.40804340241589926,-0.5750939775857833,5429.35
1, 104646.0,1.3418019207927057,-1.2342651945647232,2.229998860462486,12384.69
2, 104647.0,-1.6771014558220514,-1.2342651945647232,-1.6402131378585196,6443.42
2, 104648.0,-0.5270430266354773,-0.40804340241589926,-1.3339463876308766,16513.81
1, 104649.0,0.47925809890277515,0.4181783897329248,1.1037719410990368,9205.46
1, 104650.0,0.04798618795780982,-0.40804340241589926,-0.24589665197466304,11894.47
2, 104651.0,-1.2458295448770862,0.4181783897329248,-0.6044143782083954,10719.79
1, 104652.0,0.19174349160613158,-0.40804340241589926,-0.4599557974856777,13101.96
2, 104653.0,-0.9583149375804426,0.4181783897329248,0.11613952233378272,24322.13
2, 104654.0,-0.9583149375804426,0.4181783897329248,0.6872200425984791,17555.78
2, 104655.0,-1.4614655003495687,-0.40804340241589926,-0.15223313770987748,15071.31
1, 104656.0,0.9105300098477405,-0.40804340241589926,-0.300129282643522,32753.61
1, 104657.0,0.8386513580235796,-0.40804340241589926,1.3995642309663259,24434.59
1, 104658.0,0.47925809890277515,-1.2342651945647232,-0.24706946799956753,11917.88
1, 104659.0,0.8386513580235796,0.4181783897329248,-1.4993943310061952,8224.71
2, 104660.0,-0.4551643748113164,0.4181783897329248,1.188942649666238,13655.15
1, 104661.0,1.70119517991351,0.4181783897329248,0.44295077396320076,15185.24
1, 104662.0,0.9824086616719013,-1.2342651945647232,0.9446329390990664,25056.74
2, 104663.0,-0.9583149375804426,-0.40804340241589926,-0.7417147369860063,12269.24
0, 104664.0,1.70119517991351,1.244400181881749,-0.9023500904660271,10413.44
1, 104665.0,0.2636221434302925,-1.2342651945647232,-0.9359168939374313,32151.68
0, 104666.0,-0.38328572298715546,0.4181783897329248,-0.7813073883095059,15034.74
1, 104667.0,0.47925809890277515,-1.2342651945647232,0.3009995930178651,14262.31
2, 104668.0,-0.7426789821079599,-0.40804340241589926,0.5573609992892277,19758.55
1, 104669.0,1.70119517991351,-0.40804340241589926,-0.017804156096687826,28228.86
0, 104670.0,-1.6771014558220514,1.244400181881749,0.101135565601384,11685.65
2, 104671.0,-0.16764976751467284,-1.2342651945647232,0.24336984006997245,16517.49
2, 104672.0,-0.8145576339321208,-1.2342651945647232,0.6152738457603731,17691.6
0, 104673.0,-1.389586848525408,2.896843766179397,-0.1764982968458323,16279.05
2, 104674.0,-0.5989216784596382,0.4181783897329248,1.5773874055009813,17803.16
2, 104675.0,-0.4551643748113164,-0.40804340241589926,-0.9070817964975383,7108.8
1, 104676.0,0.33550079525445337,-0.40804340241589926,-0.8817651471323588,15376.88
2, 104677.0,-0.38328572298715546,-0.40804340241589926,1.3392248685815848,15125.95
1, 104678.0,0.9105300098477405,0.4181783897329248,1.8794886367436188,29830.4
1, 104679.0,1.4136805726168666,-0.40804340241589926,0.24741403325929823,22762.26
2, 104680.0,-1.6052228039978906,-1.2342651945647232,-0.5996017883130976,13955.64
2, 104681.0,-1.1739508930529252,-1.2342651945647232,0.36036834903716786,11330.26
2, 104682.0,-0.09577111569051194,-1.2342651945647232,3.945383843646918,6570.86
0, 104683.0,0.6948940543752578,1.244400181881749,1.0103510784256107,13842.44
0, 104684.0,0.2636221434302925,0.4181783897329248,-0.2525291288051573,32508.4
1, 104685.0,0.6230154025510969,0.4181783897329248,0.11063941959629964,12474.27
2, 104686.0,-0.023892463866351063,-1.2342651945647232,1.151169885277935,22619.27
2, 104687.0,-0.5270430266354773,-0.40804340241589926,-1.3113797896344388,7833.46
1, 104688.0,1.4136805726168666,-0.40804340241589926,2.0303774846373646,25331.71
1, 104689.0,0.9824086616719013,-1.2342651945647232,1.3215921862761244,12107.16
1, 104690.0,0.2636221434302925,-0.40804340241589926,-1.9146925296180617,30458.62
2, 104691.0,-0.7426789821079599,0.4181783897329248,0.21328104274138848,7121.29
1, 104692.0,0.47925809890277515,-0.40804340241589926,1.1355188576352442,15490.7
2, 104693.0,0.04798618795780982,-1.2342651945647232,1.5189488139152234,12993.94
1, 104694.0,0.33550079525445337,-1.2342651945647232,-0.30554850151721863,7196.72
1, 104695.0,1.4855592244410276,-0.40804340241589926,-0.0017487091350643941,15526.73
1, 104696.0,1.1261659653202232,0.4181783897329248,-0.836187089888657,14392.33
1, 104697.0,1.1261659653202232,0.4181783897329248,-0.4025686961291446,17335.27
2, 104698.0,-0.7426789821079599,-0.40804340241589926,-0.882573985770224,26454.64
1, 104699.0,1.5574378762651884,-1.2342651945647232,1.4585690095985893,13152.43
0, 104700.0,0.9824086616719013,2.070621974030573,-0.2195285123802588,7743.03
2, 104701.0,-1.4614655003495687,0.4181783897329248,-0.8805923311074543,26456.45
1, 104702.0,0.9105300098477405,-0.40804340241589926,0.7197353558406586,10351.0
2, 104703.0,-0.3114070711629946,0.4181783897329248,0.6768669080338051,16317.7
1, 104704.0,0.9824086616719013,-0.40804340241589926,0.068377600767845,14177.3
2, 104705.0,-1.1739508930529252,0.4181783897329248,0.8739808840815446,15978.47
0, 104706.0,0.2636221434302925,0.4181783897329248,-0.7633107286170061,29047.55
2, 104707.0,-0.8864362857562816,0.4181783897329248,-0.7389242436853715,15038.61
2, 104708.0,-0.670800330283799,0.4181783897329248,0.3703575062148026,12409.57
0, 104709.0,1.4855592244410276,2.070621974030573,-0.8485218791161008,18171.69
2, 104710.0,-0.09577111569051194,-0.40804340241589926,-0.6988058472472596,27257.24
1, 104711.0,1.198044617144384,-1.2342651945647232,-0.08691941770226577,16833.9
1, 104712.0,0.9105300098477405,-1.2342651945647232,1.8113844234353722,11124.78
0, 104713.0,0.33550079525445337,1.244400181881749,0.07650642907838986,19588.64
1, 104714.0,0.9105300098477405,-0.40804340241589926,0.30083782529029207,23565.07
2, 104715.0,-1.2458295448770862,-0.40804340241589926,0.7213530331163889,12595.61
0, 104716.0,-0.3114070711629946,0.4181783897329248,-0.12877681721178783,21505.8
2, 104717.0,-1.0301935894046035,0.4181783897329248,0.7212317073207092,12704.3
2, 104718.0,-0.8864362857562816,-0.40804340241589926,-0.9490200798708469,37128.16
1, 104719.0,0.8386513580235796,-1.2342651945647232,0.42523720779395374,10464.49
2, 104720.0,-0.3114070711629946,-0.40804340241589926,-0.6652390437758554,12492.86
2, 104721.0,-0.7426789821079599,0.4181783897329248,0.8238328885339047,25239.63
1, 104722.0,1.70119517991351,-0.40804340241589926,0.3921557075052687,11624.04
1, 104723.0,1.4855592244410276,-1.2342651945647232,-0.2066275361063095,29139.94
1, 104724.0,1.4136805726168666,-1.2342651945647232,0.32122055896449414,12281.18
1, 104725.0,0.551136750726936,-0.40804340241589926,-1.9146925296180617,12352.2
1, 104726.0,1.4136805726168666,-1.2342651945647232,0.21283618149056263,31550.86
2, 104727.0,-0.8145576339321208,-0.40804340241589926,0.6573738968612547,24604.3
0, 104728.0,-1.389586848525408,1.244400181881749,-0.2761067750989268,27261.97
2, 104729.0,-0.3114070711629946,-1.2342651945647232,0.43559034235862776,11235.79
2, 104730.0,-0.7426789821079599,-0.40804340241589926,-0.9400824129224369,13644.97
1, 104731.0,0.33550079525445337,-0.40804340241589926,0.7689127450228603,9994.74
1, 104732.0,1.70119517991351,-0.40804340241589926,0.5074960972648406,17819.46
0, 104733.0,-0.8145576339321208,1.244400181881749,-0.8382091864833199,9766.19
2, 104734.0,-1.1739508930529252,-1.2342651945647232,0.14501506170556894,10433.02
2, 104735.0,-0.8864362857562816,-0.40804340241589926,-1.4276907857594487,22761.3
0, 104736.0,1.198044617144384,2.070621974030573,0.3953101781929428,14125.83
2, 104737.0,-0.16764976751467284,-1.2342651945647232,1.1073308311056433,11647.54
1, 104738.0,1.5574378762651884,-1.2342651945647232,-1.830249775824939,15982.55
2, 104739.0,-0.38328572298715546,-0.40804340241589926,0.17324353016706304,14106.49
2, 104740.0,-0.9583149375804426,-0.40804340241589926,0.777162899129085,17970.42
2, 104741.0,-0.9583149375804426,0.4181783897329248,1.6142704473876326,16485.72
2, 104742.0,-0.3114070711629946,0.4181783897329248,1.3614679311228768,16168.12
2, 104743.0,-1.4614655003495687,-0.40804340241589926,-0.8728679221158421,37752.44
0, 104744.0,-1.0301935894046035,2.896843766179397,1.2444694221556813,17649.84
1, 104745.0,1.6293165280893493,-0.40804340241589926,-0.7658990122581746,24584.0
1, 104746.0,0.9824086616719013,-1.2342651945647232,-9.398704971992339E-4,12910.02
0, 104747.0,-1.6052228039978906,2.070621974030573,-0.3886566715578638,6102.11
2, 104748.0,-1.317708196701247,-0.40804340241589926,-0.8436688472889098,21403.86
2, 104749.0,-0.4551643748113164,-0.40804340241589926,-0.034668441696176416,12589.73
2, 104750.0,-1.1739508930529252,-0.40804340241589926,0.0794586901065977,31374.54
2, 104751.0,-0.7426789821079599,0.4181783897329248,0.11067986152819288,13816.03
0, 104752.0,0.9105300098477405,1.244400181881749,-0.9785831320848185,19981.46
0, 104753.0,0.2636221434302925,2.896843766179397,0.9406696297735272,12946.01
2, 104754.0,-0.16764976751467284,-1.2342651945647232,-1.4957141152039088,17664.38
2, 104755.0,-0.5270430266354773,-0.40804340241589926,0.5177683479657281,12374.42
1, 104756.0,0.7667727061994186,-1.2342651945647232,-0.49008503674615495,21542.13
2, 104757.0,-1.1020722412287642,0.4181783897329248,1.0258403383407286,8387.69
2, 104758.0,-0.3114070711629946,-0.40804340241589926,-1.9146925296180617,11013.13
1, 104759.0,1.1261659653202232,-1.2342651945647232,0.6560393131087773,9078.55
1, 104760.0,0.9824086616719013,0.4181783897329248,-1.2467131405371192,13389.52
1, 104761.0,0.2636221434302925,-1.2342651945647232,-0.4044694669281277,26516.84
1, 104762.0,0.6948940543752578,-1.2342651945647232,0.29307297436678653,31578.85
1, 104763.0,1.4855592244410276,-1.2342651945647232,0.22112677752868054,13425.57
1, 104764.0,0.9105300098477405,-0.40804340241589926,0.41472230550170663,17161.55
2, 104765.0,-1.1020722412287642,0.4181783897329248,-0.1935243501728939,14888.57
1, 104766.0,1.269923268968545,0.4181783897329248,-0.9891789182408521,22175.41
1, 104767.0,0.33550079525445337,-0.40804340241589926,0.5645192212343343,18763.62
1, 104768.0,0.40737944707861423,-1.2342651945647232,0.8505245635834551,17267.89
0, 104769.0,0.40737944707861423,2.896843766179397,-1.3014310743886972,13544.1
2, 104770.0,-1.1020722412287642,0.4181783897329248,-0.8389371412573986,13131.99
1, 104771.0,1.269923268968545,0.4181783897329248,-0.10054834875029373,29373.67
0, 104772.0,-1.2458295448770862,1.244400181881749,1.5167245076610942,15611.42
1, 104773.0,1.70119517991351,-0.40804340241589926,1.0789810368484696,8492.12
1, 104774.0,0.47925809890277515,-1.2342651945647232,1.3451698325698938,11222.55
1, 104775.0,0.9824086616719013,-0.40804340241589926,1.6027849387299473,15791.96
2, 104776.0,-1.317708196701247,-0.40804340241589926,1.397865669826809,14005.33
1, 104777.0,0.19174349160613158,-1.2342651945647232,-1.6549340010676656,17491.73
0, 104778.0,-0.09577111569051194,2.070621974030573,0.07776012896708086,12935.47
1, 104779.0,1.1261659653202232,0.4181783897329248,-0.07361402210938389,12169.73
1, 104780.0,0.9105300098477405,0.4181783897329248,-0.04595174069439541,23914.63
2, 104781.0,-0.7426789821079599,0.4181783897329248,-0.5457735769631712,15053.95
0, 104782.0,-0.3114070711629946,0.4181783897329248,0.22678864799373666,14211.5
0, 104783.0,1.1261659653202232,1.244400181881749,-0.5698365264396598,13176.76
2, 104784.0,-0.5989216784596382,0.4181783897329248,0.2719218439866126,33088.08
2, 104785.0,-1.2458295448770862,-0.40804340241589926,1.2718890519793102,8539.23
1, 104786.0,0.47925809890277515,0.4181783897329248,-0.8251868844136908,20040.29
1, 104787.0,1.5574378762651884,-1.2342651945647232,2.377247934485838,15875.24
0, 104788.0,-0.23952841933883373,0.4181783897329248,-0.007289253804440742,16927.36
2, 104789.0,-0.8864362857562816,0.4181783897329248,0.11775719960951304,17798.52
1, 104790.0,0.33550079525445337,-0.40804340241589926,-0.5281004527258175,10759.26
0, 104791.0,-0.8864362857562816,2.070621974030573,0.23091372504684896,24274.74
2, 104792.0,-1.4614655003495687,-0.40804340241589926,0.6779992821268164,16398.79
0, 104793.0,0.40737944707861423,1.244400181881749,0.1962954313462201,26079.9
2, 104794.0,-1.1739508930529252,-0.40804340241589926,-1.2196574881005295,16688.69
1, 104795.0,0.40737944707861423,0.4181783897329248,0.6476678332068728,24945.68
0, 104796.0,0.19174349160613158,2.070621974030573,-0.21362399032384313,20757.96
1, 104797.0,1.5574378762651884,-0.40804340241589926,1.4201896162318874,21321.14
0, 104798.0,0.551136750726936,2.896843766179397,-0.3815388915446504,28580.05
2, 104799.0,-0.7426789821079599,-1.2342651945647232,1.4693670054140893,15897.99
1, 104800.0,1.70119517991351,0.4181783897329248,-0.25002172902777536,9382.3
2, 104801.0,-0.5270430266354773,-0.40804340241589926,0.5808577617192106,10575.52
2, 104802.0,-0.7426789821079599,0.4181783897329248,-1.1913885777071422,12112.22
2, 104803.0,-0.16764976751467284,-0.40804340241589926,1.3630451664667138,16339.43
1, 104804.0,1.70119517991351,-0.40804340241589926,-0.5756197227003956,14933.34
2, 104805.0,-1.317708196701247,0.4181783897329248,-0.9719102133224309,17339.42
0, 104806.0,0.33550079525445337,0.4181783897329248,-1.0772614459043681,19659.12
0, 104807.0,0.11986483978197071,1.244400181881749,-0.7376301018647873,13200.49
1, 104808.0,1.269923268968545,-0.40804340241589926,-0.589936166590609,23820.03
2, 104809.0,-1.6052228039978906,-0.40804340241589926,-0.5496964443568172,34432.6
0, 104810.0,-0.38328572298715546,0.4181783897329248,-1.9146925296180617,8704.44
0, 104811.0,-1.389586848525408,2.896843766179397,-0.5181921794119693,28222.34
1, 104812.0,1.5574378762651884,-1.2342651945647232,-0.42966479049762746,15666.42
1, 104813.0,0.33550079525445337,-1.2342651945647232,0.46883361037488586,33236.42
1, 104814.0,0.33550079525445337,-0.40804340241589926,-0.553902405273716,19625.02
0, 104815.0,0.9105300098477405,1.244400181881749,-1.0764526072665028,14494.25
0, 104816.0,-0.8864362857562816,1.244400181881749,-0.21871967374239365,12515.14
2, 104817.0,-0.3114070711629946,-0.40804340241589926,-0.030300713051704554,11063.16
2, 104818.0,-1.4614655003495687,-0.40804340241589926,0.01750165044612642,6518.18
1, 104819.0,1.4855592244410276,0.4181783897329248,-0.020230672010283307,29345.56
0, 104820.0,-0.8145576339321208,1.244400181881749,-1.9146925296180617,30400.28
2, 104821.0,-0.8864362857562816,-0.40804340241589926,0.3858872080618137,11996.39
0, 104822.0,-0.7426789821079599,2.896843766179397,-0.633977430422367,16305.4
1, 104823.0,0.9824086616719013,-1.2342651945647232,-0.7091994237438268,12347.58
2, 104824.0,-0.23952841933883373,0.4181783897329248,1.8923087291537815,10852.75
1, 104825.0,0.6948940543752578,0.4181783897329248,-0.9123392476436619,14491.69
1, 104826.0,1.198044617144384,-0.40804340241589926,-1.475088729938347,23089.8
0, 104827.0,-0.38328572298715546,1.244400181881749,-0.44721658893930144,11703.95
0, 104828.0,0.9105300098477405,2.070621974030573,-1.1703183311907548,12205.48
0, 104829.0,-0.5270430266354773,2.070621974030573,1.4508850425388702,10230.78
2, 104830.0,-0.8864362857562816,-0.40804340241589926,0.9789681392764424,12024.85
2, 104831.0,-1.6052228039978906,-1.2342651945647232,0.6419250788780302,10065.96
1, 104832.0,0.7667727061994186,0.4181783897329248,0.09013536012641782,11657.84
1, 104833.0,0.9824086616719013,-0.40804340241589926,-0.47487887035428994,21755.82
0, 104834.0,-1.0301935894046035,1.244400181881749,0.7450115632739449,35342.38
1, 104835.0,0.47925809890277515,-0.40804340241589926,-0.6302163307562939,22462.74
2, 104836.0,-0.670800330283799,0.4181783897329248,0.04225211276480033,16832.16
2, 104837.0,-0.09577111569051194,-1.2342651945647232,0.684389107365951,13388.02
2, 104838.0,-1.6052228039978906,-0.40804340241589926,0.5396069911880874,28218.57
1, 104839.0,1.1261659653202232,-0.40804340241589926,0.5432872069903739,24853.42
0, 104840.0,-1.1739508930529252,2.070621974030573,-1.8920854896897306,29382.96
2, 104841.0,-0.3114070711629946,0.4181783897329248,1.7715491205205132,10166.67
1, 104842.0,1.3418019207927057,-0.40804340241589926,-0.4625440811268462,25736.49
2, 104843.0,-0.3114070711629946,-1.2342651945647232,1.4183697292966908,15270.68
2, 104844.0,-1.2458295448770862,-0.40804340241589926,0.043748464244850876,5628.21
2, 104845.0,-0.670800330283799,-1.2342651945647232,0.6378808856887044,17418.42
2, 104846.0,-0.09577111569051194,-0.40804340241589926,-0.21766818351316894,13106.37
2, 104847.0,-0.5989216784596382,0.4181783897329248,-0.7689725990820622,15192.87
0, 104848.0,-0.5270430266354773,0.4181783897329248,-1.2751438186580795,13595.22
1, 104849.0,0.6230154025510969,-1.2342651945647232,1.4365281567167636,15997.82
1, 104850.0,0.551136750726936,-0.40804340241589926,1.187527182049974,10458.82
0, 104851.0,-1.1020722412287642,2.070621974030573,-0.2301242985362924,19922.43
1, 104852.0,0.8386513580235796,0.4181783897329248,-0.8977397102301957,9877.15
2, 104853.0,-1.389586848525408,0.4181783897329248,-0.5340049747822332,14758.67
2, 104854.0,-0.5270430266354773,-0.40804340241589926,0.344555553666904,9860.04
1, 104855.0,0.9105300098477405,0.4181783897329248,-1.2015799445442432,15286.56
1, 104856.0,0.2636221434302925,-0.40804340241589926,-1.9146925296180617,25332.85
1, 104857.0,0.40737944707861423,-0.40804340241589926,0.18594229678154606,7966.17
1, 104858.0,0.6948940543752578,-1.2342651945647232,0.1773281652882821,21021.08
2, 104859.0,-0.16764976751467284,0.4181783897329248,2.1654535371608463,17911.85
0, 104860.0,-0.5270430266354773,1.244400181881749,0.7575890040927481,14726.18
1, 104861.0,1.70119517991351,-1.2342651945647232,-0.2273338052356576,20109.65
2, 104862.0,-0.4551643748113164,-1.2342651945647232,-0.01121212119808677,12064.3
0, 104863.0,-1.6771014558220514,1.244400181881749,-0.8721804092736567,11886.35
2, 104864.0,-1.1020722412287642,-0.40804340241589926,-1.9146925296180617,26783.81
0, 104865.0,1.198044617144384,2.896843766179397,0.5753981009136208,20988.02
0, 104866.0,0.19174349160613158,0.4181783897329248,0.25356120690707346,28354.34
1, 104867.0,0.33550079525445337,-0.40804340241589926,0.2972789352836854,9778.3
2, 104868.0,-1.389586848525408,0.4181783897329248,0.45160534738835795,19140.24
1, 104869.0,0.6230154025510969,-1.2342651945647232,0.5294560662828797,19051.28
0, 104870.0,1.4855592244410276,1.244400181881749,-1.2419409925737146,13627.57
1, 104871.0,1.4136805726168666,-0.40804340241589926,0.21396855558357386,14791.61
1, 104872.0,1.0542873134960622,0.4181783897329248,-1.8541509575738546,18983.19
0, 104873.0,0.19174349160613158,0.4181783897329248,0.3270846390890165,20008.19
2, 104874.0,-0.7426789821079599,-0.40804340241589926,0.9760563201801279,15894.38
1, 104875.0,0.6948940543752578,-0.40804340241589926,-0.011050353470513738,17858.02
2, 104876.0,-0.09577111569051194,-0.40804340241589926,3.6177233114477416,23303.66
2, 104877.0,-0.9583149375804426,-0.40804340241589926,-1.3313985459216013,21484.13
0, 104878.0,0.9105300098477405,1.244400181881749,1.35790904111627,23506.86
2, 104879.0,-1.389586848525408,-1.2342651945647232,1.5187870461876505,10949.65
0, 104880.0,-0.670800330283799,2.896843766179397,-0.09779829738155218,31192.47
1, 104881.0,0.9105300098477405,-1.2342651945647232,-1.1224755257610306,17793.36
2, 104882.0,-1.6052228039978906,-1.2342651945647232,-0.3765645339217797,23124.5
0, 104883.0,0.19174349160613158,1.244400181881749,0.13603695282526568,10749.62
0, 104884.0,-0.5270430266354773,2.070621974030573,0.12293376689185007,11647.31
1, 104885.0,0.47925809890277515,-0.40804340241589926,0.8599879756464774,9300.28
0, 104886.0,-0.7426789821079599,2.070621974030573,0.17089789811725406,8871.63
1, 104887.0,1.269923268968545,-0.40804340241589926,-1.0663825662250817,20105.36
2, 104888.0,-0.670800330283799,-1.2342651945647232,2.007446909253887,23983.01
2, 104889.0,-1.6771014558220514,0.4181783897329248,-0.06730508073403564,18542.74
1, 104890.0,1.269923268968545,0.4181783897329248,-0.6963388894017708,33493.58
0, 104891.0,0.8386513580235796,2.070621974030573,-0.8042379636929832,21137.38
2, 104892.0,-0.9583149375804426,0.4181783897329248,0.8978416238985669,17989.93
2, 104893.0,-1.2458295448770862,-1.2342651945647232,2.3579571329727544,8577.1
1, 104894.0,0.551136750726936,0.4181783897329248,0.9863690128129087,2485.37
2, 104895.0,-1.5333441521737297,-0.40804340241589926,-1.1798221851856703,14190.18
1, 104896.0,1.6293165280893493,-0.40804340241589926,-1.9146925296180617,17824.21
1, 104897.0,1.269923268968545,0.4181783897329248,-0.31521412323970727,13940.73
2, 104898.0,-0.5270430266354773,0.4181783897329248,-1.160774035263946,9778.19
2, 104899.0,-0.8864362857562816,0.4181783897329248,-0.23040739205954522,13895.61
2, 104900.0,-0.670800330283799,-0.40804340241589926,1.1301805226253343,12249.17
1, 104901.0,0.7667727061994186,-0.40804340241589926,0.25517888418280377,12265.33
0, 104902.0,-0.23952841933883373,1.244400181881749,-0.2628013795060449,10219.74
0, 104903.0,0.40737944707861423,2.070621974030573,0.23168212175282088,12158.85
0, 104904.0,-1.6771014558220514,1.244400181881749,1.0231307289038802,13899.21
1, 104905.0,1.4136805726168666,0.4181783897329248,0.4434360771459198,16161.33
2, 104906.0,-1.2458295448770862,-1.2342651945647232,0.32465812317542103,12791.0
2, 104907.0,-0.16764976751467284,-1.2342651945647232,1.7255666439578787,3950.69
0, 104908.0,0.11986483978197071,1.244400181881749,-1.6063227989319695,17041.76
1, 104909.0,-0.023892463866351063,-1.2342651945647232,-1.4124037355037973,14892.73
0, 104910.0,0.8386513580235796,1.244400181881749,0.7467910082772482,6692.4
2, 104911.0,-1.5333441521737297,-1.2342651945647232,1.5651739420692174,10628.46
0, 104912.0,1.5574378762651884,1.244400181881749,-0.23073092751469126,10909.19
2, 104913.0,-1.5333441521737297,-0.40804340241589926,0.20094625351394477,18606.29
2, 104914.0,-0.8864362857562816,-1.2342651945647232,-1.534619253685223,10386.38
2, 104915.0,-0.38328572298715546,-0.40804340241589926,1.382335967979798,24549.83
2, 104916.0,-0.5989216784596382,-1.2342651945647232,-0.6548859092111814,14410.5
1, 104917.0,1.198044617144384,0.4181783897329248,-0.10540138057748469,13968.2
2, 104918.0,-0.16764976751467284,-0.40804340241589926,-1.2157346207068835,9850.83
0, 104919.0,0.7667727061994186,2.896843766179397,1.1633024648459125,18688.0
0, 104920.0,0.6230154025510969,1.244400181881749,1.218991005062929,15701.52
1, 104921.0,0.9105300098477405,-1.2342651945647232,0.3476291404907916,33056.62
2, 104922.0,-0.8145576339321208,-0.40804340241589926,0.2519839715632364,9931.51
1, 104923.0,1.5574378762651884,-0.40804340241589926,0.7258420875565406,24933.79
0, 104924.0,-0.8145576339321208,2.896843766179397,0.5405371556216323,29602.32
0, 104925.0,1.70119517991351,1.244400181881749,-1.4168523480120556,26209.66
1, 104926.0,0.9105300098477405,-0.40804340241589926,-0.6385878106581984,12035.36
2, 104927.0,-1.317708196701247,-0.40804340241589926,-0.2966917184325951,7179.21
1, 104928.0,0.47925809890277515,-0.40804340241589926,1.174828415435491,8182.88
2, 104929.0,-0.9583149375804426,-1.2342651945647232,-1.3909695116003704,7534.51
2, 104930.0,-1.4614655003495687,0.4181783897329248,1.7037280007355193,8519.02
0, 104931.0,-0.5270430266354773,2.070621974030573,-0.48976150129100887,27976.58
2, 104932.0,-0.8864362857562816,-0.40804340241589926,-0.09387542998790616,16394.57
1, 104933.0,1.198044617144384,-0.40804340241589926,0.5250478957065146,17275.75
1, 104934.0,1.4136805726168666,-1.2342651945647232,0.30961372451112906,15596.76
0, 104935.0,-1.317708196701247,2.070621974030573,0.2693740022773373,10740.14
0, 104936.0,-1.5333441521737297,2.070621974030573,-1.375844229072292,12925.93
2, 104937.0,-1.6771014558220514,-0.40804340241589926,0.2357263149421467,28442.48
2, 104938.0,-1.317708196701247,0.4181783897329248,-1.0448270165259752,29328.0
2, 104939.0,-1.6052228039978906,0.4181783897329248,0.9803836068927065,12744.29
0, 104940.0,1.4136805726168666,1.244400181881749,-0.3236664870053982,20573.05
2, 104941.0,-1.1020722412287642,0.4181783897329248,-0.4589851911202395,16091.72
1, 104942.0,0.47925809890277515,-1.2342651945647232,-0.8558823107206737,12693.7
1, 104943.0,1.269923268968545,0.4181783897329248,-1.0847027613727276,14709.54
0, 104944.0,1.3418019207927057,2.070621974030573,1.1517360723244408,20517.59
2, 104945.0,-1.317708196701247,-1.2342651945647232,0.6958746160236364,18705.03
1, 104946.0,1.1261659653202232,-0.40804340241589926,-1.6204774750946098,31343.59
2, 104947.0,-1.1020722412287642,-1.2342651945647232,0.5481402388175648,13976.95
1, 104948.0,0.04798618795780982,-0.40804340241589926,0.3238492845375559,6713.02
2, 104949.0,-1.6052228039978906,-1.2342651945647232,0.952397790022572,7937.78
2, 104950.0,-0.5270430266354773,-1.2342651945647232,0.8631828882660448,20696.97
2, 104951.0,-0.5270430266354773,-0.40804340241589926,1.6156454730720033,19698.95
0, 104952.0,-0.9583149375804426,1.244400181881749,-1.9146925296180617,8492.91
1, 104953.0,1.3418019207927057,-0.40804340241589926,0.15811824763898455,21824.61
1, 104954.0,1.6293165280893493,-0.40804340241589926,-0.08708118542983881,24188.29
1, 104955.0,0.47925809890277515,0.4181783897329248,-0.48555554037411003,33253.52
0, 104956.0,-0.5270430266354773,1.244400181881749,0.11747410608626023,36271.04
1, 104957.0,1.6293165280893493,-1.2342651945647232,-0.8156021465549887,17592.71
0, 104958.0,-0.4551643748113164,1.244400181881749,0.5549344833756322,16365.72
0, 104959.0,-0.9583149375804426,1.244400181881749,-0.8042379636929832,35838.0
1, 104960.0,1.3418019207927057,0.4181783897329248,-1.9146925296180617,17559.14
0, 104961.0,0.6948940543752578,1.244400181881749,2.8107045605177783,10245.18
1, 104962.0,0.8386513580235796,0.4181783897329248,-1.360476294952854,19591.2
0, 104963.0,-0.8864362857562816,1.244400181881749,1.5520303142039085,10986.66
1, 104964.0,1.198044617144384,-0.40804340241589926,-0.8968499877285441,10269.8
0, 104965.0,-1.6771014558220514,1.244400181881749,-0.03418313851345732,17280.15
2, 104966.0,-1.6052228039978906,-0.40804340241589926,-0.5427808740030702,31466.98
1, 104967.0,1.4136805726168666,-0.40804340241589926,-1.1642924833386592,11321.82
2, 104968.0,-1.6052228039978906,-0.40804340241589926,-0.12384290152081034,18964.68
0, 104969.0,0.19174349160613158,0.4181783897329248,-1.9146925296180617,21935.8
1, 104970.0,0.6948940543752578,-1.2342651945647232,-1.283191763104838,16460.57
2, 104971.0,-1.0301935894046035,-0.40804340241589926,-0.5147950571329356,7723.43
2, 104972.0,-0.670800330283799,-0.40804340241589926,-1.4509853385299654,24779.64
0, 104973.0,0.19174349160613158,0.4181783897329248,-1.0542904285889976,30360.38
0, 104974.0,-0.8145576339321208,1.244400181881749,-0.18952059891546136,16255.12
2, 104975.0,-1.0301935894046035,-1.2342651945647232,0.10259147514954128,27289.53
1, 104976.0,0.6230154025510969,0.4181783897329248,-1.57380748568979,12305.56
1, 104977.0,0.19174349160613158,-1.2342651945647232,1.0423002046212846,9634.09
0, 104978.0,0.19174349160613158,1.244400181881749,-1.9146925296180617,19411.58
1, 104979.0,0.11986483978197071,-0.40804340241589926,-1.2872359562941638,14986.79
2, 104980.0,-1.6052228039978906,0.4181783897329248,-1.1285418155450193,13540.05
1, 104981.0,0.6230154025510969,-0.40804340241589926,1.7635011760737547,9646.41
2, 104982.0,-0.5989216784596382,-0.40804340241589926,-0.06702198721078283,10635.91
2, 104983.0,-1.6771014558220514,-0.40804340241589926,-1.1372368309020697,12081.51
2, 104984.0,-0.670800330283799,0.4181783897329248,-1.1212218258723394,13022.07
2, 104985.0,-0.8145576339321208,0.4181783897329248,-0.024153539403929336,20477.39
2, 104986.0,-1.6771014558220514,-0.40804340241589926,-0.2841547195456851,30288.36
2, 104987.0,-0.8864362857562816,-0.40804340241589926,-1.1645755768619122,11518.95
2, 104988.0,-1.0301935894046035,0.4181783897329248,-0.33159310565647676,17003.53
1, 104989.0,0.9105300098477405,-1.2342651945647232,-0.30627645629129724,10353.91
2, 104990.0,-1.5333441521737297,-0.40804340241589926,-0.954681950335903,10206.49
1, 104991.0,0.2636221434302925,-0.40804340241589926,0.11678659324407485,28074.9
2, 104992.0,-1.1739508930529252,-0.40804340241589926,-0.5956384789875584,18417.1
1, 104993.0,0.7667727061994186,0.4181783897329248,0.22682908992562992,16159.77
2, 104994.0,-0.8864362857562816,-1.2342651945647232,0.4316270330330885,13858.27
0, 104995.0,-1.1020722412287642,1.244400181881749,-0.36083262241530234,24615.91
1, 104996.0,1.6293165280893493,0.4181783897329248,1.0772015918451663,14992.05
2, 104997.0,-0.4551643748113164,-0.40804340241589926,-1.8263673503631863,24168.9
0, 104998.0,-0.8145576339321208,2.070621974030573,-0.6561800510317656,11370.16
0, 104999.0,-0.16764976751467284,2.070621974030573,0.6562415227682435,34624.81
0, 105000.0,-0.7426789821079599,1.244400181881749,-1.4619451020730383,11202.24
1, 105001.0,0.04798618795780982,-0.40804340241589926,-0.6008554882017887,25638.01
1, 105002.0,0.9824086616719013,-1.2342651945647232,-0.32269588063996,10305.83
2, 105003.0,-1.6052228039978906,-0.40804340241589926,-1.4487610322758362,8098.97
1, 105004.0,1.198044617144384,0.4181783897329248,-1.9146925296180617,31399.21
2, 105005.0,-0.3114070711629946,-1.2342651945647232,2.9003643235251313,24755.89
1, 105006.0,-0.09577111569051194,-1.2342651945647232,-1.9146925296180617,7654.49
2, 105007.0,-1.317708196701247,-0.40804340241589926,0.9297907500942407,11410.72
2, 105008.0,-0.7426789821079599,-0.40804340241589926,0.8786721481811626,9737.43
1, 105009.0,0.47925809890277515,-0.40804340241589926,0.9617803182218079,17765.75
0, 105010.0,-0.23952841933883373,0.4181783897329248,-1.151836368315536,26576.63
2, 105011.0,-0.38328572298715546,-1.2342651945647232,0.4295240525746391,9260.24
1, 105012.0,1.4136805726168666,-1.2342651945647232,-0.7064493723750853,18734.1
1, 105013.0,0.6948940543752578,-0.40804340241589926,1.2559549308133666,21804.19
1, 105014.0,1.4855592244410276,0.4181783897329248,-0.3140413072148028,11252.28
0, 105015.0,0.9824086616719013,1.244400181881749,0.7867071950558939,12449.89
2, 105016.0,-0.4551643748113164,-0.40804340241589926,0.940022558863235,11966.37
0, 105017.0,0.11986483978197071,1.244400181881749,-0.5904619117052213,34032.65
1, 105018.0,0.47925809890277515,-0.40804340241589926,0.23645426971622532,15042.68
0, 105019.0,-0.09577111569051194,0.4181783897329248,-1.4317349789487746,13007.56
0, 105020.0,-1.5333441521737297,1.244400181881749,-1.1549503970713166,24553.0
0, 105021.0,-0.8864362857562816,1.244400181881749,1.065109454209082,30086.89
0, 105022.0,-0.3114070711629946,1.244400181881749,-1.6505662724231938,15603.8
2, 105023.0,-0.23952841933883373,-1.2342651945647232,-0.7108171010195572,37355.93
2, 105024.0,-0.8864362857562816,-1.2342651945647232,0.0953523693406481,34317.66
0, 105025.0,-0.5989216784596382,2.896843766179397,0.020494353406227513,14114.45
0, 105026.0,0.7667727061994186,1.244400181881749,0.11739322222247373,13014.75
0, 105027.0,-1.1020722412287642,2.070621974030573,-0.6197418703959401,20705.15
2, 105028.0,-0.023892463866351063,-0.40804340241589926,1.4777384853159936,19432.99
1, 105029.0,0.40737944707861423,-0.40804340241589926,0.06073407564001924,30124.71
1, 105030.0,0.11986483978197071,-0.40804340241589926,0.5894718932124745,28746.77
1, 105031.0,0.6948940543752578,-0.40804340241589926,-0.8490880661626063,15788.82
0, 105032.0,-1.6052228039978906,1.244400181881749,-1.0043042007689307,14799.59
2, 105033.0,-1.4614655003495687,-1.2342651945647232,-1.1878701296324288,9521.48
1, 105034.0,0.9105300098477405,-0.40804340241589926,0.10562462004153564,23964.08
2, 105035.0,-0.023892463866351063,-0.40804340241589926,-0.4826032793459022,20575.23
0, 105036.0,0.11986483978197071,0.4181783897329248,-0.5282622204533906,9957.64
2, 105037.0,-1.5333441521737297,-0.40804340241589926,0.07274532941231687,9734.45
2, 105038.0,-0.09577111569051194,-0.40804340241589926,0.9762180879077009,8705.23
1, 105039.0,1.70119517991351,-0.40804340241589926,0.481855912444515,11651.55
1, 105040.0,1.5574378762651884,-1.2342651945647232,-1.1965247030575858,20953.3
0, 105041.0,-0.3114070711629946,2.070621974030573,-1.9146925296180617,26977.59
2, 105042.0,-0.023892463866351063,-0.40804340241589926,1.200347274460137,24135.3
2, 105043.0,-0.5270430266354773,0.4181783897329248,0.5479380291580985,9547.6
1, 105044.0,0.6230154025510969,-1.2342651945647232,0.19601233782296731,12450.25
2, 105045.0,-1.389586848525408,-0.40804340241589926,2.2559221388060644,28793.4
1, 105046.0,0.9824086616719013,-1.2342651945647232,-0.9614357529620771,14010.02
0, 105047.0,-0.7426789821079599,1.244400181881749,1.3944685475477754,27074.89
1, 105048.0,0.47925809890277515,0.4181783897329248,0.7755452218533546,10160.75
1, 105049.0,0.19174349160613158,-1.2342651945647232,-1.296052297446894,8446.29
1, 105050.0,1.198044617144384,-0.40804340241589926,0.2881390586758091,33023.54
0, 105051.0,-0.3114070711629946,0.4181783897329248,-0.30639778208697704,12747.57
1, 105052.0,1.198044617144384,0.4181783897329248,-1.0850262968278737,15671.46
2, 105053.0,-0.9583149375804426,-0.40804340241589926,-1.074754046126986,24118.26
0, 105054.0,-0.16764976751467284,1.244400181881749,0.07383726157343484,16701.94
2, 105055.0,-0.9583149375804426,-0.40804340241589926,0.577784174895323,12775.36
1, 105056.0,0.6948940543752578,-1.2342651945647232,-0.9693219296812624,43302.8
2, 105057.0,-0.3114070711629946,-0.40804340241589926,1.271201539137125,14767.87
1, 105058.0,1.1261659653202232,0.4181783897329248,-0.22822352773730928,32020.14
1, 105059.0,1.269923268968545,0.4181783897329248,-1.9146925296180617,8558.98
2, 105060.0,-0.8145576339321208,-1.2342651945647232,1.2187887954034624,11475.51
1, 105061.0,1.3418019207927057,0.4181783897329248,-1.182289143031159,15608.84
2, 105062.0,-0.670800330283799,0.4181783897329248,2.3207909975628502,17179.54
2, 105063.0,-0.23952841933883373,-0.40804340241589926,-1.1013648373127498,18768.1
2, 105064.0,-1.6052228039978906,-0.40804340241589926,-1.9146925296180617,9558.39
2, 105065.0,-0.5270430266354773,-0.40804340241589926,0.2545318132725117,14815.88
2, 105066.0,-0.4551643748113164,-0.40804340241589926,-0.0857466016773613,32300.6
1, 105067.0,1.198044617144384,-1.2342651945647232,0.30674234734670774,24292.16
2, 105068.0,-0.670800330283799,-0.40804340241589926,-1.3497996249330337,8575.14
2, 105069.0,-0.9583149375804426,0.4181783897329248,0.951467625589027,6804.23
1, 105070.0,1.4855592244410276,-0.40804340241589926,0.8316381813893036,14767.29
2, 105071.0,-0.5270430266354773,-1.2342651945647232,0.03812703571168801,22539.77
2, 105072.0,-1.389586848525408,0.4181783897329248,2.1100480904670826,39874.02
1, 105073.0,0.7667727061994186,0.4181783897329248,1.1043785700774356,12892.02
0, 105074.0,-0.38328572298715546,1.244400181881749,-1.9146925296180617,18193.2
0, 105075.0,1.3418019207927057,1.244400181881749,0.2998267769929606,12832.18
2, 105076.0,-1.2458295448770862,-0.40804340241589926,1.0856943975427504,19236.12
2, 105077.0,-0.9583149375804426,-0.40804340241589926,1.0899408003915425,17025.04
1, 105078.0,0.19174349160613158,-0.40804340241589926,1.7123825741606766,12779.59
1, 105079.0,0.04798618795780982,-0.40804340241589926,-0.7093611914713999,11327.96
0, 105080.0,0.19174349160613158,0.4181783897329248,-1.0452314358449077,13218.09
2, 105081.0,-0.23952841933883373,-0.40804340241589926,0.7036799088790352,29726.65
1, 105082.0,0.2636221434302925,-1.2342651945647232,1.2004686002558167,15768.66
2, 105083.0,-1.2458295448770862,-0.40804340241589926,1.7352727076122607,29936.35
0, 105084.0,-1.1020722412287642,1.244400181881749,0.6407522628531257,8122.37
1, 105085.0,0.11986483978197071,-1.2342651945647232,-0.4914600624305257,11311.23
0, 105086.0,-0.38328572298715546,1.244400181881749,-0.0903569819131927,9651.07
1, 105087.0,0.8386513580235796,0.4181783897329248,-1.9146925296180617,12912.34
2, 105088.0,-1.317708196701247,0.4181783897329248,-0.2562093446074438,24313.04
2, 105089.0,-0.8145576339321208,-0.40804340241589926,-0.35848699036549336,2735.59
0, 105090.0,-1.1739508930529252,2.896843766179397,0.7760709669679671,19195.68
0, 105091.0,0.2636221434302925,0.4181783897329248,-0.49275420425110994,17894.88
2, 105092.0,-0.8145576339321208,-0.40804340241589926,0.06457605916987876,13473.89
2, 105093.0,-1.5333441521737297,0.4181783897329248,-0.9023905323979204,28631.96
2, 105094.0,-0.5270430266354773,0.4181783897329248,-0.03155441294039555,24524.85
1, 105095.0,1.70119517991351,-1.2342651945647232,-0.5211039985082838,24395.69
2, 105096.0,-0.8145576339321208,0.4181783897329248,0.7432321182706415,31924.54
0, 105097.0,-0.5270430266354773,1.244400181881749,-1.3085084124700175,10162.85
0, 105098.0,-0.5270430266354773,1.244400181881749,1.7648357598262323,13596.33
1, 105099.0,0.11986483978197071,-1.2342651945647232,0.7438387472490404,18229.72
1, 105100.0,1.3418019207927057,0.4181783897329248,-0.5839103187385135,40328.32
2, 105101.0,-1.1739508930529252,-0.40804340241589926,0.19884327305549537,27271.22
1, 105102.0,0.04798618795780982,-1.2342651945647232,0.032667374906098175,13784.39
1, 105103.0,0.7667727061994186,-1.2342651945647232,0.7220809878904676,11944.06
0, 105104.0,1.6293165280893493,1.244400181881749,1.6134616087497675,29560.34
1, 105105.0,1.4855592244410276,0.4181783897329248,1.0473150041760486,15561.08
1, 105106.0,1.1261659653202232,-0.40804340241589926,0.17158541095943947,16972.67
0, 105107.0,1.70119517991351,1.244400181881749,-1.2584008588542708,49332.68
0, 105108.0,-0.9583149375804426,1.244400181881749,0.34884239844758935,17258.04
2, 105109.0,-0.7426789821079599,0.4181783897329248,-1.2840814856064895,16478.37
0, 105110.0,1.4136805726168666,1.244400181881749,1.2681279523132374,34365.6
1, 105111.0,0.2636221434302925,-1.2342651945647232,-0.4863239370800819,11072.23
1, 105112.0,0.8386513580235796,-1.2342651945647232,-0.8862137596406172,21892.69
2, 105113.0,-0.3114070711629946,-0.40804340241589926,2.6138332360613976,25931.72
0, 105114.0,-0.5989216784596382,1.244400181881749,0.980464490756493,20825.99
0, 105115.0,-0.5989216784596382,1.244400181881749,0.3259522649960053,23860.1
1, 105116.0,0.8386513580235796,-1.2342651945647232,0.1576733863881587,16428.09
0, 105117.0,1.4136805726168666,1.244400181881749,0.5795636198986264,16566.9
1, 105118.0,0.551136750726936,0.4181783897329248,1.3520045190598544,10609.61
0, 105119.0,-1.2458295448770862,1.244400181881749,-0.5759432581555417,13700.53
0, 105120.0,-0.8145576339321208,1.244400181881749,1.0061046755768186,16158.54
2, 105121.0,-0.09577111569051194,-0.40804340241589926,1.2508188054629228,31792.15
1, 105122.0,0.6230154025510969,-1.2342651945647232,-1.8345770625375177,17563.14
0, 105123.0,0.9105300098477405,1.244400181881749,0.27544029206132603,14749.9
0, 105124.0,-1.6052228039978906,2.070621974030573,0.04908679925476093,9357.09
2, 105125.0,-1.0301935894046035,0.4181783897329248,0.4493405992023355,12170.47
1, 105126.0,1.4136805726168666,-0.40804340241589926,0.6977349448907263,14345.32
1, 105127.0,0.2636221434302925,-1.2342651945647232,-1.4555957187657969,11193.44
1, 105128.0,1.1261659653202232,-1.2342651945647232,-0.5039161774536491,32205.99
0, 105129.0,-0.7426789821079599,1.244400181881749,0.951144090133881,17189.75
1, 105130.0,0.47925809890277515,-0.40804340241589926,-0.9120561541204091,13381.57
2, 105131.0,-0.16764976751467284,-1.2342651945647232,0.05349496983112605,32750.24
0, 105132.0,-1.389586848525408,1.244400181881749,-0.9667336460400939,14406.52
2, 105133.0,-1.1020722412287642,0.4181783897329248,-0.4891144303807167,6014.94
1, 105134.0,1.198044617144384,0.4181783897329248,-0.3173979875619432,13943.84
1, 105135.0,0.551136750726936,-1.2342651945647232,-0.8433453118337637,11826.29
1, 105136.0,0.40737944707861423,-0.40804340241589926,-0.06819480323568732,12804.0
2, 105137.0,-0.4551643748113164,-0.40804340241589926,0.8737786744220783,20048.3
2, 105138.0,-1.2458295448770862,0.4181783897329248,0.7981522617816859,12638.36
1, 105139.0,0.7667727061994186,-1.2342651945647232,0.6693042667697658,10746.61
1, 105140.0,1.198044617144384,0.4181783897329248,-0.1682885846715009,23633.74
1, 105141.0,1.198044617144384,0.4181783897329248,-0.3645532801494821,21757.39
1, 105142.0,1.0542873134960622,-0.40804340241589926,-0.19481849199347817,15766.38
1, 105143.0,1.198044617144384,-1.2342651945647232,-1.9146925296180617,14037.66
0, 105144.0,-1.0301935894046035,2.070621974030573,-1.5129423781904368,17021.09
1, 105145.0,-0.023892463866351063,-1.2342651945647232,-0.7241224966124391,31208.59
1, 105146.0,0.9824086616719013,-1.2342651945647232,-1.5342552762981836,31362.71
1, 105147.0,0.7667727061994186,0.4181783897329248,-0.5325895071659691,29183.43
1, 105148.0,0.551136750726936,-0.40804340241589926,-1.4047602103759715,14549.97
2, 105149.0,-0.8864362857562816,-1.2342651945647232,0.5174043705786887,14816.86
0, 105150.0,0.11986483978197071,0.4181783897329248,0.0335166554758566,25068.82
0, 105151.0,-0.5270430266354773,1.244400181881749,-0.11195297354419248,22072.74
2, 105152.0,-1.317708196701247,-1.2342651945647232,0.5676332499901152,8879.9
1, 105153.0,0.47925809890277515,-0.40804340241589926,-0.6076901746917492,22636.89
1, 105154.0,0.9105300098477405,-0.40804340241589926,2.6018624242209936,18188.98
1, 105155.0,1.4136805726168666,0.4181783897329248,-0.6942763508752147,16454.22
1, 105156.0,1.5574378762651884,0.4181783897329248,0.3242941457883817,10568.17
2, 105157.0,-1.2458295448770862,-1.2342651945647232,-1.727567710747957,17612.44
2, 105158.0,-1.4614655003495687,-0.40804340241589926,0.5356032399306548,17506.08
2, 105159.0,-1.317708196701247,-0.40804340241589926,-0.5969326208081426,26635.01
2, 105160.0,-1.6052228039978906,0.4181783897329248,-1.3425605191241405,6214.19
2, 105161.0,-0.670800330283799,-0.40804340241589926,1.146438179246424,16513.86
0, 105162.0,-0.023892463866351063,0.4181783897329248,0.2250900868542198,30969.33
1, 105163.0,1.4855592244410276,-1.2342651945647232,1.7698505593809963,39423.53
0, 105164.0,-0.8145576339321208,1.244400181881749,-0.5720203907618957,16441.3
1, 105165.0,0.19174349160613158,-1.2342651945647232,-0.4341538449377791,15227.33
1, 105166.0,0.47925809890277515,-0.40804340241589926,0.45536644705443097,10402.91
1, 105167.0,0.7667727061994186,-0.40804340241589926,-0.034627999764283164,18174.7
1, 105168.0,-0.023892463866351063,-0.40804340241589926,-0.9119348283247293,17396.8
1, 105169.0,0.6948940543752578,-0.40804340241589926,-0.39880759646307157,19087.39
2, 105170.0,-1.6771014558220514,0.4181783897329248,-0.7822375527430508,27013.85
2, 105171.0,-0.9583149375804426,0.4181783897329248,-1.1888002940659737,13376.89
0, 105172.0,0.7667727061994186,2.070621974030573,-0.9878847764202678,17693.95
2, 105173.0,-1.5333441521737297,-0.40804340241589926,-0.40519742170220635,11633.12
1, 105174.0,0.2636221434302925,-1.2342651945647232,-0.2119254291843263,6701.03
2, 105175.0,-0.38328572298715546,0.4181783897329248,0.3801848956648643,29897.58
0, 105176.0,-0.8145576339321208,1.244400181881749,-1.9146925296180617,31383.65
1, 105177.0,0.6230154025510969,0.4181783897329248,0.868561665207848,22387.86
1, 105178.0,0.6230154025510969,0.4181783897329248,0.8740617679453312,13074.16
1, 105179.0,1.5574378762651884,0.4181783897329248,-0.8966073361371845,13132.65
2, 105180.0,-1.317708196701247,-0.40804340241589926,-0.20177450427911853,11531.8
2, 105181.0,-0.5989216784596382,-1.2342651945647232,0.46960200708085775,6707.72
0, 105182.0,1.3418019207927057,1.244400181881749,1.2651352493531363,5894.25
2, 105183.0,-1.389586848525408,0.4181783897329248,1.342379339269259,22748.0
1, 105184.0,0.33550079525445337,-1.2342651945647232,-1.484794793592729,20543.21
0, 105185.0,-0.23952841933883373,0.4181783897329248,-0.17884392889564124,26328.82
0, 105186.0,0.551136750726936,1.244400181881749,0.39555282978430234,20731.51
1, 105187.0,1.1261659653202232,-0.40804340241589926,-0.94918184759842,16350.2
2, 105188.0,-0.3114070711629946,0.4181783897329248,0.9408313975011001,15323.85
2, 105189.0,-1.1739508930529252,0.4181783897329248,0.321827187942893,25800.35
2, 105190.0,-0.23952841933883373,-1.2342651945647232,0.5079409585156663,16490.07
2, 105191.0,-1.0301935894046035,0.4181783897329248,-0.5431448513901095,9897.0
2, 105192.0,-1.5333441521737297,-1.2342651945647232,-0.9594945402312007,7455.79
1, 105193.0,0.9105300098477405,0.4181783897329248,-0.5614650465377553,24256.54
0, 105194.0,-0.09577111569051194,1.244400181881749,2.099573630106729,27788.57
1, 105195.0,1.3418019207927057,-0.40804340241589926,-0.09719166840315331,15096.17
2, 105196.0,-0.16764976751467284,-0.40804340241589926,-0.2565328800625899,30759.36
0, 105197.0,0.11986483978197071,0.4181783897329248,1.3806374068402811,6413.86
1, 105198.0,1.4136805726168666,-0.40804340241589926,-0.720199629218793,11160.22
1, 105199.0,1.5574378762651884,-0.40804340241589926,-0.8701583126789938,15216.46
1, 105200.0,0.9824086616719013,0.4181783897329248,-1.503276756467948,21944.03
0, 105201.0,0.33550079525445337,0.4181783897329248,0.38560411453856086,23337.07
2, 105202.0,-0.09577111569051194,-0.40804340241589926,0.7508756433984672,20646.58
0, 105203.0,1.269923268968545,1.244400181881749,0.573092910795705,13555.53
2, 105204.0,-1.6771014558220514,0.4181783897329248,-0.11834279878332725,11493.63
1, 105205.0,1.0542873134960622,-1.2342651945647232,0.8200313469359385,19461.77
2, 105206.0,-1.4614655003495687,0.4181783897329248,1.6923233759416205,18437.9
2, 105207.0,-1.1020722412287642,-0.40804340241589926,1.9998033841260614,13416.52
2, 105208.0,-0.8145576339321208,0.4181783897329248,-0.2863790257998143,12865.82
0, 105209.0,-0.9583149375804426,2.896843766179397,-1.1750095952903727,15562.27
2, 105210.0,-1.6771014558220514,-0.40804340241589926,-1.0834086195521433,16599.5
0, 105211.0,-0.670800330283799,1.244400181881749,-0.8572573364050444,18031.45
2, 105212.0,-0.5270430266354773,0.4181783897329248,1.970442541571556,12440.35
2, 105213.0,-1.6771014558220514,-0.40804340241589926,0.5186580704673798,10482.87
1, 105214.0,0.9824086616719013,-0.40804340241589926,0.4475207122671389,25040.76
2, 105215.0,-1.5333441521737297,0.4181783897329248,0.030685720243328534,9086.6
0, 105216.0,-1.317708196701247,1.244400181881749,-0.814550656325764,13155.48
1, 105217.0,1.6293165280893493,0.4181783897329248,-1.0492756290342335,25698.09
1, 105218.0,0.9824086616719013,-0.40804340241589926,-0.5452073899166656,27023.29
0, 105219.0,-1.1739508930529252,1.244400181881749,0.9153934223402409,18987.72
1, 105220.0,0.19174349160613158,-1.2342651945647232,-0.930861652450774,10377.45
1, 105221.0,0.6948940543752578,0.4181783897329248,0.28045509161609006,10010.65
0, 105222.0,0.9105300098477405,1.244400181881749,2.2638083155252495,24148.94
2, 105223.0,-0.5989216784596382,-0.40804340241589926,-1.491063293036184,15267.29
0, 105224.0,0.47925809890277515,1.244400181881749,1.7715491205205132,19958.87
2, 105225.0,-1.2458295448770862,-1.2342651945647232,1.6503850925683121,12701.09
2, 105226.0,-1.6771014558220514,-0.40804340241589926,0.2396491823357927,12419.59
0, 105227.0,0.11986483978197071,1.244400181881749,0.41844296323588637,6069.94
2, 105228.0,-0.3114070711629946,-0.40804340241589926,-0.6915667414383664,12112.77
1, 105229.0,1.1261659653202232,-1.2342651945647232,-0.6490622710185522,11036.32
1, 105230.0,1.269923268968545,0.4181783897329248,-1.227867200274861,18748.57
0, 105231.0,0.33550079525445337,0.4181783897329248,0.1773281652882821,12783.65
1, 105232.0,1.5574378762651884,-0.40804340241589926,-1.9082622624470338,14763.62
2, 105233.0,0.11986483978197071,-0.40804340241589926,2.4926287661773037,20098.17
2, 105234.0,-1.0301935894046035,0.4181783897329248,-1.4457278873838417,7512.38
1, 105235.0,0.7667727061994186,-0.40804340241589926,-0.10002260363568137,19073.71
2, 105236.0,-0.38328572298715546,-0.40804340241589926,-0.8970926393199036,10976.08
0, 105237.0,1.269923268968545,1.244400181881749,-0.828503122828938,19182.05
0, 105238.0,-0.16764976751467284,1.244400181881749,-0.8543455173087299,9884.19
2, 105239.0,-1.1739508930529252,0.4181783897329248,-1.6176465398620816,28642.94
2, 105240.0,-1.4614655003495687,-0.40804340241589926,1.382052874456545,10704.52
2, 105241.0,-0.9583149375804426,0.4181783897329248,-0.6729230108355744,16683.52
0, 105242.0,-0.023892463866351063,1.244400181881749,-1.2086977245574566,14901.64
2, 105243.0,-0.4551643748113164,-0.40804340241589926,-1.6370991091027387,12435.8
2, 105244.0,-0.8145576339321208,-0.40804340241589926,0.802883967813197,12266.39
1, 105245.0,0.8386513580235796,-1.2342651945647232,2.089422705201521,13384.85
0, 105246.0,-0.23952841933883373,0.4181783897329248,0.3217058621472132,31745.63
1, 105247.0,1.4136805726168666,0.4181783897329248,-1.6478162210544522,19146.05
1, 105248.0,1.6293165280893493,-0.40804340241589926,1.0576276968088294,12072.3
1, 105249.0,0.8386513580235796,-0.40804340241589926,-0.06710287107456935,8294.58
1, 105250.0,1.269923268968545,0.4181783897329248,1.0236160320865992,37031.02
2, 105251.0,-0.4551643748113164,-0.40804340241589926,0.8229027241003598,10391.48
2, 105252.0,-1.0301935894046035,-0.40804340241589926,0.9363423430609485,10709.05
2, 105253.0,-0.09577111569051194,-0.40804340241589926,-0.987439915169442,10315.0
2, 105254.0,-1.2458295448770862,-0.40804340241589926,0.07456521634751348,32020.2
1, 105255.0,0.7667727061994186,-1.2342651945647232,2.0721135583512065,21909.44
2, 105256.0,-1.1739508930529252,0.4181783897329248,-1.9146925296180617,12017.6
0, 105257.0,-0.9583149375804426,1.244400181881749,0.4767197870940712,10625.84
1, 105258.0,0.6948940543752578,-0.40804340241589926,-0.15813765976629315,15650.89
2, 105259.0,-1.5333441521737297,-0.40804340241589926,-0.08311787610429952,12396.49
2, 105260.0,-1.1020722412287642,-0.40804340241589926,-0.13108200732970351,12254.21
0, 105261.0,-1.1020722412287642,2.896843766179397,-0.6161829803893334,14505.6
2, 105262.0,-0.9583149375804426,-0.40804340241589926,1.2719699358430967,22136.79
0, 105263.0,0.19174349160613158,1.244400181881749,1.2893195246253044,11516.25
0, 105264.0,0.2636221434302925,1.244400181881749,-0.2928497349027356,10886.79
1, 105265.0,0.47925809890277515,-0.40804340241589926,0.35842713630629147,17622.94
1, 105266.0,1.70119517991351,-0.40804340241589926,-1.6168377012242166,13404.74
2, 105267.0,-1.4614655003495687,0.4181783897329248,-0.8268450036213144,10354.07
0, 105268.0,0.19174349160613158,0.4181783897329248,0.10008407537215928,15801.19
1, 105269.0,0.9105300098477405,-0.40804340241589926,0.39167040432254957,9487.42
2, 105270.0,-1.1020722412287642,-0.40804340241589926,-1.2686731095551582,23409.93
1, 105271.0,1.5574378762651884,-0.40804340241589926,0.33311048694111195,29835.42
2, 105272.0,-1.1739508930529252,-0.40804340241589926,-1.5899033745833067,28358.96
1, 105273.0,1.5574378762651884,-1.2342651945647232,-1.001877684855335,16172.51
0, 105274.0,1.5574378762651884,2.070621974030573,-0.5273320560198456,25753.57
0, 105275.0,-1.0301935894046035,1.244400181881749,0.1001649592359458,20310.65
1, 105276.0,0.9105300098477405,0.4181783897329248,-0.7962304611781181,38131.17
2, 105277.0,-1.4614655003495687,-0.40804340241589926,-0.8695112417687016,11695.39
2, 105278.0,-1.4614655003495687,-1.2342651945647232,-1.1671234185711874,17387.57
2, 105279.0,-1.2458295448770862,-1.2342651945647232,0.924654624743797,8941.27
2, 105280.0,-0.5989216784596382,-0.40804340241589926,-0.4759303605835146,24176.84
1, 105281.0,0.7667727061994186,-0.40804340241589926,0.9877440384972794,11725.65
2, 105282.0,-0.4551643748113164,-0.40804340241589926,-0.15947224351877065,15732.93
2, 105283.0,-0.16764976751467284,-0.40804340241589926,-0.3033646371949827,11624.2
2, 105284.0,-1.6052228039978906,-1.2342651945647232,0.7227280588007597,11357.42
0, 105285.0,-0.3114070711629946,0.4181783897329248,-1.9146925296180617,16380.42
2, 105286.0,-1.2458295448770862,0.4181783897329248,-1.5417370336984364,17888.66
1, 105287.0,0.47925809890277515,-1.2342651945647232,2.2114360137234805,29374.72
2, 105288.0,-0.4551643748113164,-0.40804340241589926,-0.1680054911482481,29015.62
2, 105289.0,-1.6052228039978906,-0.40804340241589926,-0.3463139688656227,8096.65
0, 105290.0,-0.8864362857562816,1.244400181881749,-0.21220852270757912,13190.93
2, 105291.0,-0.23952841933883373,-0.40804340241589926,-0.8382496284152132,26944.63
1, 105292.0,1.4855592244410276,0.4181783897329248,-1.1837854945112096,27976.37
2, 105293.0,-0.8145576339321208,-0.40804340241589926,-0.07676849279705801,13367.89
1, 105294.0,0.40737944707861423,-0.40804340241589926,0.16321393105753504,23239.56
2, 105295.0,0.04798618795780982,-0.40804340241589926,1.030774254031706,28085.48
0, 105296.0,-0.4551643748113164,2.070621974030573,-0.2011274333688264,28141.84
2, 105297.0,-0.8864362857562816,-1.2342651945647232,0.18598273871343932,7744.02
0, 105298.0,0.551136750726936,2.070621974030573,-0.43747008335302623,14322.84
0, 105299.0,0.04798618795780982,2.070621974030573,0.20070360192258524,34997.24
1, 105300.0,0.6230154025510969,0.4181783897329248,0.6997974834172824,9990.62
2, 105301.0,-0.5270430266354773,-1.2342651945647232,0.8478149541466068,9812.09
2, 105302.0,-0.23952841933883373,-1.2342651945647232,0.8818266188688367,29313.09
2, 105303.0,-0.4551643748113164,-1.2342651945647232,-0.3284790769006959,15860.45
2, 105304.0,-1.1020722412287642,0.4181783897329248,-0.5191223438455141,16632.39
2, 105305.0,-1.2458295448770862,-1.2342651945647232,1.1492286725470586,13197.83
1, 105306.0,0.6948940543752578,-0.40804340241589926,0.3644934260902802,30497.18
1, 105307.0,1.4136805726168666,-0.40804340241589926,-0.4669926936351046,14036.06
2, 105308.0,-0.09577111569051194,-0.40804340241589926,-1.0979677150337162,13342.62
2, 105309.0,-0.5989216784596382,0.4181783897329248,-0.6351502464472715,24718.83
2, 105310.0,-1.6052228039978906,-0.40804340241589926,0.3961594587627012,9655.78
2, 105311.0,-1.4614655003495687,-1.2342651945647232,0.6553113583346986,12158.11
0, 105312.0,-0.23952841933883373,0.4181783897329248,-0.8060578506281798,37812.15
0, 105313.0,1.4855592244410276,1.244400181881749,1.8703487601357425,32232.48
0, 105314.0,0.551136750726936,1.244400181881749,-0.7774654047796464,10778.64
2, 105315.0,-1.4614655003495687,-0.40804340241589926,0.617295942355036,10749.75
1, 105316.0,1.5574378762651884,-0.40804340241589926,0.24652431075764655,29363.2
1, 105317.0,0.551136750726936,0.4181783897329248,0.829049897748135,17776.73
1, 105318.0,1.70119517991351,0.4181783897329248,-0.8212235750881516,15853.59
1, 105319.0,1.0542873134960622,-0.40804340241589926,-1.9146925296180617,8132.7
2, 105320.0,-1.6052228039978906,-1.2342651945647232,1.2481496379579677,13548.44
2, 105321.0,-0.7426789821079599,-1.2342651945647232,-0.6304994242795467,16599.35
0, 105322.0,0.19174349160613158,0.4181783897329248,-0.7039824145295965,45392.01
2, 105323.0,-0.8864362857562816,-0.40804340241589926,-1.1115157622179577,35482.8
2, 105324.0,-1.0301935894046035,-0.40804340241589926,-0.759064325768214,23862.39
2, 105325.0,-0.3114070711629946,-1.2342651945647232,-0.9227328241402292,28456.57
2, 105326.0,-0.4551643748113164,-1.2342651945647232,-0.25802923154264046,11457.97
0, 105327.0,0.11986483978197071,1.244400181881749,0.7473976372556471,39190.84
1, 105328.0,0.6948940543752578,0.4181783897329248,0.49237081473676203,23415.31
0, 105329.0,0.2636221434302925,0.4181783897329248,0.3064996957553482,10507.39
1, 105330.0,0.33550079525445337,-0.40804340241589926,0.40445005480081914,16646.74
0, 105331.0,1.4855592244410276,1.244400181881749,0.08669779591549089,16491.24
1, 105332.0,1.6293165280893493,0.4181783897329248,0.14068777499299034,12179.92
0, 105333.0,-1.0301935894046035,2.896843766179397,0.6844699912297376,30850.3
2, 105334.0,-0.5270430266354773,-0.40804340241589926,-1.3099238800862814,13934.97
0, 105335.0,-0.3114070711629946,0.4181783897329248,-0.1589464984041583,12252.5
1, 105336.0,1.269923268968545,0.4181783897329248,-0.8881145304396003,16816.1
0, 105337.0,-0.7426789821079599,1.244400181881749,1.2940916725887088,20441.63
0, 105338.0,0.9105300098477405,2.070621974030573,-0.28116201658558404,27269.35
1, 105339.0,1.1261659653202232,-1.2342651945647232,1.8089579075217768,12059.96
0, 105340.0,-0.4551643748113164,1.244400181881749,1.1537581689191037,22506.38
2, 105341.0,-0.5989216784596382,0.4181783897329248,0.014832482941171392,8058.88
0, 105342.0,-0.5270430266354773,1.244400181881749,0.5165955319408236,13184.44
2, 105343.0,-1.5333441521737297,-0.40804340241589926,-0.8418085184218199,30359.45
0, 105344.0,-1.2458295448770862,1.244400181881749,-0.001182522088558782,16866.36
1, 105345.0,1.3418019207927057,-1.2342651945647232,-1.07083117873334,12535.49
2, 105346.0,-0.7426789821079599,-1.2342651945647232,0.5132792935255764,26818.09
1, 105347.0,0.11986483978197071,-0.40804340241589926,0.14501506170556894,28463.78
1, 105348.0,1.3418019207927057,-1.2342651945647232,0.9118749742655274,25133.8
0, 105349.0,0.11986483978197071,0.4181783897329248,-0.5780462386139911,30268.46
1, 105350.0,0.6948940543752578,-0.40804340241589926,0.05034049914345193,23810.96
1, 105351.0,1.5574378762651884,-0.40804340241589926,-0.8495733693453255,21177.19
1, 105352.0,1.4855592244410276,-1.2342651945647232,-0.0983644844280578,20227.81
2, 105353.0,-1.2458295448770862,0.4181783897329248,2.231899631261469,14347.18
1, 105354.0,0.47925809890277515,0.4181783897329248,-0.568461500755289,24590.61
2, 105355.0,-0.7426789821079599,-0.40804340241589926,0.17486120744279335,18049.87
1, 105356.0,0.551136750726936,0.4181783897329248,0.35749697187274654,17918.1
1, 105357.0,0.9105300098477405,-0.40804340241589926,-0.8818864729280386,25768.48
0, 105358.0,-0.3114070711629946,2.896843766179397,-0.7977672545900619,15273.31
2, 105359.0,-0.7426789821079599,-0.40804340241589926,1.5347616092854874,25512.28
2, 105360.0,-0.8145576339321208,-0.40804340241589926,-1.9146925296180617,11075.87
0, 105361.0,-1.6052228039978906,1.244400181881749,-1.3133614442972084,24561.95
0, 105362.0,1.5574378762651884,2.070621974030573,1.4981212189901956,32715.55
2, 105363.0,-0.23952841933883373,-1.2342651945647232,0.6294689638549067,15071.35
0, 105364.0,-1.317708196701247,2.070621974030573,0.6150716361009069,8147.42
2, 105365.0,-0.16764976751467284,-0.40804340241589926,-1.556902758158408,13023.04
1, 105366.0,1.5574378762651884,0.4181783897329248,-0.8864564112319767,13598.37
2, 105367.0,0.04798618795780982,-0.40804340241589926,1.1068859698548177,12512.26
2, 105368.0,-0.8864362857562816,-0.40804340241589926,0.7918837623382309,28701.47
1, 105369.0,1.1261659653202232,-0.40804340241589926,0.711646969462007,17157.11
1, 105370.0,1.0542873134960622,-1.2342651945647232,0.2377079696049163,34261.59
2, 105371.0,-1.4614655003495687,-0.40804340241589926,-1.7755722839052541,23981.14
2, 105372.0,-0.16764976751467284,-0.40804340241589926,0.19136151565524262,16093.62
1, 105373.0,1.269923268968545,0.4181783897329248,0.8467230219854888,27346.79
1, 105374.0,0.7667727061994186,-0.40804340241589926,0.41884738255481896,31017.61
2, 105375.0,-0.5989216784596382,-0.40804340241589926,1.0204211194670318,19418.14
2, 105376.0,-0.9583149375804426,-0.40804340241589926,-0.43678257051084085,13471.48
1, 105377.0,1.5574378762651884,0.4181783897329248,3.1480711563713366,39038.67
1, 105378.0,0.47925809890277515,-0.40804340241589926,-1.9146925296180617,12227.66
0, 105379.0,-0.16764976751467284,0.4181783897329248,0.5070107940821215,29237.01
1, 105380.0,1.0542873134960622,-0.40804340241589926,-0.7310380669661862,28903.06
1, 105381.0,1.1261659653202232,-0.40804340241589926,0.9198420348484992,13867.5
2, 105382.0,-0.8145576339321208,0.4181783897329248,0.8358037003743091,12296.62
2, 105383.0,-0.4551643748113164,-0.40804340241589926,-0.27558102998431444,12218.08
2, 105384.0,-0.4551643748113164,0.4181783897329248,0.773401799463012,21546.79
2, 105385.0,-0.670800330283799,-1.2342651945647232,0.0297555558097836,12537.45
1, 105386.0,-0.023892463866351063,-1.2342651945647232,-1.5814105688857225,25096.68
0, 105387.0,-0.9583149375804426,1.244400181881749,-1.084298342053795,5758.12
1, 105388.0,0.551136750726936,-0.40804340241589926,-1.426801063257797,12876.33
1, 105389.0,0.9105300098477405,-0.40804340241589926,-0.5934950565972157,22733.21
2, 105390.0,-1.1739508930529252,-0.40804340241589926,0.7089373600251587,3352.49
1, 105391.0,0.11986483978197071,-1.2342651945647232,0.22436213208014116,17480.11
0, 105392.0,-0.5270430266354773,2.070621974030573,0.4614731787703129,17505.58
1, 105393.0,0.8386513580235796,-1.2342651945647232,-0.3918515841774312,18469.6
1, 105394.0,1.70119517991351,0.4181783897329248,1.0012112018177344,14218.51
0, 105395.0,-0.16764976751467284,2.070621974030573,-0.927100552784701,31945.79
1, 105396.0,0.551136750726936,-0.40804340241589926,-0.9755095452609309,19130.52
2, 105397.0,-1.4614655003495687,-0.40804340241589926,-1.6669856967718564,29566.83
2, 105398.0,-0.4551643748113164,-0.40804340241589926,-0.6231389926749739,24721.34
1, 105399.0,0.8386513580235796,-0.40804340241589926,0.585144606499896,21776.79
1, 105400.0,0.19174349160613158,-1.2342651945647232,-1.9146925296180617,16947.65
1, 105401.0,1.4855592244410276,-1.2342651945647232,-0.14078807098408544,41019.06
2, 105402.0,-1.5333441521737297,-0.40804340241589926,0.053292760171659764,28891.85
0, 105403.0,-1.1739508930529252,1.244400181881749,-1.0369408398067899,9270.58
0, 105404.0,0.04798618795780982,2.070621974030573,2.7386774798158857,12144.3
0, 105405.0,0.04798618795780982,2.070621974030573,-1.7619433528572264,20080.46
1, 105406.0,0.40737944707861423,-0.40804340241589926,2.07563200642592,9983.03
2, 105407.0,-1.1020722412287642,-0.40804340241589926,-0.1728180810435458,14543.23
2, 105408.0,-0.16764976751467284,-0.40804340241589926,0.8893488182009828,10885.64
2, 105409.0,-1.389586848525408,-0.40804340241589926,-0.6101975744691313,9355.28
1, 105410.0,0.6230154025510969,0.4181783897329248,1.1517360723244408,17374.02
0, 105411.0,-0.16764976751467284,0.4181783897329248,0.9573721476454427,14601.51
2, 105412.0,-1.6771014558220514,-0.40804340241589926,0.1039260589020188,11926.36
2, 105413.0,-0.8145576339321208,-1.2342651945647232,-1.9146925296180617,19645.12
1, 105414.0,0.9105300098477405,-1.2342651945647232,-1.429146695307606,11399.83
0, 105415.0,-1.1020722412287642,1.244400181881749,-0.6005723946785358,31689.66
2, 105416.0,-1.317708196701247,0.4181783897329248,-0.7643217769143376,29632.03
2, 105417.0,-1.2458295448770862,-0.40804340241589926,-0.004215666980553133,19264.86
0, 105418.0,0.6230154025510969,2.070621974030573,-1.446981587272533,31489.87
2, 105419.0,-1.317708196701247,0.4181783897329248,0.47433371311236894,28673.16
2, 105420.0,-1.317708196701247,-0.40804340241589926,-1.068930407934357,13900.91
0, 105421.0,0.551136750726936,1.244400181881749,-0.19259418573934897,10270.49
2, 105422.0,-0.23952841933883373,-0.40804340241589926,-1.648422850032851,18423.19
1, 105423.0,1.4136805726168666,-1.2342651945647232,-1.9146925296180617,21357.02
0, 105424.0,0.9824086616719013,1.244400181881749,0.9617803182218079,22710.11
2, 105425.0,-0.9583149375804426,0.4181783897329248,0.008523541565823141,25560.33
1, 105426.0,0.40737944707861423,0.4181783897329248,0.37355241883437,16258.59
1, 105427.0,0.6230154025510969,-1.2342651945647232,-1.0068116005463126,13749.93
1, 105428.0,1.1261659653202232,-0.40804340241589926,-1.0144551256741383,24195.23
1, 105429.0,1.1261659653202232,-0.40804340241589926,-1.9146925296180617,17334.41
2, 105430.0,-0.5270430266354773,-1.2342651945647232,1.6410430063009696,29991.3
1, 105431.0,0.9105300098477405,-0.40804340241589926,0.7221214298223608,10765.76
2, 105432.0,-0.7426789821079599,-0.40804340241589926,1.9008824187151523,31569.91
1, 105433.0,1.4136805726168666,0.4181783897329248,-0.36273339321428544,19696.9
2, 105434.0,-1.5333441521737297,0.4181783897329248,-0.6695258885565407,9100.59
0, 105435.0,-0.7426789821079599,2.070621974030573,-0.7242842643400121,31696.44
1, 105436.0,0.6948940543752578,-0.40804340241589926,0.805997996568978,10204.0
1, 105437.0,1.5574378762651884,-1.2342651945647232,0.8493517475585506,22581.11
0, 105438.0,1.70119517991351,2.070621974030573,-0.1246517401586755,32539.17
2, 105439.0,-0.670800330283799,-0.40804340241589926,-0.8885998336223194,30258.11
2, 105440.0,-1.0301935894046035,-0.40804340241589926,-0.006884834485508163,8072.47
2, 105441.0,-0.4551643748113164,-0.40804340241589926,0.9577765669643753,4501.06
0, 105442.0,-0.8145576339321208,1.244400181881749,0.8799258480698536,20609.93
0, 105443.0,0.6948940543752578,1.244400181881749,-0.836187089888657,8233.69
0, 105444.0,1.4136805726168666,2.896843766179397,-0.20343262348674213,20149.36
0, 105445.0,-1.2458295448770862,1.244400181881749,0.1427503135195465,16711.44
1, 105446.0,0.6230154025510969,-1.2342651945647232,1.6062629448727677,21374.16
1, 105447.0,0.8386513580235796,-1.2342651945647232,0.3327060676221794,13395.15
1, 105448.0,0.9105300098477405,0.4181783897329248,-0.7087545624930011,19786.05
2, 105449.0,-1.1020722412287642,-1.2342651945647232,-0.3730460858470662,8886.09
0, 105450.0,0.9824086616719013,1.244400181881749,-0.6812944907374788,18874.24
2, 105451.0,-1.1739508930529252,-0.40804340241589926,0.027773901147013957,12917.7
2, 105452.0,-0.09577111569051194,-0.40804340241589926,0.2758447113802586,16955.11
1, 105453.0,0.11986483978197071,-1.2342651945647232,0.27042549250656206,12197.27
2, 105454.0,-1.1020722412287642,-0.40804340241589926,-0.989947314946824,7051.85
2, 105455.0,-0.7426789821079599,0.4181783897329248,0.9124816032439264,23079.59
1, 105456.0,0.40737944707861423,-0.40804340241589926,-0.2501430548234551,21739.96
1, 105457.0,0.19174349160613158,-0.40804340241589926,-1.9146925296180617,7594.38
0, 105458.0,0.8386513580235796,1.244400181881749,1.2328625877023163,9747.41
1, 105459.0,0.40737944707861423,0.4181783897329248,-0.28233483261048853,18900.43
1, 105460.0,0.47925809890277515,-1.2342651945647232,1.15036104664007,7143.77
1, 105461.0,1.0542873134960622,0.4181783897329248,-0.22506905704963515,14571.32
0, 105462.0,0.2636221434302925,0.4181783897329248,-1.9146925296180617,11831.62
1, 105463.0,0.7667727061994186,-1.2342651945647232,0.48007646744121163,21336.03
0, 105464.0,1.1261659653202232,2.896843766179397,0.08952873114801894,26008.55
2, 105465.0,-0.4551643748113164,-1.2342651945647232,0.6769477918975916,15381.53
0, 105466.0,-0.8864362857562816,1.244400181881749,-0.9667336460400939,16523.19
1, 105467.0,0.04798618795780982,-1.2342651945647232,-0.8862542015725104,8143.27
0, 105468.0,0.2636221434302925,0.4181783897329248,-0.3084603206135332,30502.83
1, 105469.0,1.5574378762651884,0.4181783897329248,0.4088986673090775,16305.72
1, 105470.0,1.6293165280893493,-0.40804340241589926,-1.123324806330789,17444.68
1, 105471.0,1.4136805726168666,0.4181783897329248,0.15500421888320368,29521.35
0, 105472.0,0.6948940543752578,2.070621974030573,0.81384373135627,11991.02
1, 105473.0,1.70119517991351,0.4181783897329248,-0.1029748646638892,21695.98
0, 105474.0,0.2636221434302925,1.244400181881749,0.42936228484706607,13126.18
2, 105475.0,-0.9583149375804426,0.4181783897329248,0.07982266749363702,27116.49
0, 105476.0,1.4855592244410276,1.244400181881749,1.8409070337174505,10751.09
1, 105477.0,0.6948940543752578,-1.2342651945647232,-0.06633447436859745,10712.31
0, 105478.0,-1.5333441521737297,2.896843766179397,-0.8947065653382014,17862.82
1, 105479.0,1.6293165280893493,0.4181783897329248,1.1509272336865755,31977.42
0, 105480.0,0.2636221434302925,1.244400181881749,0.22622246094723103,26642.15
2, 105481.0,-1.0301935894046035,-0.40804340241589926,-1.9146925296180617,10399.7
2, 105482.0,-1.6771014558220514,-1.2342651945647232,0.6086009269979856,9823.58
1, 105483.0,0.9105300098477405,0.4181783897329248,0.8656498461115335,12867.28
1, 105484.0,1.6293165280893493,-1.2342651945647232,0.03938073560037901,14876.94
1, 105485.0,1.6293165280893493,0.4181783897329248,-0.36386576730729664,15812.6
0, 105486.0,-0.23952841933883373,1.244400181881749,-0.4493600113296441,15921.97
1, 105487.0,0.9105300098477405,-1.2342651945647232,-0.9692006038855826,12624.94
1, 105488.0,0.19174349160613158,-1.2342651945647232,1.0044869983010882,23168.2
2, 105489.0,-0.16764976751467284,-1.2342651945647232,-0.47888262161172246,29079.78
1, 105490.0,1.3418019207927057,0.4181783897329248,1.4241529255574268,20370.97
0, 105491.0,0.47925809890277515,2.070621974030573,0.14578345841154083,25297.77
1, 105492.0,1.1261659653202232,-0.40804340241589926,0.06344368507686753,13771.49
2, 105493.0,-0.3114070711629946,-0.40804340241589926,-0.3084603206135332,27308.5
1, 105494.0,0.6230154025510969,0.4181783897329248,0.7160955819702653,12127.09
1, 105495.0,1.3418019207927057,0.4181783897329248,1.79820035363817,19285.86
2, 105496.0,-1.6052228039978906,-1.2342651945647232,0.4198179889202572,27555.43
2, 105497.0,-1.0301935894046035,-0.40804340241589926,-0.8647795357371905,11070.42
1, 105498.0,0.9824086616719013,-0.40804340241589926,1.3543501511096634,14482.41
2, 105499.0,-0.8864362857562816,0.4181783897329248,-0.14341679655714723,12682.84
0, 105500.0,0.6230154025510969,2.070621974030573,-1.1877083619048556,14659.65
0, 105501.0,-1.6771014558220514,1.244400181881749,0.6967238965933948,15188.03
1, 105502.0,1.6293165280893493,-1.2342651945647232,-1.8645849760023152,27130.25
1, 105503.0,1.1261659653202232,-1.2342651945647232,-0.44406211825162734,22542.44
2, 105504.0,-0.5989216784596382,-0.40804340241589926,0.9157978416591734,9034.53
2, 105505.0,-1.4614655003495687,0.4181783897329248,1.1806116116962269,14913.89
0, 105506.0,0.33550079525445337,0.4181783897329248,0.9236435764464656,14368.79
1, 105507.0,1.269923268968545,-1.2342651945647232,0.38831372397540914,19048.53
1, 105508.0,1.4855592244410276,0.4181783897329248,-1.1443546109152831,18275.7
0, 105509.0,-1.1739508930529252,2.070621974030573,-1.0676362661137726,14011.6
0, 105510.0,-0.3114070711629946,2.070621974030573,0.6149907522371203,16816.01
2, 105511.0,-0.5270430266354773,-0.40804340241589926,0.5099630551103292,17710.14
1, 105512.0,1.70119517991351,-0.40804340241589926,-0.3476485526181002,10884.54
1, 105513.0,0.40737944707861423,0.4181783897329248,0.6746021598477827,13488.7
1, 105514.0,1.70119517991351,-0.40804340241589926,-1.8429081005075287,20917.64
0, 105515.0,1.70119517991351,1.244400181881749,-0.9381816421234538,19373.42
0, 105516.0,0.2636221434302925,0.4181783897329248,-0.47969146024958764,15153.2
2, 105517.0,-1.0301935894046035,-0.40804340241589926,0.5485446581364974,15392.92
2, 105518.0,-1.2458295448770862,-0.40804340241589926,1.8533227068086808,8431.77
2, 105519.0,-0.7426789821079599,0.4181783897329248,-1.9146925296180617,14923.07
2, 105520.0,-1.1739508930529252,-0.40804340241589926,-1.9146925296180617,11379.57
2, 105521.0,0.04798618795780982,-0.40804340241589926,0.5630633116861771,29087.87
2, 105522.0,-0.23952841933883373,-0.40804340241589926,-1.1034678177711992,10978.08
1, 105523.0,0.33550079525445337,-0.40804340241589926,-0.13395338449412483,24608.75
1, 105524.0,1.4136805726168666,-0.40804340241589926,-1.9146925296180617,15505.56
0, 105525.0,-0.9583149375804426,1.244400181881749,-1.0397717750393178,12533.59
2, 105526.0,-1.5333441521737297,-0.40804340241589926,0.9893212738411166,17213.57
0, 105527.0,-0.38328572298715546,1.244400181881749,-0.5629209560859126,17518.85
0, 105528.0,0.11986483978197071,0.4181783897329248,-0.9756308710566106,8158.7
1, 105529.0,0.7667727061994186,0.4181783897329248,-1.4389336428257744,25742.54
1, 105530.0,1.6293165280893493,-1.2342651945647232,1.6816871478536937,29075.38
2, 105531.0,-1.6771014558220514,0.4181783897329248,-0.6613970602459959,14257.06
2, 105532.0,-0.38328572298715546,-1.2342651945647232,1.060094654654318,10275.26
2, 105533.0,-0.670800330283799,-0.40804340241589926,0.07958001590227748,8693.38
1, 105534.0,0.47925809890277515,-0.40804340241589926,-1.9146925296180617,14302.24
1, 105535.0,1.3418019207927057,-1.2342651945647232,0.36752657098227454,14366.55
0, 105536.0,1.1261659653202232,1.244400181881749,-0.11005220274520935,14954.49
0, 105537.0,-1.0301935894046035,2.070621974030573,-1.2414556893909956,11389.73
1, 105538.0,0.47925809890277515,-0.40804340241589926,0.1482504162570296,17912.36
0, 105539.0,1.4136805726168666,2.896843766179397,-0.31764063915330276,12831.97
0, 105540.0,1.4855592244410276,1.244400181881749,1.1493904402746318,10817.26
2, 105541.0,-1.1020722412287642,0.4181783897329248,0.31927934623361776,16765.38
0, 105542.0,-0.3114070711629946,1.244400181881749,-0.62160219926303,36946.89
1, 105543.0,1.4136805726168666,-0.40804340241589926,0.006258793379800693,15292.12
0, 105544.0,0.6230154025510969,1.244400181881749,0.15184974819552954,24616.85
1, 105545.0,1.198044617144384,-0.40804340241589926,1.4138806748565391,12046.05
2, 105546.0,-1.6771014558220514,0.4181783897329248,-0.8991551778464597,15334.69
1, 105547.0,0.6230154025510969,-0.40804340241589926,0.09874949161968177,17944.3
1, 105548.0,1.1261659653202232,-0.40804340241589926,-1.3720022455424326,30725.79
1, 105549.0,0.6948940543752578,0.4181783897329248,-0.026216077930485495,10350.41
0, 105550.0,1.3418019207927057,1.244400181881749,1.6429437770999527,13624.16
1, 105551.0,0.2636221434302925,-1.2342651945647232,2.210991152472655,18067.23
2, 105552.0,-0.670800330283799,-1.2342651945647232,-0.5772778419080192,29969.11
1, 105553.0,0.47925809890277515,-0.40804340241589926,-0.41607630138149276,9646.46
2, 105554.0,-1.1739508930529252,0.4181783897329248,1.0880400295925594,12796.43
2, 105555.0,-0.8145576339321208,-0.40804340241589926,1.9856082660315277,13077.63
2, 105556.0,-0.3114070711629946,-0.40804340241589926,-0.9497884765768188,10085.92
1, 105557.0,0.11986483978197071,-0.40804340241589926,0.31628664327351663,12009.35
0, 105558.0,0.04798618795780982,1.244400181881749,0.6392154694411819,17215.21
2, 105559.0,-1.6771014558220514,-1.2342651945647232,1.6873490183187498,22484.29
1, 105560.0,1.0542873134960622,-0.40804340241589926,0.2753594081975395,36275.36
2, 105561.0,-0.5989216784596382,-0.40804340241589926,0.9001872559483759,5240.71
1, 105562.0,1.5574378762651884,0.4181783897329248,-0.7144973168218437,7514.69
2, 105563.0,-0.38328572298715546,-0.40804340241589926,0.998946453631712,34486.16
0, 105564.0,-0.7426789821079599,1.244400181881749,-1.9146925296180617,10217.96
2, 105565.0,-1.1739508930529252,-0.40804340241589926,-1.0607206957600255,21271.75
2, 105566.0,-1.0301935894046035,-1.2342651945647232,-1.5477628815505318,13325.61
2, 105567.0,-1.1020722412287642,-0.40804340241589926,1.4004135115360843,15972.41
2, 105568.0,-1.1020722412287642,-1.2342651945647232,-1.9146925296180617,13045.03
1, 105569.0,0.7667727061994186,-0.40804340241589926,-0.2588785121123989,11099.26
2, 105570.0,-0.16764976751467284,-0.40804340241589926,0.6207739484978563,21251.05
1, 105571.0,0.47925809890277515,-1.2342651945647232,0.03679245195921049,12939.98
1, 105572.0,0.19174349160613158,-0.40804340241589926,-1.3886643214824548,7799.23
2, 105573.0,-1.1020722412287642,-0.40804340241589926,0.691749538970524,22430.13
1, 105574.0,1.5574378762651884,0.4181783897329248,-0.5809580577103057,15448.18
1, 105575.0,1.4855592244410276,0.4181783897329248,1.2018840678720806,23929.09
0, 105576.0,0.8386513580235796,1.244400181881749,-0.46282717465009904,15674.77
0, 105577.0,-1.1739508930529252,1.244400181881749,-0.6842063098337934,12626.15
2, 105578.0,-1.389586848525408,-1.2342651945647232,-0.3938332388402008,11240.0
0, 105579.0,-1.6052228039978906,1.244400181881749,0.11909178336199056,13036.23
0, 105580.0,-0.5989216784596382,1.244400181881749,-0.2782906394211627,16586.47
1, 105581.0,0.551136750726936,-0.40804340241589926,-0.4644852938577226,22931.06
0, 105582.0,-0.16764976751467284,2.070621974030573,-0.28872465784962326,14466.12
1, 105583.0,0.47925809890277515,0.4181783897329248,0.11161002596173783,9359.79
0, 105584.0,1.5574378762651884,2.070621974030573,0.43409399087857725,13486.94
2, 105585.0,-1.6771014558220514,-0.40804340241589926,0.9966412635137962,23200.59
2, 105586.0,-1.2458295448770862,0.4181783897329248,0.4501898797720939,26868.7
2, 105587.0,-0.9583149375804426,0.4181783897329248,1.764026921188367,5584.99
1, 105588.0,0.40737944707861423,-1.2342651945647232,1.5621812391091163,12929.96
2, 105589.0,-0.7426789821079599,-0.40804340241589926,0.5509711740500929,3676.59
0, 105590.0,0.9824086616719013,1.244400181881749,2.198979898700357,24876.25
0, 105591.0,-0.16764976751467284,1.244400181881749,-0.447459240530661,17220.29
1, 105592.0,1.70119517991351,-0.40804340241589926,-0.04453627307813138,14738.59
2, 105593.0,-1.1739508930529252,0.4181783897329248,-0.21503945794010718,23112.07
1, 105594.0,0.8386513580235796,0.4181783897329248,-1.408440426178258,31916.34
0, 105595.0,-1.6771014558220514,2.896843766179397,0.22589892549208498,15228.97
1, 105596.0,0.8386513580235796,-0.40804340241589926,-0.6827099583537428,18647.52
1, 105597.0,0.6230154025510969,0.4181783897329248,-0.3677481927690494,20398.59
0, 105598.0,-1.389586848525408,1.244400181881749,-0.5852853444228843,21958.65
2, 105599.0,-1.317708196701247,-0.40804340241589926,-1.8343748528780515,7966.13
2, 105600.0,-0.8864362857562816,0.4181783897329248,1.2176564213104513,16117.3
2, 105601.0,-0.09577111569051194,-0.40804340241589926,0.5479380291580985,12726.42
0, 105602.0,1.4136805726168666,1.244400181881749,0.03578140366187904,15709.44
1, 105603.0,0.40737944707861423,0.4181783897329248,0.6932863323824678,8062.12
1, 105604.0,0.11986483978197071,-0.40804340241589926,0.7394305766726753,11435.19
1, 105605.0,0.8386513580235796,0.4181783897329248,-0.33636525361988123,28198.75
2, 105606.0,-1.389586848525408,0.4181783897329248,-0.9266556915338752,13447.44
2, 105607.0,-1.2458295448770862,0.4181783897329248,-1.5851716685517954,21409.71
2, 105608.0,-0.5270430266354773,-0.40804340241589926,-0.6856622193819507,12138.71
2, 105609.0,-0.38328572298715546,-0.40804340241589926,1.3733174171676015,14828.19
2, 105610.0,-0.4551643748113164,-0.40804340241589926,-0.596366433761637,17494.6
2, 105611.0,-1.5333441521737297,-0.40804340241589926,0.4847677315408295,7731.33
2, 105612.0,-0.09577111569051194,-0.40804340241589926,1.4699331924605947,18241.53
1, 105613.0,0.6948940543752578,-0.40804340241589926,-0.2822135068148087,20591.73
2, 105614.0,-0.4551643748113164,-0.40804340241589926,0.24280365302346682,27760.29
1, 105615.0,1.5574378762651884,-0.40804340241589926,1.8517454714648438,12585.87
2, 105616.0,-1.6052228039978906,-0.40804340241589926,1.5526773851142006,14548.9
2, 105617.0,-0.3114070711629946,-0.40804340241589926,1.0120900814970208,14092.69
0, 105618.0,-0.16764976751467284,0.4181783897329248,-0.726306360934675,22950.22
0, 105619.0,0.19174349160613158,0.4181783897329248,-0.6720332883339227,6520.34
1, 105620.0,1.4136805726168666,-0.40804340241589926,-0.46068375225975633,19375.43
0, 105621.0,-0.9583149375804426,2.070621974030573,-0.24937465811748322,17030.68
2, 105622.0,-1.389586848525408,-1.2342651945647232,-0.3190156648376735,18123.76
1, 105623.0,0.9824086616719013,-0.40804340241589926,0.2434102820018657,16379.04
2, 105624.0,-1.389586848525408,-0.40804340241589926,0.29990766085674714,7436.3
0, 105625.0,0.47925809890277515,1.244400181881749,-1.1779618563185805,15941.51
1, 105626.0,0.9105300098477405,0.4181783897329248,0.8177261568180227,31446.85
0, 105627.0,0.6230154025510969,1.244400181881749,0.34754825662700506,26185.79
1, 105628.0,0.33550079525445337,-1.2342651945647232,0.08483746704840102,13101.15
0, 105629.0,-1.6052228039978906,1.244400181881749,-0.3573950582043754,15034.61
0, 105630.0,-0.3114070711629946,1.244400181881749,1.113680214412885,25683.17
0, 105631.0,-0.023892463866351063,0.4181783897329248,0.8489877701715112,18699.9
2, 105632.0,-0.8145576339321208,-0.40804340241589926,1.1390373057099576,12789.92
1, 105633.0,1.5574378762651884,-1.2342651945647232,0.6335535989761257,15259.94
0, 105634.0,-0.9583149375804426,1.244400181881749,0.10242970742196825,11842.18
2, 105635.0,-1.5333441521737297,-0.40804340241589926,0.09175303740214814,13421.29
2, 105636.0,-1.317708196701247,-0.40804340241589926,-0.20217892359805112,14569.88
0, 105637.0,1.4855592244410276,1.244400181881749,0.22670776412995014,14648.52
1, 105638.0,0.40737944707861423,0.4181783897329248,-0.16505323012004025,17126.18
2, 105639.0,-1.2458295448770862,0.4181783897329248,0.6393772371687549,18291.4
0, 105640.0,-0.5270430266354773,1.244400181881749,0.6466972268414346,31304.14
0, 105641.0,-0.16764976751467284,0.4181783897329248,-0.2925261994475895,15077.01
2, 105642.0,-0.8145576339321208,-1.2342651945647232,-1.0962691538941993,15714.76
2, 105643.0,-0.9583149375804426,0.4181783897329248,-0.2904232189891401,9971.32
0, 105644.0,-1.1739508930529252,2.896843766179397,-0.3569906388854428,17456.15
1, 105645.0,1.6293165280893493,-0.40804340241589926,0.197063828052192,6223.45
0, 105646.0,0.2636221434302925,0.4181783897329248,-1.0514999352883627,18363.61
1, 105647.0,1.0542873134960622,-1.2342651945647232,0.5523057578025704,23991.35
1, 105648.0,0.9824086616719013,-1.2342651945647232,-0.37001294095507187,19013.62
0, 105649.0,-1.317708196701247,2.070621974030573,0.13001110497317023,8714.43
2, 105650.0,-0.23952841933883373,0.4181783897329248,1.307922813296203,8959.02
1, 105651.0,1.4136805726168666,-0.40804340241589926,1.054149690666009,18188.62
2, 105652.0,-0.8864362857562816,-0.40804340241589926,-1.7845908347174508,11404.61
1, 105653.0,0.33550079525445337,-1.2342651945647232,0.8823928059153423,16476.92
1, 105654.0,0.7667727061994186,-1.2342651945647232,1.5010330380865102,15424.16
0, 105655.0,-0.09577111569051194,0.4181783897329248,0.5523461997344636,18195.93
1, 105656.0,0.40737944707861423,0.4181783897329248,-0.7306740895791468,14671.44
2, 105657.0,-1.4614655003495687,-0.40804340241589926,0.06882246201867084,15782.23
0, 105658.0,0.2636221434302925,2.896843766179397,1.9225188522780452,36629.71
2, 105659.0,-1.1739508930529252,-0.40804340241589926,0.193302728386119,26662.48
2, 105660.0,-0.5989216784596382,-0.40804340241589926,0.41241711538379094,23399.27
0, 105661.0,-0.670800330283799,1.244400181881749,-0.9135929475323529,21797.51
2, 105662.0,-0.3114070711629946,0.4181783897329248,0.8286454784292024,11982.59
1, 105663.0,1.6293165280893493,-0.40804340241589926,-0.12748267539120356,14529.58
1, 105664.0,1.70119517991351,0.4181783897329248,-0.09128714634673764,14964.45
0, 105665.0,0.04798618795780982,1.244400181881749,0.9753283654060493,17703.97
1, 105666.0,1.269923268968545,-0.40804340241589926,0.8081414189593207,48706.14
1, 105667.0,1.6293165280893493,0.4181783897329248,-1.3879363667083762,17735.75
1, 105668.0,1.6293165280893493,-1.2342651945647232,0.18104882302246184,14627.18
1, 105669.0,1.198044617144384,-1.2342651945647232,0.11512847403645127,13723.26
0, 105670.0,1.198044617144384,1.244400181881749,0.50426074271338,13000.74
1, 105671.0,0.9105300098477405,-0.40804340241589926,0.12018371552310853,14673.25
2, 105672.0,-0.670800330283799,0.4181783897329248,0.5295773920785594,12699.27
2, 105673.0,-0.5989216784596382,0.4181783897329248,-1.1879510134962152,16608.61
0, 105674.0,-0.670800330283799,1.244400181881749,-1.9146925296180617,15253.93
1, 105675.0,1.198044617144384,-1.2342651945647232,1.1658503065551877,15277.07
2, 105676.0,-0.023892463866351063,-1.2342651945647232,0.7696811417288323,19303.84
2, 105677.0,-0.16764976751467284,-1.2342651945647232,0.13874656226211396,26246.09
2, 105678.0,-1.6052228039978906,0.4181783897329248,-0.9059898643364204,11428.69
1, 105679.0,1.5574378762651884,-0.40804340241589926,0.022516450000890417,18571.1
1, 105680.0,0.40737944707861423,-0.40804340241589926,-0.43840024778657116,23478.01
2, 105681.0,-0.23952841933883373,-0.40804340241589926,-0.3941972162272402,5754.87
2, 105682.0,-1.1739508930529252,-1.2342651945647232,-0.042554618415361734,15140.12
2, 105683.0,-0.5270430266354773,-0.40804340241589926,1.0653116638685483,14181.93
2, 105684.0,-0.09577111569051194,-1.2342651945647232,-0.9559760921564873,11117.34
1, 105685.0,0.6230154025510969,-0.40804340241589926,-0.780700759331107,20829.56
1, 105686.0,0.6948940543752578,-0.40804340241589926,0.7569014912505627,12592.09
2, 105687.0,-0.5989216784596382,-0.40804340241589926,-0.4702280481865653,23976.95
2, 105688.0,-1.5333441521737297,-0.40804340241589926,-1.3862378055688593,8800.61
0, 105689.0,0.8386513580235796,1.244400181881749,1.069638950581127,21398.49
1, 105690.0,0.9105300098477405,-0.40804340241589926,1.3603759989617588,20167.41
1, 105691.0,0.04798618795780982,-1.2342651945647232,-0.5100633511014244,19234.9
1, 105692.0,0.6230154025510969,-1.2342651945647232,-0.31755975528951624,8316.31
2, 105693.0,-0.7426789821079599,0.4181783897329248,1.8775878659446357,18616.92
0, 105694.0,-0.5270430266354773,1.244400181881749,-1.8101501356739897,30930.23
1, 105695.0,1.4136805726168666,-1.2342651945647232,-1.3169203343038152,14895.66
0, 105696.0,0.7667727061994186,2.070621974030573,0.7761518508317535,20982.76
1, 105697.0,0.9105300098477405,-0.40804340241589926,-0.5831823639644349,11148.48
2, 105698.0,-0.38328572298715546,-0.40804340241589926,-0.33749762771289243,26778.12
0, 105699.0,0.9105300098477405,1.244400181881749,-1.0542904285889976,20030.83
1, 105700.0,1.5574378762651884,-1.2342651945647232,-0.6460695680584511,36256.32
2, 105701.0,-0.9583149375804426,0.4181783897329248,0.4098288317426224,32648.55
2, 105702.0,0.04798618795780982,-1.2342651945647232,1.705062584487997,16936.76
1, 105703.0,0.9824086616719013,-1.2342651945647232,-0.13124377505727655,18411.84
1, 105704.0,1.1261659653202232,-0.40804340241589926,-0.056587968782322265,17911.27
0, 105705.0,0.7667727061994186,1.244400181881749,0.4331638264450323,12712.07
2, 105706.0,-1.2458295448770862,-0.40804340241589926,2.370898551178597,18649.26
1, 105707.0,0.551136750726936,-1.2342651945647232,-0.19732589177086016,16724.67
1, 105708.0,1.4136805726168666,-0.40804340241589926,0.5899571963951936,25096.88
2, 105709.0,-0.7426789821079599,0.4181783897329248,0.48367579937971156,8180.24
2, 105710.0,-0.8145576339321208,0.4181783897329248,-0.9537517859023581,11340.05
0, 105711.0,-0.023892463866351063,2.896843766179397,0.4323954297390604,21407.48
0, 105712.0,0.7667727061994186,2.896843766179397,1.305577181246394,34088.16
1, 105713.0,1.1261659653202232,-1.2342651945647232,0.13526855611929375,19622.85
2, 105714.0,-0.23952841933883373,0.4181783897329248,0.9562802154843247,16280.06
2, 105715.0,-0.5270430266354773,-0.40804340241589926,0.36635375495737005,10872.18
0, 105716.0,0.11986483978197071,1.244400181881749,-1.0064476231592732,8332.31
0, 105717.0,-0.23952841933883373,2.070621974030573,0.779670298906467,13373.16
1, 105718.0,1.4855592244410276,-0.40804340241589926,-0.0890223981607152,15499.74
1, 105719.0,1.5574378762651884,0.4181783897329248,-1.5886092327627224,22816.3
1, 105720.0,1.1261659653202232,-0.40804340241589926,0.14562169068396782,20211.82
1, 105721.0,1.70119517991351,-1.2342651945647232,1.7893435705535465,13036.69
2, 105722.0,-1.389586848525408,0.4181783897329248,-1.6935156040938337,12593.58
2, 105723.0,-0.8145576339321208,-0.40804340241589926,0.08766840228092908,16617.98
0, 105724.0,0.8386513580235796,1.244400181881749,-1.909718171995191,44303.43
2, 105725.0,-1.1739508930529252,-1.2342651945647232,-0.13763360029641133,8902.35
1, 105726.0,0.9105300098477405,-0.40804340241589926,0.30306213154442124,16959.06
2, 105727.0,-0.23952841933883373,-1.2342651945647232,-0.11692733116706322,24488.47
0, 105728.0,-0.8864362857562816,2.070621974030573,-0.6085798971934009,27686.51
1, 105729.0,0.6948940543752578,0.4181783897329248,0.29190015834188204,13870.56
1, 105730.0,1.0542873134960622,-1.2342651945647232,1.4432819593429378,19597.31
2, 105731.0,-1.6052228039978906,0.4181783897329248,1.5302321129134424,23492.57
2, 105732.0,-1.389586848525408,-1.2342651945647232,-0.08206638587507481,6998.18
1, 105733.0,1.3418019207927057,-1.2342651945647232,1.4123438814445954,28711.27
0, 105734.0,-0.09577111569051194,0.4181783897329248,0.145338597160715,16406.81
2, 105735.0,-0.670800330283799,-0.40804340241589926,-1.1934511162336983,7190.89
2, 105736.0,-0.7426789821079599,-0.40804340241589926,2.162703485792105,8421.42
2, 105737.0,-0.3114070711629946,-1.2342651945647232,-0.15138385714011904,20204.72
0, 105738.0,-1.2458295448770862,1.244400181881749,1.0067517464871107,24262.07
0, 105739.0,1.3418019207927057,1.244400181881749,0.44129265475557716,14816.61
1, 105740.0,1.4136805726168666,0.4181783897329248,1.2753266161902372,18571.98
1, 105741.0,0.11986483978197071,-0.40804340241589926,1.4023547242669607,19291.9
2, 105742.0,-0.9583149375804426,-0.40804340241589926,1.8597125320478156,10938.82
1, 105743.0,0.6230154025510969,0.4181783897329248,0.9401034427270215,11244.79
1, 105744.0,1.4136805726168666,-0.40804340241589926,-0.4929968558424695,21082.21
0, 105745.0,0.19174349160613158,0.4181783897329248,1.6565727081479806,21568.72
1, 105746.0,0.8386513580235796,-0.40804340241589926,-0.16715621057848967,12843.51
2, 105747.0,-0.16764976751467284,-0.40804340241589926,0.8019538033796522,16881.62
2, 105748.0,-1.4614655003495687,-1.2342651945647232,-0.18931838925599506,16565.75
2, 105749.0,-1.1020722412287642,-1.2342651945647232,-0.255764483356618,27382.99
0, 105750.0,0.04798618795780982,2.070621974030573,0.4245901368836616,22546.56
2, 105751.0,-0.8864362857562816,-1.2342651945647232,1.519191465506583,14205.31
1, 105752.0,1.70119517991351,0.4181783897329248,0.1783796555175068,7460.02
1, 105753.0,0.7667727061994186,0.4181783897329248,2.2039138143913344,22228.1
2, 105754.0,-1.2458295448770862,-1.2342651945647232,0.997854521470594,27712.29
1, 105755.0,1.1261659653202232,0.4181783897329248,-1.5283103123098747,16075.37
1, 105756.0,1.4136805726168666,-0.40804340241589926,-0.8952323104528137,25635.69
0, 105757.0,-0.16764976751467284,0.4181783897329248,-0.5653474719995081,5705.55
1, 105758.0,1.3418019207927057,-1.2342651945647232,-0.9222879628894033,13804.13
0, 105759.0,0.33550079525445337,0.4181783897329248,-0.5886420247700247,17323.55
1, 105760.0,0.6948940543752578,-1.2342651945647232,-1.513468123305049,14155.85
1, 105761.0,0.47925809890277515,0.4181783897329248,-0.5800278932767607,41983.03
1, 105762.0,1.4855592244410276,-1.2342651945647232,-1.1373985986296427,15579.38
1, 105763.0,1.70119517991351,-0.40804340241589926,-0.8443563601310952,13689.18
1, 105764.0,1.198044617144384,-1.2342651945647232,-0.6007746043380021,14014.88
0, 105765.0,1.4136805726168666,1.244400181881749,-0.1829285640168603,12039.87
1, 105766.0,0.33550079525445337,-0.40804340241589926,-0.1870940830018659,28291.49
1, 105767.0,1.5574378762651884,-0.40804340241589926,0.29287076470732026,14416.07
1, 105768.0,1.4855592244410276,-0.40804340241589926,0.1400407040826982,24695.94
2, 105769.0,-1.1739508930529252,-0.40804340241589926,-0.4627462907863125,12704.61
2, 105770.0,-0.23952841933883373,-1.2342651945647232,-1.8947546571946856,15202.64
2, 105771.0,-1.389586848525408,-0.40804340241589926,-1.9146925296180617,17587.95
2, 105772.0,-1.1020722412287642,0.4181783897329248,-1.5854547620750483,9554.2
2, 105773.0,-0.16764976751467284,-0.40804340241589926,0.6244137223682494,34899.43
2, 105774.0,-0.09577111569051194,-0.40804340241589926,-0.8170176141712527,16112.79
1, 105775.0,0.40737944707861423,0.4181783897329248,0.5142498998910147,30635.03
2, 105776.0,-1.389586848525408,0.4181783897329248,-0.6783826716411643,10343.75
2, 105777.0,-1.6052228039978906,0.4181783897329248,-0.4547387882714474,27537.25
1, 105778.0,1.269923268968545,-1.2342651945647232,0.08354332522781677,15716.82
0, 105779.0,1.198044617144384,1.244400181881749,1.4970292868290778,17649.02
0, 105780.0,-0.8864362857562816,1.244400181881749,-0.3097140205022242,29985.54
1, 105781.0,1.70119517991351,-0.40804340241589926,1.6583117112193906,31840.19
1, 105782.0,0.9824086616719013,-0.40804340241589926,-0.7760499371633823,23850.32
1, 105783.0,0.7667727061994186,-0.40804340241589926,-1.2873572820898433,17322.23
1, 105784.0,1.4136805726168666,0.4181783897329248,0.5920197349217498,10798.43
2, 105785.0,-0.8145576339321208,0.4181783897329248,0.7219596620947878,6221.89
2, 105786.0,-1.2458295448770862,-0.40804340241589926,-0.9833552800482229,18892.89
1, 105787.0,0.9105300098477405,-0.40804340241589926,-0.17536592275282106,16532.6
2, 105788.0,-1.4614655003495687,-0.40804340241589926,-0.7542921778048095,35465.47
2, 105789.0,-1.4614655003495687,0.4181783897329248,0.774979034806849,30721.45
1, 105790.0,1.6293165280893493,0.4181783897329248,-0.234289817521298,17107.79
2, 105791.0,-1.1020722412287642,-1.2342651945647232,0.24442133029919716,17092.89
1, 105792.0,0.9105300098477405,-1.2342651945647232,-1.171774240738912,15941.96
1, 105793.0,0.9824086616719013,-1.2342651945647232,1.6805143318287892,29126.66
0, 105794.0,-1.1739508930529252,1.244400181881749,1.9466222436864271,16682.75
1, 105795.0,0.9105300098477405,0.4181783897329248,-0.09476515248955783,14909.4
1, 105796.0,0.8386513580235796,-0.40804340241589926,-0.6188117059623952,28823.14
2, 105797.0,-0.4551643748113164,-0.40804340241589926,1.1451440374258397,15795.12
0, 105798.0,0.2636221434302925,0.4181783897329248,-0.4373891994892397,21860.24
0, 105799.0,1.198044617144384,1.244400181881749,-1.1700756795993952,29912.15
0, 105800.0,-0.5270430266354773,1.244400181881749,0.19961166976146727,30377.06
1, 105801.0,0.8386513580235796,-0.40804340241589926,-1.0428049199313123,16001.36
2, 105802.0,-1.1739508930529252,-0.40804340241589926,0.41152739288213924,16355.53
1, 105803.0,0.19174349160613158,-0.40804340241589926,0.1812914746138214,14363.14
2, 105804.0,-1.5333441521737297,-1.2342651945647232,-1.0261024020593967,6242.27
2, 105805.0,-1.6052228039978906,0.4181783897329248,1.6227228111533236,12235.26
0, 105806.0,0.8386513580235796,1.244400181881749,0.0358218455937723,26181.0
1, 105807.0,0.9824086616719013,0.4181783897329248,-0.5560053857321655,25752.43
1, 105808.0,0.8386513580235796,-0.40804340241589926,-0.6224514798327884,30944.68
2, 105809.0,-0.3114070711629946,0.4181783897329248,1.6657934686196434,19581.51
2, 105810.0,-1.6771014558220514,0.4181783897329248,0.023365730570648835,11399.13
1, 105811.0,1.6293165280893493,0.4181783897329248,0.11387477414776027,17270.3
2, 105812.0,0.04798618795780982,-0.40804340241589926,0.8648005655417751,11428.66
2, 105813.0,-1.1020722412287642,0.4181783897329248,-1.0073777875928183,13619.96
0, 105814.0,1.3418019207927057,1.244400181881749,0.20972215273478176,14543.8
2, 105815.0,-1.317708196701247,0.4181783897329248,-1.0452718777768009,17436.28
2, 105816.0,-0.38328572298715546,0.4181783897329248,2.810421466994525,46694.76
0, 105817.0,-1.1020722412287642,1.244400181881749,1.290492340650209,12142.68
2, 105818.0,-1.4614655003495687,-1.2342651945647232,-1.2673385258026808,28697.74
2, 105819.0,-0.16764976751467284,-0.40804340241589926,-0.5094162801911323,19892.05
1, 105820.0,0.8386513580235796,-0.40804340241589926,0.23738443414977026,20561.98
2, 105821.0,-0.23952841933883373,-1.2342651945647232,-1.6045837958605593,23874.72
2, 105822.0,-0.09577111569051194,-1.2342651945647232,-0.5542259407288621,21159.5
2, 105823.0,-1.6052228039978906,-1.2342651945647232,-1.3475348767470114,20008.41
1, 105824.0,1.4855592244410276,-0.40804340241589926,-1.7678074329817486,14355.17
1, 105825.0,1.269923268968545,0.4181783897329248,1.260727078776771,11390.68
0, 105826.0,1.198044617144384,1.244400181881749,-0.5314571330729578,10270.04
0, 105827.0,1.3418019207927057,1.244400181881749,0.8540430116581684,8851.46
0, 105828.0,-0.7426789821079599,2.070621974030573,-0.30021016650730853,10016.48
2, 105829.0,-0.16764976751467284,-0.40804340241589926,-0.7321704410591974,32259.2
2, 105830.0,-1.317708196701247,0.4181783897329248,0.16005946036986093,11161.71
2, 105831.0,-0.4551643748113164,0.4181783897329248,0.17081701425346757,15554.5
2, 105832.0,-0.3114070711629946,-1.2342651945647232,-0.46812506772811585,18437.15
2, 105833.0,-1.317708196701247,-0.40804340241589926,-0.736497727771776,5645.94
2, 105834.0,-0.5270430266354773,-1.2342651945647232,-0.7745535856833318,10384.12
0, 105835.0,0.33550079525445337,1.244400181881749,1.0877164941374133,12908.25
1, 105836.0,0.551136750726936,0.4181783897329248,-0.11057794785982171,13247.74
0, 105837.0,0.7667727061994186,1.244400181881749,1.0753817049099696,15181.3
2, 105838.0,-0.670800330283799,-0.40804340241589926,-0.6065982425306313,7305.63
2, 105839.0,-1.1739508930529252,0.4181783897329248,-0.1638804140951358,12241.66
2, 105840.0,-0.8864362857562816,-0.40804340241589926,1.0228071934487342,11037.12
1, 105841.0,0.8386513580235796,-1.2342651945647232,-0.3694467539085663,17070.68
1, 105842.0,0.11986483978197071,-0.40804340241589926,-0.4290177195873353,17194.18
0, 105843.0,1.0542873134960622,2.070621974030573,-0.4169255819512512,9770.54
2, 105844.0,-0.9583149375804426,-1.2342651945647232,-0.22389624102473069,7645.94
0, 105845.0,1.0542873134960622,2.896843766179397,-0.8455696180878929,13494.89
2, 105846.0,-0.38328572298715546,-1.2342651945647232,-0.023910887812569788,9449.86
0, 105847.0,0.6948940543752578,2.070621974030573,-1.377866325666955,14016.9
2, 105848.0,-1.6771014558220514,-1.2342651945647232,-0.2740442365723706,6090.48
1, 105849.0,1.269923268968545,-0.40804340241589926,0.8641939365633763,14973.12
0, 105850.0,-0.3114070711629946,1.244400181881749,0.743636537589574,5923.01
2, 105851.0,-0.8864362857562816,-1.2342651945647232,0.9179817059814094,6742.6
2, 105852.0,-0.5270430266354773,-1.2342651945647232,0.4447302189665041,13415.23
1, 105853.0,0.19174349160613158,-0.40804340241589926,-0.4470548212117284,16883.68
2, 105854.0,-1.6771014558220514,0.4181783897329248,0.4730395712917847,20061.2
2, 105855.0,-1.4614655003495687,-0.40804340241589926,-0.21099526475078137,24399.91
2, 105856.0,-1.0301935894046035,-0.40804340241589926,-1.4226355442727916,25338.69
1, 105857.0,0.9105300098477405,0.4181783897329248,0.9524382319544652,14187.6
2, 105858.0,-0.4551643748113164,-0.40804340241589926,-1.9146925296180617,18336.69
1, 105859.0,0.8386513580235796,-0.40804340241589926,-0.44519449234463854,15592.68
1, 105860.0,0.11986483978197071,-0.40804340241589926,-0.63773853008844,18140.58
0, 105861.0,1.3418019207927057,2.070621974030573,-0.39528914838835816,15849.13
1, 105862.0,1.70119517991351,0.4181783897329248,0.12398525712107478,28613.71
2, 105863.0,-1.1739508930529252,-1.2342651945647232,-1.8298453565060064,8996.77
0, 105864.0,-0.16764976751467284,0.4181783897329248,-1.9146925296180617,17185.72
1, 105865.0,1.269923268968545,-0.40804340241589926,0.5669861790798231,14195.7
1, 105866.0,0.19174349160613158,-0.40804340241589926,-0.7775462886434329,14955.08
1, 105867.0,0.551136750726936,-0.40804340241589926,2.269510627922199,15467.51
1, 105868.0,0.11986483978197071,-1.2342651945647232,-1.5060268078366896,20001.06
1, 105869.0,1.5574378762651884,-0.40804340241589926,-0.26005132813730336,28576.01
2, 105870.0,-1.1739508930529252,-1.2342651945647232,1.8817938268615344,15902.37
2, 105871.0,-0.4551643748113164,-0.40804340241589926,-1.6420734667256096,25640.93
2, 105872.0,-1.6052228039978906,-1.2342651945647232,0.3305626452318367,21918.31
1, 105873.0,0.19174349160613158,-0.40804340241589926,1.1764865346431146,9337.16
0, 105874.0,0.19174349160613158,1.244400181881749,0.22885118652029282,27074.52
2, 105875.0,-0.38328572298715546,-1.2342651945647232,1.0161747166182398,11197.6
2, 105876.0,-0.8145576339321208,0.4181783897329248,1.7670196241484681,32368.79
0, 105877.0,-0.5270430266354773,0.4181783897329248,-1.3366155551358316,23748.28
1, 105878.0,1.4855592244410276,-0.40804340241589926,0.10311722026415364,22564.7
1, 105879.0,1.5574378762651884,-0.40804340241589926,0.3410371055921905,13446.86
0, 105880.0,1.1261659653202232,1.244400181881749,-0.12655251095765863,36541.95
2, 105881.0,-0.5270430266354773,0.4181783897329248,-0.9597371918225602,8311.75
2, 105882.0,-0.9583149375804426,-1.2342651945647232,-1.647775779122559,25274.97
0, 105883.0,0.11986483978197071,0.4181783897329248,-0.07862882166414788,13290.58
1, 105884.0,0.6948940543752578,-0.40804340241589926,0.11334902903314792,14769.64
2, 105885.0,-1.1739508930529252,-1.2342651945647232,-0.7548179229194218,10201.21
1, 105886.0,0.33550079525445337,-1.2342651945647232,-0.35238025864961137,19566.85
1, 105887.0,1.3418019207927057,-0.40804340241589926,0.05648767279122715,16576.35
2, 105888.0,-0.09577111569051194,-0.40804340241589926,0.5728907011362387,20739.1
2, 105889.0,-1.6052228039978906,0.4181783897329248,-0.7768183338693543,25925.84
2, 105890.0,-1.1739508930529252,0.4181783897329248,0.23402775380262983,22137.69
1, 105891.0,0.6230154025510969,-1.2342651945647232,-1.2859418144735795,15266.45
0, 105892.0,0.7667727061994186,2.896843766179397,-0.08259213098968717,25579.66
2, 105893.0,-1.1739508930529252,-0.40804340241589926,-0.7280453640060851,16545.48
0, 105894.0,-0.09577111569051194,0.4181783897329248,-0.18199839958331537,14314.57
1, 105895.0,1.4136805726168666,-1.2342651945647232,0.7534234851077425,28614.66
2, 105896.0,-0.5989216784596382,-0.40804340241589926,0.2648849478371857,12344.64
0, 105897.0,-0.38328572298715546,0.4181783897329248,-0.7993849318657922,16754.1
1, 105898.0,0.8386513580235796,0.4181783897329248,-1.7872195602905125,27785.99
0, 105899.0,-1.389586848525408,2.070621974030573,1.9488869918724494,12034.57
2, 105900.0,-1.5333441521737297,-1.2342651945647232,1.512437662880409,6814.58
2, 105901.0,-0.16764976751467284,-0.40804340241589926,0.35523222368672414,14992.23
1, 105902.0,0.551136750726936,-0.40804340241589926,1.0394692693887564,10979.36
1, 105903.0,0.8386513580235796,-0.40804340241589926,-1.9146925296180617,20487.76
0, 105904.0,-0.16764976751467284,1.244400181881749,-0.5032286646114638,13148.87
1, 105905.0,0.9105300098477405,-1.2342651945647232,0.8597857659870111,14109.86
2, 105906.0,-0.09577111569051194,-0.40804340241589926,-0.6486982936315129,16963.76
1, 105907.0,1.1261659653202232,-1.2342651945647232,-0.9364021971201504,14477.53
2, 105908.0,-0.23952841933883373,-0.40804340241589926,-0.9169496278794933,15764.46
1, 105909.0,1.6293165280893493,0.4181783897329248,-1.9146925296180617,22056.23
1, 105910.0,1.1261659653202232,-0.40804340241589926,1.2001450648006706,13372.23
0, 105911.0,-1.1020722412287642,2.896843766179397,0.8153400828363205,28132.52
1, 105912.0,0.47925809890277515,0.4181783897329248,0.11715057063111417,17165.65
1, 105913.0,1.5574378762651884,-0.40804340241589926,-0.16149434011343355,13091.8
0, 105914.0,0.6230154025510969,2.896843766179397,-1.1820060495079063,16984.46
2, 105915.0,-1.6052228039978906,-1.2342651945647232,1.5004264091081114,11174.66
2, 105916.0,-0.8864362857562816,-0.40804340241589926,-0.6764010169783946,26027.37
2, 105917.0,-0.8145576339321208,-1.2342651945647232,-1.2681069225086525,16289.82
0, 105918.0,0.19174349160613158,2.070621974030573,0.22052014855028165,16164.27
2, 105919.0,-1.2458295448770862,-0.40804340241589926,0.5308310919672504,9634.4
1, 105920.0,0.47925809890277515,-0.40804340241589926,1.7125038999563564,11912.66
0, 105921.0,0.33550079525445337,2.070621974030573,1.2983785173693942,29478.43
2, 105922.0,-0.8864362857562816,-0.40804340241589926,-1.9146925296180617,9647.55
1, 105923.0,0.9824086616719013,-1.2342651945647232,0.5901594060546599,13740.2
2, 105924.0,-0.5989216784596382,-0.40804340241589926,-0.10629110307913636,11431.48
1, 105925.0,1.1261659653202232,-1.2342651945647232,1.359607602255787,9819.8
1, 105926.0,1.70119517991351,-1.2342651945647232,0.4334469199682851,31034.57
2, 105927.0,-0.7426789821079599,-1.2342651945647232,-0.8352973673870053,13758.2
2, 105928.0,-0.9583149375804426,0.4181783897329248,0.606012643356817,10500.34
2, 105929.0,-0.09577111569051194,-1.2342651945647232,0.21485827808522553,8765.08
2, 105930.0,-1.6052228039978906,-0.40804340241589926,0.1024701493538615,12974.06
2, 105931.0,-1.1739508930529252,0.4181783897329248,0.9269598148617126,4839.1
1, 105932.0,1.1261659653202232,-0.40804340241589926,1.3882809319681069,24351.37
1, 105933.0,0.551136750726936,0.4181783897329248,1.1328901320621825,13832.26
1, 105934.0,0.9824086616719013,0.4181783897329248,-1.1797817432537772,16857.82
2, 105935.0,-0.7426789821079599,-1.2342651945647232,-0.37090266345672357,15974.79
2, 105936.0,-1.1739508930529252,0.4181783897329248,0.8820692704601962,35487.17
2, 105937.0,-1.5333441521737297,-0.40804340241589926,1.3267687535584614,40549.63
2, 105938.0,-1.1739508930529252,-0.40804340241589926,0.7328385417740741,5660.43
1, 105939.0,1.0542873134960622,-1.2342651945647232,-0.3534317488788361,25310.56
1, 105940.0,0.19174349160613158,-1.2342651945647232,-0.6273045116599794,18114.85
2, 105941.0,-0.38328572298715546,-0.40804340241589926,-1.7001885228562212,27170.4
0, 105942.0,1.0542873134960622,1.244400181881749,1.0371640792708408,9730.3
1, 105943.0,0.6948940543752578,0.4181783897329248,-0.139777022686754,14784.9
1, 105944.0,0.9824086616719013,-0.40804340241589926,-0.7407036886886749,9012.85
2, 105945.0,-0.7426789821079599,-0.40804340241589926,1.4930659775035384,8728.79
0, 105946.0,-1.6771014558220514,2.070621974030573,-1.7395789645202546,15166.16
2, 105947.0,-1.0301935894046035,0.4181783897329248,-1.0235545603501215,7175.09
1, 105948.0,1.1261659653202232,0.4181783897329248,1.8636353994414616,12114.81
2, 105949.0,-0.5989216784596382,-0.40804340241589926,1.0667271314848124,9282.1
0, 105950.0,1.5574378762651884,1.244400181881749,0.4503112055677737,19152.81
1, 105951.0,1.70119517991351,-0.40804340241589926,-0.030300713051704554,23619.18
1, 105952.0,1.6293165280893493,0.4181783897329248,0.308036489167292,17544.32
2, 105953.0,-1.6052228039978906,0.4181783897329248,-0.6104402260604908,16829.23
2, 105954.0,-0.670800330283799,-1.2342651945647232,-1.4674047628786282,32005.23
2, 105955.0,-0.5270430266354773,-1.2342651945647232,1.0293587864154419,15303.75
2, 105956.0,-0.3114070711629946,-0.40804340241589926,0.49402893394438563,12413.44
0, 105957.0,-0.4551643748113164,0.4181783897329248,-0.7482258880208208,21860.52
2, 105958.0,0.04798618795780982,-1.2342651945647232,1.3240995860535063,9040.58
2, 105959.0,-0.5270430266354773,0.4181783897329248,-0.33037984769967904,10939.17
0, 105960.0,-0.16764976751467284,0.4181783897329248,-0.9989658657590206,16179.88
2, 105961.0,-0.09577111569051194,-0.40804340241589926,1.5866890498364308,15296.79
0, 105962.0,-0.4551643748113164,0.4181783897329248,-1.0334223917320764,15036.15
2, 105963.0,-0.3114070711629946,-0.40804340241589926,1.1014263090492278,21298.92
2, 105964.0,-1.4614655003495687,-1.2342651945647232,0.29477153550630336,22258.72
1, 105965.0,1.5574378762651884,-0.40804340241589926,1.1860308305699234,11973.36
0, 105966.0,0.47925809890277515,1.244400181881749,1.7905972704422375,14153.52
1, 105967.0,1.70119517991351,-1.2342651945647232,0.12475365382704667,26862.81
2, 105968.0,-0.9583149375804426,-0.40804340241589926,0.31758078509410087,11064.75
0, 105969.0,0.04798618795780982,2.896843766179397,1.2902092471269562,12285.0
1, 105970.0,0.19174349160613158,-1.2342651945647232,-0.324111348256224,18145.73
2, 105971.0,-0.5270430266354773,0.4181783897329248,-0.22462419579880932,13704.19
0, 105972.0,1.5574378762651884,1.244400181881749,0.222137825826012,16425.64
2, 105973.0,-0.4551643748113164,-0.40804340241589926,-0.5234496305580928,13312.2
2, 105974.0,-0.3114070711629946,-0.40804340241589926,0.0031852065559130837,7352.31
2, 105975.0,-0.5270430266354773,0.4181783897329248,-0.24933421618558996,14012.2
1, 105976.0,1.4855592244410276,-1.2342651945647232,0.057336953360985564,16169.95
0, 105977.0,0.11986483978197071,0.4181783897329248,-0.7449500915374669,28970.12
2, 105978.0,-0.09577111569051194,-1.2342651945647232,0.6286601252170415,14141.0
1, 105979.0,0.6948940543752578,-0.40804340241589926,-1.179296440071058,30763.51
1, 105980.0,0.47925809890277515,0.4181783897329248,0.13955540089997912,17413.57
2, 105981.0,-0.7426789821079599,0.4181783897329248,1.5188274881195438,16827.76
2, 105982.0,-0.8145576339321208,0.4181783897329248,-0.2773604749876178,17673.64
2, 105983.0,-1.1020722412287642,-0.40804340241589926,0.1404451234016308,25360.91
1, 105984.0,0.04798618795780982,-0.40804340241589926,-0.13217393949082148,12672.08
2, 105985.0,-1.6771014558220514,0.4181783897329248,0.7632508745578043,17787.07
1, 105986.0,0.40737944707861423,-1.2342651945647232,-0.6407716749804343,13351.72
0, 105987.0,-1.4614655003495687,2.070621974030573,-0.8317384773803986,10260.26
2, 105988.0,-1.2458295448770862,-1.2342651945647232,0.1672176823149676,20605.94
2, 105989.0,-0.4551643748113164,-0.40804340241589926,0.08835591512311447,26714.84
2, 105990.0,-0.38328572298715546,-0.40804340241589926,-0.9110451058230776,12453.01
2, 105991.0,-0.3114070711629946,0.4181783897329248,0.5550558091713119,28198.99
1, 105992.0,1.70119517991351,-0.40804340241589926,-0.2788568264676683,22945.34
0, 105993.0,0.7667727061994186,1.244400181881749,0.8717565778274154,15040.52
2, 105994.0,-1.6052228039978906,-0.40804340241589926,0.6301969186289853,12476.6
1, 105995.0,1.269923268968545,-0.40804340241589926,0.1230955346194231,34609.57
0, 105996.0,-0.09577111569051194,0.4181783897329248,0.782339466411422,14917.0
0, 105997.0,1.4855592244410276,1.244400181881749,1.09127538414402,25303.98
0, 105998.0,0.47925809890277515,1.244400181881749,-0.8744047155277859,22704.13
2, 105999.0,-0.38328572298715546,-1.2342651945647232,-1.9146925296180617,8133.84
2, 106000.0,-1.6771014558220514,-0.40804340241589926,-1.9146925296180617,12096.72
1, 106001.0,1.6293165280893493,-1.2342651945647232,0.5026835073695428,21616.74
1, 106002.0,1.0542873134960622,-0.40804340241589926,-1.475048288006454,15243.42
1, 106003.0,0.9105300098477405,-1.2342651945647232,-0.7167216230759729,19209.32
2, 106004.0,-0.09577111569051194,-0.40804340241589926,1.16823638053689,14727.78
2, 106005.0,-1.5333441521737297,0.4181783897329248,-0.16865256205854023,14376.36
1, 106006.0,0.551136750726936,-0.40804340241589926,0.4949186564460373,13134.53
2, 106007.0,-1.4614655003495687,0.4181783897329248,-0.6158190030022941,11545.85
1, 106008.0,1.198044617144384,0.4181783897329248,1.730015256466137,18962.75
0, 106009.0,0.33550079525445337,1.244400181881749,2.706930563279678,16855.63
1, 106010.0,0.47925809890277515,-1.2342651945647232,0.9003490236759489,30134.89
2, 106011.0,-0.23952841933883373,-1.2342651945647232,-0.46270584885441923,5102.6
0, 106012.0,-0.023892463866351063,0.4181783897329248,0.8078583254360678,14405.1
2, 106013.0,-0.3114070711629946,-1.2342651945647232,-0.7815095979689722,6813.33
1, 106014.0,0.40737944707861423,-0.40804340241589926,0.2330975893690849,16165.79
1, 106015.0,0.7667727061994186,0.4181783897329248,-1.8193708961456527,21142.14
2, 106016.0,-0.5270430266354773,-0.40804340241589926,-0.15688395987760215,8806.11
1, 106017.0,0.11986483978197071,-1.2342651945647232,0.15269902876528796,12334.95
0, 106018.0,0.7667727061994186,2.070621974030573,-0.15724793726464145,25939.34
1, 106019.0,1.0542873134960622,-1.2342651945647232,0.6062552949481766,17139.86
1, 106020.0,1.6293165280893493,-1.2342651945647232,0.6031412661923957,19439.18
1, 106021.0,1.198044617144384,0.4181783897329248,1.4282375606786457,9617.14
1, 106022.0,0.6948940543752578,-1.2342651945647232,0.9902918802065547,16067.76
2, 106023.0,-1.6771014558220514,0.4181783897329248,-0.21075261315942181,14720.08
1, 106024.0,1.269923268968545,-0.40804340241589926,-0.6527424868208387,11591.23
0, 106025.0,-0.16764976751467284,0.4181783897329248,0.7656369485395065,9057.72
0, 106026.0,-0.3114070711629946,0.4181783897329248,0.19847929566845604,13516.88
1, 106027.0,1.4855592244410276,0.4181783897329248,0.8408993837928597,32811.31
1, 106028.0,0.7667727061994186,-1.2342651945647232,-0.2273338052356576,18578.76
1, 106029.0,0.11986483978197071,-0.40804340241589926,0.07852852567305277,21752.8
2, 106030.0,-0.8145576339321208,-0.40804340241589926,-0.33033940576778575,4337.15
1, 106031.0,0.7667727061994186,-1.2342651945647232,-1.174888269494693,9290.58
2, 106032.0,-0.8145576339321208,-0.40804340241589926,0.889551027860449,18259.52
1, 106033.0,1.5574378762651884,-1.2342651945647232,1.7388315976188673,11800.21
0, 106034.0,0.19174349160613158,1.244400181881749,-0.06071304583543458,12325.71
2, 106035.0,-1.317708196701247,-0.40804340241589926,-0.19942887222930958,32416.54
2, 106036.0,-0.09577111569051194,-0.40804340241589926,0.23139902822956807,20127.08
1, 106037.0,0.6948940543752578,0.4181783897329248,0.8016707098563993,14270.82
1, 106038.0,1.3418019207927057,0.4181783897329248,-1.4481948452293305,17854.06
2, 106039.0,-1.6052228039978906,-0.40804340241589926,-0.5202142760066322,10364.55
0, 106040.0,0.04798618795780982,0.4181783897329248,-0.4718052835304023,15943.44
0, 106041.0,-1.1020722412287642,1.244400181881749,-0.1329423361967934,10688.73
2, 106042.0,-0.23952841933883373,-0.40804340241589926,0.9433387972784821,34782.72
0, 106043.0,0.19174349160613158,0.4181783897329248,-0.52676586897334,13241.31
2, 106044.0,-0.23952841933883373,-0.40804340241589926,-0.0916106818018837,7105.75
1, 106045.0,1.269923268968545,-0.40804340241589926,1.7531075995771874,17706.47
1, 106046.0,1.198044617144384,-1.2342651945647232,-1.9146925296180617,11021.25
1, 106047.0,0.9105300098477405,-1.2342651945647232,0.008078680314997304,31454.47
0, 106048.0,0.2636221434302925,0.4181783897329248,0.30714676666564034,11034.98
0, 106049.0,0.40737944707861423,1.244400181881749,-0.6666140694602262,9859.34
0, 106050.0,0.2636221434302925,0.4181783897329248,-0.547472138102688,16662.0
0, 106051.0,0.6230154025510969,1.244400181881749,-1.5899438165152,11410.29
2, 106052.0,-0.23952841933883373,0.4181783897329248,1.0175497423026105,13325.86
2, 106053.0,-0.9583149375804426,0.4181783897329248,-0.8005577478906967,10385.26
2, 106054.0,-1.4614655003495687,-0.40804340241589926,-0.7006661761143494,13112.91
2, 106055.0,-1.4614655003495687,0.4181783897329248,0.510084380906009,15239.07
2, 106056.0,-1.1739508930529252,-0.40804340241589926,-0.7642004511186578,11012.27
1, 106057.0,1.198044617144384,0.4181783897329248,-1.2353085157432204,13124.85
0, 106058.0,-0.9583149375804426,1.244400181881749,-1.9146925296180617,31490.36
1, 106059.0,0.7667727061994186,0.4181783897329248,-1.019105947841863,22276.39
2, 106060.0,-0.023892463866351063,-0.40804340241589926,-0.4106570825077962,6198.22
2, 106061.0,-1.6052228039978906,-0.40804340241589926,0.6204504130427102,18076.56
0, 106062.0,-1.2458295448770862,1.244400181881749,0.18970339644761905,17014.78
2, 106063.0,-0.38328572298715546,-0.40804340241589926,-0.1472992220189,11076.08
2, 106064.0,-0.7426789821079599,-1.2342651945647232,-0.07854793780036136,14762.17
2, 106065.0,-0.8145576339321208,-1.2342651945647232,0.15718808320543962,13343.22
2, 106066.0,-0.8145576339321208,0.4181783897329248,-0.3513692103522799,30834.38
2, 106067.0,-0.09577111569051194,-0.40804340241589926,0.4719071971987735,9324.71
2, 106068.0,-0.3114070711629946,-1.2342651945647232,-0.963781385011886,12349.8
2, 106069.0,-1.317708196701247,0.4181783897329248,-0.7330197216289558,14664.82
2, 106070.0,-1.1020722412287642,0.4181783897329248,0.11686747710786137,10170.6
0, 106071.0,-0.023892463866351063,2.070621974030573,1.6968528723136656,15187.19
2, 106072.0,-0.38328572298715546,-0.40804340241589926,0.007229399745238885,21589.91
1, 106073.0,1.4855592244410276,-0.40804340241589926,-0.40867542784502653,29926.77
0, 106074.0,-1.5333441521737297,2.896843766179397,-0.798252557772781,9585.45
0, 106075.0,-0.23952841933883373,1.244400181881749,0.003994045193778244,15821.72
1, 106076.0,1.1261659653202232,0.4181783897329248,0.4151267248206392,12990.73
0, 106077.0,1.6293165280893493,1.244400181881749,0.5317208144689021,8183.99
1, 106078.0,1.0542873134960622,0.4181783897329248,1.0863414684530426,14788.88
0, 106079.0,-1.0301935894046035,1.244400181881749,0.5157462513710652,11734.35
1, 106080.0,0.6948940543752578,0.4181783897329248,-1.5309794798148297,16634.35
2, 106081.0,-1.6052228039978906,0.4181783897329248,-0.23380451433857888,7497.85
2, 106082.0,-1.6052228039978906,-0.40804340241589926,1.132809248198396,8053.27
0, 106083.0,1.1261659653202232,1.244400181881749,-0.11296402184152393,17846.39
1, 106084.0,0.6230154025510969,-1.2342651945647232,-1.3880172505721626,20220.38
0, 106085.0,-1.389586848525408,1.244400181881749,0.14210324260925436,15696.45
2, 106086.0,-0.4551643748113164,0.4181783897329248,1.853524916468147,30005.22
0, 106087.0,-0.09577111569051194,0.4181783897329248,1.3054154135188212,15460.49
0, 106088.0,1.0542873134960622,1.244400181881749,0.5608390054320479,21140.28
0, 106089.0,0.11986483978197071,1.244400181881749,-0.12938344619018669,29238.09
1, 106090.0,0.551136750726936,-1.2342651945647232,0.026317991598856668,12567.81
2, 106091.0,-1.2458295448770862,0.4181783897329248,1.7362433139776987,12343.28
0, 106092.0,-0.23952841933883373,0.4181783897329248,-0.7210489097885514,16107.08
1, 106093.0,1.198044617144384,0.4181783897329248,1.5136509208372066,17750.36
1, 106094.0,0.8386513580235796,0.4181783897329248,-0.672073730265816,15077.28
1, 106095.0,0.8386513580235796,-0.40804340241589926,0.47360575833829033,23237.71
0, 106096.0,-0.4551643748113164,2.896843766179397,-0.4554667430455261,32762.52
0, 106097.0,-1.6052228039978906,1.244400181881749,0.07294753907178315,34650.02
1, 106098.0,1.4855592244410276,-0.40804340241589926,0.26925267648165757,16779.19
2, 106099.0,-1.1020722412287642,0.4181783897329248,-0.4565182332747508,14981.81
1, 106100.0,0.40737944707861423,-1.2342651945647232,-0.4570844203212564,22805.03
2, 106101.0,-0.8864362857562816,-1.2342651945647232,0.3504196337914264,31677.68
2, 106102.0,-0.8864362857562816,-0.40804340241589926,0.3089262116689437,17093.4
0, 106103.0,0.7667727061994186,1.244400181881749,0.4478038057903917,30542.47
0, 106104.0,-1.2458295448770862,1.244400181881749,-1.0268303568334753,11739.72
0, 106105.0,-0.5270430266354773,2.896843766179397,-1.4314518854255218,16838.01
2, 106106.0,-1.5333441521737297,0.4181783897329248,-0.7789213143278036,17147.56
2, 106107.0,-1.5333441521737297,-1.2342651945647232,0.6652196316485468,25646.69
1, 106108.0,0.47925809890277515,-1.2342651945647232,0.26755411534214074,30579.26
0, 106109.0,0.47925809890277515,1.244400181881749,1.9073935697499667,15242.2
2, 106110.0,-0.4551643748113164,-0.40804340241589926,1.8855953684595006,13511.11
2, 106111.0,-0.38328572298715546,-1.2342651945647232,-1.9146925296180617,9198.56
1, 106112.0,0.04798618795780982,-0.40804340241589926,-1.9146925296180617,10881.67
0, 106113.0,1.5574378762651884,1.244400181881749,-0.3001697245754153,18129.45
1, 106114.0,1.4136805726168666,-0.40804340241589926,1.0298036476662678,22629.17
1, 106115.0,0.40737944707861423,0.4181783897329248,-0.30833899481785343,26946.03
0, 106116.0,0.9105300098477405,2.070621974030573,0.5068894682864417,21897.45
1, 106117.0,0.04798618795780982,-0.40804340241589926,-0.19983329154824214,15511.46
0, 106118.0,-1.389586848525408,1.244400181881749,-1.894350237875753,11282.24
2, 106119.0,-1.6771014558220514,0.4181783897329248,1.1794792376032157,12444.75
2, 106120.0,-1.2458295448770862,-0.40804340241589926,-0.0545254302557661,9745.15
2, 106121.0,-1.6771014558220514,-0.40804340241589926,0.931084891914825,4854.58
2, 106122.0,-0.5989216784596382,-1.2342651945647232,0.8528701956332639,14420.82
2, 106123.0,-1.1020722412287642,0.4181783897329248,-1.7675243394584959,22311.22
2, 106124.0,-0.8145576339321208,-1.2342651945647232,1.0879591457287727,8521.81
2, 106125.0,-1.389586848525408,-0.40804340241589926,0.03727775514192959,12244.92
2, 106126.0,-1.6771014558220514,-0.40804340241589926,-0.05371659161790095,20913.8
0, 106127.0,0.04798618795780982,2.896843766179397,0.8544069890452078,18077.77
1, 106128.0,0.40737944707861423,-0.40804340241589926,0.2545722552044049,17254.08
1, 106129.0,-0.023892463866351063,-0.40804340241589926,-1.2008519897701646,37706.36
1, 106130.0,0.9824086616719013,-0.40804340241589926,-0.5560458276640587,8812.08
1, 106131.0,1.4855592244410276,0.4181783897329248,0.5433680908541604,24382.94
2, 106132.0,-1.1739508930529252,0.4181783897329248,0.6326234345425809,11387.77
1, 106133.0,1.3418019207927057,-0.40804340241589926,-0.37409757607629096,9819.56
1, 106134.0,0.2636221434302925,-0.40804340241589926,-1.60248081540211,16213.03
0, 106135.0,-0.16764976751467284,1.244400181881749,0.21979219377620302,13319.17
1, 106136.0,1.269923268968545,0.4181783897329248,0.001405761552609731,21359.64
0, 106137.0,0.9105300098477405,1.244400181881749,2.268256928033508,37169.81
1, 106138.0,0.04798618795780982,-1.2342651945647232,0.09373469206491777,14675.45
2, 106139.0,-1.4614655003495687,-1.2342651945647232,0.7813688600459838,15085.25
1, 106140.0,0.551136750726936,-1.2342651945647232,-1.9146925296180617,9369.72
1, 106141.0,1.1261659653202232,0.4181783897329248,1.7573135604940862,32873.08
0, 106142.0,-0.38328572298715546,2.070621974030573,-1.9146925296180617,11174.61
1, 106143.0,1.198044617144384,-1.2342651945647232,-0.4881033820833853,15136.92
2, 106144.0,-0.5989216784596382,-0.40804340241589926,-0.24278262321888217,15364.42
1, 106145.0,-0.023892463866351063,-0.40804340241589926,-0.554832569707261,21721.34
1, 106146.0,0.551136750726936,-1.2342651945647232,0.3639272390437746,11619.06
1, 106147.0,1.1261659653202232,0.4181783897329248,-0.8979823618215552,6729.64
2, 106148.0,-1.1020722412287642,-1.2342651945647232,0.4398367452074199,10789.67
0, 106149.0,0.551136750726936,1.244400181881749,-1.816620844776911,30724.24
2, 106150.0,-0.38328572298715546,-0.40804340241589926,0.3870195821548249,8281.1
0, 106151.0,-1.1739508930529252,2.896843766179397,-0.030219829187918035,12436.83
1, 106152.0,1.0542873134960622,-0.40804340241589926,-0.28120245851747727,11279.64
0, 106153.0,-0.023892463866351063,0.4181783897329248,-1.7735906292424846,15977.76
0, 106154.0,-0.23952841933883373,0.4181783897329248,0.33994517343107256,17748.89
2, 106155.0,-0.16764976751467284,-1.2342651945647232,-0.8291906356711234,22058.18
0, 106156.0,0.47925809890277515,1.244400181881749,-1.9146925296180617,26786.11
1, 106157.0,0.9105300098477405,0.4181783897329248,0.2712747730763205,14496.06
2, 106158.0,-0.16764976751467284,-0.40804340241589926,-0.23857666230198332,10586.15
1, 106159.0,0.6948940543752578,-0.40804340241589926,0.012648618618935459,11686.44
0, 106160.0,0.04798618795780982,1.244400181881749,1.5489162854481278,31271.9
1, 106161.0,0.6230154025510969,-1.2342651945647232,-1.028812011496245,23449.05
2, 106162.0,-0.3114070711629946,-0.40804340241589926,0.403802983890527,34461.78
2, 106163.0,-1.4614655003495687,0.4181783897329248,-1.111758413809317,14235.78
1, 106164.0,1.269923268968545,-0.40804340241589926,1.060094654654318,11804.53
1, 106165.0,1.269923268968545,-0.40804340241589926,0.7039630024022879,29189.43
0, 106166.0,0.2636221434302925,0.4181783897329248,-0.5718990649662159,34692.21
1, 106167.0,0.6948940543752578,0.4181783897329248,-0.5892486537484236,6059.31
1, 106168.0,1.3418019207927057,-0.40804340241589926,1.0517231747524136,16761.18
0, 106169.0,-0.38328572298715546,0.4181783897329248,-0.38238817211440884,16097.07
1, 106170.0,1.4855592244410276,-0.40804340241589926,-0.3666562606079315,11573.81
2, 106171.0,-0.4551643748113164,0.4181783897329248,0.27479322115103394,14563.4
2, 106172.0,-1.6052228039978906,0.4181783897329248,-1.0855924838743791,7239.35
2, 106173.0,-0.670800330283799,0.4181783897329248,-1.0339076949147954,16043.43
0, 106174.0,-0.23952841933883373,0.4181783897329248,0.11666526744839507,16503.78
2, 106175.0,-0.7426789821079599,-1.2342651945647232,-1.2094256793315352,29841.17
1, 106176.0,0.11986483978197071,-0.40804340241589926,0.030402626720075727,26831.93
2, 106177.0,-0.7426789821079599,-0.40804340241589926,0.2861574040130394,12217.24
1, 106178.0,0.6230154025510969,-1.2342651945647232,-0.6258486021118221,34431.65
2, 106179.0,-0.7426789821079599,-0.40804340241589926,1.6515579085932166,4453.94
0, 106180.0,-1.4614655003495687,1.244400181881749,0.8891061666096232,9914.2
0, 106181.0,0.2636221434302925,1.244400181881749,-0.05856962344509191,19784.06
1, 106182.0,1.269923268968545,0.4181783897329248,-0.045102460124636985,18266.03
2, 106183.0,-1.6052228039978906,-1.2342651945647232,-1.082923316369424,11899.27
0, 106184.0,-0.5270430266354773,2.070621974030573,-0.9057067708131675,24625.45
2, 106185.0,-1.389586848525408,-1.2342651945647232,-0.08133843110099617,18203.08
2, 106186.0,-1.2458295448770862,0.4181783897329248,-0.9151701828761899,18113.51
0, 106187.0,-0.5270430266354773,1.244400181881749,1.3780086812672194,16501.45
2, 106188.0,-0.3114070711629946,0.4181783897329248,0.6357374632983617,25627.71
2, 106189.0,-1.317708196701247,0.4181783897329248,-0.8629596488019938,15630.44
1, 106190.0,1.269923268968545,-0.40804340241589926,-0.31998627120311174,31169.3
2, 106191.0,-1.6771014558220514,-0.40804340241589926,-0.15017059918332132,7989.92
1, 106192.0,0.9824086616719013,-0.40804340241589926,0.7228493845964394,7947.46
1, 106193.0,0.47925809890277515,-1.2342651945647232,0.7235368974386248,10461.39
0, 106194.0,-0.16764976751467284,2.070621974030573,0.4850508250640823,20404.63
0, 106195.0,-0.8145576339321208,1.244400181881749,-0.2271315955761913,15524.36
1, 106196.0,-0.023892463866351063,-1.2342651945647232,-1.1066222884588734,15876.4
1, 106197.0,1.70119517991351,-0.40804340241589926,0.8696535973689661,13085.28
2, 106198.0,-1.1020722412287642,-0.40804340241589926,-0.14644994144914159,28567.48
1, 106199.0,0.551136750726936,-0.40804340241589926,0.6351712762518561,12921.77
1, 106200.0,0.8386513580235796,-1.2342651945647232,-0.25192249982675846,19527.67
0, 106201.0,1.70119517991351,1.244400181881749,-0.4666287162480653,17618.03
0, 106202.0,-1.389586848525408,1.244400181881749,1.4330097086420501,13238.28
2, 106203.0,-0.5989216784596382,-0.40804340241589926,2.1741485525178965,14958.14
1, 106204.0,1.70119517991351,-0.40804340241589926,2.1567585218037957,14646.31
2, 106205.0,-1.5333441521737297,-0.40804340241589926,-1.9146925296180617,10978.12
0, 106206.0,-0.09577111569051194,2.070621974030573,-1.9146925296180617,16206.54
1, 106207.0,1.5574378762651884,-0.40804340241589926,0.15051516444305205,13794.5
0, 106208.0,0.9824086616719013,1.244400181881749,-0.9986423303038745,15438.91
2, 106209.0,-1.5333441521737297,0.4181783897329248,0.644553804451092,15290.07
2, 106210.0,-0.9583149375804426,0.4181783897329248,-0.6809305133504395,12579.85
2, 106211.0,-0.7426789821079599,-1.2342651945647232,-0.07927589257444001,34656.55
0, 106212.0,-1.1020722412287642,2.070621974030573,-0.31185744289256684,17934.35
1, 106213.0,1.4855592244410276,0.4181783897329248,0.5142094579591213,14764.53
2, 106214.0,-1.4614655003495687,0.4181783897329248,-0.8937359589727631,18553.41
1, 106215.0,1.0542873134960622,-1.2342651945647232,2.8043956191424297,14064.39
0, 106216.0,-1.0301935894046035,2.070621974030573,0.9216214798518026,12397.39
2, 106217.0,-0.8864362857562816,-1.2342651945647232,-0.8808349826988139,22126.87
2, 106218.0,-0.3114070711629946,-0.40804340241589926,0.36105586187935323,20104.11
2, 106219.0,-0.8145576339321208,-0.40804340241589926,-1.2202236751470352,39190.97
0, 106220.0,-0.5989216784596382,1.244400181881749,-0.4806216246831326,15933.84
2, 106221.0,-0.16764976751467284,-1.2342651945647232,0.01754209237801968,28373.84
1, 106222.0,0.40737944707861423,-0.40804340241589926,-0.08825400145474328,26411.16
0, 106223.0,-1.317708196701247,2.070621974030573,-1.2060285570525016,24318.83
0, 106224.0,1.70119517991351,1.244400181881749,1.5377138703136952,11355.63
0, 106225.0,0.33550079525445337,1.244400181881749,0.6985437835285914,31412.56
2, 106226.0,-1.317708196701247,-0.40804340241589926,0.8711499488490166,11551.42
0, 106227.0,1.0542873134960622,2.070621974030573,0.7110403404836081,16976.78
1, 106228.0,0.7667727061994186,-0.40804340241589926,-0.8784084667852184,31441.78
0, 106229.0,-1.6052228039978906,1.244400181881749,0.5039776491901271,15961.37
1, 106230.0,0.9105300098477405,-0.40804340241589926,0.7073601246813217,17044.31
1, 106231.0,1.1261659653202232,-0.40804340241589926,1.2907754341734619,18250.2
2, 106232.0,-0.8864362857562816,0.4181783897329248,0.9269193729298194,7702.83
0, 106233.0,0.7667727061994186,1.244400181881749,0.0496934282331598,21219.48
2, 106234.0,-0.23952841933883373,-0.40804340241589926,0.06178556586924395,25587.5
2, 106235.0,-1.4614655003495687,0.4181783897329248,-0.21103570668267463,31754.63
0, 106236.0,-0.8864362857562816,1.244400181881749,-0.1037432613698611,17798.89
2, 106237.0,-0.38328572298715546,-0.40804340241589926,0.6826905462264342,12342.57
2, 106238.0,-0.670800330283799,-0.40804340241589926,-0.40511653783841983,22027.67
1, 106239.0,1.1261659653202232,-0.40804340241589926,-0.7972415094754496,22526.57
1, 106240.0,1.198044617144384,0.4181783897329248,-0.9152106248080832,11434.78
0, 106241.0,-0.8864362857562816,1.244400181881749,1.8978897157550512,34365.85
1, 106242.0,0.6230154025510969,0.4181783897329248,1.9096987598678825,14357.59
2, 106243.0,-0.670800330283799,0.4181783897329248,-0.43006920981656005,17483.99
1, 106244.0,0.47925809890277515,-1.2342651945647232,-0.4433746054094419,11424.82
1, 106245.0,0.551136750726936,0.4181783897329248,0.5775010813720701,11867.17
2, 106246.0,-1.4614655003495687,-1.2342651945647232,-0.43852157358225097,8037.93
1, 106247.0,0.7667727061994186,0.4181783897329248,0.8822310381877693,29916.83
1, 106248.0,1.6293165280893493,-1.2342651945647232,1.7867148449804848,11058.17
1, 106249.0,1.0542873134960622,-0.40804340241589926,1.8008290792112318,15371.99
2, 106250.0,-0.5989216784596382,-1.2342651945647232,0.617134174627463,6916.55
1, 106251.0,1.4136805726168666,-0.40804340241589926,0.6301564766970921,11387.54
1, 106252.0,0.6948940543752578,0.4181783897329248,-0.13201217176324845,14052.27
2, 106253.0,-1.6771014558220514,-0.40804340241589926,0.6043949660810868,20394.1
1, 106254.0,1.269923268968545,-1.2342651945647232,-0.6064769167349515,23647.59
2, 106255.0,-0.8145576339321208,-1.2342651945647232,-1.7505387280633276,14804.18
1, 106256.0,0.7667727061994186,-0.40804340241589926,1.4228183418049491,18346.97
1, 106257.0,1.0542873134960622,0.4181783897329248,0.30751074405267964,26284.22
0, 106258.0,-0.09577111569051194,1.244400181881749,-0.4365399189194813,9513.7
1, 106259.0,1.1261659653202232,-1.2342651945647232,-0.800759957550163,15742.27
1, 106260.0,0.40737944707861423,-1.2342651945647232,-1.0238376538733742,25472.79
0, 106261.0,1.4855592244410276,1.244400181881749,-1.9146925296180617,8613.77
2, 106262.0,-1.317708196701247,0.4181783897329248,1.3725894623935226,17161.46
1, 106263.0,0.8386513580235796,0.4181783897329248,0.8332963005969272,18190.7
1, 106264.0,0.2636221434302925,-1.2342651945647232,-1.7763811225431194,18304.45
1, 106265.0,0.33550079525445337,-0.40804340241589926,1.680635657624469,25073.83
1, 106266.0,0.6230154025510969,-0.40804340241589926,-0.6264552310902209,19119.09
1, 106267.0,1.198044617144384,-0.40804340241589926,0.709139569684625,16804.18
1, 106268.0,0.40737944707861423,-0.40804340241589926,0.3418459442300557,15230.31
0, 106269.0,-0.09577111569051194,2.070621974030573,0.7994464036022702,20595.5
1, 106270.0,0.6230154025510969,0.4181783897329248,2.0321569296406676,16241.87
2, 106271.0,-0.7426789821079599,-0.40804340241589926,1.9598871973474157,16407.61
1, 106272.0,0.6948940543752578,0.4181783897329248,0.6841868977064848,17657.35
1, 106273.0,0.6948940543752578,-0.40804340241589926,-1.3606785046123202,13519.59
0, 106274.0,0.551136750726936,2.070621974030573,-1.321773366131006,23341.7
1, 106275.0,0.04798618795780982,-1.2342651945647232,-0.9370492680304425,19579.26
0, 106276.0,-0.023892463866351063,1.244400181881749,2.2619075447262667,14566.84
1, 106277.0,0.2636221434302925,-0.40804340241589926,0.2514986683805173,15474.04
2, 106278.0,-0.8864362857562816,0.4181783897329248,0.2377079696049163,16263.26
0, 106279.0,0.33550079525445337,1.244400181881749,0.960405292537437,16025.59
1, 106280.0,1.4136805726168666,-1.2342651945647232,-1.218929533326451,14999.14
0, 106281.0,-1.5333441521737297,1.244400181881749,1.7493060579792212,19542.17
2, 106282.0,-1.4614655003495687,0.4181783897329248,0.9076690133486286,29130.77
2, 106283.0,-0.23952841933883373,-0.40804340241589926,0.7047313991082599,6921.57
0, 106284.0,-1.6052228039978906,2.070621974030573,0.43000935575735816,8003.2
0, 106285.0,-1.1739508930529252,2.070621974030573,-0.5926862179593505,16016.9
0, 106286.0,0.33550079525445337,0.4181783897329248,0.27633001456297773,30950.87
0, 106287.0,0.9105300098477405,2.070621974030573,0.01875535033481742,18129.81
0, 106288.0,0.7667727061994186,1.244400181881749,-1.1860906846291255,15481.85
1, 106289.0,0.6948940543752578,-0.40804340241589926,0.4328807329217795,17425.34
0, 106290.0,-0.4551643748113164,2.070621974030573,-0.4815517891166775,23331.07
1, 106291.0,0.9105300098477405,-0.40804340241589926,-0.3977965481657401,18259.43
0, 106292.0,0.7667727061994186,2.070621974030573,-0.18782203777594453,11697.02
1, 106293.0,1.4855592244410276,-0.40804340241589926,-0.24609886163412933,15911.57
0, 106294.0,-0.09577111569051194,0.4181783897329248,1.8804188011771636,30977.81
0, 106295.0,0.19174349160613158,0.4181783897329248,1.1449822696982666,21786.48
2, 106296.0,-0.5989216784596382,0.4181783897329248,0.4362374132689199,12846.53
2, 106297.0,-1.6771014558220514,-0.40804340241589926,-1.1120819492644631,7011.58
2, 106298.0,-0.9583149375804426,0.4181783897329248,0.07670863873785616,12975.57
0, 106299.0,1.198044617144384,1.244400181881749,-0.9469170994123974,26001.2
1, 106300.0,0.9824086616719013,-0.40804340241589926,-1.0377901203765483,11541.16
2, 106301.0,-1.1020722412287642,-0.40804340241589926,1.5102133566262799,9113.87
2, 106302.0,-1.1020722412287642,-1.2342651945647232,0.08297713818131115,17372.15
2, 106303.0,-0.8864362857562816,0.4181783897329248,0.810851028396169,23366.79
2, 106304.0,-0.023892463866351063,-1.2342651945647232,2.119026199347386,11675.31
2, 106305.0,-1.1739508930529252,-0.40804340241589926,0.8645174720185222,19717.91
1, 106306.0,0.40737944707861423,0.4181783897329248,1.2351273358883388,41144.58
1, 106307.0,0.40737944707861423,-0.40804340241589926,0.36364414552052177,26795.98
1, 106308.0,0.6230154025510969,-1.2342651945647232,-0.008259860169878935,16871.29
2, 106309.0,-1.1020722412287642,-0.40804340241589926,-0.654845467279288,17803.47
1, 106310.0,0.6230154025510969,0.4181783897329248,1.018075487417223,20343.56
0, 106311.0,0.04798618795780982,1.244400181881749,0.36437210029460043,14559.45
1, 106312.0,0.8386513580235796,-0.40804340241589926,0.3215036524877469,16434.52
1, 106313.0,0.11986483978197071,-0.40804340241589926,-0.15279932475638308,14468.74
2, 106314.0,-1.389586848525408,-0.40804340241589926,0.3983837650168304,10918.2
1, 106315.0,1.4136805726168666,-1.2342651945647232,-0.5269680786328063,13843.42
2, 106316.0,-0.8864362857562816,0.4181783897329248,-1.9146925296180617,19222.58
2, 106317.0,-0.7426789821079599,-1.2342651945647232,1.6670876104402277,11381.88
2, 106318.0,-0.670800330283799,0.4181783897329248,1.2195167501775412,14933.66
2, 106319.0,-1.0301935894046035,0.4181783897329248,-0.3989289222587514,15289.49
1, 106320.0,0.11986483978197071,-0.40804340241589926,0.6138179362122158,11209.78
2, 106321.0,-1.5333441521737297,-0.40804340241589926,1.2975696787315292,22610.56
0, 106322.0,-0.16764976751467284,0.4181783897329248,-0.22021602522244418,28562.74
2, 106323.0,-1.1739508930529252,0.4181783897329248,2.014524247335207,17470.07
1, 106324.0,0.551136750726936,-0.40804340241589926,-0.11158899615715316,24179.23
2, 106325.0,-0.3114070711629946,-0.40804340241589926,-0.2121276388437926,27104.73
1, 106326.0,0.9824086616719013,-0.40804340241589926,1.295668907932546,14417.66
2, 106327.0,-1.5333441521737297,-1.2342651945647232,0.32291912010401097,25180.93
2, 106328.0,-0.5989216784596382,0.4181783897329248,0.4874368990457846,22789.72
2, 106329.0,-1.0301935894046035,-1.2342651945647232,1.305536739314501,15117.7
1, 106330.0,1.269923268968545,-1.2342651945647232,-0.9839214670947286,18069.16
2, 106331.0,-1.2458295448770862,-0.40804340241589926,1.3504677256479105,11663.25
0, 106332.0,-0.4551643748113164,0.4181783897329248,-1.9146925296180617,25074.87
1, 106333.0,0.2636221434302925,-1.2342651945647232,-1.786208511993181,19926.05
0, 106334.0,-0.38328572298715546,1.244400181881749,-0.9715866778672848,29223.9
1, 106335.0,1.198044617144384,0.4181783897329248,0.9312062177105047,28199.78
1, 106336.0,1.4855592244410276,-0.40804340241589926,0.0031852065559130837,31940.85
0, 106337.0,1.198044617144384,1.244400181881749,-1.2288378066402992,11930.92
2, 106338.0,-0.5270430266354773,0.4181783897329248,-0.25204382562243827,26386.08
0, 106339.0,0.19174349160613158,0.4181783897329248,0.07112765213658655,13686.96
2, 106340.0,-1.5333441521737297,0.4181783897329248,1.890367516422905,25375.97
1, 106341.0,0.40737944707861423,0.4181783897329248,-0.6288413050719232,17984.67
1, 106342.0,1.269923268968545,-1.2342651945647232,0.027814343078907216,16234.94
1, 106343.0,0.33550079525445337,-1.2342651945647232,-0.3400454694221677,17345.13
0, 106344.0,-0.16764976751467284,0.4181783897329248,0.07375637770964832,12724.0
2, 106345.0,-0.670800330283799,-1.2342651945647232,-0.5085669996213739,11953.89
2, 106346.0,-0.8145576339321208,-0.40804340241589926,-1.052187448130548,11278.9
0, 106347.0,1.70119517991351,1.244400181881749,0.35329101095584775,14039.95
2, 106348.0,-0.9583149375804426,-0.40804340241589926,-0.032161041918794424,19911.15
2, 106349.0,-0.5270430266354773,-0.40804340241589926,0.7251545747143552,15388.34
1, 106350.0,-0.023892463866351063,-1.2342651945647232,-0.6912432059832203,13026.88
1, 106351.0,1.198044617144384,0.4181783897329248,-1.540604659605425,31606.52
1, 106352.0,0.8386513580235796,0.4181783897329248,1.2246124335960917,10133.75
1, 106353.0,0.6230154025510969,-1.2342651945647232,-0.026580055317524817,22133.91
2, 106354.0,-0.23952841933883373,-0.40804340241589926,0.5101248228379023,36456.73
1, 106355.0,0.47925809890277515,-1.2342651945647232,-1.2196170461686362,26391.9
0, 106356.0,-0.3114070711629946,0.4181783897329248,-0.13310410392436642,14947.4
2, 106357.0,-0.3114070711629946,-0.40804340241589926,1.619972759784582,24965.99
2, 106358.0,-0.5270430266354773,-0.40804340241589926,0.7574676782970683,13870.64
2, 106359.0,-0.5270430266354773,-0.40804340241589926,-0.34586910761479683,5949.79
0, 106360.0,-0.8145576339321208,1.244400181881749,-0.2885628901220502,12500.22
2, 106361.0,-1.1739508930529252,-0.40804340241589926,1.2894408504209842,14361.39
0, 106362.0,0.11986483978197071,0.4181783897329248,0.7287539066528551,21347.1
2, 106363.0,-1.4614655003495687,-0.40804340241589926,1.0173475326431443,12078.51
2, 106364.0,-0.8145576339321208,0.4181783897329248,-0.1390086259807821,23936.83
2, 106365.0,-0.8145576339321208,-0.40804340241589926,-0.09998216170378811,11980.32
0, 106366.0,-0.8864362857562816,2.070621974030573,1.0431899271229361,11588.87
1, 106367.0,0.551136750726936,-1.2342651945647232,-0.41603585944959953,9549.33
1, 106368.0,0.6948940543752578,-1.2342651945647232,-1.9146925296180617,14828.39
0, 106369.0,0.19174349160613158,1.244400181881749,-1.9146925296180617,7860.73
2, 106370.0,-1.317708196701247,-0.40804340241589926,-0.5374425389931601,14342.32
1, 106371.0,0.6948940543752578,0.4181783897329248,-0.5189201341860479,8548.02
0, 106372.0,-0.23952841933883373,0.4181783897329248,-1.1372368309020697,11982.49
2, 106373.0,-0.023892463866351063,-1.2342651945647232,0.6305204540841314,16325.32
1, 106374.0,1.6293165280893493,-0.40804340241589926,0.17182806255079902,11569.29
2, 106375.0,-1.6771014558220514,-1.2342651945647232,-1.2997325132491804,3952.41
2, 106376.0,-1.1020722412287642,-0.40804340241589926,0.3085622342819044,18542.02
0, 106377.0,0.6230154025510969,1.244400181881749,0.6370720470508392,15963.89
2, 106378.0,-1.6771014558220514,-0.40804340241589926,-1.9146925296180617,11056.09
0, 106379.0,-1.4614655003495687,1.244400181881749,1.6202962952397282,14623.73
2, 106380.0,-0.5989216784596382,-1.2342651945647232,0.12487497962272645,18075.93
2, 106381.0,-1.317708196701247,-0.40804340241589926,-0.31375821369155,17909.04
2, 106382.0,-0.9583149375804426,-0.40804340241589926,-1.2073631408049792,6303.71
0, 106383.0,0.7667727061994186,1.244400181881749,0.38641295317642604,26756.73
0, 106384.0,-0.023892463866351063,0.4181783897329248,-0.30223226310197143,4695.51
1, 106385.0,1.1261659653202232,-0.40804340241589926,0.8253696819458486,18579.06
0, 106386.0,-1.1020722412287642,2.070621974030573,-0.5867816959029348,23727.36
0, 106387.0,-0.3114070711629946,1.244400181881749,0.1586439927535969,11270.17
1, 106388.0,0.47925809890277515,-1.2342651945647232,-0.5009639164254414,19834.39
2, 106389.0,-1.1020722412287642,-0.40804340241589926,0.511176313067127,10286.3
0, 106390.0,1.4855592244410276,1.244400181881749,0.2339468699388433,16861.24
0, 106391.0,-0.38328572298715546,1.244400181881749,0.6591128999326649,18443.51
2, 106392.0,-1.389586848525408,-0.40804340241589926,-0.30797501743081407,8675.9
2, 106393.0,-0.9583149375804426,-1.2342651945647232,0.11067986152819288,9141.95
2, 106394.0,-0.8864362857562816,-0.40804340241589926,-0.8062600602876461,38117.34
0, 106395.0,0.19174349160613158,0.4181783897329248,0.8597453240551178,14174.38
2, 106396.0,-1.0301935894046035,-0.40804340241589926,-0.9252806658495044,13262.37
1, 106397.0,0.551136750726936,-0.40804340241589926,-1.062985443946048,19162.97
2, 106398.0,-1.0301935894046035,-1.2342651945647232,0.8062002062284442,7803.22
2, 106399.0,-0.9583149375804426,-0.40804340241589926,0.6071854593817215,12475.93
0, 106400.0,-0.9583149375804426,1.244400181881749,-0.046558369672794274,12359.48
2, 106401.0,-0.9583149375804426,-0.40804340241589926,0.866984429864011,17056.25
0, 106402.0,-1.1739508930529252,2.896843766179397,0.41921135994185826,15772.85
0, 106403.0,-0.23952841933883373,1.244400181881749,0.4678225620775544,5333.22
2, 106404.0,-1.6052228039978906,-0.40804340241589926,0.5034519040755148,16380.82
0, 106405.0,0.11986483978197071,0.4181783897329248,0.3514711240206511,19732.01
2, 106406.0,-1.0301935894046035,-1.2342651945647232,1.3643797502191914,9533.31
1, 106407.0,1.269923268968545,0.4181783897329248,-1.3880172505721626,16562.17
2, 106408.0,-0.3114070711629946,-1.2342651945647232,1.1572361750619238,20836.34
1, 106409.0,1.269923268968545,-1.2342651945647232,0.10966881323086144,9717.2
1, 106410.0,1.198044617144384,-0.40804340241589926,0.17518474289793942,39595.97
0, 106411.0,-0.23952841933883373,1.244400181881749,-0.34315949817794855,11343.59
1, 106412.0,0.6948940543752578,-1.2342651945647232,1.7567878153794738,18989.49
2, 106413.0,-1.0301935894046035,-0.40804340241589926,0.22545406424125913,7330.81
1, 106414.0,0.6230154025510969,-0.40804340241589926,-0.09889022954267014,10138.93
0, 106415.0,1.0542873134960622,1.244400181881749,-0.5709689005326709,32737.0
1, 106416.0,0.40737944707861423,-0.40804340241589926,1.0068326303508972,7894.9
2, 106417.0,-0.23952841933883373,-0.40804340241589926,-0.9450163286134143,8108.35
2, 106418.0,-0.8864362857562816,-1.2342651945647232,-1.727567710747957,6563.0
2, 106419.0,-1.1739508930529252,0.4181783897329248,-0.37150929243512243,36008.74
2, 106420.0,-0.9583149375804426,-0.40804340241589926,-0.3806087271111055,6585.47
1, 106421.0,0.7667727061994186,-0.40804340241589926,-1.3738625744095223,27540.55
2, 106422.0,-1.2458295448770862,0.4181783897329248,-0.4565991171385373,15913.57
2, 106423.0,-0.023892463866351063,-1.2342651945647232,0.33480904808062883,17257.13
2, 106424.0,-1.317708196701247,-0.40804340241589926,-0.2041201363289275,18302.16
0, 106425.0,0.19174349160613158,1.244400181881749,2.233638634332879,15095.78
1, 106426.0,0.33550079525445337,-1.2342651945647232,-0.6969050764482764,20687.39
0, 106427.0,-0.3114070711629946,0.4181783897329248,-0.5125303089469131,12702.7
1, 106428.0,0.551136750726936,-1.2342651945647232,-0.7688917152182757,30777.59
1, 106429.0,0.8386513580235796,0.4181783897329248,0.3319376709162075,21123.95
1, 106430.0,1.70119517991351,0.4181783897329248,-1.5061885755642626,14541.97
2, 106431.0,-1.6052228039978906,0.4181783897329248,-0.133508523243299,7266.93
2, 106432.0,-0.670800330283799,-1.2342651945647232,-1.9146925296180617,17193.5
0, 106433.0,0.19174349160613158,2.070621974030573,0.853031963360837,14727.83
1, 106434.0,1.5574378762651884,-1.2342651945647232,0.3318163451205277,20991.95
2, 106435.0,-1.6771014558220514,-0.40804340241589926,-0.5266849851095534,7605.02
1, 106436.0,0.6230154025510969,0.4181783897329248,0.44525596408111645,17087.09
2, 106437.0,-1.0301935894046035,-0.40804340241589926,-0.7598327224741859,9511.28
2, 106438.0,-0.5270430266354773,0.4181783897329248,-0.4410694152915262,15006.27
1, 106439.0,1.4136805726168666,0.4181783897329248,0.04726691231956432,36360.61
2, 106440.0,-1.5333441521737297,-0.40804340241589926,-0.25750348642802806,7920.22
2, 106441.0,-1.1739508930529252,0.4181783897329248,1.058355651582908,11855.22
1, 106442.0,0.9105300098477405,-0.40804340241589926,1.0930548291473234,14269.2
0, 106443.0,-1.4614655003495687,1.244400181881749,1.100536586547576,17670.45
1, 106444.0,1.70119517991351,-1.2342651945647232,-0.8654266066474826,26073.32
1, 106445.0,0.6230154025510969,-0.40804340241589926,-1.9146925296180617,22142.7
1, 106446.0,0.8386513580235796,-1.2342651945647232,-1.1409170467043561,17684.39
1, 106447.0,0.40737944707861423,-0.40804340241589926,0.25837379680237116,28767.99
2, 106448.0,-0.16764976751467284,-0.40804340241589926,0.034082842522362204,6681.73
0, 106449.0,1.4855592244410276,1.244400181881749,-0.7472148397234893,13607.25
2, 106450.0,-0.16764976751467284,0.4181783897329248,2.0133109893784096,14877.65
1, 106451.0,0.551136750726936,-1.2342651945647232,0.28785596515255624,24776.23
2, 106452.0,-0.4551643748113164,-0.40804340241589926,-1.9146925296180617,18215.31
1, 106453.0,0.551136750726936,0.4181783897329248,0.3870195821548249,9801.84
2, 106454.0,-0.670800330283799,-1.2342651945647232,1.075947891956475,22974.3
2, 106455.0,-0.670800330283799,-1.2342651945647232,-1.9146925296180617,15443.04
2, 106456.0,-0.23952841933883373,-1.2342651945647232,0.40000144229256074,17219.16
0, 106457.0,-1.317708196701247,2.070621974030573,0.07553582271295167,15466.01
2, 106458.0,-1.1739508930529252,-0.40804340241589926,-1.2171905302550408,14344.02
1, 106459.0,0.9824086616719013,0.4181783897329248,0.8214468145522025,17300.78
1, 106460.0,0.04798618795780982,-1.2342651945647232,0.5033710202117282,12172.42
2, 106461.0,-0.7426789821079599,-0.40804340241589926,-0.9008941809178699,21830.36
1, 106462.0,1.0542873134960622,-1.2342651945647232,1.1284819614858173,13038.19
1, 106463.0,0.8386513580235796,-1.2342651945647232,0.7009702994421869,14821.3
1, 106464.0,1.198044617144384,-0.40804340241589926,0.6327852022701539,24379.39
0, 106465.0,0.33550079525445337,0.4181783897329248,-0.6774120652757261,13060.75
0, 106466.0,-1.317708196701247,1.244400181881749,-0.163759088299456,12827.8
1, 106467.0,0.8386513580235796,0.4181783897329248,0.4482891089731108,16788.16
1, 106468.0,1.5574378762651884,-0.40804340241589926,0.6496494878696425,14397.33
2, 106469.0,-0.4551643748113164,-1.2342651945647232,-0.5343689521692725,8549.69
0, 106470.0,-1.317708196701247,1.244400181881749,-0.10350060977850156,7702.8
1, 106471.0,1.6293165280893493,-1.2342651945647232,-0.64841520010826,40462.23
1, 106472.0,1.70119517991351,0.4181783897329248,0.5190220478544191,33216.28
1, 106473.0,0.6948940543752578,-0.40804340241589926,-1.6757211540608001,17693.81
0, 106474.0,-0.4551643748113164,2.070621974030573,0.6831758494091533,13699.41
2, 106475.0,-1.5333441521737297,-0.40804340241589926,-0.08861797884178262,28603.65
1, 106476.0,1.4855592244410276,0.4181783897329248,0.13203320156783313,20723.03
2, 106477.0,-0.4551643748113164,-1.2342651945647232,-0.3884949038302908,13402.54
1, 106478.0,0.6948940543752578,-0.40804340241589926,1.1366512317282556,12183.08
1, 106479.0,1.1261659653202232,-0.40804340241589926,-0.8128925371181404,7526.36
2, 106480.0,-0.9583149375804426,-1.2342651945647232,1.1915309333074067,6134.31
1, 106481.0,1.0542873134960622,-1.2342651945647232,0.3394194283164602,28147.6
1, 106482.0,1.198044617144384,0.4181783897329248,1.2004281583239234,23124.52
2, 106483.0,-1.5333441521737297,0.4181783897329248,-1.2685517837594784,22421.71
0, 106484.0,0.04798618795780982,0.4181783897329248,0.7839167017552591,20643.4
1, 106485.0,0.551136750726936,-0.40804340241589926,-1.239190941204973,17845.11
2, 106486.0,-1.389586848525408,-1.2342651945647232,0.8091120253247588,24271.45
0, 106487.0,0.11986483978197071,0.4181783897329248,-0.2585549766572528,21299.29
1, 106488.0,0.551136750726936,-0.40804340241589926,-1.5290382670839533,27751.14
2, 106489.0,-1.4614655003495687,-0.40804340241589926,-0.6081754778744684,6700.25
1, 106490.0,0.7667727061994186,-1.2342651945647232,0.7818946051605962,8037.06
1, 106491.0,1.70119517991351,-0.40804340241589926,-1.385105431475848,27227.66
2, 106492.0,-0.09577111569051194,-0.40804340241589926,0.7975860747351803,11289.44
2, 106493.0,-1.389586848525408,0.4181783897329248,-0.307327946520522,12433.56
2, 106494.0,-0.38328572298715546,0.4181783897329248,0.7410886958802988,16361.81
0, 106495.0,0.11986483978197071,1.244400181881749,-0.4423231151802172,18864.68
2, 106496.0,-0.38328572298715546,-1.2342651945647232,0.0640503140552664,18483.1
1, 106497.0,1.1261659653202232,-1.2342651945647232,-0.011899634040272156,14432.06
2, 106498.0,-0.9583149375804426,-0.40804340241589926,-1.4312092338341622,14247.57
2, 106499.0,-1.389586848525408,-0.40804340241589926,0.019887724427828643,9326.54
0, 106500.0,-0.16764976751467284,0.4181783897329248,-1.337141300250444,12959.32
0, 106501.0,-0.023892463866351063,1.244400181881749,0.3277721519312019,14459.09
1, 106502.0,1.70119517991351,0.4181783897329248,-0.7309571831023997,15054.4
2, 106503.0,-0.4551643748113164,-0.40804340241589926,0.5116211743179528,17049.26
2, 106504.0,-1.5333441521737297,-0.40804340241589926,0.9831741001933413,10044.71
2, 106505.0,-1.1739508930529252,-1.2342651945647232,-1.230698135507389,17951.85
2, 106506.0,-0.023892463866351063,-1.2342651945647232,0.36675817427630264,39537.94
1, 106507.0,0.6230154025510969,-0.40804340241589926,-1.101081743789497,11601.21
2, 106508.0,-0.7426789821079599,-1.2342651945647232,-1.139339811360519,5299.09
1, 106509.0,0.9105300098477405,0.4181783897329248,-0.22324917011443854,11287.1
0, 106510.0,-1.317708196701247,1.244400181881749,1.2449951672702937,16630.61
2, 106511.0,-0.38328572298715546,-0.40804340241589926,-0.01671222393556986,21601.4
2, 106512.0,-1.389586848525408,-0.40804340241589926,0.09818330457317616,4042.67
2, 106513.0,-0.38328572298715546,-0.40804340241589926,1.1664973774654799,13982.7
2, 106514.0,-1.389586848525408,-0.40804340241589926,0.2113398300105121,29916.33
1, 106515.0,0.6948940543752578,-0.40804340241589926,0.03193942013201953,15153.59
1, 106516.0,1.0542873134960622,-0.40804340241589926,-1.4276099018956623,15042.15
0, 106517.0,-1.1739508930529252,1.244400181881749,-0.6705773787857654,16130.75
2, 106518.0,-1.4614655003495687,-0.40804340241589926,-1.142615607843873,7367.59
1, 106519.0,1.70119517991351,-0.40804340241589926,-1.5978299932343851,18373.9
0, 106520.0,1.3418019207927057,1.244400181881749,1.349618445078152,39362.15
0, 106521.0,0.11986483978197071,0.4181783897329248,0.8827567833023816,13169.15
1, 106522.0,1.198044617144384,-1.2342651945647232,0.3895269819322069,12197.58
2, 106523.0,-0.9583149375804426,0.4181783897329248,1.5095662857159877,25011.77
2, 106524.0,-1.6771014558220514,-0.40804340241589926,1.263517572077406,14326.15
1, 106525.0,1.4855592244410276,-0.40804340241589926,-0.9162216731054147,19551.38
0, 106526.0,0.8386513580235796,1.244400181881749,-0.7044272757804224,23682.92
0, 106527.0,-0.023892463866351063,2.070621974030573,0.3336766739876176,22086.06
0, 106528.0,1.70119517991351,1.244400181881749,0.8524253343824382,14630.44
1, 106529.0,1.4136805726168666,-0.40804340241589926,0.37242004474135876,26101.18
1, 106530.0,1.5574378762651884,0.4181783897329248,-0.5924840082998842,15123.64
1, 106531.0,1.70119517991351,-0.40804340241589926,-1.6035727475632278,25920.99
0, 106532.0,0.33550079525445337,0.4181783897329248,-0.7137289201158717,20372.86
2, 106533.0,-0.9583149375804426,-0.40804340241589926,-0.6303780984838669,13707.48
2, 106534.0,0.04798618795780982,-1.2342651945647232,1.1057131538299132,13277.43
2, 106535.0,-0.5270430266354773,-0.40804340241589926,0.47684111288975095,10061.35
0, 106536.0,1.4136805726168666,2.070621974030573,0.02785478501080047,12625.57
1, 106537.0,0.551136750726936,0.4181783897329248,-0.4316464451603971,34809.66
0, 106538.0,0.19174349160613158,2.070621974030573,0.6377191179611313,26913.02
2, 106539.0,-0.38328572298715546,-1.2342651945647232,-0.1513434152082258,9443.75
2, 106540.0,-0.16764976751467284,-0.40804340241589926,-0.06730508073403564,17287.62
2, 106541.0,-1.6052228039978906,-0.40804340241589926,-0.31675091665165106,17174.48
1, 106542.0,0.40737944707861423,-0.40804340241589926,-0.9256850851684371,7815.13
0, 106543.0,-0.23952841933883373,1.244400181881749,-0.38113447222571784,12591.5
2, 106544.0,-0.9583149375804426,-1.2342651945647232,-1.9146925296180617,9860.36
2, 106545.0,-0.3114070711629946,-1.2342651945647232,0.01871490840292416,10421.21
2, 106546.0,-1.317708196701247,-0.40804340241589926,-1.072408414077177,29236.78
1, 106547.0,0.6230154025510969,0.4181783897329248,-1.6949310717100978,8753.36
2, 106548.0,-0.4551643748113164,0.4181783897329248,0.5334193756084189,24199.05
1, 106549.0,0.11986483978197071,-0.40804340241589926,-0.37349094709789205,20790.34
0, 106550.0,-0.3114070711629946,0.4181783897329248,-1.9146925296180617,9743.13
1, 106551.0,1.0542873134960622,0.4181783897329248,-1.3837708477233706,10143.55
1, 106552.0,0.33550079525445337,-1.2342651945647232,-0.47520240580943596,14542.51
0, 106553.0,0.7667727061994186,2.070621974030573,-0.5266445431776602,16170.84
0, 106554.0,-0.38328572298715546,1.244400181881749,-1.3760464387317584,10478.77
1, 106555.0,0.9105300098477405,-1.2342651945647232,-0.2964895087731288,16592.68
1, 106556.0,0.11986483978197071,-0.40804340241589926,-0.8145910982576573,5463.15
2, 106557.0,-1.1739508930529252,-0.40804340241589926,0.8963048304866231,24288.28
0, 106558.0,0.33550079525445337,2.070621974030573,0.49795180133803163,22698.86
0, 106559.0,-0.8145576339321208,1.244400181881749,1.0981100706339806,12351.52
1, 106560.0,1.4855592244410276,0.4181783897329248,0.29287076470732026,12194.48
1, 106561.0,0.33550079525445337,-1.2342651945647232,0.8246821691036631,14468.55
1, 106562.0,1.70119517991351,-1.2342651945647232,0.16774342742957996,26522.37
2, 106563.0,-0.670800330283799,-1.2342651945647232,-1.417216325399095,11617.28
2, 106564.0,-0.09577111569051194,-1.2342651945647232,0.5869644934350925,29177.01
0, 106565.0,0.47925809890277515,1.244400181881749,2.2071896108746882,39054.96
1, 106566.0,0.9824086616719013,-1.2342651945647232,-1.0016350332639756,13263.53
2, 106567.0,-0.8145576339321208,0.4181783897329248,-1.2648311260252987,12406.47
0, 106568.0,-0.7426789821079599,1.244400181881749,0.12924270826719833,18410.69
1, 106569.0,0.2636221434302925,-0.40804340241589926,-0.7609246546353039,23448.1
1, 106570.0,0.6948940543752578,0.4181783897329248,0.009413264067474818,15619.96
0, 106571.0,-0.5270430266354773,2.070621974030573,0.8863561152408816,18244.08
2, 106572.0,-1.6052228039978906,-0.40804340241589926,-1.7418032707743838,9948.22
2, 106573.0,-0.4551643748113164,-0.40804340241589926,-0.686794593474962,10528.24
1, 106574.0,1.6293165280893493,-0.40804340241589926,-0.5599686950577047,25189.43
2, 106575.0,-1.5333441521737297,-0.40804340241589926,1.298176307709928,20965.11
2, 106576.0,-0.4551643748113164,-1.2342651945647232,-0.07082352880874908,27616.05
2, 106577.0,-1.5333441521737297,0.4181783897329248,0.26634085738534297,20850.64
1, 106578.0,0.9824086616719013,0.4181783897329248,-0.7813478302413992,20731.56
1, 106579.0,1.3418019207927057,-1.2342651945647232,0.9752070396103695,18565.81
1, 106580.0,0.7667727061994186,-1.2342651945647232,0.7686700934315008,26496.48
1, 106581.0,1.4136805726168666,0.4181783897329248,-0.2173042061261296,20014.47
1, 106582.0,1.0542873134960622,-0.40804340241589926,-0.5796234739578282,14602.95
1, 106583.0,1.3418019207927057,-1.2342651945647232,0.5137645967082956,16447.7
1, 106584.0,0.47925809890277515,-0.40804340241589926,0.9209744089415105,13633.66
2, 106585.0,-1.1020722412287642,-1.2342651945647232,0.15981680877850138,17184.42
2, 106586.0,-0.8864362857562816,-0.40804340241589926,-1.0889491642215197,6353.75
1, 106587.0,0.11986483978197071,-0.40804340241589926,-0.7258614996838492,13970.84
2, 106588.0,-0.8864362857562816,-1.2342651945647232,0.7395923444002482,34571.58
0, 106589.0,1.4855592244410276,2.070621974030573,-1.0745518364675197,16711.43
2, 106590.0,-1.389586848525408,-1.2342651945647232,0.517121277055436,6721.06
0, 106591.0,-1.317708196701247,1.244400181881749,-0.2753788203248481,6393.28
0, 106592.0,-0.4551643748113164,1.244400181881749,-0.07555523484026028,4546.93
2, 106593.0,-0.38328572298715546,0.4181783897329248,0.880775128639612,12076.18
1, 106594.0,1.70119517991351,-0.40804340241589926,2.201163763022593,35370.6
1, 106595.0,1.6293165280893493,-1.2342651945647232,-0.3417035886297913,16034.84
2, 106596.0,-0.23952841933883373,-0.40804340241589926,-1.2483712597447427,12068.05
0, 106597.0,-0.670800330283799,1.244400181881749,1.195211149109693,6211.8
1, 106598.0,0.2636221434302925,-0.40804340241589926,-0.9119752702566225,14642.05
0, 106599.0,0.6230154025510969,2.070621974030573,0.5539234350783008,33554.03
0, 106600.0,-0.9583149375804426,1.244400181881749,-0.6216426411949233,12703.35
2, 106601.0,-1.2458295448770862,0.4181783897329248,-0.5808367319146259,11563.06
1, 106602.0,0.7667727061994186,0.4181783897329248,0.28947364242828655,12882.91
1, 106603.0,1.0542873134960622,-0.40804340241589926,1.3577877153205904,14025.07
1, 106604.0,0.551136750726936,-0.40804340241589926,-0.2568968574496292,16588.78
2, 106605.0,-1.1020722412287642,-0.40804340241589926,-1.344825267310163,10450.12
2, 106606.0,-0.23952841933883373,-0.40804340241589926,0.31754034316220764,12163.25
0, 106607.0,-0.023892463866351063,1.244400181881749,1.155375846194834,11689.9
0, 106608.0,1.0542873134960622,1.244400181881749,-1.6150986981528064,35907.53
1, 106609.0,0.6948940543752578,-1.2342651945647232,0.3012826865411179,13648.45
1, 106610.0,0.6230154025510969,-1.2342651945647232,0.46567913968721175,19735.59
0, 106611.0,-0.5270430266354773,2.896843766179397,-0.5143097539502165,39031.48
1, 106612.0,0.6230154025510969,-1.2342651945647232,0.6316528281771426,14437.8
1, 106613.0,1.6293165280893493,-0.40804340241589926,-0.31525456517160055,20084.79
2, 106614.0,-0.023892463866351063,-0.40804340241589926,-0.15579202771648418,15138.85
1, 106615.0,0.33550079525445337,-0.40804340241589926,-0.5788550772518563,20729.63
0, 106616.0,-0.09577111569051194,0.4181783897329248,1.1090293922451602,17867.71
0, 106617.0,-1.2458295448770862,1.244400181881749,-0.05889315890023797,27827.05
0, 106618.0,-1.317708196701247,2.070621974030573,-1.9146925296180617,17478.14
1, 106619.0,0.40737944707861423,-1.2342651945647232,0.802075129175332,16277.88
2, 106620.0,-0.5270430266354773,0.4181783897329248,-1.1587114967373897,10772.77
2, 106621.0,-0.670800330283799,-0.40804340241589926,-0.8489667403669265,23508.78
2, 106622.0,-1.317708196701247,-0.40804340241589926,0.3923174752328417,13559.82
2, 106623.0,-0.5270430266354773,-0.40804340241589926,-1.6645996227901543,32871.12
2, 106624.0,-1.1739508930529252,-1.2342651945647232,0.4642232301390545,25625.16
2, 106625.0,-0.5270430266354773,-1.2342651945647232,-0.024638842586648432,15027.47
1, 106626.0,0.551136750726936,0.4181783897329248,-0.46484927124476194,27278.78
1, 106627.0,0.6948940543752578,-0.40804340241589926,0.7372467123504394,25100.0
2, 106628.0,-1.6771014558220514,-0.40804340241589926,-0.5741638131522383,15636.23
1, 106629.0,0.11986483978197071,-1.2342651945647232,-1.8942289120800733,17969.48
2, 106630.0,-1.6052228039978906,-1.2342651945647232,-0.31921787449713984,9298.82
1, 106631.0,1.4855592244410276,-0.40804340241589926,0.8042589934975679,9326.4
1, 106632.0,0.551136750726936,-0.40804340241589926,-0.7889509134373317,32750.2
0, 106633.0,-1.2458295448770862,1.244400181881749,1.274679545279945,7380.46
1, 106634.0,1.269923268968545,-0.40804340241589926,0.36004481358202184,7245.44
2, 106635.0,-0.3114070711629946,-0.40804340241589926,-0.3880904845113582,16067.01
0, 106636.0,-0.8145576339321208,2.896843766179397,0.7718650060510682,23308.04
2, 106637.0,-0.670800330283799,-1.2342651945647232,-0.09488647828523761,16929.37
2, 106638.0,-1.2458295448770862,0.4181783897329248,0.45132225386510516,6698.49
2, 106639.0,-1.6052228039978906,-0.40804340241589926,0.12657354076224328,25885.6
2, 106640.0,-1.4614655003495687,-0.40804340241589926,-0.20416057826082076,8147.8
0, 106641.0,-0.5270430266354773,2.070621974030573,-1.0798901714774298,8039.29
1, 106642.0,1.3418019207927057,-0.40804340241589926,0.5594235378157838,10950.43
0, 106643.0,-1.6771014558220514,2.896843766179397,0.4069574545782011,11464.02
1, 106644.0,0.9824086616719013,0.4181783897329248,-1.6620113391489857,12671.71
0, 106645.0,1.0542873134960622,1.244400181881749,-0.23724207854950582,14580.75
2, 106646.0,-1.389586848525408,-0.40804340241589926,-1.3773810224842358,9329.93
0, 106647.0,0.2636221434302925,0.4181783897329248,0.4084133641263584,14443.03
2, 106648.0,-0.38328572298715546,0.4181783897329248,0.3236470748780896,15637.33
2, 106649.0,-1.1739508930529252,-1.2342651945647232,0.1947586379342763,17831.84
2, 106650.0,-0.8864362857562816,0.4181783897329248,1.126217213299795,8998.1
1, 106651.0,0.04798618795780982,-0.40804340241589926,0.10784892629566482,10587.41
1, 106652.0,1.4855592244410276,-0.40804340241589926,-0.1760938775268997,19920.96
1, 106653.0,1.4855592244410276,-0.40804340241589926,-0.26672424689969093,13925.76
0, 106654.0,1.0542873134960622,2.070621974030573,1.2435796996540296,33949.93
1, 106655.0,0.8386513580235796,0.4181783897329248,-0.02387044588067653,21437.23
2, 106656.0,-0.38328572298715546,-1.2342651945647232,-1.2276649906153947,11214.82
1, 106657.0,0.6230154025510969,-0.40804340241589926,0.8960217369633703,22115.89
1, 106658.0,1.5574378762651884,-1.2342651945647232,-0.5286666397723231,4230.54
2, 106659.0,-0.5270430266354773,0.4181783897329248,0.028016552738373505,22845.93
2, 106660.0,-0.23952841933883373,-1.2342651945647232,0.7956448620043038,25672.54
2, 106661.0,-0.4551643748113164,-1.2342651945647232,0.520113980015537,23788.02
1, 106662.0,0.7667727061994186,0.4181783897329248,-0.11284269604584417,12401.21
0, 106663.0,-0.23952841933883373,1.244400181881749,-1.3484650411805563,19399.83
1, 106664.0,1.269923268968545,0.4181783897329248,-1.9146925296180617,14747.43
1, 106665.0,1.5574378762651884,0.4181783897329248,-0.41914988820538035,29873.99
2, 106666.0,-0.9583149375804426,-0.40804340241589926,-0.7666269670322532,14784.47
2, 106667.0,-0.16764976751467284,-0.40804340241589926,-1.4934898089497795,14061.65
1, 106668.0,1.3418019207927057,0.4181783897329248,-1.5366009083479926,11243.94
1, 106669.0,1.3418019207927057,-1.2342651945647232,-1.9146925296180617,15816.45
1, 106670.0,1.0542873134960622,0.4181783897329248,0.1524968191058217,12211.26
2, 106671.0,-0.8145576339321208,-1.2342651945647232,0.4782161385741217,12218.7
2, 106672.0,-0.7426789821079599,-0.40804340241589926,-0.35917450320767874,27737.9
0, 106673.0,-0.023892463866351063,2.070621974030573,0.23524101175942758,15830.26
1, 106674.0,1.0542873134960622,0.4181783897329248,1.3297210145866694,16830.19
2, 106675.0,-0.4551643748113164,0.4181783897329248,-0.0017082672031711362,26558.3
2, 106676.0,-0.4551643748113164,0.4181783897329248,0.9817181906451841,22303.82
0, 106677.0,1.4855592244410276,2.070621974030573,0.2944884419830506,19215.48
1, 106678.0,0.9824086616719013,-0.40804340241589926,-0.2813642262450503,25558.51
2, 106679.0,-0.5270430266354773,-0.40804340241589926,1.2377560614614005,19176.64
1, 106680.0,0.9105300098477405,-0.40804340241589926,0.6406309370574459,23337.89
1, 106681.0,1.1261659653202232,-0.40804340241589926,-0.5865390443115753,10453.25
0, 106682.0,1.1261659653202232,1.244400181881749,-0.4467717276884756,13390.7
1, 106683.0,0.40737944707861423,-1.2342651945647232,-0.337902047031825,20725.31
0, 106684.0,0.8386513580235796,1.244400181881749,-1.0687281982748906,22160.64
0, 106685.0,-0.38328572298715546,0.4181783897329248,-0.8685810773351567,8099.83
0, 106686.0,0.19174349160613158,1.244400181881749,1.3327541594786636,12469.41
2, 106687.0,-0.670800330283799,-0.40804340241589926,-0.30991623016169045,24069.31
2, 106688.0,-0.670800330283799,-0.40804340241589926,1.1019924960957335,11517.18
1, 106689.0,0.8386513580235796,-1.2342651945647232,-0.3230598580269993,12463.76
2, 106690.0,-0.8864362857562816,-1.2342651945647232,0.0966060692293391,7076.16
0, 106691.0,-0.023892463866351063,1.244400181881749,-0.37838442085697627,12588.91
2, 106692.0,-1.389586848525408,-0.40804340241589926,1.3947920830029215,6266.92
2, 106693.0,-1.389586848525408,-0.40804340241589926,-0.15704572760517518,13572.81
1, 106694.0,1.5574378762651884,-0.40804340241589926,-1.9146925296180617,9781.53
2, 106695.0,-0.09577111569051194,-1.2342651945647232,0.5058784199891102,7561.48
1, 106696.0,0.7667727061994186,0.4181783897329248,-0.34267419499522944,38720.55
1, 106697.0,0.47925809890277515,-0.40804340241589926,-1.713615244244783,18697.16
1, 106698.0,1.6293165280893493,0.4181783897329248,-1.3218138080628994,30246.14
1, 106699.0,0.40737944707861423,-0.40804340241589926,0.41759368266612795,12654.04
1, 106700.0,0.40737944707861423,-1.2342651945647232,-1.9074938657410618,32714.24
2, 106701.0,-0.7426789821079599,-0.40804340241589926,-0.3180855004041286,17634.84
2, 106702.0,-1.6052228039978906,-0.40804340241589926,1.3631664922623936,12968.39
2, 106703.0,-1.389586848525408,-0.40804340241589926,-0.6747024558388778,28205.76
2, 106704.0,-1.0301935894046035,-1.2342651945647232,1.2394141806690242,20827.06
1, 106705.0,1.198044617144384,-1.2342651945647232,1.303514642719838,14286.41
2, 106706.0,-0.8864362857562816,-0.40804340241589926,-1.1074715690286319,14032.9
0, 106707.0,-1.6052228039978906,1.244400181881749,-0.1304349364194114,23846.46
2, 106708.0,-0.7426789821079599,0.4181783897329248,-0.41603585944959953,7055.51
2, 106709.0,-0.023892463866351063,-1.2342651945647232,1.2660249718547878,18725.32
1, 106710.0,1.4855592244410276,-0.40804340241589926,-0.30704485299726914,18839.65
2, 106711.0,-1.1739508930529252,-1.2342651945647232,-0.09027609804940619,14999.21
0, 106712.0,-0.3114070711629946,1.244400181881749,0.10651434254318731,27368.35
2, 106713.0,-1.2458295448770862,-0.40804340241589926,1.4635029252895668,24703.83
0, 106714.0,-1.317708196701247,1.244400181881749,-1.0285693599048855,15519.82
0, 106715.0,-1.4614655003495687,2.070621974030573,-1.9146925296180617,15286.41
2, 106716.0,-0.09577111569051194,-0.40804340241589926,0.9624678310639933,21029.1
2, 106717.0,-1.2458295448770862,-0.40804340241589926,-0.44212090552075095,13527.87
0, 106718.0,-0.3114070711629946,2.070621974030573,-0.2781288716935897,19389.89
2, 106719.0,-0.8864362857562816,-1.2342651945647232,1.7218864281555921,21526.11
1, 106720.0,1.269923268968545,-0.40804340241589926,0.7472358695280741,40237.83
1, 106721.0,0.47925809890277515,-1.2342651945647232,0.4939076081487058,24853.2
2, 106722.0,-0.5989216784596382,0.4181783897329248,-0.8572168944731512,5903.35
0, 106723.0,-0.16764976751467284,2.070621974030573,-0.9120965960523023,14539.42
0, 106724.0,0.6948940543752578,2.070621974030573,0.02809743660216002,13734.71
0, 106725.0,1.5574378762651884,2.070621974030573,0.9079925488037747,20430.0
1, 106726.0,1.70119517991351,-1.2342651945647232,-1.2455807664441079,29935.93
2, 106727.0,-0.23952841933883373,-0.40804340241589926,2.4460801025681636,20052.06
2, 106728.0,-0.23952841933883373,-1.2342651945647232,1.731268956354828,7875.12
1, 106729.0,0.04798618795780982,-0.40804340241589926,-1.1881532231556815,9751.86
1, 106730.0,0.40737944707861423,0.4181783897329248,-0.3841676171177122,14088.08
1, 106731.0,1.5574378762651884,-0.40804340241589926,-1.9146925296180617,13512.37
1, 106732.0,0.6230154025510969,-0.40804340241589926,-0.5022985001779189,12586.35
0, 106733.0,0.11986483978197071,0.4181783897329248,1.324504005372439,13258.19
0, 106734.0,-0.670800330283799,1.244400181881749,-0.30437568549231414,28927.8
1, 106735.0,0.40737944707861423,-1.2342651945647232,0.9714459399442965,16724.07
1, 106736.0,0.2636221434302925,-0.40804340241589926,-1.251727940091883,25719.12
0, 106737.0,-0.4551643748113164,1.244400181881749,-0.651852764319187,15708.49
0, 106738.0,-0.16764976751467284,2.070621974030573,-0.2933350380854547,20412.0
1, 106739.0,0.47925809890277515,-0.40804340241589926,1.115419217484295,11213.29
1, 106740.0,1.70119517991351,-1.2342651945647232,1.435355340691859,20370.94
2, 106741.0,-1.6052228039978906,-0.40804340241589926,-1.210032308309934,24830.18
0, 106742.0,0.11986483978197071,1.244400181881749,1.5744351444727736,12436.86
0, 106743.0,-0.23952841933883373,1.244400181881749,0.03189897820012628,9511.08
0, 106744.0,1.5574378762651884,2.070621974030573,0.4262078141593919,26251.35
1, 106745.0,1.4855592244410276,-0.40804340241589926,-0.12517748527328787,13124.85
0, 106746.0,-1.6052228039978906,1.244400181881749,1.6449658736946156,13273.51
2, 106747.0,-1.0301935894046035,-1.2342651945647232,-1.106258311071834,13304.76
2, 106748.0,-1.6052228039978906,-1.2342651945647232,0.28405442355459,19733.44
1, 106749.0,0.11986483978197071,-1.2342651945647232,-0.2577056960874944,17736.63
1, 106750.0,1.5574378762651884,-0.40804340241589926,-0.9587261435252288,32374.32
1, 106751.0,1.0542873134960622,0.4181783897329248,-0.024719726450434947,22505.47
2, 106752.0,-1.4614655003495687,-1.2342651945647232,-0.18054249003515807,16427.61
2, 106753.0,-1.317708196701247,-1.2342651945647232,-1.1853627298550466,26564.48
1, 106754.0,0.9824086616719013,-1.2342651945647232,-0.20157229461965226,19634.3
2, 106755.0,-0.7426789821079599,-0.40804340241589926,1.1505632562995363,12638.58
0, 106756.0,-0.38328572298715546,1.244400181881749,-0.26991915951925827,23469.03
2, 106757.0,-1.2458295448770862,-1.2342651945647232,-0.7280453640060851,7714.99
1, 106758.0,1.1261659653202232,-0.40804340241589926,-0.789314890824371,14013.16
0, 106759.0,-0.09577111569051194,0.4181783897329248,-0.10224690988981057,15804.78
2, 106760.0,-1.4614655003495687,-0.40804340241589926,-0.5253504013570759,15493.49
0, 106761.0,1.3418019207927057,2.070621974030573,0.14060689112920383,16783.42
1, 106762.0,0.19174349160613158,-0.40804340241589926,-0.8351760415913255,15712.36
2, 106763.0,-1.5333441521737297,0.4181783897329248,-1.006852042478206,9083.8
1, 106764.0,0.551136750726936,0.4181783897329248,1.8637567252371414,27993.96
1, 106765.0,0.9824086616719013,-1.2342651945647232,0.16434630515054627,24765.3
2, 106766.0,-1.4614655003495687,-0.40804340241589926,1.9154010722648318,23536.63
0, 106767.0,-1.1020722412287642,2.896843766179397,-0.0044583185719126815,24994.33
2, 106768.0,-0.5989216784596382,-1.2342651945647232,0.15921017980010252,7813.45
2, 106769.0,-1.2458295448770862,-1.2342651945647232,1.2724956809577093,13902.15
2, 106770.0,-1.6052228039978906,-1.2342651945647232,-0.7000999890678438,17074.98
0, 106771.0,0.9105300098477405,2.070621974030573,-1.5096261397751896,23244.87
1, 106772.0,1.5574378762651884,0.4181783897329248,-1.1292293283872046,12245.96
0, 106773.0,0.9824086616719013,1.244400181881749,0.8269873592215788,33652.51
1, 106774.0,1.4136805726168666,-0.40804340241589926,-0.2753383783929549,16344.9
0, 106775.0,-1.1020722412287642,1.244400181881749,-1.1524025553620414,16434.39
2, 106776.0,-0.9583149375804426,-0.40804340241589926,-1.0593052281437616,16880.03
2, 106777.0,-0.09577111569051194,-1.2342651945647232,1.2944960919076416,16261.14
1, 106778.0,0.7667727061994186,-1.2342651945647232,0.5332980498127392,6769.49
1, 106779.0,0.47925809890277515,-1.2342651945647232,-0.9751455678738916,36324.31
1, 106780.0,1.5574378762651884,-1.2342651945647232,1.7252431085027327,12792.39
1, 106781.0,1.5574378762651884,-0.40804340241589926,-0.5321446459151433,11634.31
0, 106782.0,1.5574378762651884,1.244400181881749,-0.8702391965427803,13743.15
1, 106783.0,1.5574378762651884,-0.40804340241589926,0.994093421804521,22478.62
1, 106784.0,1.4136805726168666,-0.40804340241589926,-0.004660528231378971,25068.44
1, 106785.0,0.551136750726936,-0.40804340241589926,0.5956190668602498,22607.23
1, 106786.0,1.269923268968545,-0.40804340241589926,-1.4980597472537176,10565.33
1, 106787.0,0.6230154025510969,0.4181783897329248,0.46567913968721175,19081.93
2, 106788.0,-0.5989216784596382,0.4181783897329248,-0.1571266114689617,5744.07
2, 106789.0,-0.9583149375804426,0.4181783897329248,0.3615007231301791,9539.92
2, 106790.0,-1.2458295448770862,0.4181783897329248,-1.7271632914290245,22107.03
1, 106791.0,0.47925809890277515,-0.40804340241589926,0.8017111517882926,14018.37
0, 106792.0,0.04798618795780982,0.4181783897329248,0.29663186437339323,8003.69
0, 106793.0,-0.5989216784596382,1.244400181881749,0.009534589863154593,13485.45
2, 106794.0,-0.23952841933883373,-1.2342651945647232,0.19621454748243358,14794.73
2, 106795.0,-0.9583149375804426,0.4181783897329248,-0.514714173269149,20404.04
0, 106796.0,-0.670800330283799,2.070621974030573,0.038935874349553166,10363.44
0, 106797.0,-0.23952841933883373,1.244400181881749,0.013821434643839942,23653.31
2, 106798.0,-0.3114070711629946,-0.40804340241589926,0.31758078509410087,8397.9
1, 106799.0,0.9105300098477405,-0.40804340241589926,-0.9070009126337518,33922.41
2, 106800.0,-0.7426789821079599,-0.40804340241589926,-0.9149275312848304,7141.64
2, 106801.0,-1.317708196701247,0.4181783897329248,-0.1975685433622197,27962.8
1, 106802.0,1.4855592244410276,0.4181783897329248,2.3471995790891476,33138.74
1, 106803.0,1.4136805726168666,0.4181783897329248,0.14048556533352405,16768.33
0, 106804.0,-0.7426789821079599,2.070621974030573,-0.9021478808065608,15385.6
2, 106805.0,-1.4614655003495687,0.4181783897329248,-1.4385292235068419,8477.96
1, 106806.0,1.1261659653202232,-0.40804340241589926,-0.385866178257229,10459.48
1, 106807.0,0.9105300098477405,0.4181783897329248,1.0308551378954924,10838.03
2, 106808.0,-0.023892463866351063,-0.40804340241589926,1.9857700337591009,16214.88
2, 106809.0,-1.1020722412287642,0.4181783897329248,0.7440005149766135,22020.94
0, 106810.0,-0.3114070711629946,0.4181783897329248,0.28122348832206195,14410.72
2, 106811.0,-1.389586848525408,0.4181783897329248,0.34843797912865676,21632.8
2, 106812.0,-0.670800330283799,-0.40804340241589926,-0.07632363154623217,17121.89
2, 106813.0,-1.1020722412287642,-0.40804340241589926,0.5029666008927957,11987.59
2, 106814.0,-0.5989216784596382,0.4181783897329248,0.10809157788702438,4381.78
2, 106815.0,-1.2458295448770862,0.4181783897329248,-1.0422387328848066,12415.02
0, 106816.0,0.7667727061994186,2.070621974030573,-0.04425317955487857,15714.72
0, 106817.0,-0.23952841933883373,0.4181783897329248,-0.6345840594007658,10684.62
0, 106818.0,0.6230154025510969,1.244400181881749,-0.11312578956909697,11060.39
1, 106819.0,0.04798618795780982,-0.40804340241589926,-0.7062876046475123,9542.89
1, 106820.0,0.2636221434302925,-1.2342651945647232,0.09013536012641782,6876.01
1, 106821.0,0.9824086616719013,0.4181783897329248,0.0635650108725473,13089.29
2, 106822.0,-0.16764976751467284,-1.2342651945647232,-0.21208719691189934,22068.2
2, 106823.0,-1.2458295448770862,-0.40804340241589926,-1.402171926734803,4124.98
2, 106824.0,-0.3114070711629946,0.4181783897329248,1.7561407444691817,18314.11
0, 106825.0,1.5574378762651884,2.070621974030573,0.46762035241808814,30177.54
0, 106826.0,-0.8145576339321208,1.244400181881749,-0.33794248896371826,16266.32
1, 106827.0,0.40737944707861423,-1.2342651945647232,0.6850766202081365,29394.86
2, 106828.0,-0.670800330283799,-1.2342651945647232,0.29238546152460115,18945.36
0, 106829.0,0.6230154025510969,2.070621974030573,-0.9792706449270039,36781.13
2, 106830.0,-1.2458295448770862,-0.40804340241589926,-0.3954913580478244,12656.83
1, 106831.0,0.19174349160613158,-0.40804340241589926,2.2091712655374582,12849.73
1, 106832.0,1.269923268968545,-1.2342651945647232,-0.3025557985571175,27786.26
1, 106833.0,1.3418019207927057,-1.2342651945647232,1.3467875098456241,16813.63
2, 106834.0,-0.670800330283799,-0.40804340241589926,-1.9146925296180617,18509.28
0, 106835.0,0.40737944707861423,1.244400181881749,0.09640385956987281,13430.83
1, 106836.0,0.33550079525445337,-0.40804340241589926,0.3841886469222969,20769.71
2, 106837.0,-1.6771014558220514,-1.2342651945647232,-0.6279515825702715,10297.94
2, 106838.0,-0.023892463866351063,-0.40804340241589926,2.5431002971800893,23963.88
0, 106839.0,0.9824086616719013,1.244400181881749,1.126864284210087,11366.08
2, 106840.0,-0.9583149375804426,-1.2342651945647232,0.3100585857619549,7597.69
1, 106841.0,1.3418019207927057,-0.40804340241589926,1.2124798540281143,18711.59
2, 106842.0,-0.9583149375804426,-0.40804340241589926,-0.44567979552735765,6453.07
0, 106843.0,1.3418019207927057,1.244400181881749,-1.9146925296180617,15081.84
1, 106844.0,0.9105300098477405,-0.40804340241589926,-1.9146925296180617,10777.4
2, 106845.0,-0.023892463866351063,-0.40804340241589926,0.46001726922215563,12312.93
0, 106846.0,0.40737944707861423,2.070621974030573,0.7449306794101583,20301.43
0, 106847.0,0.40737944707861423,2.070621974030573,-0.06694110334699631,18856.81
2, 106848.0,-0.023892463866351063,-1.2342651945647232,-0.23307655956450024,18389.21
2, 106849.0,0.04798618795780982,-0.40804340241589926,1.8584183902272313,29066.39
1, 106850.0,0.33550079525445337,-0.40804340241589926,0.9730636172200268,33824.31
2, 106851.0,-1.389586848525408,-0.40804340241589926,0.30249594449791567,18468.68
2, 106852.0,-1.1739508930529252,0.4181783897329248,2.1075002487578076,14817.88
2, 106853.0,0.04798618795780982,-1.2342651945647232,0.9757327847249818,31546.63
2, 106854.0,-1.0301935894046035,-1.2342651945647232,0.2438955851845848,1500.0
2, 106855.0,-0.8864362857562816,-0.40804340241589926,-0.18960148277924788,21524.76
0, 106856.0,-0.5989216784596382,0.4181783897329248,-1.9146925296180617,29093.99
1, 106857.0,1.1261659653202232,0.4181783897329248,-0.5365932584234017,17597.15
1, 106858.0,1.4855592244410276,-1.2342651945647232,-0.03806556397521009,15408.96
1, 106859.0,0.04798618795780982,-0.40804340241589926,0.35151156595254435,16240.61
2, 106860.0,-1.0301935894046035,-0.40804340241589926,-1.0230288152355091,10316.38
0, 106861.0,-1.317708196701247,2.070621974030573,-0.7681233185123038,16692.73
2, 106862.0,-1.1739508930529252,-0.40804340241589926,0.18873279008218086,25883.6
2, 106863.0,-1.6052228039978906,-0.40804340241589926,0.6585467128861592,16886.49
2, 106864.0,-1.1739508930529252,-0.40804340241589926,0.6993121802345633,25941.68
2, 106865.0,-0.4551643748113164,-1.2342651945647232,-0.2061422329235904,25645.78
1, 106866.0,1.0542873134960622,-0.40804340241589926,0.585306374227469,16980.15
0, 106867.0,1.1261659653202232,1.244400181881749,-0.604980565254901,9102.62
2, 106868.0,-1.4614655003495687,0.4181783897329248,-0.8310509645382133,33237.0
0, 106869.0,0.8386513580235796,2.070621974030573,1.634208319811009,11966.49
1, 106870.0,1.4855592244410276,-1.2342651945647232,-1.1445568205747494,22578.26
2, 106871.0,-1.6771014558220514,0.4181783897329248,-0.2492937742536967,22287.56
1, 106872.0,0.40737944707861423,-0.40804340241589926,-0.7864030717280565,21420.87
1, 106873.0,0.19174349160613158,-0.40804340241589926,0.632340341019328,8558.41
2, 106874.0,-1.0301935894046035,-0.40804340241589926,1.1308680354675196,31193.0
2, 106875.0,-0.023892463866351063,-1.2342651945647232,1.4952498418257743,9366.43
0, 106876.0,0.551136750726936,1.244400181881749,1.067455086258891,11394.96
1, 106877.0,0.47925809890277515,-1.2342651945647232,0.1389892138534735,9366.66
2, 106878.0,-1.5333441521737297,-1.2342651945647232,1.203825280602957,13602.53
2, 106879.0,-1.6052228039978906,-0.40804340241589926,-0.4352053351670038,11956.3
1, 106880.0,0.11986483978197071,-1.2342651945647232,0.5187793962630596,13358.83
0, 106881.0,-0.38328572298715546,1.244400181881749,1.015406319912268,14602.86
1, 106882.0,0.2636221434302925,-0.40804340241589926,1.5172502527757066,9459.42
2, 106883.0,-1.6052228039978906,-1.2342651945647232,0.2784734369533204,27296.29
1, 106884.0,0.8386513580235796,0.4181783897329248,0.01875535033481742,24851.82
2, 106885.0,-0.23952841933883373,-1.2342651945647232,1.7584863765189906,17397.28
1, 106886.0,1.198044617144384,-0.40804340241589926,0.31159537917389873,29936.51
0, 106887.0,0.11986483978197071,1.244400181881749,1.8058438787659958,17906.88
1, 106888.0,0.8386513580235796,0.4181783897329248,-1.1858075911058725,11689.07
0, 106889.0,-1.1739508930529252,1.244400181881749,0.7957661877999836,13165.5
2, 106890.0,-0.7426789821079599,-0.40804340241589926,0.048035309025536224,11380.39
2, 106891.0,-1.2458295448770862,-0.40804340241589926,1.5361366349698582,30304.72
1, 106892.0,1.0542873134960622,-1.2342651945647232,1.1128309338431266,22149.04
0, 106893.0,0.6948940543752578,1.244400181881749,-0.6950447475811865,28351.54
2, 106894.0,-0.5270430266354773,0.4181783897329248,-1.1248615997427327,39458.26
2, 106895.0,-1.4614655003495687,-1.2342651945647232,1.1169560108962389,10982.7
2, 106896.0,-1.6771014558220514,-1.2342651945647232,1.502084528315735,25478.26
0, 106897.0,0.8386513580235796,1.244400181881749,-0.4054400732935659,13165.3
0, 106898.0,0.19174349160613158,1.244400181881749,1.0066708626233243,15716.4
1, 106899.0,1.0542873134960622,-1.2342651945647232,-1.225198032769906,10104.67
1, 106900.0,1.269923268968545,-1.2342651945647232,0.09381557592870429,7496.73
0, 106901.0,-1.1020722412287642,2.070621974030573,1.5523942915909479,30652.27
1, 106902.0,0.40737944707861423,0.4181783897329248,0.982971890533875,25120.4
1, 106903.0,0.2636221434302925,-0.40804340241589926,-0.6528233706846251,45105.49
2, 106904.0,-1.4614655003495687,-0.40804340241589926,0.5370995914107054,6313.03
1, 106905.0,1.4855592244410276,0.4181783897329248,0.08382641875106957,14650.79
1, 106906.0,0.9105300098477405,-1.2342651945647232,0.6599621805024233,10600.57
0, 106907.0,-1.2458295448770862,1.244400181881749,-1.9146925296180617,28572.81
2, 106908.0,-1.5333441521737297,-0.40804340241589926,-1.6354005479632219,30854.74
2, 106909.0,-0.7426789821079599,-0.40804340241589926,-0.007814998919053096,19906.37
0, 106910.0,-1.389586848525408,2.070621974030573,0.32109923316881434,13046.98
1, 106911.0,1.6293165280893493,-0.40804340241589926,0.12325730234699613,17690.82
0, 106912.0,-0.8145576339321208,1.244400181881749,0.9393350460210497,24177.14
0, 106913.0,-0.5989216784596382,1.244400181881749,0.9075072456210556,14873.3
0, 106914.0,-0.23952841933883373,2.896843766179397,0.6894443488526083,29747.9
0, 106915.0,1.269923268968545,1.244400181881749,-0.7060045111242594,25692.1
1, 106916.0,0.47925809890277515,-0.40804340241589926,-0.29434608638278614,11369.73
2, 106917.0,-1.0301935894046035,-0.40804340241589926,0.7528977399931301,16111.25
0, 106918.0,1.4136805726168666,1.244400181881749,0.032869584565564464,30960.46
2, 106919.0,-1.389586848525408,0.4181783897329248,-0.3931052840661222,5994.36
1, 106920.0,1.0542873134960622,-0.40804340241589926,-1.3410237257121969,17174.51
2, 106921.0,-0.9583149375804426,-0.40804340241589926,-0.1699062619472312,19166.86
2, 106922.0,-1.1739508930529252,-1.2342651945647232,0.26088119657975317,9303.6
1, 106923.0,1.6293165280893493,-0.40804340241589926,-1.072853275328003,13657.95
1, 106924.0,0.19174349160613158,-1.2342651945647232,-0.8967286619328643,38788.92
1, 106925.0,0.47925809890277515,-1.2342651945647232,-0.9361999874606841,15172.0
2, 106926.0,-1.4614655003495687,-1.2342651945647232,-1.7734288615149116,5434.75
0, 106927.0,0.19174349160613158,0.4181783897329248,0.447844247722285,17163.43
2, 106928.0,-0.9583149375804426,-1.2342651945647232,0.5206801670620427,10229.81
1, 106929.0,0.6230154025510969,-1.2342651945647232,-1.9146925296180617,21349.54
2, 106930.0,-0.38328572298715546,-0.40804340241589926,-0.15336551180288868,13798.76
1, 106931.0,0.47925809890277515,0.4181783897329248,-1.63649248012434,18468.61
2, 106932.0,-0.5270430266354773,-1.2342651945647232,-1.1949070257818557,17483.13
1, 106933.0,0.7667727061994186,0.4181783897329248,1.128117984098778,16956.49
2, 106934.0,-0.5270430266354773,-0.40804340241589926,-0.6960153539466247,27396.19
1, 106935.0,0.47925809890277515,-0.40804340241589926,-1.9146925296180617,10201.36
2, 106936.0,-1.4614655003495687,-1.2342651945647232,1.3096618163676133,15550.43
0, 106937.0,0.04798618795780982,0.4181783897329248,1.66935235862625,13093.07
2, 106938.0,-1.317708196701247,-1.2342651945647232,-0.1770644838923379,27590.33
1, 106939.0,0.2636221434302925,-0.40804340241589926,0.10044805275919862,17721.5
0, 106940.0,-1.4614655003495687,2.896843766179397,0.3054077635942302,27911.18
2, 106941.0,-1.5333441521737297,-1.2342651945647232,0.7738466607138378,8826.61
1, 106942.0,0.9105300098477405,-0.40804340241589926,0.4274210721161897,12362.29
1, 106943.0,0.551136750726936,-0.40804340241589926,1.2665911589012935,14378.72
0, 106944.0,-1.6052228039978906,1.244400181881749,-1.458264886270752,18611.61
2, 106945.0,-1.389586848525408,0.4181783897329248,0.11884913177063101,13614.61
1, 106946.0,1.5574378762651884,-0.40804340241589926,1.1339416222914072,35676.63
1, 106947.0,1.198044617144384,-0.40804340241589926,0.5693722530615253,18653.08
1, 106948.0,0.2636221434302925,-1.2342651945647232,1.6784517933022332,21051.73
2, 106949.0,-1.4614655003495687,0.4181783897329248,-1.3826789155622525,8507.63
0, 106950.0,-0.023892463866351063,0.4181783897329248,-0.5395050775197162,14741.43
1, 106951.0,0.7667727061994186,-1.2342651945647232,-1.9146925296180617,14110.96
1, 106952.0,1.4136805726168666,-1.2342651945647232,-0.6344627336050861,23874.3
1, 106953.0,-0.09577111569051194,-0.40804340241589926,-1.9146925296180617,15114.03
0, 106954.0,-0.23952841933883373,1.244400181881749,-1.5973446900516661,16738.56
2, 106955.0,-0.4551643748113164,0.4181783897329248,1.568409296620678,7129.13
1, 106956.0,0.11986483978197071,-0.40804340241589926,-0.6839636582424339,11207.3
2, 106957.0,-1.5333441521737297,-0.40804340241589926,1.406803336775219,24355.41
2, 106958.0,-1.389586848525408,0.4181783897329248,0.36162204892585886,22927.04
2, 106959.0,-1.1739508930529252,-1.2342651945647232,0.4931796533746272,25710.56
2, 106960.0,-0.38328572298715546,-0.40804340241589926,0.10631213288372102,22950.95
1, 106961.0,0.19174349160613158,-1.2342651945647232,-0.8272898648721403,26074.44
2, 106962.0,-0.4551643748113164,0.4181783897329248,0.17445678812386078,12073.46
2, 106963.0,-0.8864362857562816,-0.40804340241589926,1.184210943634727,32165.09
1, 106964.0,0.551136750726936,-0.40804340241589926,1.0210277484454309,35557.87
2, 106965.0,-1.1739508930529252,0.4181783897329248,-0.21390708384709595,13479.72
0, 106966.0,-0.16764976751467284,2.070621974030573,-0.34845739125596537,14790.17
2, 106967.0,-0.38328572298715546,-0.40804340241589926,0.16669193720035524,11146.17
1, 106968.0,1.0542873134960622,-1.2342651945647232,0.9247355086075835,16669.05
0, 106969.0,-0.9583149375804426,1.244400181881749,0.7827843276622478,10649.16
2, 106970.0,-0.7426789821079599,-0.40804340241589926,-1.0311172016141608,8227.8
1, 106971.0,1.198044617144384,0.4181783897329248,2.0689186457316393,13064.06
2, 106972.0,-0.38328572298715546,-0.40804340241589926,-0.019543159168097922,11154.6
1, 106973.0,1.1261659653202232,-0.40804340241589926,0.1099923486860075,10257.1
2, 106974.0,-1.5333441521737297,0.4181783897329248,0.7588831459133324,17654.93
2, 106975.0,-1.0301935894046035,0.4181783897329248,1.563070961610768,16321.29
1, 106976.0,1.4855592244410276,0.4181783897329248,0.5875711224134914,37299.99
2, 106977.0,-0.670800330283799,-0.40804340241589926,-0.24856581947961806,14656.09
2, 106978.0,-1.4614655003495687,0.4181783897329248,-0.4855150984422168,8645.33
0, 106979.0,0.6948940543752578,1.244400181881749,-1.9146925296180617,13957.23
2, 106980.0,-1.1739508930529252,-0.40804340241589926,2.5982226503506003,17955.72
2, 106981.0,-1.5333441521737297,-1.2342651945647232,0.21162292353376488,20861.48
1, 106982.0,0.9105300098477405,0.4181783897329248,-1.209385237399642,25131.57
0, 106983.0,-1.0301935894046035,1.244400181881749,0.3973322747876057,10699.65
2, 106984.0,-0.5989216784596382,-0.40804340241589926,-0.6971881699715292,5991.07
0, 106985.0,-0.023892463866351063,1.244400181881749,0.07226002622959778,11660.07
2, 106986.0,-0.09577111569051194,-1.2342651945647232,0.19492040566184934,17346.48
2, 106987.0,-1.389586848525408,0.4181783897329248,0.5681994370366208,27346.15
1, 106988.0,1.198044617144384,-0.40804340241589926,-0.10006304556757463,17360.86
2, 106989.0,0.11986483978197071,-1.2342651945647232,3.890342374340194,19116.73
1, 106990.0,1.70119517991351,-1.2342651945647232,1.2094467091361198,20555.73
2, 106991.0,-1.6052228039978906,-0.40804340241589926,-1.6569156557304352,17506.55
0, 106992.0,1.6293165280893493,2.896843766179397,-1.4117566645935051,34159.61
2, 106993.0,-0.4551643748113164,-1.2342651945647232,0.1946777540704898,17587.05
0, 106994.0,-0.670800330283799,1.244400181881749,0.4523333021624366,19059.64
1, 106995.0,1.4855592244410276,-0.40804340241589926,-0.36762686697336966,16941.9
2, 106996.0,-1.4614655003495687,-1.2342651945647232,0.3012826865411179,5844.62
0, 106997.0,1.4855592244410276,2.896843766179397,0.49257302439622835,16733.92
2, 106998.0,-0.7426789821079599,0.4181783897329248,0.40287281945698206,29380.53
1, 106999.0,0.04798618795780982,-0.40804340241589926,-1.305151732122877,8512.67
0, 107000.0,0.9824086616719013,1.244400181881749,-0.6871585708620013,39587.71
1, 107001.0,0.19174349160613158,-1.2342651945647232,-0.4818753245718235,9534.32
2, 107002.0,-0.9583149375804426,0.4181783897329248,-1.2612317940867988,9205.21
1, 107003.0,0.7667727061994186,-0.40804340241589926,0.6708815021136029,23980.54
2, 107004.0,-1.0301935894046035,-1.2342651945647232,1.2636388978730857,9554.34
0, 107005.0,0.11986483978197071,0.4181783897329248,-0.1458433124707427,17964.3
0, 107006.0,-0.3114070711629946,1.244400181881749,1.6167374052331214,20720.65
1, 107007.0,0.47925809890277515,-0.40804340241589926,0.8803302673887862,17417.11
1, 107008.0,0.04798618795780982,-1.2342651945647232,0.31802564634492675,26575.58
2, 107009.0,-0.38328572298715546,-1.2342651945647232,0.4611092013832736,13113.55
1, 107010.0,1.1261659653202232,-0.40804340241589926,-1.9146925296180617,22546.4
2, 107011.0,-0.8145576339321208,-0.40804340241589926,0.15136444501281046,12179.89
1, 107012.0,1.4136805726168666,-1.2342651945647232,-1.305151732122877,36096.36
0, 107013.0,-0.16764976751467284,1.244400181881749,-0.37203503754973477,9150.19
1, 107014.0,1.3418019207927057,-1.2342651945647232,1.6616683915665311,26022.71
2, 107015.0,-1.2458295448770862,0.4181783897329248,-0.24662460674874168,12433.33
2, 107016.0,-0.8864362857562816,0.4181783897329248,-0.40309444124375693,23763.37
2, 107017.0,-0.7426789821079599,0.4181783897329248,-0.44632686643764974,25458.49
0, 107018.0,-0.16764976751467284,2.070621974030573,0.24640298496196678,26935.94
0, 107019.0,0.40737944707861423,1.244400181881749,0.7924095074528432,16362.04
0, 107020.0,0.9105300098477405,1.244400181881749,0.6469803203646874,25073.55
2, 107021.0,-1.1020722412287642,0.4181783897329248,-1.09230584456866,7860.46
2, 107022.0,-1.6052228039978906,0.4181783897329248,-0.39524870645646487,14627.9
0, 107023.0,-1.1739508930529252,1.244400181881749,0.11363212255640072,16277.7
1, 107024.0,0.2636221434302925,-0.40804340241589926,-0.6569080058058443,31402.24
2, 107025.0,-0.23952841933883373,-0.40804340241589926,-0.10989043501763633,20567.19
1, 107026.0,0.9824086616719013,-1.2342651945647232,1.2027737903737323,14785.09
1, 107027.0,1.198044617144384,0.4181783897329248,-1.2000835930641927,40138.88
2, 107028.0,-1.389586848525408,0.4181783897329248,1.5042279507060776,25032.16
1, 107029.0,0.2636221434302925,-0.40804340241589926,0.6975327352312599,10398.66
0, 107030.0,-0.023892463866351063,0.4181783897329248,0.02708638830482857,13978.47
1, 107031.0,1.0542873134960622,0.4181783897329248,0.17999733279323712,23430.15
2, 107032.0,-1.2458295448770862,0.4181783897329248,0.007229399745238885,10343.68
1, 107033.0,0.8386513580235796,0.4181783897329248,0.15366963513072615,12588.17
1, 107034.0,1.3418019207927057,-0.40804340241589926,0.2829220494615788,18724.3
2, 107035.0,-0.8145576339321208,0.4181783897329248,0.06841804269973827,15069.41
2, 107036.0,-0.4551643748113164,-0.40804340241589926,0.2636312479484947,15255.76
2, 107037.0,-1.6771014558220514,0.4181783897329248,0.24425956257162412,18895.34
0, 107038.0,-0.023892463866351063,0.4181783897329248,0.4173510310747684,5859.74
2, 107039.0,-0.38328572298715546,-1.2342651945647232,-1.0925484961600196,11310.61
1, 107040.0,0.8386513580235796,-0.40804340241589926,-1.2709782996730739,13728.97
2, 107041.0,-1.6771014558220514,-0.40804340241589926,1.4411789788844884,13893.3
0, 107042.0,-0.4551643748113164,2.070621974030573,0.11690791903975463,27229.94
2, 107043.0,-1.6052228039978906,-1.2342651945647232,0.5900785221908734,11457.67
1, 107044.0,1.4136805726168666,-0.40804340241589926,-1.3780685353264213,23470.76
1, 107045.0,1.269923268968545,-0.40804340241589926,-0.14673303497239437,21947.88
2, 107046.0,-0.8864362857562816,-0.40804340241589926,-0.44001792506230153,18575.22
0, 107047.0,0.19174349160613158,1.244400181881749,1.3504677256479105,14237.14
1, 107048.0,1.4136805726168666,-1.2342651945647232,-0.3759579049433808,31453.23
1, 107049.0,1.70119517991351,-0.40804340241589926,-1.1945834903267096,11273.38
2, 107050.0,-0.38328572298715546,-0.40804340241589926,-0.49239022686407063,28376.89
1, 107051.0,1.6293165280893493,0.4181783897329248,-0.38671545882698743,15201.65
0, 107052.0,-0.3114070711629946,0.4181783897329248,-0.0355581641978281,30643.01
1, 107053.0,0.7667727061994186,-0.40804340241589926,0.4929774437151609,12135.68
2, 107054.0,-0.8145576339321208,-0.40804340241589926,-0.11729130855410254,12379.79
1, 107055.0,0.19174349160613158,-1.2342651945647232,-0.2207822122689498,12479.88
1, 107056.0,0.8386513580235796,-1.2342651945647232,0.2672710218188879,9487.51
2, 107057.0,-1.5333441521737297,0.4181783897329248,-0.5704431554180586,31149.45
1, 107058.0,0.6948940543752578,-0.40804340241589926,-0.9683513233158242,12725.65
1, 107059.0,1.5574378762651884,-1.2342651945647232,0.011071383275098396,13569.61
2, 107060.0,-0.670800330283799,-1.2342651945647232,-1.2135911983165408,6611.5
2, 107061.0,-1.6771014558220514,0.4181783897329248,-0.6249993215420637,23708.52
0, 107062.0,-0.5270430266354773,1.244400181881749,-0.4738273801250652,13720.5
1, 107063.0,0.47925809890277515,-0.40804340241589926,0.5108123356800877,40233.36
1, 107064.0,0.47925809890277515,-1.2342651945647232,1.197880316614648,25629.82
0, 107065.0,-1.6052228039978906,1.244400181881749,1.5069780020748191,19472.4
2, 107066.0,-0.5270430266354773,-0.40804340241589926,-1.2342165835821024,10653.61
0, 107067.0,-0.9583149375804426,2.070621974030573,-0.6110064131069964,16547.72
2, 107068.0,-1.4614655003495687,0.4181783897329248,0.7548389527240066,7206.09
1, 107069.0,0.7667727061994186,-1.2342651945647232,-1.3074569222407926,17355.3
1, 107070.0,0.9824086616719013,0.4181783897329248,0.1342575078219623,13567.01
2, 107071.0,-1.0301935894046035,-0.40804340241589926,-0.48676879833090775,8904.83
1, 107072.0,1.70119517991351,-1.2342651945647232,1.5339527706476221,26442.98
1, 107073.0,0.2636221434302925,-1.2342651945647232,0.17793479426668096,25728.48
2, 107074.0,-1.4614655003495687,0.4181783897329248,0.14473196818231615,7187.69
1, 107075.0,1.6293165280893493,-0.40804340241589926,-1.9146925296180617,15059.85
0, 107076.0,-0.9583149375804426,2.896843766179397,-0.5512332377687611,10536.39
2, 107077.0,-1.0301935894046035,-0.40804340241589926,1.510577334013319,21701.69
1, 107078.0,0.47925809890277515,-0.40804340241589926,0.31236377587987063,11026.86
0, 107079.0,0.04798618795780982,0.4181783897329248,1.9374823670785508,16471.08
0, 107080.0,-0.9583149375804426,1.244400181881749,0.30047384790325277,19702.37
2, 107081.0,-1.4614655003495687,-1.2342651945647232,-0.6391944396365973,28199.61
1, 107082.0,1.6293165280893493,0.4181783897329248,-1.163604970496474,30547.05
2, 107083.0,-0.7426789821079599,0.4181783897329248,-0.6626103182027936,16046.65
2, 107084.0,-1.389586848525408,0.4181783897329248,1.7343425431787156,9732.16
1, 107085.0,1.1261659653202232,-0.40804340241589926,-1.718346950276294,17612.64
2, 107086.0,-1.0301935894046035,-0.40804340241589926,-0.42881550992786904,16437.83
1, 107087.0,0.9824086616719013,-0.40804340241589926,0.4838780090391779,15250.1
0, 107088.0,-0.16764976751467284,0.4181783897329248,0.19674029259704595,27337.17
1, 107089.0,1.5574378762651884,-0.40804340241589926,0.178096561994254,14866.9
1, 107090.0,1.198044617144384,-1.2342651945647232,0.6861685523692544,27098.05
2, 107091.0,-1.5333441521737297,-0.40804340241589926,2.173420597743818,5310.64
0, 107092.0,-0.023892463866351063,2.896843766179397,-0.5057360643888458,14330.13
1, 107093.0,0.2636221434302925,-1.2342651945647232,0.9070623843702297,21241.29
2, 107094.0,-1.2458295448770862,-0.40804340241589926,0.28033376582041025,11636.59
0, 107095.0,-0.3114070711629946,2.070621974030573,-1.438367455779269,12720.26
0, 107096.0,-1.389586848525408,2.896843766179397,1.0664035960296663,12285.8
2, 107097.0,-0.670800330283799,-0.40804340241589926,-0.048863559790709984,14194.46
1, 107098.0,0.6948940543752578,0.4181783897329248,-0.12307450481483843,19266.81
2, 107099.0,-1.2458295448770862,0.4181783897329248,-0.14539845121991687,27206.42
0, 107100.0,-0.023892463866351063,0.4181783897329248,-0.8907028140807688,19952.08
1, 107101.0,1.1261659653202232,-0.40804340241589926,-1.5330015764094926,27373.5
0, 107102.0,-0.3114070711629946,2.070621974030573,1.3154854545602424,17084.21
0, 107103.0,-0.5270430266354773,1.244400181881749,-1.9146925296180617,26072.28
2, 107104.0,-1.4614655003495687,-0.40804340241589926,-0.4962322103939302,14555.29
1, 107105.0,0.8386513580235796,-1.2342651945647232,-0.2773604749876178,22637.73
2, 107106.0,-0.38328572298715546,-0.40804340241589926,0.10012451730405254,28941.76
2, 107107.0,-1.1739508930529252,-0.40804340241589926,0.5345517497014302,29418.56
0, 107108.0,1.1261659653202232,1.244400181881749,-0.8111939759786235,30266.07
1, 107109.0,0.551136750726936,0.4181783897329248,-1.9013466920932867,13574.04
0, 107110.0,0.9105300098477405,1.244400181881749,-0.25673508972205616,6921.59
2, 107111.0,-0.38328572298715546,-1.2342651945647232,-0.16840991046718068,14379.32
0, 107112.0,-1.1739508930529252,1.244400181881749,-0.6519740901148667,28598.38
0, 107113.0,1.4136805726168666,1.244400181881749,0.2445426560948769,20748.95
2, 107114.0,-0.8864362857562816,0.4181783897329248,-1.1674065120944401,15497.55
0, 107115.0,0.9105300098477405,1.244400181881749,0.9820821680322234,31096.51
2, 107116.0,-0.09577111569051194,-1.2342651945647232,-0.19081474073604562,10468.5
2, 107117.0,-0.5270430266354773,-0.40804340241589926,2.3860642756385686,31605.48
2, 107118.0,-1.6771014558220514,-1.2342651945647232,0.18468859689285505,11444.96
1, 107119.0,0.04798618795780982,-1.2342651945647232,-1.1302808186164293,18413.41
0, 107120.0,-0.4551643748113164,0.4181783897329248,-1.4046388845802917,5628.73
0, 107121.0,0.11986483978197071,1.244400181881749,-1.304666428940158,3806.44
2, 107122.0,-1.6771014558220514,0.4181783897329248,0.1559343833167486,12414.43
1, 107123.0,1.0542873134960622,0.4181783897329248,1.0374471727940935,18184.01
0, 107124.0,-1.6771014558220514,1.244400181881749,-0.39787743202952663,11230.88
2, 107125.0,-1.6771014558220514,0.4181783897329248,0.5574418831530142,7023.65
2, 107126.0,-0.8864362857562816,-1.2342651945647232,-0.3573950582043754,26390.17
1, 107127.0,0.33550079525445337,-0.40804340241589926,0.3435040634376793,20235.17
1, 107128.0,1.269923268968545,-1.2342651945647232,0.5506476385949468,40264.7
0, 107129.0,0.9824086616719013,1.244400181881749,-0.9719102133224309,12253.59
2, 107130.0,-1.2458295448770862,-0.40804340241589926,-0.08311787610429952,9464.85
0, 107131.0,0.19174349160613158,0.4181783897329248,-0.8316575935166122,10283.49
2, 107132.0,-1.6052228039978906,-0.40804340241589926,0.02223335647763761,31634.86
1, 107133.0,1.4136805726168666,-1.2342651945647232,-1.9146925296180617,24304.22
2, 107134.0,-0.23952841933883373,-1.2342651945647232,-0.8609375522073309,7596.59
1, 107135.0,0.33550079525445337,-0.40804340241589926,1.1689643353109687,18392.32
1, 107136.0,1.198044617144384,-1.2342651945647232,0.3361031899012131,21891.09
0, 107137.0,-1.4614655003495687,1.244400181881749,0.013497899188693877,10088.53
2, 107138.0,-0.023892463866351063,-0.40804340241589926,0.00836177383825011,21808.91
1, 107139.0,0.2636221434302925,-1.2342651945647232,0.8787530320449491,14439.22
1, 107140.0,1.5574378762651884,-1.2342651945647232,0.32041172032662896,22914.61
0, 107141.0,0.33550079525445337,0.4181783897329248,0.016571486012581488,16121.61
1, 107142.0,0.04798618795780982,-0.40804340241589926,-0.9098722897981731,26185.84
0, 107143.0,-0.5270430266354773,2.070621974030573,0.8394434742447023,17904.8
1, 107144.0,1.0542873134960622,-0.40804340241589926,-1.9146925296180617,10860.33
2, 107145.0,-0.4551643748113164,-0.40804340241589926,-0.3542810294485945,13709.62
2, 107146.0,-0.5989216784596382,0.4181783897329248,2.4056786126067986,14569.19
0, 107147.0,-0.38328572298715546,0.4181783897329248,-0.5262805657906209,15597.69
1, 107148.0,0.7667727061994186,-1.2342651945647232,-0.49700060709990207,37502.82
2, 107149.0,-0.7426789821079599,-0.40804340241589926,0.18440550336960226,25259.65
2, 107150.0,-0.23952841933883373,-0.40804340241589926,-0.33919618885240926,13176.56
1, 107151.0,1.198044617144384,-0.40804340241589926,-0.07296695119909176,19743.27
1, 107152.0,0.8386513580235796,-1.2342651945647232,1.3085698842064952,26178.95
0, 107153.0,0.04798618795780982,1.244400181881749,-0.20848786497339936,12480.54
1, 107154.0,0.6230154025510969,-0.40804340241589926,0.7008894155784003,10603.19
2, 107155.0,-1.5333441521737297,-0.40804340241589926,0.03675201002731723,17085.89
2, 107156.0,-1.5333441521737297,0.4181783897329248,0.2767344338819103,16472.66
1, 107157.0,0.6230154025510969,0.4181783897329248,0.3068636731423875,12116.21
1, 107158.0,0.19174349160613158,-1.2342651945647232,0.5906042673054858,16607.93
2, 107159.0,-0.38328572298715546,-1.2342651945647232,-0.19550600483566355,6622.97
1, 107160.0,0.7667727061994186,-0.40804340241589926,0.6627122318711648,21376.24
0, 107161.0,1.0542873134960622,2.070621974030573,0.056972975973946245,14352.96
1, 107162.0,0.2636221434302925,-1.2342651945647232,0.48339270585645877,12783.76
1, 107163.0,0.11986483978197071,-0.40804340241589926,0.951305857861454,23149.81
1, 107164.0,0.04798618795780982,-0.40804340241589926,0.2998672189248539,8022.1
2, 107165.0,-1.1739508930529252,-0.40804340241589926,-1.4418050199901957,13716.63
1, 107166.0,1.0542873134960622,0.4181783897329248,0.11957708654470965,10713.07
1, 107167.0,0.40737944707861423,-0.40804340241589926,1.1544861236931823,23973.62
1, 107168.0,1.6293165280893493,-1.2342651945647232,1.0861392587935763,18082.2
0, 107169.0,-0.7426789821079599,1.244400181881749,1.4972719384204372,11181.38
0, 107170.0,-0.16764976751467284,1.244400181881749,0.7892550367651692,12702.04
1, 107171.0,0.9824086616719013,-1.2342651945647232,1.4246786706720391,25166.32
2, 107172.0,-1.317708196701247,-0.40804340241589926,-1.5870724393507787,14957.18
0, 107173.0,0.9824086616719013,1.244400181881749,1.1708246641780584,28000.62
1, 107174.0,0.8386513580235796,-1.2342651945647232,-0.7808625270586801,18252.08
1, 107175.0,1.1261659653202232,-0.40804340241589926,-0.1940905372193995,13576.12
2, 107176.0,-0.8145576339321208,-1.2342651945647232,-1.9146925296180617,13457.86
1, 107177.0,1.3418019207927057,-0.40804340241589926,-0.4386428993779307,18762.02
2, 107178.0,-0.8145576339321208,-0.40804340241589926,-0.1112654607020071,21879.74
2, 107179.0,-1.2458295448770862,-0.40804340241589926,1.0023435759107455,26631.68
2, 107180.0,-0.38328572298715546,-1.2342651945647232,-0.13039449448751814,13831.03
1, 107181.0,1.5574378762651884,0.4181783897329248,-0.4802172053642,31374.73
2, 107182.0,-1.4614655003495687,-1.2342651945647232,-0.3392770727161958,35257.81
1, 107183.0,0.47925809890277515,0.4181783897329248,-1.7564432501197431,12578.44
1, 107184.0,0.2636221434302925,-0.40804340241589926,-0.33381741191060593,11262.28
1, 107185.0,0.6948940543752578,0.4181783897329248,1.1580045717678957,15852.1
2, 107186.0,-0.4551643748113164,-1.2342651945647232,-0.2506283580061742,4442.35
2, 107187.0,-1.1739508930529252,-1.2342651945647232,1.6748929032956263,21911.99
1, 107188.0,0.9105300098477405,0.4181783897329248,0.10307677833226038,33322.31
0, 107189.0,0.33550079525445337,2.070621974030573,-0.6047379136635415,22003.63
0, 107190.0,-1.1020722412287642,2.896843766179397,-0.30999711402547697,12673.48
0, 107191.0,0.33550079525445337,2.070621974030573,-1.9146925296180617,21988.12
1, 107192.0,0.6230154025510969,0.4181783897329248,0.972780523696774,12977.23
0, 107193.0,1.3418019207927057,1.244400181881749,0.5648427566894804,21204.49
1, 107194.0,0.7667727061994186,0.4181783897329248,1.5409087829332626,12956.53
1, 107195.0,0.11986483978197071,-0.40804340241589926,-0.15813765976629315,10370.21
1, 107196.0,1.1261659653202232,-1.2342651945647232,0.5024408557781833,19489.2
0, 107197.0,0.9105300098477405,2.896843766179397,-1.9146925296180617,17350.34
1, 107198.0,1.4136805726168666,0.4181783897329248,-0.0522202401378504,20579.3
1, 107199.0,0.33550079525445337,-0.40804340241589926,0.19686161839272573,27060.62
2, 107200.0,-0.670800330283799,-0.40804340241589926,-1.3949328209259098,17770.92
2, 107201.0,-0.4551643748113164,-0.40804340241589926,0.9726996398329875,6075.11
1, 107202.0,0.47925809890277515,-0.40804340241589926,-0.24367234572053384,12135.07
1, 107203.0,1.5574378762651884,-1.2342651945647232,-0.7103317978368381,34129.06
1, 107204.0,0.9105300098477405,-1.2342651945647232,-0.21698067067098356,30515.08
1, 107205.0,1.6293165280893493,-1.2342651945647232,-0.2814855520407301,13700.19
1, 107206.0,0.6948940543752578,-0.40804340241589926,-0.838694489666039,14691.86
2, 107207.0,-0.8864362857562816,-0.40804340241589926,-2.9279958690710565E-4,4383.4
2, 107208.0,-1.2458295448770862,0.4181783897329248,-0.21689978680719704,7389.66
1, 107209.0,0.8386513580235796,-0.40804340241589926,-0.7481045622251411,12703.52
1, 107210.0,1.269923268968545,0.4181783897329248,0.35134979822497137,15728.6
1, 107211.0,1.1261659653202232,-0.40804340241589926,0.6081560657471597,12229.08
2, 107212.0,-0.5270430266354773,-0.40804340241589926,-0.22353226363769135,9946.04
2, 107213.0,-0.23952841933883373,-0.40804340241589926,1.1074925988332165,8762.29
2, 107214.0,-1.317708196701247,-1.2342651945647232,-0.729137296167203,10347.99
0, 107215.0,-1.5333441521737297,1.244400181881749,-0.05727548162450765,4191.32
0, 107216.0,-0.023892463866351063,0.4181783897329248,-0.7069751174896977,7895.64
1, 107217.0,1.4855592244410276,0.4181783897329248,0.08633381852845157,32490.05
1, 107218.0,1.5574378762651884,0.4181783897329248,-1.7026959226336034,22915.73
0, 107219.0,-0.670800330283799,1.244400181881749,-0.2785737329444155,23304.39
2, 107220.0,-0.8864362857562816,0.4181783897329248,-1.2726768608125907,23410.49
2, 107221.0,-0.9583149375804426,0.4181783897329248,-1.9146925296180617,13987.12
2, 107222.0,-1.6052228039978906,-1.2342651945647232,1.1778615603274853,17585.64
0, 107223.0,-0.8864362857562816,1.244400181881749,0.31127184371875266,15479.18
2, 107224.0,-1.4614655003495687,-1.2342651945647232,0.7879204530126916,31929.31
2, 107225.0,-1.6771014558220514,-1.2342651945647232,-1.3954990079724154,21200.81
2, 107226.0,-0.670800330283799,-0.40804340241589926,-0.5173833407741041,9445.29
2, 107227.0,-0.8145576339321208,-0.40804340241589926,0.0489250315271879,22555.19
1, 107228.0,0.40737944707861423,0.4181783897329248,0.4535870020511276,19374.16
1, 107229.0,1.4136805726168666,-1.2342651945647232,-0.6082968036701482,13332.33
2, 107230.0,-0.23952841933883373,0.4181783897329248,0.8624953754238593,13159.33
1, 107231.0,1.4136805726168666,-1.2342651945647232,-0.36038776116447646,30691.75
2, 107232.0,-0.8145576339321208,0.4181783897329248,-0.27974654896932,27951.02
1, 107233.0,0.40737944707861423,-0.40804340241589926,-0.5410823128635532,14411.96
1, 107234.0,1.70119517991351,-1.2342651945647232,-0.130839355738344,25302.22
1, 107235.0,0.40737944707861423,-0.40804340241589926,-0.07167280937850751,22556.84
2, 107236.0,-0.670800330283799,-1.2342651945647232,0.09515015968118182,6513.71
0, 107237.0,0.04798618795780982,2.070621974030573,-0.4724927963725877,6451.72
2, 107238.0,-1.389586848525408,-0.40804340241589926,-0.504522806432048,14573.62
1, 107239.0,0.7667727061994186,-1.2342651945647232,0.44092867736853786,11322.12
1, 107240.0,0.7667727061994186,-1.2342651945647232,-1.2553272720303832,26796.86
2, 107241.0,-0.23952841933883373,-0.40804340241589926,0.6196011324729518,25379.59
2, 107242.0,-0.16764976751467284,-0.40804340241589926,-0.6385878106581984,13375.92
0, 107243.0,0.04798618795780982,1.244400181881749,-1.5118504460293187,14941.06
0, 107244.0,0.40737944707861423,1.244400181881749,1.3253128440103041,15644.96
2, 107245.0,-0.38328572298715546,-0.40804340241589926,0.33189722898431423,12922.12
2, 107246.0,-0.8145576339321208,-0.40804340241589926,0.6205312969064967,26895.97
0, 107247.0,1.6293165280893493,1.244400181881749,0.7010916252378666,21432.81
1, 107248.0,1.4136805726168666,-1.2342651945647232,0.5626993342991378,15800.39
2, 107249.0,-0.16764976751467284,-0.40804340241589926,-1.463320127757409,9635.49
1, 107250.0,0.6948940543752578,-0.40804340241589926,1.580460992324869,12239.56
2, 107251.0,-0.3114070711629946,-0.40804340241589926,0.5944462508353453,12035.46
0, 107252.0,1.3418019207927057,1.244400181881749,0.9388497428383306,11673.99
1, 107253.0,0.33550079525445337,-0.40804340241589926,-1.1056112401615419,19525.51
2, 107254.0,-1.6052228039978906,0.4181783897329248,-0.5446007609382667,35410.74
2, 107255.0,-0.5270430266354773,0.4181783897329248,-0.8101424857493988,29681.48
2, 107256.0,-1.0301935894046035,0.4181783897329248,1.307113974658338,24124.94
1, 107257.0,1.269923268968545,0.4181783897329248,-0.5623952109713003,30445.38
1, 107258.0,0.6230154025510969,0.4181783897329248,-0.4458415632549307,7559.22
1, 107259.0,1.3418019207927057,-0.40804340241589926,-0.4729780995553068,13137.89
0, 107260.0,-1.389586848525408,1.244400181881749,-0.37429978573575723,4547.13
2, 107261.0,-1.5333441521737297,-0.40804340241589926,-0.16181787556857963,16247.09
0, 107262.0,1.4855592244410276,1.244400181881749,0.8752345839702357,14401.85
0, 107263.0,1.3418019207927057,1.244400181881749,1.4098769235991067,14876.69
2, 107264.0,-0.4551643748113164,-1.2342651945647232,0.9797769779143076,18457.47
2, 107265.0,-1.389586848525408,-1.2342651945647232,-1.5813701269538292,32473.52
0, 107266.0,0.33550079525445337,1.244400181881749,0.5076174230605203,12802.5
0, 107267.0,-0.023892463866351063,0.4181783897329248,1.7002095526608059,25539.88
2, 107268.0,-1.1020722412287642,-1.2342651945647232,-0.5722630423532552,12987.65
1, 107269.0,0.551136750726936,-0.40804340241589926,-0.08105533757774336,16668.43
2, 107270.0,-1.389586848525408,-0.40804340241589926,0.20943905921152897,17403.18
0, 107271.0,-0.23952841933883373,1.244400181881749,0.13656269793987802,9702.75
2, 107272.0,-1.389586848525408,-1.2342651945647232,-0.6467570809006364,31769.58
0, 107273.0,0.7667727061994186,2.070621974030573,0.08633381852845157,34296.9
2, 107274.0,-1.6052228039978906,0.4181783897329248,0.16321393105753504,18268.38
0, 107275.0,1.6293165280893493,1.244400181881749,-1.037264375261936,28782.33
2, 107276.0,-1.6052228039978906,-1.2342651945647232,-0.6345436174688726,15043.84
1, 107277.0,0.19174349160613158,-0.40804340241589926,2.150045161109515,12831.43
1, 107278.0,0.11986483978197071,-1.2342651945647232,-0.28237527454238176,13967.82
0, 107279.0,0.04798618795780982,0.4181783897329248,-1.9146925296180617,6366.23
1, 107280.0,0.33550079525445337,-1.2342651945647232,-0.17358647774951771,11408.01
0, 107281.0,-0.4551643748113164,0.4181783897329248,-1.1072289174372723,13413.07
2, 107282.0,-0.5989216784596382,-1.2342651945647232,-0.19635528540542196,27619.39
1, 107283.0,0.8386513580235796,0.4181783897329248,-0.3049014306069265,13579.91
1, 107284.0,1.4855592244410276,0.4181783897329248,-0.4018407413550659,17411.22
1, 107285.0,0.8386513580235796,-0.40804340241589926,-0.5965686434211033,27833.25
2, 107286.0,-1.4614655003495687,-0.40804340241589926,-1.2797137569620176,7662.25
1, 107287.0,0.40737944707861423,-0.40804340241589926,-1.066423008156975,11813.16
2, 107288.0,-0.4551643748113164,0.4181783897329248,0.6776757466716703,35734.05
2, 107289.0,-0.5270430266354773,-0.40804340241589926,-0.48757763696877293,14059.01
1, 107290.0,0.551136750726936,-0.40804340241589926,-0.15178827645905163,13404.95
2, 107291.0,-0.23952841933883373,-0.40804340241589926,-1.0711951561203794,24428.88
2, 107292.0,0.04798618795780982,-0.40804340241589926,0.5553389026945648,20483.55
0, 107293.0,-0.23952841933883373,1.244400181881749,0.1636587923083609,22834.7
0, 107294.0,-0.23952841933883373,1.244400181881749,-0.061643210268979516,13551.13
1, 107295.0,0.8386513580235796,-0.40804340241589926,-0.3444940819304261,28189.12
1, 107296.0,0.33550079525445337,-1.2342651945647232,-1.0764930491983962,37680.36
1, 107297.0,1.198044617144384,-1.2342651945647232,-0.9772081064004478,20842.63
2, 107298.0,-0.38328572298715546,-0.40804340241589926,0.17409281073682145,21279.49
2, 107299.0,-1.2458295448770862,-0.40804340241589926,-1.0806181262515084,4612.72
1, 107300.0,1.198044617144384,-0.40804340241589926,0.5536403415550479,21272.46
1, 107301.0,0.6230154025510969,0.4181783897329248,0.020453911474334258,15739.16
1, 107302.0,1.269923268968545,-0.40804340241589926,0.9571294960540832,15836.94
0, 107303.0,-0.4551643748113164,2.070621974030573,0.9155551900678139,27671.55
2, 107304.0,-0.8864362857562816,0.4181783897329248,0.6980989222777656,9752.97
2, 107305.0,-1.1020722412287642,0.4181783897329248,2.470628355227371,11628.35
0, 107306.0,0.33550079525445337,0.4181783897329248,1.3212686508209783,19834.9
1, 107307.0,1.70119517991351,-0.40804340241589926,-0.2181130447639948,28052.73
1, 107308.0,0.19174349160613158,-1.2342651945647232,-1.4141831805071006,11111.81
0, 107309.0,0.6230154025510969,1.244400181881749,-0.23877887196144962,13173.22
0, 107310.0,-0.8864362857562816,1.244400181881749,-0.31428395880616233,10874.38
0, 107311.0,1.5574378762651884,1.244400181881749,-0.1539316988493943,21225.98
2, 107312.0,-0.16764976751467284,-0.40804340241589926,0.7544345334050739,19249.35
2, 107313.0,-1.1020722412287642,-1.2342651945647232,0.08346244136403025,25439.89
0, 107314.0,-1.6771014558220514,1.244400181881749,0.6356970213664684,15895.81
2, 107315.0,-0.5989216784596382,0.4181783897329248,-0.40588493454439173,13921.04
1, 107316.0,1.6293165280893493,-1.2342651945647232,-0.10507784512233863,12789.18
0, 107317.0,0.40737944707861423,1.244400181881749,0.11063941959629964,3387.8
1, 107318.0,1.70119517991351,-1.2342651945647232,-1.5672963346549755,30200.09
2, 107319.0,-1.2458295448770862,0.4181783897329248,-1.1470237784202382,13582.67
1, 107320.0,1.3418019207927057,-1.2342651945647232,1.1865161337526426,11204.12
1, 107321.0,0.9105300098477405,0.4181783897329248,0.06024877245730014,15908.64
2, 107322.0,-0.5989216784596382,-0.40804340241589926,0.06853936849541804,15037.03
0, 107323.0,1.3418019207927057,1.244400181881749,0.17461855585143382,13066.24
2, 107324.0,-1.0301935894046035,-0.40804340241589926,0.27313510194341034,16728.54
0, 107325.0,0.6948940543752578,1.244400181881749,-1.3134827700928882,19579.11
1, 107326.0,0.04798618795780982,-1.2342651945647232,0.27746238865598893,16546.52
0, 107327.0,-0.16764976751467284,0.4181783897329248,-1.040257078222037,10112.63
0, 107328.0,0.6230154025510969,1.244400181881749,-0.7047912531674617,16858.59
2, 107329.0,-1.4614655003495687,0.4181783897329248,1.262910943099007,11640.76
2, 107330.0,-1.317708196701247,-0.40804340241589926,0.4411308870280041,8633.34
0, 107331.0,0.19174349160613158,1.244400181881749,-1.1984254738565692,32309.08
2, 107332.0,-0.38328572298715546,-1.2342651945647232,0.15629836070378794,11121.27
1, 107333.0,0.40737944707861423,-0.40804340241589926,0.7914793430192983,10552.99
1, 107334.0,0.2636221434302925,-0.40804340241589926,-1.0499631418764188,25608.64
1, 107335.0,0.9824086616719013,-1.2342651945647232,3.075477888622938,17472.77
2, 107336.0,-1.2458295448770862,0.4181783897329248,0.618226106788581,22768.98
1, 107337.0,1.5574378762651884,-1.2342651945647232,0.0085639834977164,17739.21
1, 107338.0,0.8386513580235796,-0.40804340241589926,-0.9768441290134084,27536.45
0, 107339.0,-0.09577111569051194,0.4181783897329248,0.1690375692501642,13451.22
0, 107340.0,-0.8864362857562816,1.244400181881749,-1.9146925296180617,18765.51
0, 107341.0,1.5574378762651884,2.070621974030573,0.49459512099089126,10401.76
2, 107342.0,-0.9583149375804426,-0.40804340241589926,0.4535061181873411,24045.24
2, 107343.0,-0.7426789821079599,-1.2342651945647232,1.5708762544661667,10390.93
0, 107344.0,-0.38328572298715546,2.896843766179397,0.09878993355157503,17701.3
1, 107345.0,1.70119517991351,0.4181783897329248,0.7148418820815744,18072.64
2, 107346.0,-1.4614655003495687,-0.40804340241589926,0.8550945018873932,7320.23
0, 107347.0,0.2636221434302925,0.4181783897329248,0.019645072836469095,12903.09
2, 107348.0,-0.16764976751467284,-0.40804340241589926,-1.0526323093813739,15489.66
2, 107349.0,-1.6771014558220514,-0.40804340241589926,-0.5972157143313954,13138.51
0, 107350.0,1.6293165280893493,2.070621974030573,0.11221665494013669,16760.14
1, 107351.0,1.5574378762651884,-0.40804340241589926,0.43534769076726826,18702.14
0, 107352.0,-0.38328572298715546,0.4181783897329248,-1.3130379088420623,13024.41
1, 107353.0,0.33550079525445337,-0.40804340241589926,1.8987794382567027,27349.22
0, 107354.0,0.9824086616719013,1.244400181881749,-1.0453932035724807,20047.45
1, 107355.0,0.33550079525445337,-0.40804340241589926,-1.9146925296180617,14712.51
2, 107356.0,-0.8864362857562816,0.4181783897329248,0.32684198749765697,26057.97
2, 107357.0,-0.7426789821079599,-0.40804340241589926,1.2065348900398054,14090.28
1, 107358.0,0.04798618795780982,-0.40804340241589926,-1.7547446889802263,8075.07
0, 107359.0,0.04798618795780982,0.4181783897329248,0.09624209184229977,16077.99
1, 107360.0,1.198044617144384,0.4181783897329248,0.6970474320485408,22406.93
1, 107361.0,1.4136805726168666,-1.2342651945647232,-1.0959860603709466,26263.87
2, 107362.0,-0.4551643748113164,-1.2342651945647232,1.1404123313943284,15533.6
2, 107363.0,-1.2458295448770862,-0.40804340241589926,-0.01040328256022161,19877.51
2, 107364.0,-0.9583149375804426,-0.40804340241589926,-0.8806327730393476,23966.99
2, 107365.0,-0.7426789821079599,-0.40804340241589926,2.140339097455133,13674.38
1, 107366.0,1.198044617144384,-1.2342651945647232,-0.21524166759957344,16297.65
2, 107367.0,-1.2458295448770862,-0.40804340241589926,1.6117226056783573,6246.59
1, 107368.0,1.3418019207927057,0.4181783897329248,-0.47273544796394723,8533.06
1, 107369.0,1.4136805726168666,-0.40804340241589926,0.12180139279883884,20405.29
0, 107370.0,-0.23952841933883373,0.4181783897329248,-1.4823682776791336,9959.49
2, 107371.0,-0.16764976751467284,-1.2342651945647232,0.3807510827113699,18284.44
0, 107372.0,1.4855592244410276,2.070621974030573,-0.03139264521282252,26559.92
0, 107373.0,0.2636221434302925,2.070621974030573,-1.40722716822146,21169.87
0, 107374.0,-0.23952841933883373,0.4181783897329248,-0.5154016861113344,29987.43
2, 107375.0,-0.4551643748113164,0.4181783897329248,-0.6021900719542661,15075.13
0, 107376.0,0.19174349160613158,0.4181783897329248,-0.30389038230959503,13141.36
0, 107377.0,0.40737944707861423,1.244400181881749,0.6128068879148844,29431.72
0, 107378.0,0.04798618795780982,0.4181783897329248,-1.9146925296180617,15587.23
1, 107379.0,1.269923268968545,-1.2342651945647232,0.589391009348688,31096.92
2, 107380.0,-1.1739508930529252,-0.40804340241589926,0.606781040062789,5129.54
1, 107381.0,1.198044617144384,-0.40804340241589926,1.1937147976296425,12454.82
2, 107382.0,-1.1020722412287642,-1.2342651945647232,0.6368698373913729,5627.98
2, 107383.0,-1.317708196701247,0.4181783897329248,0.1281103341741871,15030.17
1, 107384.0,1.3418019207927057,0.4181783897329248,-1.5197770646803972,11262.41
2, 107385.0,-0.7426789821079599,0.4181783897329248,-1.2237421232217487,15118.41
2, 107386.0,-0.5270430266354773,-1.2342651945647232,1.6339656682196493,14682.3
2, 107387.0,-1.2458295448770862,-0.40804340241589926,-1.5454576914326161,14648.3
0, 107388.0,0.04798618795780982,0.4181783897329248,-0.42121242673193654,11669.49
1, 107389.0,0.2636221434302925,-0.40804340241589926,-0.9105598026403585,8246.27
1, 107390.0,0.8386513580235796,0.4181783897329248,-1.7919108243901305,11428.76
2, 107391.0,-0.8864362857562816,-1.2342651945647232,1.1126691661155534,29416.09
1, 107392.0,1.70119517991351,-0.40804340241589926,-0.5181921794119693,19685.93
2, 107393.0,-1.6052228039978906,0.4181783897329248,0.33400020944276365,7240.16
0, 107394.0,-0.16764976751467284,1.244400181881749,-0.34352347556498786,24117.65
1, 107395.0,1.5574378762651884,-0.40804340241589926,-0.5415676160462723,31314.33
2, 107396.0,-0.9583149375804426,-0.40804340241589926,-0.9179606761768248,12168.0
2, 107397.0,-0.3114070711629946,-1.2342651945647232,-1.1489245492192213,18310.65
2, 107398.0,0.11986483978197071,-0.40804340241589926,1.99159367195173,16325.0
1, 107399.0,0.6948940543752578,-1.2342651945647232,-0.2230874023868655,7166.99
2, 107400.0,-0.09577111569051194,-0.40804340241589926,-0.04045163795691231,15671.29
1, 107401.0,1.6293165280893493,0.4181783897329248,0.025104733642058927,28459.38
0, 107402.0,-1.2458295448770862,2.070621974030573,0.5630633116861771,10731.79
1, 107403.0,1.4855592244410276,-1.2342651945647232,0.08034841260824938,22586.67
2, 107404.0,-0.23952841933883373,-1.2342651945647232,-0.9414169966749144,9662.93
0, 107405.0,1.0542873134960622,1.244400181881749,-0.9199423308395944,16618.51
2, 107406.0,-0.38328572298715546,0.4181783897329248,-0.04910621138206953,22729.46
0, 107407.0,1.3418019207927057,1.244400181881749,0.36008525551391507,21202.51
2, 107408.0,-0.7426789821079599,-1.2342651945647232,-1.9146925296180617,33942.07
0, 107409.0,-0.23952841933883373,0.4181783897329248,0.23095416697874221,11593.32
1, 107410.0,0.9824086616719013,0.4181783897329248,-0.08877974656935564,15441.2
2, 107411.0,-0.09577111569051194,-1.2342651945647232,0.6435427561537606,24766.74
1, 107412.0,0.9105300098477405,0.4181783897329248,1.3894537479930114,6341.3
2, 107413.0,-0.09577111569051194,-1.2342651945647232,0.28599563628546637,9079.46
1, 107414.0,0.9824086616719013,-0.40804340241589926,1.0816097624215313,21443.11
0, 107415.0,0.19174349160613158,0.4181783897329248,0.15140488694470372,28849.13
0, 107416.0,-0.23952841933883373,0.4181783897329248,-0.4862430532162954,12993.34
2, 107417.0,-0.9583149375804426,-1.2342651945647232,-0.7207253743334054,11876.59
1, 107418.0,1.6293165280893493,-1.2342651945647232,0.07719394192057526,27367.47
0, 107419.0,-1.4614655003495687,2.070621974030573,1.2453187027254398,16135.22
2, 107420.0,-1.389586848525408,-0.40804340241589926,0.5765709169385252,18473.82
2, 107421.0,-1.1020722412287642,-0.40804340241589926,-1.000623984966644,12818.79
1, 107422.0,1.4855592244410276,-1.2342651945647232,-0.3669797960630775,42239.47
1, 107423.0,1.3418019207927057,-0.40804340241589926,-1.2466322566733326,23328.73
0, 107424.0,1.3418019207927057,1.244400181881749,1.3084081164789223,20423.23
2, 107425.0,-1.4614655003495687,0.4181783897329248,0.6671204024475299,14282.2
1, 107426.0,0.9824086616719013,-0.40804340241589926,-0.5019749647227728,16673.95
0, 107427.0,1.4855592244410276,1.244400181881749,-0.10354105171039482,31748.27
1, 107428.0,1.3418019207927057,-0.40804340241589926,0.3710045771250947,11426.75
2, 107429.0,-0.023892463866351063,-1.2342651945647232,0.5463607938142615,12025.69
0, 107430.0,-0.670800330283799,1.244400181881749,0.5070916779459079,15909.67
1, 107431.0,0.40737944707861423,0.4181783897329248,-1.9146925296180617,17072.99
2, 107432.0,-0.16764976751467284,-0.40804340241589926,1.0985953738166996,10681.71
1, 107433.0,0.47925809890277515,-1.2342651945647232,-0.9771272225366612,17546.72
0, 107434.0,-0.4551643748113164,1.244400181881749,-1.1025780952695476,10537.66
0, 107435.0,1.70119517991351,2.896843766179397,-0.9393949000802515,17459.55
2, 107436.0,-0.023892463866351063,-1.2342651945647232,1.6799481447822837,11244.68
2, 107437.0,-1.2458295448770862,-1.2342651945647232,0.7635744100129503,24602.5
2, 107438.0,-0.7426789821079599,-1.2342651945647232,1.2320941909963443,16222.08
1, 107439.0,0.8386513580235796,-0.40804340241589926,-0.7144164329580571,25805.38
2, 107440.0,-1.317708196701247,-1.2342651945647232,1.3395888459686243,10098.73
2, 107441.0,-0.8864362857562816,-1.2342651945647232,0.7015364864886925,20517.99
1, 107442.0,0.9105300098477405,0.4181783897329248,0.9709201948296842,14733.06
1, 107443.0,1.70119517991351,-1.2342651945647232,-0.5171406891827446,22586.31
0, 107444.0,-0.23952841933883373,0.4181783897329248,-0.46278673271820575,28064.64
2, 107445.0,-1.5333441521737297,-0.40804340241589926,1.0903856616423684,12339.53
2, 107446.0,-1.4614655003495687,-0.40804340241589926,1.683911454107823,24183.73
2, 107447.0,-0.9583149375804426,0.4181783897329248,1.048649587928526,23708.78
0, 107448.0,1.5574378762651884,2.070621974030573,0.3606110006285274,17113.65
2, 107449.0,-1.1739508930529252,-1.2342651945647232,-1.6817065599810024,32638.84
1, 107450.0,1.4855592244410276,-1.2342651945647232,-1.9146925296180617,13147.57
0, 107451.0,1.1261659653202232,1.244400181881749,-1.4414006006712632,19102.23
0, 107452.0,-0.09577111569051194,2.896843766179397,-1.0242016312604136,10060.23
2, 107453.0,-0.7426789821079599,-0.40804340241589926,0.7006467639870408,13021.85
0, 107454.0,-0.23952841933883373,1.244400181881749,0.3020915251789831,17817.66
2, 107455.0,-0.9583149375804426,0.4181783897329248,0.2849037041243484,10277.72
0, 107456.0,-0.670800330283799,2.070621974030573,-0.8835041502037689,34575.0
2, 107457.0,-1.1020722412287642,0.4181783897329248,-1.9146925296180617,29256.87
1, 107458.0,1.3418019207927057,-0.40804340241589926,-1.8302093338930459,9282.99
1, 107459.0,0.7667727061994186,0.4181783897329248,0.4615540626340994,17267.42
1, 107460.0,0.47925809890277515,-0.40804340241589926,-0.8200912009951403,17830.33
1, 107461.0,1.0542873134960622,0.4181783897329248,1.233145681225569,3330.15
2, 107462.0,-0.7426789821079599,-0.40804340241589926,0.05766048881613163,20775.69
2, 107463.0,-0.38328572298715546,-0.40804340241589926,-0.5133795895166715,29858.71
2, 107464.0,-0.8864362857562816,-0.40804340241589926,-0.8069475731298315,16305.45
2, 107465.0,-1.317708196701247,-1.2342651945647232,0.26917179261787105,14450.07
0, 107466.0,1.5574378762651884,1.244400181881749,-1.9146925296180617,21541.39
1, 107467.0,1.6293165280893493,-1.2342651945647232,0.3566072493710949,33141.92
2, 107468.0,-0.8145576339321208,0.4181783897329248,0.69567240636417,12073.14
2, 107469.0,-1.6052228039978906,-0.40804340241589926,0.9250994859946228,17876.17
2, 107470.0,-1.2458295448770862,-0.40804340241589926,0.990170554410875,15315.81
2, 107471.0,-0.38328572298715546,0.4181783897329248,1.6190830372829303,17873.46
2, 107472.0,-1.0301935894046035,-0.40804340241589926,-0.022252768604946207,21064.57
1, 107473.0,0.7667727061994186,0.4181783897329248,0.31167626303768525,26334.57
1, 107474.0,1.198044617144384,-0.40804340241589926,-1.261878864997091,33165.32
1, 107475.0,1.4855592244410276,0.4181783897329248,0.2381123889238489,22025.52
2, 107476.0,0.04798618795780982,-0.40804340241589926,0.7295223033588271,31369.42
1, 107477.0,0.8386513580235796,-0.40804340241589926,-0.9408508096284087,12832.25
2, 107478.0,-0.670800330283799,-1.2342651945647232,-0.5219937210099355,21894.58
0, 107479.0,-1.2458295448770862,1.244400181881749,-0.4495622209891104,8971.73
1, 107480.0,1.198044617144384,0.4181783897329248,1.108827182585694,19345.76
0, 107481.0,-0.8864362857562816,1.244400181881749,0.9055660328901792,27197.23
2, 107482.0,-0.7426789821079599,-1.2342651945647232,0.4999334560008013,20517.32
1, 107483.0,0.47925809890277515,0.4181783897329248,1.2327412619066365,7617.75
1, 107484.0,0.2636221434302925,-0.40804340241589926,-0.28354809056728625,14700.08
2, 107485.0,-1.5333441521737297,-1.2342651945647232,0.290161155270472,23918.92
1, 107486.0,0.6948940543752578,-0.40804340241589926,-0.8394628863720109,34037.86
1, 107487.0,0.7667727061994186,-0.40804340241589926,0.6223107419098001,5235.82
1, 107488.0,-0.023892463866351063,-0.40804340241589926,-1.648867711283677,20959.55
2, 107489.0,-0.670800330283799,-1.2342651945647232,0.246119891438714,9589.29
2, 107490.0,-1.317708196701247,-0.40804340241589926,2.2865366812492605,19300.15
2, 107491.0,-0.023892463866351063,-0.40804340241589926,0.0342850521818285,18483.35
1, 107492.0,0.19174349160613158,-0.40804340241589926,-0.8209404815648987,15722.76
2, 107493.0,-1.317708196701247,0.4181783897329248,0.09001403433073804,7425.48
2, 107494.0,-0.09577111569051194,-1.2342651945647232,1.0967350449496098,14620.65
2, 107495.0,-1.6052228039978906,-1.2342651945647232,-0.2628822633698314,16676.79
0, 107496.0,0.9105300098477405,1.244400181881749,1.0579512322639755,11088.39
2, 107497.0,-1.389586848525408,-1.2342651945647232,0.04447641901892952,5319.79
2, 107498.0,-1.6771014558220514,-0.40804340241589926,1.9344896641184497,17097.41
1, 107499.0,0.40737944707861423,-1.2342651945647232,0.8319617168444496,13223.05
2, 107500.0,-1.317708196701247,-1.2342651945647232,0.08625293466466505,12872.38
