5, 100001.0,1.0542873134960622,-0.5787164763893626,-0.8317460740870789,-0.6125275437631839,24353.46
13, 100002.0,-0.8864362857562816,-0.47733572462655954,-0.8317460740870789,-0.6125275437631839,22530.6
16, 100003.0,-1.5333441521737297,0.41481489088610823,0.3488170515096455,-0.6125275437631839,13393.16
2, 100004.0,1.269923268968545,-1.998047001068606,1.5293801771063698,-0.6125275437631839,17937.26
6, 100005.0,1.4136805726168666,0.6378525447642746,-0.8317460740870789,-0.6125275437631839,22147.64
15, 100006.0,1.269923268968545,0.8203378979373206,0.3488170515096455,-0.6125275437631839,15593.27
12, 100007.0,0.40737944707861423,-0.35567882251119554,0.3488170515096455,-0.6125275437631839,5170.06
18, 100008.0,0.9105300098477405,0.3337102894758653,0.3488170515096455,2.951441873012518,21082.43
1, 100009.0,-1.6052228039978906,-0.4570595742739986,0.3488170515096455,1.1694571646246668,15060.14
6, 100010.0,1.70119517991351,2.2193922722640034,-0.8317460740870789,-0.6125275437631839,23103.72
0, 100011.0,-1.6771014558220514,1.1650324539308503,0.3488170515096455,1.1694571646246668,22169.67
13, 100012.0,-0.9583149375804426,-0.23402192039583222,-0.8317460740870789,-0.6125275437631839,3432.57
13, 100013.0,-1.1739508930529252,0.41481489088610823,-0.8317460740870789,-0.6125275437631839,10977.04
3, 100014.0,1.5574378762651884,0.19177723700794108,1.5293801771063698,1.1694571646246668,21412.93
12, 100015.0,0.19174349160613158,-1.045067934498257,0.3488170515096455,-0.6125275437631839,14524.0
14, 100016.0,-0.8864362857562816,0.6581286951168355,-0.8317460740870789,-0.6125275437631839,9668.49
11, 100017.0,0.6230154025510969,-0.5584403260368017,0.3488170515096455,1.1694571646246668,17393.45
4, 100018.0,-1.6771014558220514,1.6719362127448658,0.3488170515096455,-0.6125275437631839,31405.02
1, 100019.0,-1.389586848525408,-0.2948503714535135,1.5293801771063698,2.951441873012518,36427.58
14, 100020.0,-0.5989216784596382,1.5502793106295032,-0.8317460740870789,-0.6125275437631839,12577.33
6, 100021.0,0.7667727061994186,1.246137055341094,-0.8317460740870789,-0.6125275437631839,13481.34
12, 100022.0,0.7667727061994186,-0.7409256792098478,0.3488170515096455,-0.6125275437631839,17328.52
13, 100023.0,-1.1020722412287642,0.3134341391233051,-0.8317460740870789,-0.6125275437631839,17840.17
6, 100024.0,1.6293165280893493,0.3945387405335473,-0.8317460740870789,-0.6125275437631839,11919.22
15, 100025.0,1.4855592244410276,1.1650324539308503,0.3488170515096455,-0.6125275437631839,20346.9
15, 100026.0,1.0542873134960622,0.5364717930014715,0.3488170515096455,-0.6125275437631839,15011.19
6, 100027.0,1.6293165280893493,1.4691747092192595,-0.8317460740870789,-0.6125275437631839,13317.41
3, 100028.0,0.8386513580235796,-1.3694863401392265,3.8905064282998185,4.733426581400368,32977.8
18, 100029.0,0.11986483978197071,0.3337102894758653,-0.8317460740870789,1.1694571646246668,15181.87
18, 100030.0,0.6948940543752578,0.4959194922963504,0.3488170515096455,1.1694571646246668,17269.19
1, 100031.0,-0.9583149375804426,-0.4570595742739986,0.3488170515096455,1.1694571646246668,14650.1
6, 100032.0,1.3418019207927057,1.2055847546359721,-0.8317460740870789,-0.6125275437631839,12175.36
10, 100033.0,0.2636221434302925,-0.25429807074839245,-0.8317460740870789,-0.6125275437631839,16021.39
11, 100034.0,0.7667727061994186,-0.6395449274470446,0.3488170515096455,1.1694571646246668,14134.2
5, 100035.0,1.4855592244410276,-0.37595497286375645,-0.8317460740870789,-0.6125275437631839,11512.07
19, 100036.0,1.6293165280893493,1.4894508595718206,1.5293801771063698,-0.6125275437631839,16044.34
14, 100037.0,-1.4614655003495687,0.8000617475847597,-0.8317460740870789,-0.6125275437631839,9184.31
5, 100038.0,0.9824086616719013,-0.923411032382893,-0.8317460740870789,-0.6125275437631839,12318.5
1, 100039.0,-1.1020722412287642,-0.7409256792098478,1.5293801771063698,1.1694571646246668,22717.92
0, 100040.0,-0.38328572298715546,0.4553671915912293,-0.8317460740870789,1.1694571646246668,12432.81
18, 100041.0,1.1261659653202232,0.2323295377130622,0.3488170515096455,1.1694571646246668,22840.85
10, 100042.0,0.47925809890277515,-0.5381641756842416,-0.8317460740870789,-0.6125275437631839,12609.6
6, 100043.0,1.3418019207927057,1.1853086042834111,-0.8317460740870789,-0.6125275437631839,16222.49
14, 100044.0,-1.4614655003495687,0.7189571461745176,-0.8317460740870789,-0.6125275437631839,17255.62
4, 100045.0,-0.09577111569051194,2.564086828257534,0.3488170515096455,-0.6125275437631839,11311.32
16, 100046.0,-0.023892463866351063,0.2728818384181833,0.3488170515096455,-0.6125275437631839,13377.25
15, 100047.0,0.551136750726936,2.2802207233216847,0.3488170515096455,-0.6125275437631839,16991.06
17, 100048.0,0.6230154025510969,-1.3492101897866664,-0.8317460740870789,-0.6125275437631839,28722.89
9, 100049.0,0.6230154025510969,1.7327646638025485,-0.8317460740870789,-0.6125275437631839,19265.42
1, 100050.0,-0.8864362857562816,-1.795285497543,1.5293801771063698,1.1694571646246668,26437.99
10, 100051.0,0.33550079525445337,-0.5584403260368017,-0.8317460740870789,-0.6125275437631839,11811.44
12, 100052.0,0.6948940543752578,-0.9436871827354539,0.3488170515096455,-0.6125275437631839,15490.06
6, 100053.0,1.0542873134960622,0.5364717930014715,-0.8317460740870789,-0.6125275437631839,12146.61
3, 100054.0,0.04798618795780982,-0.35567882251119554,2.709943302703094,1.1694571646246668,35505.75
13, 100055.0,-0.5270430266354773,0.2728818384181833,-0.8317460740870789,-0.6125275437631839,11091.22
11, 100056.0,1.3418019207927057,-0.07181271757534712,-0.8317460740870789,1.1694571646246668,15968.39
14, 100057.0,-0.8145576339321208,0.7189571461745176,-0.8317460740870789,-0.6125275437631839,16374.02
18, 100058.0,1.70119517991351,1.6313839120397455,0.3488170515096455,2.951441873012518,18127.51
18, 100059.0,0.33550079525445337,1.1650324539308503,-0.8317460740870789,1.1694571646246668,30956.62
6, 100060.0,1.269923268968545,2.4829822268472905,-0.8317460740870789,-0.6125275437631839,11832.07
17, 100061.0,0.6948940543752578,-1.775009347190439,-0.8317460740870789,-0.6125275437631839,13209.67
0, 100062.0,-0.8145576339321208,2.0369069190909577,0.3488170515096455,1.1694571646246668,21549.19
18, 100063.0,0.40737944707861423,1.5705554609820627,-0.8317460740870789,1.1694571646246668,28066.95
10, 100064.0,0.6948940543752578,-0.33540267215863534,-0.8317460740870789,-0.6125275437631839,14574.22
13, 100065.0,-0.7426789821079599,-0.5787164763893626,-0.8317460740870789,-0.6125275437631839,28702.21
12, 100066.0,1.6293165280893493,-0.5178880253316807,0.3488170515096455,-0.6125275437631839,15957.6
8, 100067.0,-0.4551643748113164,-0.09208886792790731,2.709943302703094,-0.6125275437631839,14704.07
10, 100068.0,-0.16764976751467284,0.3134341391233051,-0.8317460740870789,-0.6125275437631839,10797.15
12, 100069.0,1.198044617144384,-0.010984266517665113,0.3488170515096455,-0.6125275437631839,22950.29
1, 100070.0,-0.670800330283799,-1.0045156337931354,0.3488170515096455,1.1694571646246668,25324.64
0, 100071.0,-0.5989216784596382,1.327241656751336,-0.8317460740870789,1.1694571646246668,18175.86
18, 100072.0,0.551136750726936,1.0433755518154877,0.3488170515096455,2.951441873012518,24597.69
19, 100073.0,0.551136750726936,-0.4165072735688775,1.5293801771063698,-0.6125275437631839,16338.77
12, 100074.0,1.6293165280893493,-0.07181271757534712,0.3488170515096455,-0.6125275437631839,12041.46
10, 100075.0,0.40737944707861423,-0.17319346933815022,-0.8317460740870789,-0.6125275437631839,13536.07
10, 100076.0,0.33550079525445337,0.04984418454001689,-0.8317460740870789,-0.6125275437631839,29772.7
10, 100077.0,0.47925809890277515,0.13094878595025908,-0.8317460740870789,-0.6125275437631839,31255.04
12, 100078.0,0.11986483978197071,-0.9436871827354539,0.3488170515096455,-0.6125275437631839,13095.92
3, 100079.0,1.70119517991351,-0.35567882251119554,1.5293801771063698,1.1694571646246668,15906.18
5, 100080.0,0.7667727061994186,-0.3151265218060744,-0.8317460740870789,-0.6125275437631839,14729.95
18, 100081.0,1.70119517991351,1.0230994014629269,-0.8317460740870789,1.1694571646246668,34842.01
5, 100082.0,1.5574378762651884,-1.1464486862610601,-0.8317460740870789,-0.6125275437631839,13671.71
11, 100083.0,1.269923268968545,-0.8423064309726509,-0.8317460740870789,1.1694571646246668,30781.91
10, 100084.0,-0.023892463866351063,-0.7206495288572868,-0.8317460740870789,-0.6125275437631839,10075.45
7, 100085.0,-1.2458295448770862,-1.5722478436648328,-0.8317460740870789,-0.6125275437631839,8885.81
18, 100086.0,0.8386513580235796,0.2526056880656231,-0.8317460740870789,1.1694571646246668,11291.11
1, 100087.0,-1.1739508930529252,0.3337102894758653,1.5293801771063698,1.1694571646246668,13981.98
17, 100088.0,-0.5989216784596382,-1.856113948600682,-0.8317460740870789,-0.6125275437631839,13443.03
10, 100089.0,-0.23952841933883373,-0.25429807074839245,-0.8317460740870789,-0.6125275437631839,23019.58
7, 100090.0,-1.4614655003495687,-2.2008085045942125,-0.8317460740870789,-0.6125275437631839,12539.59
9, 100091.0,-0.23952841933883373,0.7189571461745176,-0.8317460740870789,-0.6125275437631839,9477.62
6, 100092.0,0.551136750726936,0.5161956426489113,-0.8317460740870789,-0.6125275437631839,18563.61
10, 100093.0,0.47925809890277515,-0.5787164763893626,-0.8317460740870789,-0.6125275437631839,10808.51
3, 100094.0,0.9105300098477405,0.7392332965270777,1.5293801771063698,1.1694571646246668,19825.37
7, 100095.0,-1.389586848525408,-1.0247917841456962,-0.8317460740870789,-0.6125275437631839,32102.61
1, 100096.0,-1.6052228039978906,0.15122493630282,1.5293801771063698,1.1694571646246668,15838.71
3, 100097.0,-0.09577111569051194,-0.37595497286375645,1.5293801771063698,1.1694571646246668,35569.83
4, 100098.0,-1.6052228039978906,1.327241656751336,0.3488170515096455,-0.6125275437631839,10467.5
5, 100099.0,0.551136750726936,-0.882858731677772,-0.8317460740870789,-0.6125275437631839,12767.47
1, 100100.0,-0.8864362857562816,-0.37595497286375645,1.5293801771063698,1.1694571646246668,27084.19
4, 100101.0,-0.670800330283799,1.246137055341094,0.3488170515096455,-0.6125275437631839,13633.22
11, 100102.0,1.269923268968545,-0.6395449274470446,0.3488170515096455,1.1694571646246668,20011.61
4, 100103.0,-0.9583149375804426,0.6378525447642746,1.5293801771063698,-0.6125275437631839,19718.37
16, 100104.0,-0.3114070711629946,-0.5989926267419229,0.3488170515096455,-0.6125275437631839,11383.95
15, 100105.0,1.4855592244410276,0.5567479433540324,0.3488170515096455,-0.6125275437631839,31771.79
16, 100106.0,-0.7426789821079599,-0.9842394834405751,0.3488170515096455,-0.6125275437631839,18605.87
8, 100107.0,-1.0301935894046035,0.15122493630282,1.5293801771063698,-0.6125275437631839,14408.04
12, 100108.0,0.2636221434302925,-0.8423064309726509,0.3488170515096455,-0.6125275437631839,12413.1
18, 100109.0,-0.023892463866351063,0.6986809958219566,-0.8317460740870789,1.1694571646246668,11723.52
1, 100110.0,-1.2458295448770862,-0.8423064309726509,0.3488170515096455,1.1694571646246668,17213.55
3, 100111.0,-0.16764976751467284,0.9419948000526847,1.5293801771063698,1.1694571646246668,21412.47
11, 100112.0,0.2636221434302925,-1.5925239940173936,0.3488170515096455,1.1694571646246668,31332.41
1, 100113.0,-1.1739508930529252,-0.4570595742739986,0.3488170515096455,1.1694571646246668,20081.75
12, 100114.0,1.5574378762651884,-0.6395449274470446,0.3488170515096455,-0.6125275437631839,16454.55
14, 100115.0,-1.4614655003495687,0.5770240937065926,-0.8317460740870789,-0.6125275437631839,10618.45
6, 100116.0,1.70119517991351,1.0433755518154877,-0.8317460740870789,-0.6125275437631839,10880.97
17, 100117.0,0.2636221434302925,-0.9436871827354539,-0.8317460740870789,-0.6125275437631839,24448.03
14, 100118.0,-0.8145576339321208,0.6581286951168355,-0.8317460740870789,-0.6125275437631839,28152.92
16, 100119.0,-0.09577111569051194,0.3742625901809864,0.3488170515096455,-0.6125275437631839,9806.0
13, 100120.0,-0.9583149375804426,-0.3151265218060744,-0.8317460740870789,-0.6125275437631839,18564.31
8, 100121.0,-0.23952841933883373,-0.7612018295624079,2.709943302703094,-0.6125275437631839,35031.3
13, 100122.0,-1.5333441521737297,-0.7003733785047259,-0.8317460740870789,-0.6125275437631839,7895.11
2, 100123.0,1.4855592244410276,-1.4303147911969085,0.3488170515096455,-0.6125275437631839,13939.12
2, 100124.0,1.198044617144384,-1.3694863401392265,0.3488170515096455,-0.6125275437631839,11702.94
5, 100125.0,1.4855592244410276,-1.6128001443699538,-0.8317460740870789,-0.6125275437631839,14404.49
12, 100126.0,1.1261659653202232,-0.8423064309726509,0.3488170515096455,-0.6125275437631839,26753.23
6, 100127.0,1.0542873134960622,0.3742625901809864,-0.8317460740870789,-0.6125275437631839,9853.69
3, 100128.0,0.9105300098477405,-0.7814779799149688,1.5293801771063698,1.1694571646246668,17926.56
6, 100129.0,0.8386513580235796,0.5770240937065926,-0.8317460740870789,-0.6125275437631839,14329.76
7, 100130.0,-1.389586848525408,-1.2072771373187414,-0.8317460740870789,-0.6125275437631839,31835.19
5, 100131.0,0.9105300098477405,-0.11236501828046822,-0.8317460740870789,-0.6125275437631839,11081.85
3, 100132.0,0.6948940543752578,1.0230994014629269,1.5293801771063698,1.1694571646246668,36003.4
1, 100133.0,-1.1739508930529252,-0.05153656722278621,1.5293801771063698,2.951441873012518,23909.59
11, 100134.0,0.551136750726936,0.009291883834895796,-0.8317460740870789,1.1694571646246668,18968.08
7, 100135.0,-1.1020722412287642,-1.4100386408443477,-0.8317460740870789,1.1694571646246668,7691.86
7, 100136.0,-1.6052228039978906,-1.4100386408443477,-0.8317460740870789,-0.6125275437631839,6717.09
3, 100137.0,0.40737944707861423,2.1180115205012,1.5293801771063698,1.1694571646246668,36712.69
9, 100138.0,0.19174349160613158,0.6986809958219566,-0.8317460740870789,-0.6125275437631839,15241.57
3, 100139.0,0.8386513580235796,-0.6598210777996049,1.5293801771063698,1.1694571646246668,17657.33
11, 100140.0,0.33550079525445337,-0.23402192039583222,0.3488170515096455,1.1694571646246668,18316.98
10, 100141.0,-0.4551643748113164,-0.17319346933815022,-0.8317460740870789,-0.6125275437631839,11907.16
13, 100142.0,-0.9583149375804426,-0.862582581325211,-0.8317460740870789,-0.6125275437631839,29817.71
14, 100143.0,-0.8145576339321208,1.246137055341094,-0.8317460740870789,-0.6125275437631839,10863.47
14, 100144.0,-1.6771014558220514,1.9760784680332752,-0.8317460740870789,-0.6125275437631839,22802.53
16, 100145.0,-0.5270430266354773,-0.23402192039583222,0.3488170515096455,-0.6125275437631839,10082.63
13, 100146.0,-1.2458295448770862,-0.47733572462655954,-0.8317460740870789,-0.6125275437631839,10919.55
18, 100147.0,0.8386513580235796,0.1715010866553802,-0.8317460740870789,1.1694571646246668,21980.09
13, 100148.0,-0.9583149375804426,0.4350910412386684,-0.8317460740870789,-0.6125275437631839,11507.48
5, 100149.0,1.6293165280893493,-0.25429807074839245,-0.8317460740870789,-0.6125275437631839,35214.64
10, 100150.0,-0.4551643748113164,0.1715010866553802,-0.8317460740870789,-0.6125275437631839,15788.6
18, 100151.0,1.70119517991351,0.5364717930014715,0.3488170515096455,1.1694571646246668,28086.72
16, 100152.0,-1.1739508930529252,0.009291883834895796,0.3488170515096455,-0.6125275437631839,14583.13
19, 100153.0,0.2636221434302925,0.6175763944117144,1.5293801771063698,-0.6125275437631839,22698.0
15, 100154.0,0.04798618795780982,0.6175763944117144,0.3488170515096455,-0.6125275437631839,20059.78
16, 100155.0,-1.389586848525408,-0.4165072735688775,0.3488170515096455,-0.6125275437631839,9137.23
4, 100156.0,-0.670800330283799,1.3880701078090174,0.3488170515096455,-0.6125275437631839,16222.45
1, 100157.0,-1.317708196701247,-0.7612018295624079,1.5293801771063698,1.1694571646246668,33141.41
11, 100158.0,-0.23952841933883373,-0.7814779799149688,-0.8317460740870789,1.1694571646246668,16570.62
18, 100159.0,-0.23952841933883373,1.4691747092192595,-0.8317460740870789,1.1694571646246668,17217.81
0, 100160.0,-0.5270430266354773,0.41481489088610823,0.3488170515096455,1.1694571646246668,29901.67
19, 100161.0,0.7667727061994186,-0.07181271757534712,1.5293801771063698,-0.6125275437631839,19165.72
5, 100162.0,0.9105300098477405,-0.5787164763893626,-0.8317460740870789,-0.6125275437631839,11806.65
13, 100163.0,-0.5270430266354773,-0.13264116863302913,-0.8317460740870789,-0.6125275437631839,11897.5
14, 100164.0,-0.7426789821079599,1.4488985588667003,-0.8317460740870789,-0.6125275437631839,11161.16
14, 100165.0,-1.0301935894046035,1.7124885134499876,-0.8317460740870789,-0.6125275437631839,10998.49
11, 100166.0,0.6230154025510969,-1.1667248366136203,0.3488170515096455,1.1694571646246668,15565.55
0, 100167.0,0.04798618795780982,0.13094878595025908,-0.8317460740870789,1.1694571646246668,16953.34
10, 100168.0,0.33550079525445337,-0.4570595742739986,-0.8317460740870789,-0.6125275437631839,13918.5
11, 100169.0,1.70119517991351,-0.25429807074839245,0.3488170515096455,2.951441873012518,23301.32
1, 100170.0,-1.317708196701247,-0.21374577004327133,1.5293801771063698,1.1694571646246668,17742.31
10, 100171.0,-0.023892463866351063,-0.5178880253316807,-0.8317460740870789,-0.6125275437631839,37144.04
1, 100172.0,0.04798618795780982,-2.0183231514211664,1.5293801771063698,1.1694571646246668,24414.84
13, 100173.0,-0.8864362857562816,0.41481489088610823,-0.8317460740870789,-0.6125275437631839,7345.24
6, 100174.0,0.6230154025510969,0.9622709504052441,-0.8317460740870789,-0.6125275437631839,17292.81
18, 100175.0,0.2636221434302925,0.2526056880656231,0.3488170515096455,1.1694571646246668,14849.63
8, 100176.0,0.11986483978197071,-0.4165072735688775,1.5293801771063698,-0.6125275437631839,20604.88
14, 100177.0,-0.7426789821079599,1.3475178071038971,-0.8317460740870789,-0.6125275437631839,22272.74
15, 100178.0,1.1261659653202232,0.9419948000526847,0.3488170515096455,-0.6125275437631839,12213.74
0, 100179.0,-0.9583149375804426,1.2866893560462143,0.3488170515096455,1.1694571646246668,19051.55
15, 100180.0,0.2636221434302925,1.5097270099243814,0.3488170515096455,-0.6125275437631839,14574.99
12, 100181.0,1.4855592244410276,-0.3962311232163166,0.3488170515096455,-0.6125275437631839,30596.7
7, 100182.0,-1.2458295448770862,-1.3086578890815446,-0.8317460740870789,-0.6125275437631839,11314.87
10, 100183.0,0.551136750726936,0.3337102894758653,-0.8317460740870789,-0.6125275437631839,22735.65
1, 100184.0,-0.5989216784596382,-1.2072771373187414,0.3488170515096455,1.1694571646246668,29902.08
18, 100185.0,0.8386513580235796,1.0839278525206082,0.3488170515096455,2.951441873012518,22136.6
6, 100186.0,0.9824086616719013,1.12448015322573,-0.8317460740870789,-0.6125275437631839,13658.8
7, 100187.0,-0.670800330283799,-1.3492101897866664,-0.8317460740870789,-0.6125275437631839,11965.41
16, 100188.0,-0.3114070711629946,-0.15291731898558933,0.3488170515096455,-0.6125275437631839,12707.7
13, 100189.0,-0.8864362857562816,0.3337102894758653,-0.8317460740870789,-0.6125275437631839,9643.53
0, 100190.0,-1.1739508930529252,-0.49761187497911974,-0.8317460740870789,2.951441873012518,31087.09
16, 100191.0,-1.6052228039978906,0.5364717930014715,0.3488170515096455,-0.6125275437631839,5887.58
19, 100192.0,1.269923268968545,-0.4165072735688775,1.5293801771063698,-0.6125275437631839,31446.42
14, 100193.0,-0.8864362857562816,1.246137055341094,-0.8317460740870789,-0.6125275437631839,9397.64
18, 100194.0,1.0542873134960622,1.0028232511103659,0.3488170515096455,1.1694571646246668,37434.28
9, 100195.0,0.04798618795780982,2.5032583771998516,-0.8317460740870789,-0.6125275437631839,28372.73
12, 100196.0,0.11986483978197071,-0.6800972281521658,0.3488170515096455,-0.6125275437631839,16889.22
0, 100197.0,-1.1020722412287642,1.5502793106295032,-0.8317460740870789,1.1694571646246668,10566.51
5, 100198.0,1.1261659653202232,-1.1667248366136203,-0.8317460740870789,-0.6125275437631839,26628.39
10, 100199.0,-0.23952841933883373,0.09039648524513799,-0.8317460740870789,-0.6125275437631839,12919.91
3, 100200.0,0.7667727061994186,-0.3151265218060744,1.5293801771063698,1.1694571646246668,21379.25
6, 100201.0,1.269923268968545,0.2526056880656231,-0.8317460740870789,-0.6125275437631839,7806.97
15, 100202.0,0.04798618795780982,0.9217186497001237,0.3488170515096455,-0.6125275437631839,13334.83
9, 100203.0,-0.4551643748113164,1.915250016975594,-0.8317460740870789,-0.6125275437631839,35540.99
15, 100204.0,0.40737944707861423,0.5973002440591535,0.3488170515096455,-0.6125275437631839,15921.25
1, 100205.0,-0.8864362857562816,-1.5316955429597117,1.5293801771063698,1.1694571646246668,20375.59
16, 100206.0,-1.1739508930529252,0.2526056880656231,0.3488170515096455,-0.6125275437631839,13881.05
12, 100207.0,1.3418019207927057,0.07012033489257707,0.3488170515096455,-0.6125275437631839,12094.35
5, 100208.0,1.4855592244410276,-0.3151265218060744,-0.8317460740870789,-0.6125275437631839,9903.22
11, 100209.0,0.33550079525445337,-1.1870009869661813,-0.8317460740870789,1.1694571646246668,15065.85
6, 100210.0,1.198044617144384,0.41481489088610823,-0.8317460740870789,-0.6125275437631839,14837.41
10, 100211.0,-0.38328572298715546,-0.21374577004327133,-0.8317460740870789,-0.6125275437631839,11630.59
10, 100212.0,-0.16764976751467284,-0.5381641756842416,-0.8317460740870789,-0.6125275437631839,12243.45
11, 100213.0,1.3418019207927057,-0.09208886792790731,0.3488170515096455,1.1694571646246668,13906.66
7, 100214.0,-1.1739508930529252,-0.882858731677772,-0.8317460740870789,-0.6125275437631839,8688.98
10, 100215.0,-0.38328572298715546,-0.6800972281521658,-0.8317460740870789,-0.6125275437631839,10409.98
2, 100216.0,0.33550079525445337,-1.1667248366136203,0.3488170515096455,-0.6125275437631839,13214.27
1, 100217.0,-1.4614655003495687,-0.3962311232163166,2.709943302703094,2.951441873012518,23894.97
14, 100218.0,-0.8864362857562816,2.4424299261421702,-0.8317460740870789,1.1694571646246668,16815.38
14, 100219.0,-1.5333441521737297,1.1853086042834111,-0.8317460740870789,-0.6125275437631839,8717.98
11, 100220.0,1.3418019207927057,-0.2948503714535135,-0.8317460740870789,1.1694571646246668,12269.52
4, 100221.0,-1.6052228039978906,1.4488985588667003,1.5293801771063698,1.1694571646246668,22169.81
6, 100222.0,0.8386513580235796,0.6986809958219566,-0.8317460740870789,-0.6125275437631839,19746.92
13, 100223.0,-0.5989216784596382,-0.09208886792790731,-0.8317460740870789,-0.6125275437631839,8263.14
11, 100224.0,1.1261659653202232,-0.3151265218060744,-0.8317460740870789,1.1694571646246668,15210.33
11, 100225.0,1.6293165280893493,-0.13264116863302913,0.3488170515096455,1.1694571646246668,24249.12
17, 100226.0,-0.16764976751467284,-1.045067934498257,-0.8317460740870789,-0.6125275437631839,15362.77
1, 100227.0,0.9824086616719013,-1.795285497543,1.5293801771063698,2.951441873012518,35756.04
14, 100228.0,-0.9583149375804426,1.6111077616871845,-0.8317460740870789,-0.6125275437631839,11150.6
16, 100229.0,-0.5989216784596382,-0.15291731898558933,0.3488170515096455,-0.6125275437631839,7646.15
9, 100230.0,0.6230154025510969,1.5097270099243814,-0.8317460740870789,-0.6125275437631839,11964.32
12, 100231.0,0.2636221434302925,-0.8017541302675291,0.3488170515096455,-0.6125275437631839,9028.19
2, 100232.0,1.4136805726168666,-1.6533524450750756,1.5293801771063698,1.1694571646246668,21253.36
13, 100233.0,-0.670800330283799,-0.3151265218060744,-0.8317460740870789,-0.6125275437631839,29117.93
13, 100234.0,-1.317708196701247,0.212053387360502,-0.8317460740870789,-0.6125275437631839,21176.5
15, 100235.0,0.551136750726936,0.4959194922963504,0.3488170515096455,-0.6125275437631839,16656.31
16, 100236.0,-0.8145576339321208,-0.7612018295624079,0.3488170515096455,-0.6125275437631839,13433.82
11, 100237.0,1.3418019207927057,-0.2745742211009533,-0.8317460740870789,2.951441873012518,39779.54
18, 100238.0,1.0542873134960622,0.04984418454001689,0.3488170515096455,1.1694571646246668,29554.71
11, 100239.0,0.11986483978197071,0.029568034187455985,0.3488170515096455,1.1694571646246668,21238.19
10, 100240.0,-0.09577111569051194,-0.47733572462655954,-0.8317460740870789,-0.6125275437631839,14525.19
17, 100241.0,-0.09577111569051194,-1.0856202352033781,-0.8317460740870789,-0.6125275437631839,13894.66
14, 100242.0,-0.8145576339321208,1.4691747092192595,-0.8317460740870789,-0.6125275437631839,15469.62
12, 100243.0,0.7667727061994186,-0.9031348820303321,0.3488170515096455,-0.6125275437631839,11176.11
10, 100244.0,-0.4551643748113164,-0.6598210777996049,-0.8317460740870789,-0.6125275437631839,7825.76
4, 100245.0,-1.4614655003495687,1.3475178071038971,0.3488170515096455,-0.6125275437631839,22298.92
7, 100246.0,-1.1020722412287642,-1.0856202352033781,0.3488170515096455,-0.6125275437631839,12425.43
14, 100247.0,-0.9583149375804426,1.3069655063987753,-0.8317460740870789,-0.6125275437631839,19159.58
10, 100248.0,-0.4551643748113164,-0.6192687770944837,-0.8317460740870789,-0.6125275437631839,11471.99
1, 100249.0,-0.7426789821079599,-0.862582581325211,0.3488170515096455,1.1694571646246668,13876.22
19, 100250.0,1.198044617144384,1.0433755518154877,3.8905064282998185,-0.6125275437631839,19943.92
19, 100251.0,0.8386513580235796,0.7595094468796386,2.709943302703094,-0.6125275437631839,22870.07
12, 100252.0,0.40737944707861423,-0.5787164763893626,0.3488170515096455,-0.6125275437631839,12425.02
3, 100253.0,1.269923268968545,-0.7409256792098478,1.5293801771063698,4.733426581400368,44791.11
1, 100254.0,-0.8145576339321208,-0.4570595742739986,0.3488170515096455,2.951441873012518,38061.64
1, 100255.0,-0.3114070711629946,-1.0856202352033781,0.3488170515096455,1.1694571646246668,26295.56
11, 100256.0,0.04798618795780982,-1.2072771373187414,-0.8317460740870789,1.1694571646246668,13029.19
16, 100257.0,-0.09577111569051194,0.04984418454001689,0.3488170515096455,-0.6125275437631839,13677.61
0, 100258.0,-0.670800330283799,0.41481489088610823,0.3488170515096455,1.1694571646246668,16917.23
4, 100259.0,-1.2458295448770862,0.5364717930014715,1.5293801771063698,-0.6125275437631839,13033.24
12, 100260.0,0.9105300098477405,-0.17319346933815022,0.3488170515096455,-0.6125275437631839,13566.71
16, 100261.0,-0.9583149375804426,-0.35567882251119554,0.3488170515096455,-0.6125275437631839,10792.18
2, 100262.0,0.9105300098477405,-1.6939047457801968,1.5293801771063698,-0.6125275437631839,21224.21
13, 100263.0,-1.6771014558220514,-0.13264116863302913,-0.8317460740870789,-0.6125275437631839,12666.8
5, 100264.0,1.4136805726168666,-1.5114193926071509,-0.8317460740870789,-0.6125275437631839,13314.6
0, 100265.0,-1.6052228039978906,0.4756433419437895,0.3488170515096455,1.1694571646246668,18046.0
7, 100266.0,-0.670800330283799,-1.1261725359084993,-0.8317460740870789,-0.6125275437631839,18441.27
11, 100267.0,0.7667727061994186,-1.1058963855559383,0.3488170515096455,1.1694571646246668,32188.46
10, 100268.0,0.6948940543752578,0.1106726355976989,-0.8317460740870789,-0.6125275437631839,10590.79
16, 100269.0,-0.7426789821079599,0.41481489088610823,0.3488170515096455,-0.6125275437631839,29207.27
8, 100270.0,-1.1739508930529252,-0.05153656722278621,1.5293801771063698,-0.6125275437631839,6853.08
14, 100271.0,-1.2458295448770862,1.1853086042834111,-0.8317460740870789,-0.6125275437631839,24976.61
4, 100272.0,-0.8145576339321208,2.7668483317831405,0.3488170515096455,-0.6125275437631839,6729.3
16, 100273.0,-0.8864362857562816,0.2323295377130622,0.3488170515096455,-0.6125275437631839,15840.32
19, 100274.0,0.551136750726936,0.29315798877074417,2.709943302703094,-0.6125275437631839,34061.96
14, 100275.0,-0.8864362857562816,1.7124885134499876,-0.8317460740870789,-0.6125275437631839,14728.73
5, 100276.0,0.9824086616719013,-0.5989926267419229,-0.8317460740870789,-0.6125275437631839,10222.73
3, 100277.0,1.269923268968545,-0.9031348820303321,1.5293801771063698,2.951441873012518,24753.97
12, 100278.0,1.1261659653202232,-0.3962311232163166,0.3488170515096455,-0.6125275437631839,16564.58
10, 100279.0,0.47925809890277515,-0.5584403260368017,-0.8317460740870789,-0.6125275437631839,8239.59
0, 100280.0,-1.4614655003495687,-0.49761187497911974,-0.8317460740870789,1.1694571646246668,13361.69
0, 100281.0,-0.23952841933883373,0.6784048454693957,-0.8317460740870789,1.1694571646246668,14473.14
7, 100282.0,-1.317708196701247,-1.1261725359084993,-0.8317460740870789,-0.6125275437631839,21413.72
9, 100283.0,-0.5270430266354773,0.5770240937065926,-0.8317460740870789,-0.6125275437631839,20947.85
0, 100284.0,-1.1020722412287642,-0.05153656722278621,-0.8317460740870789,1.1694571646246668,8912.21
9, 100285.0,0.2636221434302925,1.4691747092192595,-0.8317460740870789,-0.6125275437631839,15348.23
9, 100286.0,0.33550079525445337,1.3069655063987753,-0.8317460740870789,-0.6125275437631839,20820.21
9, 100287.0,-0.3114070711629946,0.7189571461745176,-0.8317460740870789,-0.6125275437631839,23194.52
5, 100288.0,0.9824086616719013,-0.5989926267419229,-0.8317460740870789,-0.6125275437631839,17479.96
12, 100289.0,0.6948940543752578,-0.15291731898558933,0.3488170515096455,-0.6125275437631839,29482.8
11, 100290.0,0.9824086616719013,0.009291883834895796,0.3488170515096455,1.1694571646246668,32263.93
14, 100291.0,-1.6052228039978906,1.225860904988533,-0.8317460740870789,-0.6125275437631839,10212.29
7, 100292.0,-1.2458295448770862,-1.734457046485318,-0.8317460740870789,-0.6125275437631839,11813.44
1, 100293.0,-0.5270430266354773,-1.2681055883764234,1.5293801771063698,1.1694571646246668,16627.7
12, 100294.0,1.70119517991351,0.13094878595025908,0.3488170515096455,-0.6125275437631839,37570.6
19, 100295.0,0.9824086616719013,1.1650324539308503,1.5293801771063698,-0.6125275437631839,28418.95
18, 100296.0,0.7667727061994186,1.327241656751336,-0.8317460740870789,1.1694571646246668,20854.53
4, 100297.0,-0.8864362857562816,0.6784048454693957,1.5293801771063698,-0.6125275437631839,17006.1
17, 100298.0,-0.23952841933883373,-2.2819131060044544,-0.8317460740870789,-0.6125275437631839,28129.03
10, 100299.0,0.47925809890277515,0.4553671915912293,-0.8317460740870789,-0.6125275437631839,16839.68
2, 100300.0,-0.023892463866351063,-1.734457046485318,1.5293801771063698,-0.6125275437631839,18009.1
14, 100301.0,-1.317708196701247,1.0636517021680472,-0.8317460740870789,-0.6125275437631839,27289.75
3, 100302.0,0.2636221434302925,-0.5989926267419229,1.5293801771063698,2.951441873012518,22574.33
10, 100303.0,-0.09577111569051194,-0.17319346933815022,-0.8317460740870789,-0.6125275437631839,8968.65
12, 100304.0,0.04798618795780982,-0.2948503714535135,0.3488170515096455,-0.6125275437631839,13496.52
2, 100305.0,1.4136805726168666,-1.4100386408443477,1.5293801771063698,1.1694571646246668,20516.75
7, 100306.0,-0.7426789821079599,-2.4441223088249395,0.3488170515096455,-0.6125275437631839,12118.21
18, 100307.0,1.4136805726168666,0.8203378979373206,0.3488170515096455,2.951441873012518,40969.49
10, 100308.0,0.40737944707861423,-0.862582581325211,-0.8317460740870789,-0.6125275437631839,7633.8
18, 100309.0,0.47925809890277515,0.7189571461745176,0.3488170515096455,1.1694571646246668,19641.37
16, 100310.0,-0.8864362857562816,-0.25429807074839245,0.3488170515096455,-0.6125275437631839,10758.49
15, 100311.0,0.19174349160613158,1.1447563035782908,0.3488170515096455,-0.6125275437631839,16850.71
15, 100312.0,0.2636221434302925,0.6175763944117144,0.3488170515096455,-0.6125275437631839,21233.04
14, 100313.0,-1.317708196701247,0.7392332965270777,-0.8317460740870789,-0.6125275437631839,16617.83
15, 100314.0,0.9824086616719013,1.6719362127448658,0.3488170515096455,-0.6125275437631839,11750.01
1, 100315.0,-1.6052228039978906,-0.07181271757534712,2.709943302703094,4.733426581400368,31224.82
16, 100316.0,-0.7426789821079599,-0.21374577004327133,0.3488170515096455,-0.6125275437631839,34762.7
11, 100317.0,1.1261659653202232,-1.1667248366136203,0.3488170515096455,2.951441873012518,20965.07
3, 100318.0,1.0542873134960622,0.1106726355976989,1.5293801771063698,1.1694571646246668,22321.62
0, 100319.0,-0.16764976751467284,0.2728818384181833,0.3488170515096455,2.951441873012518,18092.11
16, 100320.0,-0.8145576339321208,0.29315798877074417,0.3488170515096455,-0.6125275437631839,14571.6
13, 100321.0,-0.7426789821079599,-0.7814779799149688,-0.8317460740870789,-0.6125275437631839,15565.04
12, 100322.0,0.19174349160613158,-0.3151265218060744,0.3488170515096455,-0.6125275437631839,21232.29
5, 100323.0,0.8386513580235796,-0.862582581325211,-0.8317460740870789,-0.6125275437631839,10099.06
9, 100324.0,0.47925809890277515,0.860890198642441,-0.8317460740870789,-0.6125275437631839,24617.75
9, 100325.0,0.2636221434302925,0.5770240937065926,-0.8317460740870789,-0.6125275437631839,19167.9
4, 100326.0,-1.6052228039978906,2.3816014750844876,0.3488170515096455,-0.6125275437631839,12951.4
13, 100327.0,-1.0301935894046035,-0.7003733785047259,-0.8317460740870789,-0.6125275437631839,5969.77
2, 100328.0,0.47925809890277515,-1.4303147911969085,0.3488170515096455,-0.6125275437631839,26013.8
10, 100329.0,-0.023892463866351063,0.04984418454001689,-0.8317460740870789,-0.6125275437631839,7799.49
5, 100330.0,0.6948940543752578,-0.3962311232163166,-0.8317460740870789,-0.6125275437631839,8667.91
10, 100331.0,0.47925809890277515,0.3134341391233051,-0.8317460740870789,-0.6125275437631839,12048.06
18, 100332.0,1.4136805726168666,0.8811663489950019,-0.8317460740870789,1.1694571646246668,19942.97
19, 100333.0,1.3418019207927057,0.7189571461745176,1.5293801771063698,-0.6125275437631839,18297.19
9, 100334.0,-0.09577111569051194,0.4959194922963504,-0.8317460740870789,-0.6125275437631839,13082.8
6, 100335.0,0.6948940543752578,1.3880701078090174,-0.8317460740870789,-0.6125275437631839,13169.99
13, 100336.0,-1.1739508930529252,-0.7814779799149688,-0.8317460740870789,-0.6125275437631839,10505.63
3, 100337.0,-0.8864362857562816,0.7392332965270777,1.5293801771063698,2.951441873012518,29794.37
15, 100338.0,0.2636221434302925,0.6986809958219566,0.3488170515096455,-0.6125275437631839,15780.6
18, 100339.0,0.7667727061994186,0.29315798877074417,-0.8317460740870789,1.1694571646246668,15857.95
18, 100340.0,0.33550079525445337,0.8406140482898815,0.3488170515096455,1.1694571646246668,35115.92
15, 100341.0,0.551136750726936,0.5567479433540324,0.3488170515096455,-0.6125275437631839,21198.94
4, 100342.0,-1.1020722412287642,2.0774592197960784,1.5293801771063698,-0.6125275437631839,17644.24
11, 100343.0,0.04798618795780982,-0.9436871827354539,0.3488170515096455,1.1694571646246668,25811.82
10, 100344.0,-0.38328572298715546,-0.35567882251119554,-0.8317460740870789,-0.6125275437631839,10672.1
17, 100345.0,-0.023892463866351063,-1.1058963855559383,-0.8317460740870789,-0.6125275437631839,12877.7
0, 100346.0,-1.6052228039978906,-0.47733572462655954,-0.8317460740870789,1.1694571646246668,20138.35
8, 100347.0,-0.023892463866351063,-1.1261725359084993,1.5293801771063698,-0.6125275437631839,18981.08
10, 100348.0,0.33550079525445337,-0.17319346933815022,-0.8317460740870789,-0.6125275437631839,10830.72
10, 100349.0,-0.23952841933883373,-0.17319346933815022,-0.8317460740870789,-0.6125275437631839,12425.91
3, 100350.0,-0.7426789821079599,0.9217186497001237,1.5293801771063698,1.1694571646246668,20429.72
0, 100351.0,-1.317708196701247,2.0774592197960784,0.3488170515096455,1.1694571646246668,17024.41
17, 100352.0,-0.4551643748113164,-0.882858731677772,-0.8317460740870789,-0.6125275437631839,14322.01
1, 100353.0,-1.0301935894046035,-1.3694863401392265,0.3488170515096455,1.1694571646246668,22355.71
16, 100354.0,-0.4551643748113164,-0.8423064309726509,0.3488170515096455,-0.6125275437631839,13309.57
15, 100355.0,1.0542873134960622,1.0433755518154877,0.3488170515096455,-0.6125275437631839,15309.41
1, 100356.0,-1.6771014558220514,-1.896666249305803,0.3488170515096455,1.1694571646246668,17410.92
9, 100357.0,0.11986483978197071,1.12448015322573,-0.8317460740870789,-0.6125275437631839,26652.04
14, 100358.0,-1.6771014558220514,1.1447563035782908,-0.8317460740870789,-0.6125275437631839,26134.2
4, 100359.0,-1.317708196701247,2.239668422616564,0.3488170515096455,-0.6125275437631839,14058.99
7, 100360.0,-1.6771014558220514,-2.2413608052993332,-0.8317460740870789,-0.6125275437631839,9571.06
3, 100361.0,0.47925809890277515,1.874697716270472,2.709943302703094,1.1694571646246668,28430.41
0, 100362.0,-1.0301935894046035,1.874697716270472,0.3488170515096455,1.1694571646246668,37022.97
9, 100363.0,-0.23952841933883373,1.6111077616871845,-0.8317460740870789,-0.6125275437631839,15218.13
9, 100364.0,-0.16764976751467284,1.4286224085141392,-0.8317460740870789,-0.6125275437631839,15388.93
6, 100365.0,1.1261659653202232,1.1650324539308503,-0.8317460740870789,-0.6125275437631839,7311.3
1, 100366.0,-0.38328572298715546,-0.43678342392143843,0.3488170515096455,1.1694571646246668,22045.05
3, 100367.0,-0.3114070711629946,0.13094878595025908,1.5293801771063698,1.1694571646246668,22555.08
5, 100368.0,0.6230154025510969,-0.5989926267419229,-0.8317460740870789,-0.6125275437631839,23350.78
8, 100369.0,-0.5989216784596382,-1.6939047457801968,2.709943302703094,-0.6125275437631839,22371.45
0, 100370.0,-0.38328572298715546,0.6175763944117144,-0.8317460740870789,1.1694571646246668,14775.45
14, 100371.0,-1.5333441521737297,1.8138692652127908,-0.8317460740870789,-0.6125275437631839,26122.93
9, 100372.0,-0.23952841933883373,0.8000617475847597,-0.8317460740870789,-0.6125275437631839,6295.74
6, 100373.0,1.198044617144384,0.6378525447642746,-0.8317460740870789,-0.6125275437631839,15268.33
8, 100374.0,-1.389586848525408,-1.1261725359084993,2.709943302703094,-0.6125275437631839,32712.45
16, 100375.0,-0.09577111569051194,-0.6800972281521658,0.3488170515096455,-0.6125275437631839,16790.26
13, 100376.0,-1.6771014558220514,-0.13264116863302913,-0.8317460740870789,-0.6125275437631839,16953.47
0, 100377.0,-0.3114070711629946,-0.15291731898558933,0.3488170515096455,1.1694571646246668,37844.27
11, 100378.0,-0.023892463866351063,-1.0653440848508173,-0.8317460740870789,1.1694571646246668,11034.48
4, 100379.0,-1.2458295448770862,0.860890198642441,0.3488170515096455,-0.6125275437631839,24940.15
0, 100380.0,-0.670800330283799,1.327241656751336,0.3488170515096455,2.951441873012518,25254.97
5, 100381.0,1.4136805726168666,-1.673628595427636,-0.8317460740870789,-0.6125275437631839,13743.1
2, 100382.0,1.70119517991351,-2.4441223088249395,0.3488170515096455,-0.6125275437631839,15510.45
5, 100383.0,1.4855592244410276,-1.2072771373187414,-0.8317460740870789,-0.6125275437631839,19936.05
11, 100384.0,0.2636221434302925,-0.35567882251119554,-0.8317460740870789,1.1694571646246668,13917.64
13, 100385.0,-0.5270430266354773,-0.4570595742739986,-0.8317460740870789,-0.6125275437631839,5886.35
4, 100386.0,-0.8145576339321208,1.894973866623033,0.3488170515096455,-0.6125275437631839,38060.28
11, 100387.0,-0.38328572298715546,-2.3021892563570154,-0.8317460740870789,1.1694571646246668,13615.31
13, 100388.0,-0.9583149375804426,-0.33540267215863534,-0.8317460740870789,-0.6125275437631839,6876.88
12, 100389.0,0.47925809890277515,0.29315798877074417,0.3488170515096455,-0.6125275437631839,16488.91
0, 100390.0,-0.5270430266354773,0.029568034187455985,0.3488170515096455,1.1694571646246668,16907.75
15, 100391.0,1.4136805726168666,1.1853086042834111,0.3488170515096455,-0.6125275437631839,15739.31
11, 100392.0,-0.38328572298715546,-1.1464486862610601,-0.8317460740870789,1.1694571646246668,15910.0
5, 100393.0,1.3418019207927057,-0.2745742211009533,-0.8317460740870789,-0.6125275437631839,7415.53
6, 100394.0,1.4855592244410276,1.874697716270472,-0.8317460740870789,-0.6125275437631839,15441.69
6, 100395.0,1.4136805726168666,1.0839278525206082,-0.8317460740870789,-0.6125275437631839,13676.65
0, 100396.0,-0.7426789821079599,0.15122493630282,-0.8317460740870789,2.951441873012518,16698.86
10, 100397.0,-0.38328572298715546,-0.47733572462655954,-0.8317460740870789,-0.6125275437631839,5492.46
19, 100398.0,0.6948940543752578,-0.7003733785047259,5.071069553896543,-0.6125275437631839,26764.6
14, 100399.0,-1.1739508930529252,1.1853086042834111,-0.8317460740870789,-0.6125275437631839,12326.34
11, 100400.0,-0.16764976751467284,-0.3962311232163166,-0.8317460740870789,1.1694571646246668,19719.23
10, 100401.0,-0.3114070711629946,0.2526056880656231,-0.8317460740870789,-0.6125275437631839,14679.28
5, 100402.0,0.9824086616719013,-0.49761187497911974,-0.8317460740870789,-0.6125275437631839,13351.16
1, 100403.0,-0.5270430266354773,-2.4441223088249395,0.3488170515096455,1.1694571646246668,13477.38
11, 100404.0,0.6230154025510969,-1.2681055883764234,0.3488170515096455,1.1694571646246668,20285.11
3, 100405.0,1.198044617144384,-0.9436871827354539,3.8905064282998185,1.1694571646246668,29584.58
4, 100406.0,-1.4614655003495687,0.8203378979373206,1.5293801771063698,-0.6125275437631839,13748.44
3, 100407.0,0.8386513580235796,1.5502793106295032,1.5293801771063698,1.1694571646246668,35670.63
6, 100408.0,1.3418019207927057,0.212053387360502,-0.8317460740870789,-0.6125275437631839,17602.64
0, 100409.0,-1.0301935894046035,0.2526056880656231,0.3488170515096455,1.1694571646246668,16338.36
6, 100410.0,1.70119517991351,0.2323295377130622,-0.8317460740870789,-0.6125275437631839,14535.54
1, 100411.0,-1.317708196701247,-0.3151265218060744,2.709943302703094,2.951441873012518,23578.58
4, 100412.0,-0.38328572298715546,0.6784048454693957,0.3488170515096455,-0.6125275437631839,21141.97
9, 100413.0,0.40737944707861423,1.225860904988533,-0.8317460740870789,-0.6125275437631839,14804.59
11, 100414.0,0.7667727061994186,-0.6395449274470446,-0.8317460740870789,1.1694571646246668,24587.77
13, 100415.0,-0.8145576339321208,-0.07181271757534712,-0.8317460740870789,-0.6125275437631839,23617.79
5, 100416.0,1.269923268968545,-0.7206495288572868,-0.8317460740870789,-0.6125275437631839,9427.14
16, 100417.0,-0.16764976751467284,-0.4165072735688775,0.3488170515096455,-0.6125275437631839,13503.93
18, 100418.0,1.0542873134960622,1.874697716270472,-0.8317460740870789,1.1694571646246668,15407.68
13, 100419.0,-0.5989216784596382,-0.23402192039583222,-0.8317460740870789,-0.6125275437631839,19503.46
7, 100420.0,-1.5333441521737297,-1.1667248366136203,-0.8317460740870789,-0.6125275437631839,13628.93
11, 100421.0,1.198044617144384,-0.47733572462655954,-0.8317460740870789,2.951441873012518,35937.19
19, 100422.0,0.9105300098477405,0.15122493630282,2.709943302703094,-0.6125275437631839,22559.85
1, 100423.0,-1.6052228039978906,-0.9031348820303321,0.3488170515096455,1.1694571646246668,17681.3
7, 100424.0,-1.1739508930529252,-2.4441223088249395,0.3488170515096455,-0.6125275437631839,16755.78
4, 100425.0,-1.5333441521737297,0.6986809958219566,0.3488170515096455,-0.6125275437631839,32171.63
15, 100426.0,0.2636221434302925,0.6784048454693957,0.3488170515096455,-0.6125275437631839,15034.02
17, 100427.0,-0.3114070711629946,-1.775009347190439,-0.8317460740870789,-0.6125275437631839,16121.48
11, 100428.0,0.47925809890277515,-2.4441223088249395,0.3488170515096455,1.1694571646246668,13984.7
7, 100429.0,-1.4614655003495687,-1.3694863401392265,-0.8317460740870789,-0.6125275437631839,11002.06
16, 100430.0,-1.6052228039978906,-0.7206495288572868,0.3488170515096455,-0.6125275437631839,19505.12
12, 100431.0,1.6293165280893493,0.212053387360502,0.3488170515096455,-0.6125275437631839,19313.51
15, 100432.0,0.11986483978197071,1.225860904988533,0.3488170515096455,-0.6125275437631839,12891.38
13, 100433.0,-0.8864362857562816,-0.4570595742739986,-0.8317460740870789,-0.6125275437631839,12595.95
13, 100434.0,-0.5270430266354773,-0.49761187497911974,-0.8317460740870789,-0.6125275437631839,20498.54
17, 100435.0,0.11986483978197071,-1.856113948600682,-0.8317460740870789,-0.6125275437631839,11584.31
17, 100436.0,0.33550079525445337,-1.998047001068606,-0.8317460740870789,-0.6125275437631839,9582.63
4, 100437.0,-0.8145576339321208,1.915250016975594,1.5293801771063698,-0.6125275437631839,19235.46
11, 100438.0,1.70119517991351,-0.7206495288572868,-0.8317460740870789,1.1694571646246668,20147.19
8, 100439.0,-0.38328572298715546,-1.2072771373187414,1.5293801771063698,-0.6125275437631839,20257.13
2, 100440.0,1.6293165280893493,-1.045067934498257,1.5293801771063698,-0.6125275437631839,17225.99
4, 100441.0,-1.1739508930529252,1.8138692652127908,0.3488170515096455,-0.6125275437631839,10910.36
4, 100442.0,-0.23952841933883373,0.6986809958219566,0.3488170515096455,-0.6125275437631839,18550.59
16, 100443.0,-0.023892463866351063,-0.37595497286375645,0.3488170515096455,-0.6125275437631839,14077.07
7, 100444.0,-0.8145576339321208,-1.0045156337931354,-0.8317460740870789,-0.6125275437631839,15120.71
4, 100445.0,-0.38328572298715546,0.9217186497001237,0.3488170515096455,-0.6125275437631839,6793.26
6, 100446.0,1.4136805726168666,0.3134341391233051,-0.8317460740870789,-0.6125275437631839,26397.69
7, 100447.0,-1.389586848525408,-2.4441223088249395,0.3488170515096455,-0.6125275437631839,12327.34
19, 100448.0,-0.023892463866351063,1.0839278525206082,1.5293801771063698,-0.6125275437631839,16423.52
6, 100449.0,1.1261659653202232,0.9419948000526847,-0.8317460740870789,-0.6125275437631839,12229.62
5, 100450.0,1.1261659653202232,-0.5584403260368017,-0.8317460740870789,-0.6125275437631839,10545.87
10, 100451.0,-0.23952841933883373,-0.13264116863302913,-0.8317460740870789,-0.6125275437631839,26395.15
11, 100452.0,1.70119517991351,-2.4441223088249395,0.3488170515096455,1.1694571646246668,15776.16
8, 100453.0,-0.8864362857562816,-0.13264116863302913,1.5293801771063698,-0.6125275437631839,28385.31
17, 100454.0,0.40737944707861423,-1.5316955429597117,-0.8317460740870789,-0.6125275437631839,8091.76
17, 100455.0,0.47925809890277515,-1.9777708507160452,-0.8317460740870789,-0.6125275437631839,27368.09
4, 100456.0,-0.16764976751467284,1.0433755518154877,1.5293801771063698,-0.6125275437631839,23249.39
9, 100457.0,0.2636221434302925,1.2055847546359721,-0.8317460740870789,-0.6125275437631839,14847.04
10, 100458.0,0.19174349160613158,0.07012033489257707,-0.8317460740870789,-0.6125275437631839,13373.08
11, 100459.0,1.4136805726168666,-1.856113948600682,0.3488170515096455,1.1694571646246668,31624.05
7, 100460.0,-1.6052228039978906,-1.5519716933122727,-0.8317460740870789,-0.6125275437631839,23538.74
12, 100461.0,1.1261659653202232,-0.6192687770944837,0.3488170515096455,-0.6125275437631839,14145.01
10, 100462.0,-0.23952841933883373,-0.05153656722278621,-0.8317460740870789,-0.6125275437631839,15556.03
16, 100463.0,-0.09577111569051194,-0.9639633330880142,0.3488170515096455,-0.6125275437631839,10754.79
10, 100464.0,-0.23952841933883373,-0.010984266517665113,-0.8317460740870789,-0.6125275437631839,11830.16
10, 100465.0,0.11986483978197071,-0.33540267215863534,-0.8317460740870789,-0.6125275437631839,12235.33
13, 100466.0,-0.5270430266354773,0.29315798877074417,-0.8317460740870789,-0.6125275437631839,10526.43
1, 100467.0,-1.389586848525408,-1.2478294380238633,0.3488170515096455,2.951441873012518,39313.89
5, 100468.0,1.4855592244410276,-1.3694863401392265,-0.8317460740870789,-0.6125275437631839,17949.29
16, 100469.0,-0.38328572298715546,0.2323295377130622,0.3488170515096455,-0.6125275437631839,13317.24
4, 100470.0,-1.5333441521737297,1.7124885134499876,1.5293801771063698,-0.6125275437631839,15437.81
7, 100471.0,-1.4614655003495687,-1.2072771373187414,-0.8317460740870789,-0.6125275437631839,10073.56
14, 100472.0,-1.1739508930529252,1.3475178071038971,-0.8317460740870789,-0.6125275437631839,24324.44
4, 100473.0,-0.8145576339321208,0.982547100757805,0.3488170515096455,-0.6125275437631839,13005.01
12, 100474.0,1.1261659653202232,-0.3962311232163166,0.3488170515096455,-0.6125275437631839,12060.31
13, 100475.0,-1.2458295448770862,0.4350910412386684,-0.8317460740870789,-0.6125275437631839,5038.79
9, 100476.0,0.40737944707861423,0.6581286951168355,-0.8317460740870789,-0.6125275437631839,16255.24
7, 100477.0,-1.4614655003495687,-1.9169423996583632,-0.8317460740870789,-0.6125275437631839,11676.82
16, 100478.0,-1.6771014558220514,-0.5584403260368017,0.3488170515096455,-0.6125275437631839,27050.85
16, 100479.0,-0.38328572298715546,-0.19346961969071041,0.3488170515096455,-0.6125275437631839,12776.71
8, 100480.0,-0.7426789821079599,-0.35567882251119554,1.5293801771063698,-0.6125275437631839,18297.4
18, 100481.0,-0.023892463866351063,0.8203378979373206,-0.8317460740870789,1.1694571646246668,11830.03
0, 100482.0,-1.0301935894046035,-0.13264116863302913,0.3488170515096455,1.1694571646246668,30858.11
11, 100483.0,0.33550079525445337,-0.6395449274470446,0.3488170515096455,1.1694571646246668,16352.83
14, 100484.0,-1.0301935894046035,1.6922123630974268,-0.8317460740870789,-0.6125275437631839,13449.34
19, 100485.0,0.6948940543752578,-0.03126041687022602,1.5293801771063698,-0.6125275437631839,32076.17
9, 100486.0,-0.3114070711629946,1.327241656751336,-0.8317460740870789,-0.6125275437631839,13235.02
1, 100487.0,-1.6771014558220514,0.4350910412386684,1.5293801771063698,1.1694571646246668,18875.88
18, 100488.0,0.9824086616719013,1.7124885134499876,-0.8317460740870789,1.1694571646246668,38625.48
6, 100489.0,1.3418019207927057,0.3742625901809864,-0.8317460740870789,-0.6125275437631839,9094.21
2, 100490.0,1.1261659653202232,-1.0045156337931354,0.3488170515096455,-0.6125275437631839,19625.77
1, 100491.0,-1.389586848525408,-0.8017541302675291,1.5293801771063698,1.1694571646246668,20079.55
17, 100492.0,0.19174349160613158,-1.775009347190439,0.3488170515096455,-0.6125275437631839,39297.69
13, 100493.0,-1.5333441521737297,-0.7814779799149688,-0.8317460740870789,-0.6125275437631839,7857.18
4, 100494.0,-1.5333441521737297,1.0230994014629269,1.5293801771063698,1.1694571646246668,17883.62
11, 100495.0,1.0542873134960622,-0.3151265218060744,0.3488170515096455,1.1694571646246668,20331.56
15, 100496.0,0.19174349160613158,0.8000617475847597,0.3488170515096455,-0.6125275437631839,16359.97
13, 100497.0,-1.4614655003495687,-0.43678342392143843,-0.8317460740870789,-0.6125275437631839,14893.26
16, 100498.0,-0.8145576339321208,-0.33540267215863534,0.3488170515096455,-0.6125275437631839,12857.04
10, 100499.0,-0.3114070711629946,-0.8423064309726509,-0.8317460740870789,-0.6125275437631839,10678.12
8, 100500.0,-1.0301935894046035,-1.7547331968378788,3.8905064282998185,-0.6125275437631839,24894.8
6, 100501.0,1.70119517991351,0.2526056880656231,-0.8317460740870789,-0.6125275437631839,22238.52
12, 100502.0,1.3418019207927057,0.3945387405335473,0.3488170515096455,-0.6125275437631839,18951.87
0, 100503.0,-0.4551643748113164,0.9217186497001237,0.3488170515096455,1.1694571646246668,19304.11
12, 100504.0,1.4855592244410276,-0.8423064309726509,0.3488170515096455,-0.6125275437631839,32401.55
5, 100505.0,1.269923268968545,-1.0247917841456962,-0.8317460740870789,-0.6125275437631839,10776.25
4, 100506.0,-0.9583149375804426,1.2055847546359721,0.3488170515096455,-0.6125275437631839,20739.6
17, 100507.0,-0.023892463866351063,-2.4441223088249395,0.3488170515096455,-0.6125275437631839,9477.83
18, 100508.0,0.6948940543752578,0.4959194922963504,-0.8317460740870789,1.1694571646246668,14667.93
18, 100509.0,1.6293165280893493,0.8406140482898815,-0.8317460740870789,1.1694571646246668,12825.39
12, 100510.0,1.4136805726168666,0.009291883834895796,0.3488170515096455,-0.6125275437631839,13463.12
18, 100511.0,1.4855592244410276,1.6111077616871845,0.3488170515096455,1.1694571646246668,19456.91
9, 100512.0,0.11986483978197071,1.3069655063987753,-0.8317460740870789,-0.6125275437631839,12784.65
16, 100513.0,-0.9583149375804426,-0.010984266517665113,0.3488170515096455,-0.6125275437631839,17602.22
6, 100514.0,1.70119517991351,1.5502793106295032,-0.8317460740870789,-0.6125275437631839,16049.58
1, 100515.0,-1.5333441521737297,-1.1667248366136203,0.3488170515096455,2.951441873012518,32514.66
10, 100516.0,0.551136750726936,0.3337102894758653,-0.8317460740870789,-0.6125275437631839,10688.64
9, 100517.0,-0.3114070711629946,1.246137055341094,-0.8317460740870789,-0.6125275437631839,28228.53
6, 100518.0,0.8386513580235796,1.8138692652127908,-0.8317460740870789,-0.6125275437631839,14425.19
13, 100519.0,-1.1739508930529252,-0.25429807074839245,-0.8317460740870789,-0.6125275437631839,12035.31
19, 100520.0,0.551136750726936,-0.9436871827354539,2.709943302703094,-0.6125275437631839,21389.65
9, 100521.0,-0.4551643748113164,0.6175763944117144,-0.8317460740870789,-0.6125275437631839,12577.21
7, 100522.0,-0.7426789821079599,-1.0045156337931354,-0.8317460740870789,-0.6125275437631839,14737.72
15, 100523.0,0.6948940543752578,0.7392332965270777,0.3488170515096455,-0.6125275437631839,30864.62
7, 100524.0,-1.4614655003495687,-0.862582581325211,-0.8317460740870789,-0.6125275437631839,13272.55
13, 100525.0,-1.0301935894046035,-0.5178880253316807,-0.8317460740870789,-0.6125275437631839,10799.05
10, 100526.0,-0.023892463866351063,0.2728818384181833,-0.8317460740870789,-0.6125275437631839,14458.88
7, 100527.0,-1.317708196701247,-1.3694863401392265,0.3488170515096455,-0.6125275437631839,19059.28
19, 100528.0,1.5574378762651884,1.6922123630974268,2.709943302703094,-0.6125275437631839,39218.23
2, 100529.0,1.3418019207927057,-1.3694863401392265,1.5293801771063698,-0.6125275437631839,14071.45
4, 100530.0,-0.5989216784596382,1.8341454155653516,0.3488170515096455,-0.6125275437631839,19260.68
0, 100531.0,-1.317708196701247,-0.6598210777996049,-0.8317460740870789,1.1694571646246668,7921.66
10, 100532.0,-0.3114070711629946,-0.43678342392143843,-0.8317460740870789,-0.6125275437631839,10786.04
14, 100533.0,-1.317708196701247,1.0839278525206082,-0.8317460740870789,-0.6125275437631839,6426.78
12, 100534.0,1.198044617144384,-0.9639633330880142,0.3488170515096455,-0.6125275437631839,27685.19
17, 100535.0,0.2636221434302925,-1.4708670919020297,0.3488170515096455,-0.6125275437631839,5808.61
13, 100536.0,-0.670800330283799,-0.862582581325211,-0.8317460740870789,-0.6125275437631839,13951.45
16, 100537.0,-1.1739508930529252,-0.09208886792790731,0.3488170515096455,-0.6125275437631839,15692.03
18, 100538.0,0.33550079525445337,0.9217186497001237,-0.8317460740870789,1.1694571646246668,18282.74
5, 100539.0,1.269923268968545,-0.13264116863302913,-0.8317460740870789,-0.6125275437631839,15088.03
3, 100540.0,0.40737944707861423,0.5770240937065926,1.5293801771063698,2.951441873012518,26794.97
19, 100541.0,1.269923268968545,1.2866893560462143,1.5293801771063698,-0.6125275437631839,23746.54
17, 100542.0,-0.4551643748113164,-0.9639633330880142,-0.8317460740870789,-0.6125275437631839,25487.85
1, 100543.0,-0.7426789821079599,-0.6598210777996049,1.5293801771063698,1.1694571646246668,19419.72
16, 100544.0,-1.1739508930529252,0.4553671915912293,0.3488170515096455,-0.6125275437631839,13904.02
18, 100545.0,0.8386513580235796,1.6111077616871845,0.3488170515096455,2.951441873012518,24328.68
17, 100546.0,-0.4551643748113164,-1.673628595427636,-0.8317460740870789,-0.6125275437631839,9315.36
1, 100547.0,-0.3114070711629946,-0.9436871827354539,0.3488170515096455,1.1694571646246668,33317.41
15, 100548.0,0.6948940543752578,2.1991161219114423,1.5293801771063698,-0.6125275437631839,26433.83
12, 100549.0,1.4855592244410276,-0.37595497286375645,0.3488170515096455,-0.6125275437631839,23121.28
7, 100550.0,-1.2458295448770862,-1.045067934498257,0.3488170515096455,-0.6125275437631839,11944.72
12, 100551.0,1.269923268968545,0.13094878595025908,0.3488170515096455,-0.6125275437631839,27560.3
3, 100552.0,1.198044617144384,1.3880701078090174,1.5293801771063698,1.1694571646246668,22700.34
0, 100553.0,-0.8864362857562816,0.6986809958219566,0.3488170515096455,2.951441873012518,18395.18
17, 100554.0,-0.3114070711629946,-0.882858731677772,-0.8317460740870789,-0.6125275437631839,18993.18
17, 100555.0,0.2636221434302925,-1.896666249305803,0.3488170515096455,-0.6125275437631839,24663.95
10, 100556.0,0.6230154025510969,-0.19346961969071041,-0.8317460740870789,-0.6125275437631839,13402.02
13, 100557.0,-1.6052228039978906,0.09039648524513799,-0.8317460740870789,-0.6125275437631839,6086.38
6, 100558.0,0.9105300098477405,0.41481489088610823,-0.8317460740870789,-0.6125275437631839,11248.19
14, 100559.0,-0.8864362857562816,2.685743730372897,-0.8317460740870789,1.1694571646246668,12247.92
9, 100560.0,0.04798618795780982,1.9558023176807158,-0.8317460740870789,-0.6125275437631839,6984.86
14, 100561.0,-1.0301935894046035,0.8203378979373206,-0.8317460740870789,-0.6125275437631839,14901.48
0, 100562.0,-1.317708196701247,0.09039648524513799,-0.8317460740870789,1.1694571646246668,16387.49
13, 100563.0,-0.8864362857562816,-0.19346961969071041,-0.8317460740870789,-0.6125275437631839,6672.78
9, 100564.0,-0.3114070711629946,0.7392332965270777,-0.8317460740870789,-0.6125275437631839,7010.06
11, 100565.0,0.19174349160613158,-0.7206495288572868,0.3488170515096455,1.1694571646246668,16155.18
16, 100566.0,-0.5270430266354773,-0.9031348820303321,0.3488170515096455,-0.6125275437631839,22447.59
11, 100567.0,1.269923268968545,-2.0183231514211664,0.3488170515096455,1.1694571646246668,17796.23
10, 100568.0,0.11986483978197071,0.212053387360502,-0.8317460740870789,-0.6125275437631839,18024.86
0, 100569.0,-0.9583149375804426,-1.045067934498257,-0.8317460740870789,1.1694571646246668,8366.48
5, 100570.0,1.5574378762651884,-0.7612018295624079,-0.8317460740870789,-0.6125275437631839,16846.04
13, 100571.0,-0.7426789821079599,-0.07181271757534712,-0.8317460740870789,-0.6125275437631839,11626.6
0, 100572.0,-0.5989216784596382,1.6516600623923063,0.3488170515096455,1.1694571646246668,24886.14
9, 100573.0,0.40737944707861423,0.860890198642441,-0.8317460740870789,-0.6125275437631839,11055.08
4, 100574.0,-0.4551643748113164,0.5770240937065926,1.5293801771063698,-0.6125275437631839,35115.56
9, 100575.0,0.551136750726936,1.0636517021680472,-0.8317460740870789,-0.6125275437631839,13550.56
0, 100576.0,-1.0301935894046035,1.0636517021680472,0.3488170515096455,1.1694571646246668,15251.52
11, 100577.0,1.5574378762651884,-0.35567882251119554,0.3488170515096455,1.1694571646246668,17582.24
6, 100578.0,1.6293165280893493,0.9014424993475628,-0.8317460740870789,-0.6125275437631839,27894.28
14, 100579.0,-0.670800330283799,1.1447563035782908,-0.8317460740870789,-0.6125275437631839,7957.47
7, 100580.0,-1.317708196701247,-1.2072771373187414,-0.8317460740870789,-0.6125275437631839,23917.4
12, 100581.0,1.198044617144384,-0.11236501828046822,0.3488170515096455,-0.6125275437631839,16400.04
17, 100582.0,0.19174349160613158,-2.1399800535365303,0.3488170515096455,-0.6125275437631839,13082.92
8, 100583.0,-0.09577111569051194,-1.2883817387289844,1.5293801771063698,-0.6125275437631839,15452.39
18, 100584.0,0.47925809890277515,0.4553671915912293,0.3488170515096455,1.1694571646246668,19548.83
11, 100585.0,0.8386513580235796,-0.13264116863302913,0.3488170515096455,1.1694571646246668,17441.07
18, 100586.0,1.198044617144384,0.3337102894758653,0.3488170515096455,1.1694571646246668,12947.88
17, 100587.0,-0.16764976751467284,-1.4708670919020297,-0.8317460740870789,-0.6125275437631839,6316.05
12, 100588.0,0.8386513580235796,-0.6192687770944837,0.3488170515096455,-0.6125275437631839,13679.5
9, 100589.0,0.2636221434302925,1.5097270099243814,-0.8317460740870789,-0.6125275437631839,29575.92
13, 100590.0,-1.5333441521737297,-0.13264116863302913,-0.8317460740870789,-0.6125275437631839,8065.49
18, 100591.0,0.9105300098477405,1.0636517021680472,0.3488170515096455,1.1694571646246668,13001.14
4, 100592.0,-1.1739508930529252,1.0230994014629269,1.5293801771063698,-0.6125275437631839,25190.14
15, 100593.0,0.7667727061994186,1.2055847546359721,0.3488170515096455,-0.6125275437631839,15094.08
7, 100594.0,-1.1020722412287642,-1.1058963855559383,-0.8317460740870789,-0.6125275437631839,10835.79
10, 100595.0,0.2636221434302925,-0.37595497286375645,-0.8317460740870789,-0.6125275437631839,10206.89
0, 100596.0,-0.5270430266354773,0.3742625901809864,0.3488170515096455,1.1694571646246668,18734.94
16, 100597.0,-1.1020722412287642,0.2526056880656231,0.3488170515096455,-0.6125275437631839,10353.98
10, 100598.0,0.11986483978197071,0.3742625901809864,-0.8317460740870789,-0.6125275437631839,10023.48
16, 100599.0,-1.6771014558220514,-0.6192687770944837,0.3488170515096455,-0.6125275437631839,28235.86
14, 100600.0,-1.1020722412287642,2.3410491743793673,-0.8317460740870789,1.1694571646246668,26939.79
10, 100601.0,0.33550079525445337,-0.8017541302675291,-0.8317460740870789,-0.6125275437631839,19376.98
0, 100602.0,-1.5333441521737297,2.0774592197960784,-0.8317460740870789,1.1694571646246668,10481.41
18, 100603.0,1.0542873134960622,0.212053387360502,0.3488170515096455,1.1694571646246668,27871.32
6, 100604.0,0.8386513580235796,0.1715010866553802,-0.8317460740870789,-0.6125275437631839,8867.41
0, 100605.0,-0.4551643748113164,0.6986809958219566,0.3488170515096455,1.1694571646246668,17994.77
15, 100606.0,0.9105300098477405,0.5567479433540324,0.3488170515096455,-0.6125275437631839,11705.41
18, 100607.0,1.4136805726168666,2.6046391289626545,-0.8317460740870789,1.1694571646246668,17152.18
16, 100608.0,-0.3114070711629946,0.13094878595025908,0.3488170515096455,-0.6125275437631839,13063.47
11, 100609.0,1.5574378762651884,-0.43678342392143843,0.3488170515096455,1.1694571646246668,17631.81
15, 100610.0,1.1261659653202232,1.12448015322573,0.3488170515096455,-0.6125275437631839,21836.56
10, 100611.0,0.2636221434302925,-0.7612018295624079,-0.8317460740870789,-0.6125275437631839,7337.97
12, 100612.0,0.6230154025510969,-0.33540267215863534,0.3488170515096455,-0.6125275437631839,15175.28
19, 100613.0,0.04798618795780982,1.0636517021680472,3.8905064282998185,-0.6125275437631839,41102.65
1, 100614.0,-0.5270430266354773,-1.81556164789556,0.3488170515096455,1.1694571646246668,27472.51
13, 100615.0,-0.8864362857562816,-0.07181271757534712,-0.8317460740870789,-0.6125275437631839,7715.7
14, 100616.0,-0.8145576339321208,1.6922123630974268,-0.8317460740870789,-0.6125275437631839,6204.32
16, 100617.0,-0.9583149375804426,-0.9639633330880142,0.3488170515096455,-0.6125275437631839,12151.41
19, 100618.0,1.4136805726168666,0.5973002440591535,1.5293801771063698,-0.6125275437631839,25772.86
3, 100619.0,1.3418019207927057,-0.7814779799149688,1.5293801771063698,2.951441873012518,28295.25
13, 100620.0,-0.9583149375804426,-0.3151265218060744,-0.8317460740870789,-0.6125275437631839,11429.53
11, 100621.0,-0.09577111569051194,-0.49761187497911974,-0.8317460740870789,1.1694571646246668,17207.06
11, 100622.0,1.269923268968545,-0.6395449274470446,-0.8317460740870789,1.1694571646246668,41996.2
9, 100623.0,0.47925809890277515,0.5161956426489113,-0.8317460740870789,-0.6125275437631839,12478.31
3, 100624.0,-0.5270430266354773,1.3475178071038971,2.709943302703094,1.1694571646246668,35612.43
3, 100625.0,0.11986483978197071,1.0839278525206082,2.709943302703094,1.1694571646246668,26756.52
9, 100626.0,0.04798618795780982,0.6378525447642746,-0.8317460740870789,-0.6125275437631839,27736.21
12, 100627.0,1.5574378762651884,-0.23402192039583222,0.3488170515096455,-0.6125275437631839,14799.14
4, 100628.0,-1.0301935894046035,0.9217186497001237,0.3488170515096455,-0.6125275437631839,35058.04
16, 100629.0,-1.1020722412287642,-0.07181271757534712,0.3488170515096455,-0.6125275437631839,24362.92
18, 100630.0,0.40737944707861423,0.7392332965270777,0.3488170515096455,1.1694571646246668,23904.35
8, 100631.0,-0.4551643748113164,-0.3962311232163166,1.5293801771063698,-0.6125275437631839,9178.92
16, 100632.0,-1.6771014558220514,0.029568034187455985,0.3488170515096455,-0.6125275437631839,25004.65
2, 100633.0,1.70119517991351,-1.1261725359084993,0.3488170515096455,-0.6125275437631839,21820.1
9, 100634.0,-0.4551643748113164,1.0028232511103659,-0.8317460740870789,-0.6125275437631839,7687.76
10, 100635.0,-0.023892463866351063,-0.21374577004327133,-0.8317460740870789,-0.6125275437631839,15283.67
10, 100636.0,-0.4551643748113164,-0.4570595742739986,-0.8317460740870789,-0.6125275437631839,14388.81
18, 100637.0,1.4855592244410276,1.246137055341094,-0.8317460740870789,1.1694571646246668,15045.5
19, 100638.0,0.9824086616719013,-0.35567882251119554,1.5293801771063698,-0.6125275437631839,33345.55
16, 100639.0,-0.23952841933883373,-0.5989926267419229,0.3488170515096455,-0.6125275437631839,14482.51
11, 100640.0,1.70119517991351,-0.33540267215863534,0.3488170515096455,1.1694571646246668,11082.48
1, 100641.0,-0.16764976751467284,-1.734457046485318,0.3488170515096455,1.1694571646246668,20205.55
14, 100642.0,-1.2458295448770862,0.9217186497001237,-0.8317460740870789,-0.6125275437631839,12252.08
11, 100643.0,1.70119517991351,-0.6395449274470446,0.3488170515096455,1.1694571646246668,20117.82
4, 100644.0,-1.6771014558220514,1.0433755518154877,1.5293801771063698,1.1694571646246668,18036.42
14, 100645.0,-1.0301935894046035,1.2866893560462143,-0.8317460740870789,-0.6125275437631839,13266.8
7, 100646.0,-1.317708196701247,-1.3694863401392265,0.3488170515096455,-0.6125275437631839,23039.01
12, 100647.0,1.4136805726168666,0.029568034187455985,0.3488170515096455,-0.6125275437631839,18113.65
3, 100648.0,-0.38328572298715546,-0.2948503714535135,2.709943302703094,1.1694571646246668,19814.77
3, 100649.0,0.6230154025510969,0.41481489088610823,1.5293801771063698,1.1694571646246668,31287.7
11, 100650.0,0.6230154025510969,-0.010984266517665113,-0.8317460740870789,1.1694571646246668,17862.21
7, 100651.0,-0.670800330283799,-2.4441223088249395,-0.8317460740870789,-0.6125275437631839,12110.43
4, 100652.0,-1.6771014558220514,2.3207730240268063,0.3488170515096455,-0.6125275437631839,24367.08
3, 100653.0,-0.4551643748113164,0.15122493630282,1.5293801771063698,2.951441873012518,20805.72
8, 100654.0,-1.4614655003495687,-0.3962311232163166,1.5293801771063698,-0.6125275437631839,29895.54
5, 100655.0,1.5574378762651884,-0.862582581325211,-0.8317460740870789,-0.6125275437631839,12414.96
13, 100656.0,-1.1739508930529252,-0.11236501828046822,-0.8317460740870789,-0.6125275437631839,8950.38
16, 100657.0,-0.3114070711629946,-0.5787164763893626,0.3488170515096455,-0.6125275437631839,16943.52
5, 100658.0,1.0542873134960622,-1.2478294380238633,-0.8317460740870789,-0.6125275437631839,11916.37
7, 100659.0,-1.0301935894046035,-2.0385993017737274,0.3488170515096455,-0.6125275437631839,8706.13
1, 100660.0,-0.3114070711629946,-0.7409256792098478,0.3488170515096455,2.951441873012518,21248.83
13, 100661.0,-1.1739508930529252,0.2323295377130622,-0.8317460740870789,-0.6125275437631839,10752.89
2, 100662.0,0.47925809890277515,-1.6128001443699538,0.3488170515096455,-0.6125275437631839,25721.55
9, 100663.0,0.33550079525445337,1.3069655063987753,-0.8317460740870789,-0.6125275437631839,18163.54
19, 100664.0,0.40737944707861423,0.29315798877074417,1.5293801771063698,-0.6125275437631839,15012.98
12, 100665.0,1.4136805726168666,-0.5787164763893626,0.3488170515096455,-0.6125275437631839,17374.31
6, 100666.0,0.9105300098477405,2.097735370148639,-0.8317460740870789,-0.6125275437631839,15409.51
6, 100667.0,0.9824086616719013,1.8138692652127908,-0.8317460740870789,-0.6125275437631839,11616.89
18, 100668.0,1.1261659653202232,0.15122493630282,0.3488170515096455,1.1694571646246668,16998.19
14, 100669.0,-1.4614655003495687,1.7530408141551095,-0.8317460740870789,-0.6125275437631839,7770.31
1, 100670.0,-0.5270430266354773,-0.07181271757534712,1.5293801771063698,2.951441873012518,30289.54
13, 100671.0,-0.5270430266354773,0.3539864398284262,-0.8317460740870789,-0.6125275437631839,27842.12
13, 100672.0,-0.7426789821079599,0.19177723700794108,-0.8317460740870789,-0.6125275437631839,8289.05
12, 100673.0,0.9105300098477405,-0.6192687770944837,0.3488170515096455,-0.6125275437631839,18004.0
13, 100674.0,-0.670800330283799,-0.4570595742739986,-0.8317460740870789,-0.6125275437631839,7533.06
10, 100675.0,0.19174349160613158,-0.6395449274470446,-0.8317460740870789,-0.6125275437631839,23183.27
11, 100676.0,0.9824086616719013,-1.2681055883764234,-0.8317460740870789,1.1694571646246668,15810.11
12, 100677.0,0.2636221434302925,-0.09208886792790731,0.3488170515096455,-0.6125275437631839,14080.98
3, 100678.0,0.2636221434302925,-0.923411032382893,2.709943302703094,1.1694571646246668,26151.9
4, 100679.0,-1.389586848525408,0.6581286951168355,0.3488170515096455,-0.6125275437631839,20478.23
15, 100680.0,0.04798618795780982,0.6378525447642746,0.3488170515096455,-0.6125275437631839,14208.04
6, 100681.0,1.5574378762651884,0.2526056880656231,-0.8317460740870789,-0.6125275437631839,11399.35
18, 100682.0,1.1261659653202232,0.009291883834895796,0.3488170515096455,2.951441873012518,20607.98
19, 100683.0,1.0542873134960622,1.2866893560462143,1.5293801771063698,-0.6125275437631839,14429.68
6, 100684.0,0.9105300098477405,1.104204002873169,-0.8317460740870789,-0.6125275437631839,24737.08
18, 100685.0,0.6230154025510969,1.9558023176807158,-0.8317460740870789,1.1694571646246668,19680.68
6, 100686.0,1.4136805726168666,0.09039648524513799,-0.8317460740870789,-0.6125275437631839,11360.3
0, 100687.0,-0.5270430266354773,1.0230994014629269,0.3488170515096455,1.1694571646246668,13362.57
0, 100688.0,-0.7426789821079599,-0.4165072735688775,-0.8317460740870789,1.1694571646246668,11018.62
0, 100689.0,-1.6771014558220514,-0.13264116863302913,0.3488170515096455,1.1694571646246668,20982.01
11, 100690.0,0.11986483978197071,-1.1058963855559383,-0.8317460740870789,1.1694571646246668,14588.39
10, 100691.0,0.6948940543752578,0.13094878595025908,-0.8317460740870789,-0.6125275437631839,28383.79
6, 100692.0,1.1261659653202232,0.9622709504052441,-0.8317460740870789,-0.6125275437631839,10499.57
14, 100693.0,-0.8145576339321208,0.9217186497001237,-0.8317460740870789,-0.6125275437631839,17235.25
1, 100694.0,-0.5270430266354773,-0.6800972281521658,0.3488170515096455,1.1694571646246668,15200.51
19, 100695.0,1.198044617144384,0.9622709504052441,1.5293801771063698,-0.6125275437631839,21750.55
17, 100696.0,-0.023892463866351063,-1.4303147911969085,0.3488170515096455,-0.6125275437631839,16765.11
19, 100697.0,0.47925809890277515,0.5770240937065926,1.5293801771063698,-0.6125275437631839,13605.48
17, 100698.0,-0.3114070711629946,-1.5316955429597117,-0.8317460740870789,-0.6125275437631839,20225.53
0, 100699.0,-0.5989216784596382,0.6784048454693957,0.3488170515096455,1.1694571646246668,16002.86
14, 100700.0,-1.6052228039978906,2.3004968736742453,-0.8317460740870789,-0.6125275437631839,18811.34
3, 100701.0,-0.670800330283799,1.12448015322573,3.8905064282998185,1.1694571646246668,40761.77
18, 100702.0,0.47925809890277515,0.9014424993475628,0.3488170515096455,1.1694571646246668,18659.48
6, 100703.0,1.4855592244410276,1.0028232511103659,-0.8317460740870789,-0.6125275437631839,11128.79
15, 100704.0,0.19174349160613158,0.41481489088610823,0.3488170515096455,-0.6125275437631839,13926.01
12, 100705.0,1.0542873134960622,-0.2948503714535135,0.3488170515096455,-0.6125275437631839,27723.66
0, 100706.0,-1.0301935894046035,0.860890198642441,-0.8317460740870789,1.1694571646246668,10153.67
16, 100707.0,-0.670800330283799,-0.43678342392143843,0.3488170515096455,-0.6125275437631839,11795.61
16, 100708.0,-0.8145576339321208,-0.21374577004327133,0.3488170515096455,-0.6125275437631839,12151.53
8, 100709.0,-0.38328572298715546,-0.09208886792790731,2.709943302703094,-0.6125275437631839,30005.82
9, 100710.0,0.40737944707861423,0.9217186497001237,-0.8317460740870789,-0.6125275437631839,12707.68
18, 100711.0,1.0542873134960622,0.29315798877074417,-0.8317460740870789,1.1694571646246668,18288.04
17, 100712.0,-0.4551643748113164,-2.1197039031839693,-0.8317460740870789,-0.6125275437631839,29959.3
4, 100713.0,-0.5989216784596382,2.5438106779049736,0.3488170515096455,1.1694571646246668,19685.89
5, 100714.0,0.7667727061994186,-0.7003733785047259,-0.8317460740870789,-0.6125275437631839,8500.41
15, 100715.0,0.7667727061994186,1.5502793106295032,0.3488170515096455,-0.6125275437631839,20795.21
13, 100716.0,-1.2458295448770862,0.2323295377130622,-0.8317460740870789,-0.6125275437631839,22657.78
13, 100717.0,-1.6052228039978906,-0.010984266517665113,-0.8317460740870789,-0.6125275437631839,11318.57
10, 100718.0,0.6948940543752578,-0.09208886792790731,-0.8317460740870789,-0.6125275437631839,13748.03
13, 100719.0,-1.389586848525408,-0.8017541302675291,-0.8317460740870789,-0.6125275437631839,6701.02
10, 100720.0,0.6230154025510969,0.19177723700794108,-0.8317460740870789,-0.6125275437631839,9745.95
10, 100721.0,-0.4551643748113164,-0.2948503714535135,-0.8317460740870789,-0.6125275437631839,10037.91
3, 100722.0,0.9105300098477405,-0.21374577004327133,1.5293801771063698,2.951441873012518,28031.68
19, 100723.0,1.269923268968545,-0.9031348820303321,2.709943302703094,-0.6125275437631839,17766.71
13, 100724.0,-1.6771014558220514,0.2323295377130622,-0.8317460740870789,-0.6125275437631839,11384.55
17, 100725.0,0.47925809890277515,-1.5519716933122727,-0.8317460740870789,-0.6125275437631839,16053.68
6, 100726.0,0.8386513580235796,1.0839278525206082,-0.8317460740870789,-0.6125275437631839,10743.4
0, 100727.0,-1.2458295448770862,-1.0653440848508173,-0.8317460740870789,1.1694571646246668,27480.06
15, 100728.0,0.33550079525445337,0.7189571461745176,0.3488170515096455,-0.6125275437631839,16209.16
19, 100729.0,1.1261659653202232,-0.03126041687022602,1.5293801771063698,-0.6125275437631839,22736.82
9, 100730.0,0.11986483978197071,1.0636517021680472,-0.8317460740870789,-0.6125275437631839,13680.93
13, 100731.0,-1.0301935894046035,0.4553671915912293,-0.8317460740870789,-0.6125275437631839,7636.36
8, 100732.0,-0.8145576339321208,-0.2745742211009533,1.5293801771063698,-0.6125275437631839,22512.63
11, 100733.0,1.1261659653202232,-1.3897624904917876,0.3488170515096455,1.1694571646246668,17658.33
6, 100734.0,0.551136750726936,0.6784048454693957,-0.8317460740870789,-0.6125275437631839,31745.69
0, 100735.0,-1.0301935894046035,0.4959194922963504,-0.8317460740870789,1.1694571646246668,16435.23
6, 100736.0,0.9824086616719013,0.3539864398284262,-0.8317460740870789,-0.6125275437631839,12027.34
13, 100737.0,-1.5333441521737297,-0.25429807074839245,-0.8317460740870789,-0.6125275437631839,22949.68
0, 100738.0,-1.5333441521737297,0.19177723700794108,0.3488170515096455,1.1694571646246668,35145.89
18, 100739.0,1.4136805726168666,0.29315798877074417,-0.8317460740870789,1.1694571646246668,18843.97
13, 100740.0,-1.4614655003495687,-0.3151265218060744,-0.8317460740870789,-0.6125275437631839,23264.09
14, 100741.0,-1.389586848525408,0.9217186497001237,-0.8317460740870789,-0.6125275437631839,5382.4
6, 100742.0,0.9105300098477405,1.4894508595718206,-0.8317460740870789,-0.6125275437631839,8309.07
17, 100743.0,-0.023892463866351063,-1.957494700363485,0.3488170515096455,-0.6125275437631839,14566.43
6, 100744.0,0.6948940543752578,0.3134341391233051,-0.8317460740870789,-0.6125275437631839,30533.67
5, 100745.0,0.9824086616719013,-0.37595497286375645,-0.8317460740870789,-0.6125275437631839,3570.13
12, 100746.0,0.7667727061994186,-0.33540267215863534,0.3488170515096455,-0.6125275437631839,16868.08
10, 100747.0,-0.4551643748113164,-0.2948503714535135,-0.8317460740870789,-0.6125275437631839,30623.61
11, 100748.0,0.47925809890277515,-1.8358377982481209,0.3488170515096455,1.1694571646246668,14533.65
18, 100749.0,1.4136805726168666,1.3069655063987753,-0.8317460740870789,1.1694571646246668,15416.43
16, 100750.0,-1.2458295448770862,-0.2948503714535135,0.3488170515096455,-0.6125275437631839,12434.6
14, 100751.0,-0.7426789821079599,1.915250016975594,-0.8317460740870789,-0.6125275437631839,17363.02
19, 100752.0,0.40737944707861423,1.8544215659179126,2.709943302703094,-0.6125275437631839,17552.16
18, 100753.0,0.8386513580235796,1.0230994014629269,0.3488170515096455,1.1694571646246668,31580.4
10, 100754.0,0.7667727061994186,-0.03126041687022602,-0.8317460740870789,-0.6125275437631839,32475.76
6, 100755.0,1.198044617144384,1.0028232511103659,-0.8317460740870789,-0.6125275437631839,15489.95
10, 100756.0,0.2636221434302925,-0.47733572462655954,-0.8317460740870789,-0.6125275437631839,29944.32
10, 100757.0,-0.23952841933883373,-0.25429807074839245,-0.8317460740870789,-0.6125275437631839,5373.81
0, 100758.0,-0.8145576339321208,1.2664132056936535,0.3488170515096455,4.733426581400368,27084.88
16, 100759.0,-1.2458295448770862,0.3337102894758653,0.3488170515096455,-0.6125275437631839,11152.95
8, 100760.0,-0.09577111569051194,0.029568034187455985,1.5293801771063698,-0.6125275437631839,14881.33
13, 100761.0,-1.6771014558220514,-0.3151265218060744,-0.8317460740870789,-0.6125275437631839,8865.2
4, 100762.0,-0.9583149375804426,2.4424299261421702,0.3488170515096455,-0.6125275437631839,13529.44
11, 100763.0,1.5574378762651884,-0.7003733785047259,0.3488170515096455,1.1694571646246668,20068.07
5, 100764.0,1.70119517991351,-0.35567882251119554,-0.8317460740870789,-0.6125275437631839,18058.81
19, 100765.0,0.551136750726936,1.0839278525206082,1.5293801771063698,-0.6125275437631839,15436.34
11, 100766.0,0.47925809890277515,-0.4570595742739986,0.3488170515096455,1.1694571646246668,17158.85
7, 100767.0,-1.1739508930529252,-1.2478294380238633,0.3488170515096455,-0.6125275437631839,13293.92
16, 100768.0,-1.1739508930529252,-0.2948503714535135,0.3488170515096455,-0.6125275437631839,13790.83
5, 100769.0,0.8386513580235796,-1.2072771373187414,-0.8317460740870789,-0.6125275437631839,12335.73
10, 100770.0,-0.16764976751467284,0.41481489088610823,-0.8317460740870789,-0.6125275437631839,14513.85
14, 100771.0,-1.6771014558220514,3.11154288777667,-0.8317460740870789,1.1694571646246668,31664.4
5, 100772.0,1.70119517991351,-1.6128001443699538,-0.8317460740870789,-0.6125275437631839,10268.33
7, 100773.0,-1.1739508930529252,-1.3897624904917876,-0.8317460740870789,1.1694571646246668,11845.23
0, 100774.0,-0.5989216784596382,1.5705554609820627,-0.8317460740870789,1.1694571646246668,11932.09
6, 100775.0,1.5574378762651884,1.246137055341094,-0.8317460740870789,-0.6125275437631839,28272.45
16, 100776.0,-0.09577111569051194,-0.6192687770944837,0.3488170515096455,-0.6125275437631839,29526.59
18, 100777.0,1.1261659653202232,0.8000617475847597,0.3488170515096455,1.1694571646246668,15745.66
4, 100778.0,-0.9583149375804426,1.773316964507669,0.3488170515096455,-0.6125275437631839,13959.25
14, 100779.0,-0.7426789821079599,1.0636517021680472,-0.8317460740870789,-0.6125275437631839,6542.44
11, 100780.0,1.0542873134960622,-1.3492101897866664,0.3488170515096455,1.1694571646246668,18514.06
7, 100781.0,-0.8864362857562816,-1.2478294380238633,-0.8317460740870789,-0.6125275437631839,4532.02
18, 100782.0,1.5574378762651884,0.3539864398284262,-0.8317460740870789,1.1694571646246668,19604.05
4, 100783.0,-0.5989216784596382,2.422153775789609,1.5293801771063698,-0.6125275437631839,23704.67
9, 100784.0,0.47925809890277515,0.6784048454693957,-0.8317460740870789,-0.6125275437631839,12913.18
18, 100785.0,0.6948940543752578,0.982547100757805,-0.8317460740870789,1.1694571646246668,18425.52
15, 100786.0,1.3418019207927057,0.6581286951168355,0.3488170515096455,-0.6125275437631839,16597.33
18, 100787.0,0.19174349160613158,0.4350910412386684,-0.8317460740870789,1.1694571646246668,24382.51
13, 100788.0,-1.1739508930529252,0.4350910412386684,-0.8317460740870789,-0.6125275437631839,24748.24
9, 100789.0,-0.23952841933883373,1.104204002873169,-0.8317460740870789,-0.6125275437631839,23646.25
0, 100790.0,-1.0301935894046035,0.07012033489257707,0.3488170515096455,1.1694571646246668,12682.34
5, 100791.0,1.6293165280893493,-1.2072771373187414,-0.8317460740870789,-0.6125275437631839,12422.0
3, 100792.0,0.11986483978197071,-0.43678342392143843,2.709943302703094,1.1694571646246668,24682.99
19, 100793.0,0.47925809890277515,0.8406140482898815,1.5293801771063698,-0.6125275437631839,17887.15
4, 100794.0,-0.8864362857562816,0.7189571461745176,0.3488170515096455,-0.6125275437631839,12910.05
8, 100795.0,-1.4614655003495687,-0.3151265218060744,1.5293801771063698,-0.6125275437631839,18170.07
14, 100796.0,-1.5333441521737297,0.9419948000526847,-0.8317460740870789,-0.6125275437631839,5844.72
15, 100797.0,1.198044617144384,0.6378525447642746,0.3488170515096455,-0.6125275437631839,27673.92
4, 100798.0,-1.1020722412287642,1.7530408141551095,1.5293801771063698,-0.6125275437631839,27549.54
4, 100799.0,-1.317708196701247,0.6175763944117144,0.3488170515096455,-0.6125275437631839,24607.14
16, 100800.0,-0.670800330283799,0.13094878595025908,0.3488170515096455,-0.6125275437631839,14724.44
18, 100801.0,-0.16764976751467284,1.3069655063987753,0.3488170515096455,1.1694571646246668,16930.22
19, 100802.0,0.19174349160613158,0.29315798877074417,1.5293801771063698,-0.6125275437631839,21783.01
18, 100803.0,0.04798618795780982,0.7595094468796386,-0.8317460740870789,1.1694571646246668,16225.57
1, 100804.0,-1.1020722412287642,-0.3962311232163166,0.3488170515096455,1.1694571646246668,15156.33
8, 100805.0,-1.2458295448770862,-1.5114193926071509,1.5293801771063698,-0.6125275437631839,19439.16
1, 100806.0,-1.389586848525408,-0.9639633330880142,0.3488170515096455,1.1694571646246668,19964.25
15, 100807.0,0.19174349160613158,1.4488985588667003,0.3488170515096455,-0.6125275437631839,29934.86
13, 100808.0,-1.2458295448770862,0.07012033489257707,-0.8317460740870789,-0.6125275437631839,7771.4
2, 100809.0,1.269923268968545,-1.4100386408443477,1.5293801771063698,1.1694571646246668,28920.58
18, 100810.0,1.5574378762651884,0.9419948000526847,-0.8317460740870789,2.951441873012518,23957.86
18, 100811.0,1.0542873134960622,1.104204002873169,0.3488170515096455,1.1694571646246668,13380.8
1, 100812.0,-1.317708196701247,0.1106726355976989,1.5293801771063698,1.1694571646246668,13647.94
19, 100813.0,1.4855592244410276,-0.3962311232163166,2.709943302703094,-0.6125275437631839,38419.44
9, 100814.0,-0.4551643748113164,0.8811663489950019,-0.8317460740870789,-0.6125275437631839,19294.1
6, 100815.0,0.7667727061994186,0.5364717930014715,-0.8317460740870789,-0.6125275437631839,27568.2
12, 100816.0,1.5574378762651884,-0.882858731677772,0.3488170515096455,-0.6125275437631839,34653.75
14, 100817.0,-1.317708196701247,1.6719362127448658,-0.8317460740870789,-0.6125275437631839,21771.53
15, 100818.0,0.40737944707861423,0.6378525447642746,0.3488170515096455,-0.6125275437631839,30845.18
12, 100819.0,0.7667727061994186,-0.2948503714535135,0.3488170515096455,-0.6125275437631839,15655.87
10, 100820.0,0.2636221434302925,-0.21374577004327133,-0.8317460740870789,-0.6125275437631839,17042.91
7, 100821.0,-1.6771014558220514,-1.5114193926071509,-0.8317460740870789,-0.6125275437631839,9981.42
7, 100822.0,-0.5270430266354773,-1.6939047457801968,0.3488170515096455,-0.6125275437631839,17884.57
16, 100823.0,-0.5270430266354773,0.3134341391233051,0.3488170515096455,-0.6125275437631839,18605.04
7, 100824.0,-1.1739508930529252,-1.0045156337931354,-0.8317460740870789,-0.6125275437631839,6977.55
18, 100825.0,1.5574378762651884,0.6986809958219566,-0.8317460740870789,1.1694571646246668,16425.36
13, 100826.0,-0.5989216784596382,-0.3962311232163166,-0.8317460740870789,-0.6125275437631839,17062.55
0, 100827.0,-0.5270430266354773,0.4553671915912293,-0.8317460740870789,2.951441873012518,21619.33
15, 100828.0,0.19174349160613158,0.7595094468796386,0.3488170515096455,-0.6125275437631839,15932.09
2, 100829.0,1.198044617144384,-1.5722478436648328,1.5293801771063698,-0.6125275437631839,35125.65
0, 100830.0,-0.09577111569051194,0.3742625901809864,-0.8317460740870789,1.1694571646246668,10533.49
9, 100831.0,-0.5270430266354773,0.6986809958219566,-0.8317460740870789,-0.6125275437631839,8074.83
11, 100832.0,0.9105300098477405,-0.2948503714535135,0.3488170515096455,1.1694571646246668,13825.14
13, 100833.0,-0.8864362857562816,0.3337102894758653,-0.8317460740870789,-0.6125275437631839,10872.12
5, 100834.0,1.0542873134960622,0.009291883834895796,-0.8317460740870789,-0.6125275437631839,16075.16
5, 100835.0,1.70119517991351,-0.37595497286375645,-0.8317460740870789,-0.6125275437631839,11919.23
13, 100836.0,-1.4614655003495687,-0.07181271757534712,-0.8317460740870789,-0.6125275437631839,9171.19
5, 100837.0,0.9824086616719013,-0.11236501828046822,-0.8317460740870789,-0.6125275437631839,12412.12
12, 100838.0,1.4136805726168666,-0.6598210777996049,0.3488170515096455,-0.6125275437631839,11111.47
1, 100839.0,-0.8145576339321208,-1.81556164789556,0.3488170515096455,1.1694571646246668,22817.51
11, 100840.0,1.6293165280893493,-1.5519716933122727,-0.8317460740870789,1.1694571646246668,16797.84
6, 100841.0,1.1261659653202232,1.3475178071038971,-0.8317460740870789,-0.6125275437631839,16560.31
12, 100842.0,1.0542873134960622,-0.7206495288572868,0.3488170515096455,-0.6125275437631839,19377.8
10, 100843.0,0.11986483978197071,-0.15291731898558933,-0.8317460740870789,-0.6125275437631839,17181.49
3, 100844.0,1.5574378762651884,-0.33540267215863534,2.709943302703094,1.1694571646246668,31557.63
18, 100845.0,0.40737944707861423,1.4286224085141392,-0.8317460740870789,1.1694571646246668,29499.96
13, 100846.0,-1.4614655003495687,0.2323295377130622,-0.8317460740870789,-0.6125275437631839,4677.88
2, 100847.0,1.4855592244410276,-1.795285497543,1.5293801771063698,-0.6125275437631839,31536.38
11, 100848.0,0.551136750726936,-1.4303147911969085,-0.8317460740870789,1.1694571646246668,29692.1
1, 100849.0,-0.09577111569051194,-0.7409256792098478,1.5293801771063698,2.951441873012518,30662.16
4, 100850.0,-0.9583149375804426,1.5300031602769424,0.3488170515096455,-0.6125275437631839,13273.07
18, 100851.0,1.198044617144384,0.3539864398284262,-0.8317460740870789,1.1694571646246668,15990.75
4, 100852.0,-0.3114070711629946,1.0433755518154877,0.3488170515096455,-0.6125275437631839,12841.39
1, 100853.0,-0.5270430266354773,-0.49761187497911974,1.5293801771063698,1.1694571646246668,28950.23
3, 100854.0,0.9824086616719013,1.0839278525206082,1.5293801771063698,1.1694571646246668,18820.74
11, 100855.0,1.70119517991351,-0.6192687770944837,0.3488170515096455,1.1694571646246668,26638.69
3, 100856.0,1.3418019207927057,0.29315798877074417,2.709943302703094,1.1694571646246668,28003.1
7, 100857.0,-0.4551643748113164,-2.2616369556518943,-0.8317460740870789,1.1694571646246668,11967.74
6, 100858.0,1.269923268968545,0.7797855972321988,-0.8317460740870789,-0.6125275437631839,14779.01
11, 100859.0,0.6230154025510969,-0.8423064309726509,-0.8317460740870789,1.1694571646246668,24924.07
7, 100860.0,-1.0301935894046035,-1.2883817387289844,-0.8317460740870789,1.1694571646246668,10307.77
17, 100861.0,-0.16764976751467284,-1.5114193926071509,-0.8317460740870789,-0.6125275437631839,26308.76
9, 100862.0,-0.4551643748113164,0.6581286951168355,-0.8317460740870789,-0.6125275437631839,10150.02
0, 100863.0,-1.0301935894046035,-0.37595497286375645,-0.8317460740870789,1.1694571646246668,32722.04
2, 100864.0,0.9105300098477405,-1.1667248366136203,0.3488170515096455,-0.6125275437631839,13463.73
14, 100865.0,-1.317708196701247,1.246137055341094,-0.8317460740870789,-0.6125275437631839,10205.17
16, 100866.0,-1.5333441521737297,0.09039648524513799,0.3488170515096455,-0.6125275437631839,8052.19
17, 100867.0,0.7667727061994186,-1.4303147911969085,-0.8317460740870789,-0.6125275437631839,8731.2
14, 100868.0,-1.0301935894046035,1.0433755518154877,-0.8317460740870789,-0.6125275437631839,11157.3
3, 100869.0,1.0542873134960622,-1.0856202352033781,1.5293801771063698,1.1694571646246668,19868.79
2, 100870.0,0.9105300098477405,-0.862582581325211,1.5293801771063698,-0.6125275437631839,26595.47
12, 100871.0,0.8386513580235796,-0.82203028062009,0.3488170515096455,-0.6125275437631839,31950.65
2, 100872.0,0.7667727061994186,-1.81556164789556,1.5293801771063698,1.1694571646246668,33331.74
12, 100873.0,0.8386513580235796,-0.47733572462655954,0.3488170515096455,-0.6125275437631839,24224.19
16, 100874.0,-1.4614655003495687,0.4959194922963504,0.3488170515096455,-0.6125275437631839,22594.69
11, 100875.0,1.3418019207927057,-0.21374577004327133,0.3488170515096455,1.1694571646246668,19366.7
7, 100876.0,-1.5333441521737297,-1.4708670919020297,-0.8317460740870789,-0.6125275437631839,9230.48
4, 100877.0,-0.09577111569051194,1.3475178071038971,0.3488170515096455,-0.6125275437631839,30478.87
18, 100878.0,1.3418019207927057,0.7392332965270777,0.3488170515096455,1.1694571646246668,19458.4
13, 100879.0,-1.4614655003495687,-0.5381641756842416,-0.8317460740870789,-0.6125275437631839,24743.38
17, 100880.0,0.7667727061994186,-1.5925239940173936,-0.8317460740870789,-0.6125275437631839,13525.06
18, 100881.0,0.8386513580235796,3.0912667374241094,0.3488170515096455,1.1694571646246668,16515.14
1, 100882.0,-1.1739508930529252,0.009291883834895796,1.5293801771063698,1.1694571646246668,19916.39
8, 100883.0,-0.7426789821079599,0.07012033489257707,1.5293801771063698,-0.6125275437631839,9729.42
17, 100884.0,0.19174349160613158,-1.1464486862610601,0.3488170515096455,-0.6125275437631839,12632.39
12, 100885.0,0.11986483978197071,-0.07181271757534712,0.3488170515096455,-0.6125275437631839,14201.38
10, 100886.0,0.19174349160613158,0.3539864398284262,-0.8317460740870789,-0.6125275437631839,11369.15
5, 100887.0,0.8386513580235796,-0.17319346933815022,-0.8317460740870789,-0.6125275437631839,29302.97
13, 100888.0,-1.2458295448770862,-0.13264116863302913,-0.8317460740870789,-0.6125275437631839,11221.37
15, 100889.0,0.551136750726936,0.3945387405335473,0.3488170515096455,-0.6125275437631839,30783.19
5, 100890.0,1.4855592244410276,-0.5178880253316807,-0.8317460740870789,-0.6125275437631839,12497.69
11, 100891.0,0.8386513580235796,-2.079151602478848,0.3488170515096455,1.1694571646246668,20834.6
18, 100892.0,1.6293165280893493,1.2664132056936535,-0.8317460740870789,1.1694571646246668,13272.0
8, 100893.0,-1.389586848525408,-1.5316955429597117,1.5293801771063698,-0.6125275437631839,13216.11
3, 100894.0,1.4136805726168666,0.04984418454001689,2.709943302703094,1.1694571646246668,30198.51
18, 100895.0,1.70119517991351,1.4488985588667003,0.3488170515096455,1.1694571646246668,16853.65
5, 100896.0,1.0542873134960622,-0.882858731677772,-0.8317460740870789,-0.6125275437631839,22991.58
15, 100897.0,-0.023892463866351063,0.6784048454693957,0.3488170515096455,-0.6125275437631839,22603.27
14, 100898.0,-0.5989216784596382,1.2055847546359721,-0.8317460740870789,-0.6125275437631839,11249.8
12, 100899.0,0.11986483978197071,-0.5381641756842416,0.3488170515096455,-0.6125275437631839,22904.34
13, 100900.0,-1.317708196701247,-0.3962311232163166,-0.8317460740870789,-0.6125275437631839,5490.55
1, 100901.0,-1.6052228039978906,-0.5381641756842416,0.3488170515096455,1.1694571646246668,12293.41
9, 100902.0,0.2636221434302925,1.246137055341094,-0.8317460740870789,-0.6125275437631839,7351.98
10, 100903.0,-0.09577111569051194,0.41481489088610823,-0.8317460740870789,-0.6125275437631839,26088.8
5, 100904.0,1.3418019207927057,-1.937218550010924,-0.8317460740870789,-0.6125275437631839,13090.7
9, 100905.0,-0.5989216784596382,1.1447563035782908,-0.8317460740870789,-0.6125275437631839,22396.77
15, 100906.0,1.1261659653202232,0.5973002440591535,0.3488170515096455,-0.6125275437631839,16831.92
12, 100907.0,0.7667727061994186,-0.7003733785047259,0.3488170515096455,-0.6125275437631839,17939.59
0, 100908.0,-1.317708196701247,0.009291883834895796,0.3488170515096455,1.1694571646246668,13697.83
0, 100909.0,-1.389586848525408,0.6784048454693957,0.3488170515096455,1.1694571646246668,15126.05
12, 100910.0,1.269923268968545,-0.03126041687022602,0.3488170515096455,-0.6125275437631839,26956.37
10, 100911.0,-0.16764976751467284,0.1106726355976989,-0.8317460740870789,-0.6125275437631839,9081.24
10, 100912.0,-0.38328572298715546,0.15122493630282,-0.8317460740870789,-0.6125275437631839,9172.52
9, 100913.0,0.11986483978197071,0.5770240937065926,-0.8317460740870789,-0.6125275437631839,19756.69
8, 100914.0,-0.7426789821079599,-0.07181271757534712,1.5293801771063698,-0.6125275437631839,15165.01
9, 100915.0,0.6230154025510969,1.3475178071038971,-0.8317460740870789,-0.6125275437631839,14911.44
16, 100916.0,-1.0301935894046035,-0.6192687770944837,0.3488170515096455,-0.6125275437631839,23506.97
19, 100917.0,-0.09577111569051194,1.2055847546359721,2.709943302703094,-0.6125275437631839,21384.18
3, 100918.0,-0.7426789821079599,0.07012033489257707,2.709943302703094,1.1694571646246668,18913.31
17, 100919.0,0.6230154025510969,-1.1870009869661813,-0.8317460740870789,-0.6125275437631839,11175.02
12, 100920.0,1.70119517991351,-0.43678342392143843,0.3488170515096455,-0.6125275437631839,14691.47
1, 100921.0,0.40737944707861423,-1.5316955429597117,1.5293801771063698,1.1694571646246668,17309.13
16, 100922.0,-0.4551643748113164,0.3539864398284262,0.3488170515096455,-0.6125275437631839,12452.23
16, 100923.0,-0.7426789821079599,0.5161956426489113,0.3488170515096455,-0.6125275437631839,13281.45
6, 100924.0,0.9105300098477405,0.41481489088610823,-0.8317460740870789,-0.6125275437631839,23534.52
7, 100925.0,-1.4614655003495687,-2.4441223088249395,0.3488170515096455,-0.6125275437631839,10016.1
3, 100926.0,1.3418019207927057,0.41481489088610823,1.5293801771063698,1.1694571646246668,27621.33
16, 100927.0,-0.023892463866351063,0.29315798877074417,0.3488170515096455,-0.6125275437631839,11348.05
14, 100928.0,-1.4614655003495687,1.246137055341094,-0.8317460740870789,-0.6125275437631839,12540.56
1, 100929.0,-0.670800330283799,-1.714180896132757,0.3488170515096455,1.1694571646246668,12816.09
4, 100930.0,-1.389586848525408,1.0230994014629269,0.3488170515096455,-0.6125275437631839,9657.82
6, 100931.0,1.6293165280893493,0.3134341391233051,-0.8317460740870789,-0.6125275437631839,16121.57
16, 100932.0,-1.5333441521737297,-0.17319346933815022,0.3488170515096455,-0.6125275437631839,11320.11
6, 100933.0,1.4855592244410276,2.2802207233216847,-0.8317460740870789,-0.6125275437631839,16019.65
12, 100934.0,1.1261659653202232,-0.7206495288572868,0.3488170515096455,-0.6125275437631839,14269.14
1, 100935.0,-0.5989216784596382,-0.7612018295624079,0.3488170515096455,1.1694571646246668,24960.03
6, 100936.0,1.269923268968545,1.0230994014629269,-0.8317460740870789,-0.6125275437631839,18320.75
10, 100937.0,0.2636221434302925,-0.7206495288572868,-0.8317460740870789,-0.6125275437631839,15329.78
7, 100938.0,-1.389586848525408,-1.714180896132757,-0.8317460740870789,1.1694571646246668,29597.53
6, 100939.0,0.7667727061994186,1.246137055341094,-0.8317460740870789,-0.6125275437631839,28586.5
11, 100940.0,1.269923268968545,-0.6598210777996049,-0.8317460740870789,1.1694571646246668,11400.4
7, 100941.0,-1.6052228039978906,-0.9031348820303321,-0.8317460740870789,-0.6125275437631839,10013.18
9, 100942.0,-0.09577111569051194,1.7124885134499876,-0.8317460740870789,-0.6125275437631839,13676.87
9, 100943.0,0.6230154025510969,1.7327646638025485,-0.8317460740870789,-0.6125275437631839,12682.58
3, 100944.0,0.40737944707861423,0.029568034187455985,1.5293801771063698,1.1694571646246668,36891.4
12, 100945.0,0.40737944707861423,-0.7206495288572868,0.3488170515096455,-0.6125275437631839,29154.81
9, 100946.0,-0.23952841933883373,0.9014424993475628,-0.8317460740870789,-0.6125275437631839,16235.71
12, 100947.0,0.9105300098477405,0.04984418454001689,0.3488170515096455,-0.6125275437631839,20578.82
0, 100948.0,-0.4551643748113164,0.07012033489257707,0.3488170515096455,1.1694571646246668,19898.94
18, 100949.0,1.1261659653202232,0.5770240937065926,0.3488170515096455,1.1694571646246668,23901.42
5, 100950.0,1.198044617144384,-0.09208886792790731,-0.8317460740870789,-0.6125275437631839,14500.58
0, 100951.0,-0.23952841933883373,0.8000617475847597,-0.8317460740870789,1.1694571646246668,19510.99
18, 100952.0,0.9824086616719013,0.8406140482898815,0.3488170515096455,1.1694571646246668,18689.85
5, 100953.0,1.5574378762651884,-1.045067934498257,-0.8317460740870789,-0.6125275437631839,10655.56
18, 100954.0,0.8386513580235796,0.9217186497001237,0.3488170515096455,1.1694571646246668,22334.54
6, 100955.0,1.70119517991351,1.5300031602769424,-0.8317460740870789,-0.6125275437631839,22892.67
0, 100956.0,-1.1739508930529252,0.7392332965270777,0.3488170515096455,1.1694571646246668,21919.37
10, 100957.0,0.551136750726936,0.19177723700794108,-0.8317460740870789,-0.6125275437631839,17550.91
11, 100958.0,1.5574378762651884,-1.1667248366136203,0.3488170515096455,1.1694571646246668,22202.99
11, 100959.0,0.19174349160613158,-0.23402192039583222,-0.8317460740870789,2.951441873012518,15021.19
18, 100960.0,1.5574378762651884,1.104204002873169,-0.8317460740870789,1.1694571646246668,13520.32
4, 100961.0,-1.6052228039978906,2.239668422616564,2.709943302703094,-0.6125275437631839,23424.96
19, 100962.0,1.4855592244410276,-0.010984266517665113,1.5293801771063698,-0.6125275437631839,14645.04
12, 100963.0,0.11986483978197071,0.13094878595025908,0.3488170515096455,-0.6125275437631839,15277.41
17, 100964.0,0.47925809890277515,-1.2478294380238633,-0.8317460740870789,-0.6125275437631839,20097.86
10, 100965.0,0.47925809890277515,-0.15291731898558933,-0.8317460740870789,-0.6125275437631839,13743.66
16, 100966.0,-0.16764976751467284,-0.2745742211009533,0.3488170515096455,-0.6125275437631839,13635.74
0, 100967.0,-1.317708196701247,0.212053387360502,0.3488170515096455,2.951441873012518,22531.86
9, 100968.0,-0.38328572298715546,1.894973866623033,-0.8317460740870789,-0.6125275437631839,11421.77
7, 100969.0,-1.1739508930529252,-1.3694863401392265,0.3488170515096455,-0.6125275437631839,11426.55
17, 100970.0,-0.3114070711629946,-2.0385993017737274,0.3488170515096455,-0.6125275437631839,23137.32
1, 100971.0,-1.317708196701247,-0.6192687770944837,1.5293801771063698,1.1694571646246668,15298.91
9, 100972.0,0.04798618795780982,0.4959194922963504,-0.8317460740870789,-0.6125275437631839,7407.4
15, 100973.0,1.4855592244410276,0.6581286951168355,0.3488170515096455,-0.6125275437631839,33453.64
3, 100974.0,1.6293165280893493,0.4350910412386684,1.5293801771063698,1.1694571646246668,21519.27
15, 100975.0,0.40737944707861423,0.41481489088610823,0.3488170515096455,-0.6125275437631839,19517.33
7, 100976.0,-1.5333441521737297,-0.9436871827354539,-0.8317460740870789,-0.6125275437631839,7897.06
4, 100977.0,-0.9583149375804426,1.0230994014629269,0.3488170515096455,-0.6125275437631839,14545.87
18, 100978.0,1.4855592244410276,0.5567479433540324,-0.8317460740870789,1.1694571646246668,12779.61
3, 100979.0,-0.23952841933883373,0.29315798877074417,5.071069553896543,2.951441873012518,35545.75
15, 100980.0,0.6948940543752578,0.6175763944117144,0.3488170515096455,-0.6125275437631839,13200.95
19, 100981.0,1.198044617144384,-0.4165072735688775,1.5293801771063698,-0.6125275437631839,22188.9
3, 100982.0,-1.1739508930529252,-0.23402192039583222,2.709943302703094,1.1694571646246668,22058.35
0, 100983.0,-1.389586848525408,-0.17319346933815022,-0.8317460740870789,1.1694571646246668,8084.56
12, 100984.0,1.6293165280893493,-0.7003733785047259,0.3488170515096455,-0.6125275437631839,18116.31
6, 100985.0,1.5574378762651884,0.15122493630282,-0.8317460740870789,-0.6125275437631839,16584.11
11, 100986.0,1.198044617144384,-0.09208886792790731,-0.8317460740870789,2.951441873012518,17198.14
2, 100987.0,1.3418019207927057,-1.4911432422545905,0.3488170515096455,-0.6125275437631839,14710.49
0, 100988.0,-1.6771014558220514,1.5300031602769424,0.3488170515096455,1.1694571646246668,17236.06
14, 100989.0,-0.8145576339321208,1.3069655063987753,-0.8317460740870789,-0.6125275437631839,11300.74
12, 100990.0,1.198044617144384,0.009291883834895796,0.3488170515096455,-0.6125275437631839,19986.1
0, 100991.0,-0.670800330283799,0.1715010866553802,0.3488170515096455,1.1694571646246668,11884.76
13, 100992.0,-1.4614655003495687,-0.82203028062009,-0.8317460740870789,-0.6125275437631839,8209.12
7, 100993.0,-0.7426789821079599,-1.2883817387289844,0.3488170515096455,-0.6125275437631839,32206.09
11, 100994.0,0.33550079525445337,-0.6598210777996049,0.3488170515096455,1.1694571646246668,32374.48
5, 100995.0,0.8386513580235796,-1.2681055883764234,-0.8317460740870789,-0.6125275437631839,20370.09
2, 100996.0,1.5574378762651884,-1.0653440848508173,1.5293801771063698,-0.6125275437631839,34799.77
1, 100997.0,-0.5989216784596382,-2.0183231514211664,0.3488170515096455,1.1694571646246668,16062.3
3, 100998.0,-0.5989216784596382,0.1106726355976989,1.5293801771063698,2.951441873012518,28785.92
6, 100999.0,1.0542873134960622,0.7595094468796386,-0.8317460740870789,-0.6125275437631839,17823.89
16, 101000.0,-1.4614655003495687,0.29315798877074417,0.3488170515096455,-0.6125275437631839,22436.73
12, 101001.0,1.269923268968545,0.07012033489257707,0.3488170515096455,-0.6125275437631839,18755.59
7, 101002.0,-0.9583149375804426,-1.8358377982481209,-0.8317460740870789,-0.6125275437631839,8906.3
19, 101003.0,1.3418019207927057,0.4756433419437895,1.5293801771063698,-0.6125275437631839,26237.08
18, 101004.0,0.19174349160613158,0.6784048454693957,0.3488170515096455,2.951441873012518,22241.03
11, 101005.0,0.6948940543752578,-2.4441223088249395,-0.8317460740870789,1.1694571646246668,19533.55
17, 101006.0,0.19174349160613158,-1.2275532876713025,-0.8317460740870789,-0.6125275437631839,12505.99
10, 101007.0,0.04798618795780982,0.2526056880656231,-0.8317460740870789,-0.6125275437631839,13923.92
11, 101008.0,1.70119517991351,-0.11236501828046822,0.3488170515096455,1.1694571646246668,17788.98
16, 101009.0,-0.9583149375804426,-0.43678342392143843,0.3488170515096455,-0.6125275437631839,7367.13
11, 101010.0,-0.023892463866351063,-1.5722478436648328,-0.8317460740870789,1.1694571646246668,14554.63
16, 101011.0,-0.8145576339321208,-0.13264116863302913,0.3488170515096455,-0.6125275437631839,18623.14
2, 101012.0,0.6948940543752578,-1.1261725359084993,0.3488170515096455,-0.6125275437631839,17096.31
7, 101013.0,-1.4614655003495687,-1.1667248366136203,-0.8317460740870789,-0.6125275437631839,10190.12
13, 101014.0,-0.5270430266354773,0.19177723700794108,-0.8317460740870789,-0.6125275437631839,16160.66
13, 101015.0,-1.4614655003495687,-0.6395449274470446,-0.8317460740870789,-0.6125275437631839,12419.42
4, 101016.0,-1.4614655003495687,0.7797855972321988,0.3488170515096455,-0.6125275437631839,12115.55
2, 101017.0,1.3418019207927057,-2.2819131060044544,0.3488170515096455,-0.6125275437631839,12133.46
9, 101018.0,0.11986483978197071,0.9217186497001237,-0.8317460740870789,-0.6125275437631839,17900.08
18, 101019.0,1.4855592244410276,0.3742625901809864,0.3488170515096455,1.1694571646246668,19206.6
13, 101020.0,-1.2458295448770862,0.13094878595025908,-0.8317460740870789,-0.6125275437631839,9247.18
19, 101021.0,1.1261659653202232,0.3539864398284262,1.5293801771063698,-0.6125275437631839,37727.32
8, 101022.0,-1.0301935894046035,-1.2681055883764234,1.5293801771063698,-0.6125275437631839,12921.61
10, 101023.0,0.33550079525445337,0.41481489088610823,-0.8317460740870789,-0.6125275437631839,12388.09
7, 101024.0,-0.8864362857562816,-1.2681055883764234,0.3488170515096455,-0.6125275437631839,12548.68
13, 101025.0,-1.6052228039978906,-0.13264116863302913,-0.8317460740870789,-0.6125275437631839,11367.21
11, 101026.0,-0.5989216784596382,-1.0247917841456962,-0.8317460740870789,1.1694571646246668,8512.27
5, 101027.0,1.3418019207927057,-1.1261725359084993,-0.8317460740870789,-0.6125275437631839,11717.6
0, 101028.0,-0.5270430266354773,0.9419948000526847,0.3488170515096455,1.1694571646246668,35558.64
17, 101029.0,-0.5989216784596382,-2.4441223088249395,-0.8317460740870789,-0.6125275437631839,27468.21
5, 101030.0,0.9824086616719013,-1.2681055883764234,-0.8317460740870789,-0.6125275437631839,10673.6
7, 101031.0,-1.2458295448770862,-1.795285497543,0.3488170515096455,-0.6125275437631839,11220.02
3, 101032.0,-0.8145576339321208,-0.5178880253316807,2.709943302703094,1.1694571646246668,20723.5
0, 101033.0,-0.23952841933883373,-0.3151265218060744,-0.8317460740870789,2.951441873012518,20631.23
7, 101034.0,-0.9583149375804426,-1.4911432422545905,-0.8317460740870789,1.1694571646246668,30412.81
3, 101035.0,0.6230154025510969,-0.9639633330880142,1.5293801771063698,1.1694571646246668,22603.67
16, 101036.0,-1.389586848525408,0.009291883834895796,0.3488170515096455,-0.6125275437631839,8504.7
5, 101037.0,0.9824086616719013,-1.2072771373187414,-0.8317460740870789,-0.6125275437631839,13579.26
11, 101038.0,0.9105300098477405,-2.1805323542416515,-0.8317460740870789,1.1694571646246668,25321.98
19, 101039.0,1.269923268968545,0.212053387360502,1.5293801771063698,-0.6125275437631839,21894.82
5, 101040.0,1.198044617144384,-0.03126041687022602,-0.8317460740870789,-0.6125275437631839,23857.19
16, 101041.0,-1.389586848525408,-0.23402192039583222,0.3488170515096455,-0.6125275437631839,8974.92
0, 101042.0,-0.8145576339321208,1.4083462581615784,-0.8317460740870789,1.1694571646246668,22188.1
16, 101043.0,-1.389586848525408,-0.82203028062009,0.3488170515096455,-0.6125275437631839,16326.73
5, 101044.0,1.3418019207927057,-1.1058963855559383,-0.8317460740870789,-0.6125275437631839,12409.1
4, 101045.0,-1.1739508930529252,1.4894508595718206,1.5293801771063698,1.1694571646246668,22972.77
17, 101046.0,-0.023892463866351063,-0.9031348820303321,-0.8317460740870789,-0.6125275437631839,10871.6
8, 101047.0,-0.5989216784596382,-0.8017541302675291,1.5293801771063698,-0.6125275437631839,16376.34
12, 101048.0,1.0542873134960622,-0.23402192039583222,0.3488170515096455,-0.6125275437631839,16621.75
3, 101049.0,-0.16764976751467284,0.4959194922963504,2.709943302703094,2.951441873012518,25172.06
0, 101050.0,-0.9583149375804426,0.15122493630282,-0.8317460740870789,1.1694571646246668,16161.74
12, 101051.0,0.6948940543752578,-0.6800972281521658,0.3488170515096455,-0.6125275437631839,17332.81
6, 101052.0,0.8386513580235796,0.41481489088610823,-0.8317460740870789,-0.6125275437631839,16776.34
9, 101053.0,0.33550079525445337,2.3410491743793673,-0.8317460740870789,-0.6125275437631839,14693.98
12, 101054.0,0.04798618795780982,-0.03126041687022602,0.3488170515096455,-0.6125275437631839,19621.29
12, 101055.0,1.6293165280893493,0.3742625901809864,0.3488170515096455,-0.6125275437631839,17100.71
12, 101056.0,1.6293165280893493,-0.5787164763893626,0.3488170515096455,-0.6125275437631839,14969.04
12, 101057.0,0.6948940543752578,-0.7409256792098478,0.3488170515096455,-0.6125275437631839,14945.24
0, 101058.0,-1.0301935894046035,-0.49761187497911974,-0.8317460740870789,1.1694571646246668,35016.25
9, 101059.0,0.2636221434302925,1.1447563035782908,-0.8317460740870789,-0.6125275437631839,8249.17
0, 101060.0,-0.09577111569051194,0.04984418454001689,-0.8317460740870789,1.1694571646246668,18611.16
1, 101061.0,-1.6771014558220514,0.4553671915912293,1.5293801771063698,1.1694571646246668,22455.65
9, 101062.0,0.2636221434302925,2.361325324731928,-0.8317460740870789,-0.6125275437631839,13608.03
15, 101063.0,0.9105300098477405,0.982547100757805,0.3488170515096455,-0.6125275437631839,16061.06
18, 101064.0,1.269923268968545,0.6581286951168355,0.3488170515096455,1.1694571646246668,23017.9
5, 101065.0,0.9824086616719013,-0.8423064309726509,-0.8317460740870789,-0.6125275437631839,22961.56
17, 101066.0,0.04798618795780982,-1.4100386408443477,0.3488170515096455,-0.6125275437631839,14004.15
11, 101067.0,0.33550079525445337,-0.7612018295624079,-0.8317460740870789,1.1694571646246668,15134.5
2, 101068.0,1.6293165280893493,-1.714180896132757,1.5293801771063698,-0.6125275437631839,19170.8
2, 101069.0,0.8386513580235796,-2.079151602478848,0.3488170515096455,-0.6125275437631839,11384.31
13, 101070.0,-1.389586848525408,0.3539864398284262,-0.8317460740870789,-0.6125275437631839,8105.26
18, 101071.0,0.6230154025510969,1.3475178071038971,0.3488170515096455,2.951441873012518,22958.41
6, 101072.0,1.4136805726168666,0.3134341391233051,-0.8317460740870789,-0.6125275437631839,9013.46
4, 101073.0,-1.1020722412287642,1.1447563035782908,0.3488170515096455,-0.6125275437631839,12255.13
16, 101074.0,-0.23952841933883373,0.5567479433540324,0.3488170515096455,-0.6125275437631839,13273.6
10, 101075.0,-0.23952841933883373,-0.5178880253316807,-0.8317460740870789,-0.6125275437631839,26850.65
18, 101076.0,0.33550079525445337,2.3816014750844876,-0.8317460740870789,1.1694571646246668,19701.84
12, 101077.0,0.04798618795780982,-0.15291731898558933,0.3488170515096455,-0.6125275437631839,19705.64
19, 101078.0,0.2636221434302925,0.3945387405335473,1.5293801771063698,-0.6125275437631839,37432.21
12, 101079.0,0.47925809890277515,-0.17319346933815022,0.3488170515096455,-0.6125275437631839,13406.14
7, 101080.0,-1.2458295448770862,-1.3694863401392265,-0.8317460740870789,-0.6125275437631839,17061.99
1, 101081.0,-1.1739508930529252,-0.5584403260368017,0.3488170515096455,1.1694571646246668,17623.63
5, 101082.0,1.5574378762651884,-0.8017541302675291,-0.8317460740870789,-0.6125275437631839,12876.0
19, 101083.0,0.551136750726936,-0.4570595742739986,1.5293801771063698,-0.6125275437631839,32154.86
4, 101084.0,-1.1739508930529252,1.0230994014629269,1.5293801771063698,-0.6125275437631839,24132.55
13, 101085.0,-1.6052228039978906,0.4756433419437895,-0.8317460740870789,-0.6125275437631839,21557.05
4, 101086.0,-0.4551643748113164,0.8406140482898815,0.3488170515096455,-0.6125275437631839,16129.96
13, 101087.0,-1.6771014558220514,0.2526056880656231,-0.8317460740870789,-0.6125275437631839,7845.57
3, 101088.0,0.33550079525445337,-0.5178880253316807,1.5293801771063698,1.1694571646246668,14277.86
6, 101089.0,1.4855592244410276,0.1715010866553802,-0.8317460740870789,-0.6125275437631839,9075.7
13, 101090.0,-0.670800330283799,0.29315798877074417,-0.8317460740870789,-0.6125275437631839,11413.69
4, 101091.0,-0.5989216784596382,1.0433755518154877,0.3488170515096455,-0.6125275437631839,15992.6
3, 101092.0,1.4136805726168666,-0.82203028062009,1.5293801771063698,1.1694571646246668,34194.97
16, 101093.0,-0.9583149375804426,-0.13264116863302913,0.3488170515096455,-0.6125275437631839,14590.11
6, 101094.0,1.6293165280893493,0.4959194922963504,-0.8317460740870789,-0.6125275437631839,18322.49
13, 101095.0,-1.6771014558220514,-0.3151265218060744,-0.8317460740870789,-0.6125275437631839,7145.03
5, 101096.0,1.5574378762651884,-0.23402192039583222,-0.8317460740870789,-0.6125275437631839,18440.24
11, 101097.0,1.1261659653202232,-1.3694863401392265,-0.8317460740870789,1.1694571646246668,16582.6
11, 101098.0,0.9105300098477405,-1.3897624904917876,-0.8317460740870789,1.1694571646246668,17229.4
3, 101099.0,1.70119517991351,-0.2948503714535135,2.709943302703094,2.951441873012518,28714.54
4, 101100.0,-1.2458295448770862,1.3880701078090174,1.5293801771063698,1.1694571646246668,34669.48
9, 101101.0,-0.5270430266354773,0.9622709504052441,-0.8317460740870789,-0.6125275437631839,19767.38
11, 101102.0,1.269923268968545,-1.3492101897866664,0.3488170515096455,1.1694571646246668,31896.75
4, 101103.0,-1.6052228039978906,1.4083462581615784,0.3488170515096455,-0.6125275437631839,16923.82
3, 101104.0,-0.3114070711629946,0.3134341391233051,2.709943302703094,1.1694571646246668,17715.16
16, 101105.0,-0.670800330283799,0.07012033489257707,0.3488170515096455,-0.6125275437631839,27104.51
17, 101106.0,0.2636221434302925,-1.4708670919020297,-0.8317460740870789,-0.6125275437631839,14204.96
16, 101107.0,-0.7426789821079599,0.07012033489257707,0.3488170515096455,-0.6125275437631839,32943.06
14, 101108.0,-1.5333441521737297,1.4691747092192595,-0.8317460740870789,-0.6125275437631839,16187.99
11, 101109.0,0.551136750726936,0.04984418454001689,-0.8317460740870789,1.1694571646246668,13755.47
4, 101110.0,-0.7426789821079599,0.5973002440591535,1.5293801771063698,-0.6125275437631839,19147.39
14, 101111.0,-1.1020722412287642,0.6581286951168355,-0.8317460740870789,-0.6125275437631839,23856.04
13, 101112.0,-1.317708196701247,-0.7206495288572868,-0.8317460740870789,-0.6125275437631839,5755.05
1, 101113.0,-0.16764976751467284,-1.3492101897866664,0.3488170515096455,2.951441873012518,18734.88
7, 101114.0,-0.7426789821079599,-1.795285497543,-0.8317460740870789,-0.6125275437631839,5514.99
11, 101115.0,1.5574378762651884,-0.35567882251119554,0.3488170515096455,1.1694571646246668,18120.56
10, 101116.0,0.33550079525445337,-0.7612018295624079,-0.8317460740870789,-0.6125275437631839,10332.03
7, 101117.0,-1.0301935894046035,-1.1667248366136203,-0.8317460740870789,-0.6125275437631839,19203.67
11, 101118.0,0.9824086616719013,-0.5584403260368017,-0.8317460740870789,1.1694571646246668,28798.36
18, 101119.0,1.0542873134960622,1.0839278525206082,-0.8317460740870789,1.1694571646246668,19203.38
1, 101120.0,-0.8145576339321208,-1.045067934498257,2.709943302703094,1.1694571646246668,27105.31
9, 101121.0,0.33550079525445337,2.4627060764947313,-0.8317460740870789,-0.6125275437631839,18903.25
16, 101122.0,-0.5989216784596382,-0.17319346933815022,0.3488170515096455,-0.6125275437631839,12503.67
13, 101123.0,-0.7426789821079599,0.3337102894758653,-0.8317460740870789,-0.6125275437631839,15761.59
5, 101124.0,1.1261659653202232,-0.8017541302675291,-0.8317460740870789,-0.6125275437631839,9788.8
18, 101125.0,0.7667727061994186,0.8811663489950019,-0.8317460740870789,1.1694571646246668,17419.75
12, 101126.0,0.9824086616719013,-0.4165072735688775,0.3488170515096455,-0.6125275437631839,17427.53
11, 101127.0,0.9105300098477405,0.009291883834895796,0.3488170515096455,1.1694571646246668,19235.28
5, 101128.0,1.70119517991351,-1.957494700363485,-0.8317460740870789,-0.6125275437631839,23799.86
0, 101129.0,-0.09577111569051194,-0.15291731898558933,0.3488170515096455,1.1694571646246668,26353.3
12, 101130.0,0.9824086616719013,0.1715010866553802,0.3488170515096455,-0.6125275437631839,12144.81
18, 101131.0,0.11986483978197071,0.13094878595025908,0.3488170515096455,1.1694571646246668,13332.01
10, 101132.0,0.04798618795780982,-0.07181271757534712,-0.8317460740870789,-0.6125275437631839,27728.52
14, 101133.0,-1.317708196701247,0.5973002440591535,-0.8317460740870789,-0.6125275437631839,8805.25
6, 101134.0,1.1261659653202232,0.7797855972321988,-0.8317460740870789,-0.6125275437631839,17730.05
15, 101135.0,1.6293165280893493,0.6175763944117144,0.3488170515096455,-0.6125275437631839,16220.98
5, 101136.0,1.70119517991351,-0.5787164763893626,-0.8317460740870789,-0.6125275437631839,14232.1
5, 101137.0,1.4136805726168666,-0.35567882251119554,-0.8317460740870789,-0.6125275437631839,24136.2
8, 101138.0,-1.4614655003495687,-0.7206495288572868,1.5293801771063698,-0.6125275437631839,21464.96
0, 101139.0,-0.670800330283799,-0.5178880253316807,-0.8317460740870789,1.1694571646246668,13111.02
2, 101140.0,1.3418019207927057,-1.937218550010924,1.5293801771063698,-0.6125275437631839,19680.38
11, 101141.0,0.6230154025510969,-0.03126041687022602,0.3488170515096455,1.1694571646246668,15097.51
9, 101142.0,0.2636221434302925,1.9558023176807158,-0.8317460740870789,-0.6125275437631839,25704.43
13, 101143.0,-1.6052228039978906,-0.5989926267419229,-0.8317460740870789,-0.6125275437631839,5705.49
3, 101144.0,-0.3114070711629946,0.1715010866553802,1.5293801771063698,1.1694571646246668,37464.8
9, 101145.0,-0.23952841933883373,1.1650324539308503,-0.8317460740870789,-0.6125275437631839,34639.17
8, 101146.0,-0.5270430266354773,-0.03126041687022602,1.5293801771063698,-0.6125275437631839,26829.31
17, 101147.0,0.33550079525445337,-1.4911432422545905,-0.8317460740870789,-0.6125275437631839,13716.28
18, 101148.0,1.0542873134960622,0.15122493630282,0.3488170515096455,1.1694571646246668,26600.6
13, 101149.0,-1.1020722412287642,-0.03126041687022602,-0.8317460740870789,-0.6125275437631839,11699.32
13, 101150.0,-1.317708196701247,0.19177723700794108,-0.8317460740870789,-0.6125275437631839,10097.49
5, 101151.0,0.6230154025510969,-0.7003733785047259,-0.8317460740870789,-0.6125275437631839,30603.23
18, 101152.0,-0.023892463866351063,0.7595094468796386,0.3488170515096455,2.951441873012518,25754.68
16, 101153.0,-0.9583149375804426,-0.15291731898558933,0.3488170515096455,-0.6125275437631839,33446.48
1, 101154.0,-1.389586848525408,-0.6192687770944837,2.709943302703094,1.1694571646246668,21507.34
11, 101155.0,-0.3114070711629946,-1.1261725359084993,-0.8317460740870789,1.1694571646246668,28182.54
14, 101156.0,-1.5333441521737297,0.8000617475847597,-0.8317460740870789,-0.6125275437631839,15547.36
3, 101157.0,0.6230154025510969,0.8203378979373206,2.709943302703094,1.1694571646246668,26642.76
11, 101158.0,0.9824086616719013,-0.07181271757534712,-0.8317460740870789,1.1694571646246668,15841.08
1, 101159.0,-1.5333441521737297,0.7595094468796386,1.5293801771063698,1.1694571646246668,38560.06
0, 101160.0,-1.2458295448770862,1.6719362127448658,-0.8317460740870789,1.1694571646246668,13165.54
18, 101161.0,0.6230154025510969,1.894973866623033,-0.8317460740870789,1.1694571646246668,14137.24
13, 101162.0,-0.670800330283799,-0.6800972281521658,-0.8317460740870789,-0.6125275437631839,3110.63
9, 101163.0,-0.38328572298715546,0.5973002440591535,-0.8317460740870789,-0.6125275437631839,6453.86
18, 101164.0,0.19174349160613158,1.2664132056936535,0.3488170515096455,1.1694571646246668,16755.18
4, 101165.0,-0.4551643748113164,1.5705554609820627,0.3488170515096455,-0.6125275437631839,13782.67
3, 101166.0,1.4136805726168666,-0.4165072735688775,1.5293801771063698,1.1694571646246668,45220.98
0, 101167.0,-0.3114070711629946,0.7189571461745176,0.3488170515096455,1.1694571646246668,18322.45
3, 101168.0,1.0542873134960622,-0.7814779799149688,1.5293801771063698,1.1694571646246668,22400.2
13, 101169.0,-1.317708196701247,-0.2948503714535135,-0.8317460740870789,-0.6125275437631839,5433.54
1, 101170.0,0.19174349160613158,-2.3224654067095756,1.5293801771063698,1.1694571646246668,16400.95
9, 101171.0,-0.4551643748113164,0.4959194922963504,-0.8317460740870789,-0.6125275437631839,7199.65
1, 101172.0,-0.9583149375804426,-1.6128001443699538,0.3488170515096455,2.951441873012518,35114.96
18, 101173.0,0.7667727061994186,0.04984418454001689,0.3488170515096455,2.951441873012518,21961.54
11, 101174.0,0.6948940543752578,-0.9639633330880142,-0.8317460740870789,1.1694571646246668,22816.98
6, 101175.0,1.269923268968545,0.860890198642441,-0.8317460740870789,-0.6125275437631839,13209.26
13, 101176.0,-1.1020722412287642,0.5161956426489113,-0.8317460740870789,-0.6125275437631839,15764.12
0, 101177.0,-1.1739508930529252,1.1853086042834111,0.3488170515096455,1.1694571646246668,20050.93
14, 101178.0,-0.8864362857562816,0.6581286951168355,-0.8317460740870789,-0.6125275437631839,8568.97
1, 101179.0,-0.8145576339321208,0.212053387360502,1.5293801771063698,1.1694571646246668,22207.85
16, 101180.0,-0.8145576339321208,0.3742625901809864,0.3488170515096455,-0.6125275437631839,18859.53
6, 101181.0,0.8386513580235796,0.3337102894758653,-0.8317460740870789,-0.6125275437631839,29513.75
13, 101182.0,-0.5989216784596382,0.4959194922963504,-0.8317460740870789,-0.6125275437631839,11547.65
19, 101183.0,-0.023892463866351063,0.5770240937065926,1.5293801771063698,-0.6125275437631839,14371.49
11, 101184.0,1.70119517991351,-0.3962311232163166,-0.8317460740870789,1.1694571646246668,14085.41
13, 101185.0,-1.1739508930529252,-0.19346961969071041,-0.8317460740870789,-0.6125275437631839,12331.17
14, 101186.0,-1.389586848525408,2.5438106779049736,-0.8317460740870789,-0.6125275437631839,13049.22
11, 101187.0,0.9824086616719013,-0.49761187497911974,-0.8317460740870789,1.1694571646246668,16165.83
2, 101188.0,1.1261659653202232,-1.957494700363485,3.8905064282998185,-0.6125275437631839,37410.25
16, 101189.0,-0.9583149375804426,-0.8423064309726509,0.3488170515096455,-0.6125275437631839,10863.35
17, 101190.0,-0.09577111569051194,-1.2275532876713025,-0.8317460740870789,-0.6125275437631839,14489.34
18, 101191.0,0.2636221434302925,2.239668422616564,-0.8317460740870789,1.1694571646246668,13779.1
4, 101192.0,-1.317708196701247,0.6784048454693957,0.3488170515096455,-0.6125275437631839,11367.29
13, 101193.0,-0.8864362857562816,-0.7409256792098478,-0.8317460740870789,-0.6125275437631839,17629.28
2, 101194.0,0.9105300098477405,-1.937218550010924,0.3488170515096455,-0.6125275437631839,14019.76
0, 101195.0,-0.8145576339321208,0.4350910412386684,-0.8317460740870789,1.1694571646246668,13262.06
12, 101196.0,1.198044617144384,0.41481489088610823,0.3488170515096455,-0.6125275437631839,28068.39
6, 101197.0,0.8386513580235796,1.4083462581615784,-0.8317460740870789,-0.6125275437631839,21801.43
0, 101198.0,-1.5333441521737297,1.1447563035782908,-0.8317460740870789,1.1694571646246668,17031.85
15, 101199.0,0.551136750726936,0.5770240937065926,0.3488170515096455,-0.6125275437631839,40168.09
0, 101200.0,-0.8145576339321208,-0.5584403260368017,-0.8317460740870789,1.1694571646246668,6949.26
11, 101201.0,0.19174349160613158,-0.3151265218060744,-0.8317460740870789,1.1694571646246668,18121.59
0, 101202.0,-1.2458295448770862,-0.8423064309726509,-0.8317460740870789,1.1694571646246668,14797.47
19, 101203.0,1.4136805726168666,0.9419948000526847,2.709943302703094,-0.6125275437631839,22633.18
13, 101204.0,-1.389586848525408,-0.19346961969071041,-0.8317460740870789,-0.6125275437631839,18266.6
6, 101205.0,0.6948940543752578,0.4756433419437895,-0.8317460740870789,-0.6125275437631839,16291.16
5, 101206.0,1.198044617144384,-0.5178880253316807,-0.8317460740870789,-0.6125275437631839,11131.03
12, 101207.0,1.4136805726168666,-0.25429807074839245,0.3488170515096455,-0.6125275437631839,16802.77
12, 101208.0,1.4855592244410276,-0.2745742211009533,0.3488170515096455,-0.6125275437631839,28993.7
4, 101209.0,-0.8864362857562816,0.860890198642441,0.3488170515096455,-0.6125275437631839,10853.94
14, 101210.0,-1.6052228039978906,1.8341454155653516,-0.8317460740870789,-0.6125275437631839,12418.2
10, 101211.0,0.33550079525445337,0.1106726355976989,-0.8317460740870789,-0.6125275437631839,10146.0
12, 101212.0,0.9105300098477405,-0.6395449274470446,0.3488170515096455,-0.6125275437631839,27540.9
0, 101213.0,-0.09577111569051194,-0.07181271757534712,-0.8317460740870789,1.1694571646246668,22486.63
6, 101214.0,1.5574378762651884,0.2526056880656231,-0.8317460740870789,-0.6125275437631839,23778.12
19, 101215.0,0.551136750726936,0.5567479433540324,1.5293801771063698,-0.6125275437631839,39230.12
5, 101216.0,1.6293165280893493,-0.9639633330880142,-0.8317460740870789,-0.6125275437631839,11680.44
0, 101217.0,-0.7426789821079599,-0.35567882251119554,-0.8317460740870789,1.1694571646246668,11368.33
10, 101218.0,-0.4551643748113164,-0.7814779799149688,-0.8317460740870789,-0.6125275437631839,19244.05
16, 101219.0,-0.7426789821079599,-0.37595497286375645,0.3488170515096455,-0.6125275437631839,12271.66
11, 101220.0,1.6293165280893493,-0.6395449274470446,-0.8317460740870789,1.1694571646246668,18378.37
19, 101221.0,0.40737944707861423,0.6378525447642746,1.5293801771063698,-0.6125275437631839,18661.69
7, 101222.0,-1.4614655003495687,-1.0856202352033781,0.3488170515096455,-0.6125275437631839,13775.19
3, 101223.0,1.4136805726168666,-0.25429807074839245,1.5293801771063698,1.1694571646246668,18919.3
5, 101224.0,0.9824086616719013,-0.17319346933815022,-0.8317460740870789,-0.6125275437631839,7969.55
0, 101225.0,-0.8864362857562816,0.2728818384181833,0.3488170515096455,1.1694571646246668,26726.59
9, 101226.0,-0.23952841933883373,1.0028232511103659,-0.8317460740870789,-0.6125275437631839,30023.53
15, 101227.0,0.6948940543752578,0.6784048454693957,0.3488170515096455,-0.6125275437631839,11920.61
12, 101228.0,1.0542873134960622,-0.17319346933815022,0.3488170515096455,-0.6125275437631839,17281.74
0, 101229.0,-0.5989216784596382,0.2323295377130622,-0.8317460740870789,1.1694571646246668,15971.56
18, 101230.0,1.1261659653202232,0.29315798877074417,0.3488170515096455,1.1694571646246668,18151.33
4, 101231.0,-0.16764976751467284,3.010162136013867,2.709943302703094,-0.6125275437631839,29560.04
8, 101232.0,-0.8864362857562816,0.13094878595025908,1.5293801771063698,-0.6125275437631839,19335.05
19, 101233.0,-0.5270430266354773,1.5097270099243814,2.709943302703094,-0.6125275437631839,19940.98
19, 101234.0,0.7667727061994186,-0.13264116863302913,1.5293801771063698,-0.6125275437631839,31133.39
9, 101235.0,-0.16764976751467284,0.5770240937065926,-0.8317460740870789,-0.6125275437631839,7613.61
12, 101236.0,1.4855592244410276,0.029568034187455985,0.3488170515096455,-0.6125275437631839,28890.97
6, 101237.0,1.269923268968545,0.5567479433540324,-0.8317460740870789,-0.6125275437631839,15865.71
19, 101238.0,0.9105300098477405,-0.19346961969071041,1.5293801771063698,-0.6125275437631839,18046.27
3, 101239.0,-0.38328572298715546,0.3539864398284262,1.5293801771063698,1.1694571646246668,32085.03
19, 101240.0,1.6293165280893493,0.6986809958219566,1.5293801771063698,-0.6125275437631839,23482.65
3, 101241.0,0.9105300098477405,-0.7206495288572868,1.5293801771063698,2.951441873012518,26186.97
14, 101242.0,-1.389586848525408,1.4488985588667003,-0.8317460740870789,-0.6125275437631839,13437.24
8, 101243.0,-1.4614655003495687,-1.2072771373187414,2.709943302703094,-0.6125275437631839,13980.07
9, 101244.0,-0.09577111569051194,1.2055847546359721,-0.8317460740870789,-0.6125275437631839,33002.68
0, 101245.0,-0.7426789821079599,0.9419948000526847,0.3488170515096455,1.1694571646246668,21166.45
14, 101246.0,-0.8145576339321208,1.0636517021680472,-0.8317460740870789,-0.6125275437631839,6974.95
8, 101247.0,-1.389586848525408,-0.6598210777996049,1.5293801771063698,-0.6125275437631839,17792.21
19, 101248.0,0.8386513580235796,0.5973002440591535,1.5293801771063698,-0.6125275437631839,16209.91
6, 101249.0,0.7667727061994186,0.3539864398284262,-0.8317460740870789,-0.6125275437631839,24182.09
13, 101250.0,-0.9583149375804426,0.4756433419437895,-0.8317460740870789,-0.6125275437631839,7356.86
5, 101251.0,0.7667727061994186,-0.33540267215863534,-0.8317460740870789,-0.6125275437631839,13257.43
15, 101252.0,0.47925809890277515,0.4350910412386684,0.3488170515096455,-0.6125275437631839,10351.38
11, 101253.0,0.11986483978197071,-0.5989926267419229,-0.8317460740870789,1.1694571646246668,9614.08
13, 101254.0,-0.9583149375804426,-0.8017541302675291,-0.8317460740870789,-0.6125275437631839,22033.1
15, 101255.0,0.551136750726936,1.4691747092192595,0.3488170515096455,-0.6125275437631839,15091.56
18, 101256.0,-0.3114070711629946,1.3069655063987753,0.3488170515096455,1.1694571646246668,16446.99
17, 101257.0,0.6230154025510969,-1.3492101897866664,-0.8317460740870789,-0.6125275437631839,11824.12
15, 101258.0,1.4136805726168666,1.225860904988533,0.3488170515096455,-0.6125275437631839,15762.33
13, 101259.0,-1.4614655003495687,0.5567479433540324,-0.8317460740870789,-0.6125275437631839,6561.83
13, 101260.0,-1.4614655003495687,-0.8017541302675291,-0.8317460740870789,-0.6125275437631839,8204.1
13, 101261.0,-0.7426789821079599,-0.33540267215863534,-0.8317460740870789,-0.6125275437631839,12475.39
19, 101262.0,1.269923268968545,-0.4570595742739986,1.5293801771063698,-0.6125275437631839,33804.36
16, 101263.0,-0.09577111569051194,0.2526056880656231,0.3488170515096455,-0.6125275437631839,26537.46
15, 101264.0,0.40737944707861423,0.8406140482898815,0.3488170515096455,-0.6125275437631839,13930.74
5, 101265.0,1.5574378762651884,-1.5925239940173936,-0.8317460740870789,-0.6125275437631839,16308.75
6, 101266.0,1.5574378762651884,0.982547100757805,-0.8317460740870789,-0.6125275437631839,26816.24
14, 101267.0,-1.6771014558220514,0.8406140482898815,-0.8317460740870789,-0.6125275437631839,7263.02
1, 101268.0,-1.5333441521737297,-0.19346961969071041,1.5293801771063698,2.951441873012518,27356.53
0, 101269.0,-1.4614655003495687,0.4350910412386684,0.3488170515096455,2.951441873012518,30067.19
18, 101270.0,0.7667727061994186,0.2323295377130622,-0.8317460740870789,1.1694571646246668,34179.18
18, 101271.0,0.19174349160613158,0.15122493630282,-0.8317460740870789,1.1694571646246668,11935.54
11, 101272.0,-0.3114070711629946,-2.4441223088249395,-0.8317460740870789,1.1694571646246668,12031.42
11, 101273.0,0.551136750726936,-0.33540267215863534,-0.8317460740870789,1.1694571646246668,12934.22
5, 101274.0,0.551136750726936,-0.7003733785047259,-0.8317460740870789,-0.6125275437631839,9362.16
8, 101275.0,-0.7426789821079599,-1.9777708507160452,1.5293801771063698,-0.6125275437631839,8564.68
14, 101276.0,-1.317708196701247,0.5973002440591535,-0.8317460740870789,-0.6125275437631839,8841.05
13, 101277.0,-1.1020722412287642,-0.2948503714535135,-0.8317460740870789,-0.6125275437631839,14531.12
6, 101278.0,1.70119517991351,0.7797855972321988,-0.8317460740870789,-0.6125275437631839,26916.57
4, 101279.0,-1.317708196701247,1.1650324539308503,1.5293801771063698,1.1694571646246668,22213.8
2, 101280.0,0.47925809890277515,-1.0247917841456962,1.5293801771063698,-0.6125275437631839,19691.65
19, 101281.0,-0.023892463866351063,0.1715010866553802,1.5293801771063698,-0.6125275437631839,29809.95
15, 101282.0,0.9824086616719013,0.7595094468796386,0.3488170515096455,-0.6125275437631839,29343.5
1, 101283.0,-1.4614655003495687,-1.3694863401392265,0.3488170515096455,1.1694571646246668,11288.8
9, 101284.0,-0.023892463866351063,1.4286224085141392,-0.8317460740870789,-0.6125275437631839,13156.06
3, 101285.0,0.2636221434302925,-0.7612018295624079,2.709943302703094,1.1694571646246668,29986.01
7, 101286.0,-1.1739508930529252,-1.4303147911969085,0.3488170515096455,-0.6125275437631839,13325.42
5, 101287.0,1.70119517991351,-0.6800972281521658,-0.8317460740870789,-0.6125275437631839,10910.09
18, 101288.0,1.4136805726168666,1.5097270099243814,-0.8317460740870789,1.1694571646246668,32701.89
16, 101289.0,-0.5989216784596382,-0.15291731898558933,0.3488170515096455,-0.6125275437631839,6861.96
7, 101290.0,-0.8864362857562816,-1.3694863401392265,-0.8317460740870789,-0.6125275437631839,23547.07
2, 101291.0,1.1261659653202232,-2.0183231514211664,0.3488170515096455,-0.6125275437631839,13572.99
15, 101292.0,0.551136750726936,2.4424299261421702,0.3488170515096455,-0.6125275437631839,29010.58
15, 101293.0,1.70119517991351,0.8406140482898815,0.3488170515096455,-0.6125275437631839,13216.31
13, 101294.0,-1.6052228039978906,-0.17319346933815022,-0.8317460740870789,-0.6125275437631839,11457.18
16, 101295.0,-1.0301935894046035,-0.5989926267419229,0.3488170515096455,-0.6125275437631839,19366.97
7, 101296.0,-1.389586848525408,-1.876390098953242,-0.8317460740870789,-0.6125275437631839,17147.28
6, 101297.0,1.70119517991351,1.2055847546359721,-0.8317460740870789,-0.6125275437631839,16304.08
1, 101298.0,-0.670800330283799,-0.4165072735688775,1.5293801771063698,1.1694571646246668,16572.59
2, 101299.0,1.4136805726168666,-1.714180896132757,0.3488170515096455,-0.6125275437631839,16869.7
13, 101300.0,-0.8864362857562816,0.029568034187455985,-0.8317460740870789,-0.6125275437631839,24940.79
7, 101301.0,-1.6771014558220514,-1.5519716933122727,-0.8317460740870789,-0.6125275437631839,7847.38
3, 101302.0,-0.5989216784596382,1.5097270099243814,1.5293801771063698,1.1694571646246668,17564.06
16, 101303.0,-0.7426789821079599,-0.4570595742739986,0.3488170515096455,-0.6125275437631839,12385.93
0, 101304.0,-1.0301935894046035,1.4691747092192595,-0.8317460740870789,2.951441873012518,22742.03
9, 101305.0,-0.023892463866351063,0.8406140482898815,-0.8317460740870789,-0.6125275437631839,8873.47
16, 101306.0,-0.5270430266354773,0.4959194922963504,0.3488170515096455,-0.6125275437631839,13367.91
17, 101307.0,1.269923268968545,-2.4441223088249395,-0.8317460740870789,-0.6125275437631839,11100.11
12, 101308.0,1.269923268968545,0.3337102894758653,0.3488170515096455,-0.6125275437631839,10157.08
10, 101309.0,0.33550079525445337,0.4756433419437895,-0.8317460740870789,-0.6125275437631839,7879.53
9, 101310.0,0.11986483978197071,1.7124885134499876,-0.8317460740870789,-0.6125275437631839,14221.73
2, 101311.0,1.1261659653202232,-1.3897624904917876,1.5293801771063698,-0.6125275437631839,15919.2
5, 101312.0,0.9105300098477405,-0.35567882251119554,-0.8317460740870789,-0.6125275437631839,25661.3
5, 101313.0,0.9105300098477405,-1.1261725359084993,-0.8317460740870789,-0.6125275437631839,12579.37
11, 101314.0,0.19174349160613158,-1.795285497543,0.3488170515096455,1.1694571646246668,14262.38
6, 101315.0,0.7667727061994186,0.7392332965270777,-0.8317460740870789,-0.6125275437631839,9403.87
17, 101316.0,-0.16764976751467284,-1.5316955429597117,0.3488170515096455,-0.6125275437631839,34413.31
4, 101317.0,-0.8145576339321208,0.9217186497001237,0.3488170515096455,-0.6125275437631839,10697.2
8, 101318.0,-1.4614655003495687,-0.25429807074839245,1.5293801771063698,-0.6125275437631839,11633.15
19, 101319.0,1.198044617144384,-0.15291731898558933,1.5293801771063698,-0.6125275437631839,22291.11
18, 101320.0,0.33550079525445337,0.6378525447642746,0.3488170515096455,1.1694571646246668,16231.42
18, 101321.0,0.19174349160613158,0.1106726355976989,-0.8317460740870789,1.1694571646246668,33164.33
17, 101322.0,0.551136750726936,-1.957494700363485,-0.8317460740870789,-0.6125275437631839,35253.81
0, 101323.0,-1.4614655003495687,1.12448015322573,0.3488170515096455,1.1694571646246668,14692.11
7, 101324.0,-1.389586848525408,-0.923411032382893,-0.8317460740870789,-0.6125275437631839,14083.07
8, 101325.0,-1.389586848525408,-0.37595497286375645,1.5293801771063698,-0.6125275437631839,12454.55
6, 101326.0,0.6948940543752578,0.982547100757805,-0.8317460740870789,-0.6125275437631839,15932.5
16, 101327.0,-0.8864362857562816,-0.6598210777996049,0.3488170515096455,-0.6125275437631839,12363.15
6, 101328.0,0.9105300098477405,0.29315798877074417,-0.8317460740870789,-0.6125275437631839,14913.19
18, 101329.0,-0.4551643748113164,2.6249152793152155,-0.8317460740870789,1.1694571646246668,32968.27
12, 101330.0,0.9105300098477405,-0.09208886792790731,0.3488170515096455,-0.6125275437631839,18835.75
9, 101331.0,0.19174349160613158,0.4756433419437895,-0.8317460740870789,-0.6125275437631839,20017.82
17, 101332.0,0.551136750726936,-1.6533524450750756,-0.8317460740870789,-0.6125275437631839,12802.77
16, 101333.0,-0.4551643748113164,0.4756433419437895,0.3488170515096455,-0.6125275437631839,12711.9
3, 101334.0,0.11986483978197071,-0.4570595742739986,1.5293801771063698,1.1694571646246668,23775.45
11, 101335.0,1.3418019207927057,-0.7206495288572868,-0.8317460740870789,2.951441873012518,17727.8
6, 101336.0,1.6293165280893493,0.4350910412386684,-0.8317460740870789,-0.6125275437631839,13866.26
9, 101337.0,0.33550079525445337,1.1650324539308503,-0.8317460740870789,-0.6125275437631839,8066.04
10, 101338.0,0.04798618795780982,-0.35567882251119554,-0.8317460740870789,-0.6125275437631839,13788.68
7, 101339.0,-0.9583149375804426,-0.9639633330880142,-0.8317460740870789,-0.6125275437631839,10346.91
11, 101340.0,0.9824086616719013,-1.6533524450750756,-0.8317460740870789,1.1694571646246668,26959.35
7, 101341.0,-1.1020722412287642,-1.2681055883764234,0.3488170515096455,-0.6125275437631839,11276.66
9, 101342.0,0.2636221434302925,0.982547100757805,-0.8317460740870789,-0.6125275437631839,17188.8
13, 101343.0,-1.317708196701247,-0.4570595742739986,-0.8317460740870789,-0.6125275437631839,11180.74
18, 101344.0,1.0542873134960622,1.6719362127448658,-0.8317460740870789,1.1694571646246668,16536.32
3, 101345.0,1.4855592244410276,-0.4570595742739986,1.5293801771063698,2.951441873012518,35646.58
0, 101346.0,-0.09577111569051194,-0.03126041687022602,0.3488170515096455,1.1694571646246668,29433.89
7, 101347.0,-1.317708196701247,-2.4441223088249395,-0.8317460740870789,-0.6125275437631839,9170.82
8, 101348.0,-0.3114070711629946,-0.4570595742739986,1.5293801771063698,-0.6125275437631839,18692.73
13, 101349.0,-1.6052228039978906,-0.5178880253316807,-0.8317460740870789,-0.6125275437631839,7447.58
4, 101350.0,-1.0301935894046035,1.327241656751336,0.3488170515096455,-0.6125275437631839,17583.55
5, 101351.0,1.5574378762651884,-1.81556164789556,-0.8317460740870789,-0.6125275437631839,23410.1
13, 101352.0,-0.5270430266354773,0.029568034187455985,-0.8317460740870789,-0.6125275437631839,14794.93
16, 101353.0,-0.023892463866351063,0.009291883834895796,0.3488170515096455,-0.6125275437631839,29478.23
9, 101354.0,-0.38328572298715546,1.4691747092192595,-0.8317460740870789,-0.6125275437631839,9775.95
17, 101355.0,-0.23952841933883373,-1.957494700363485,-0.8317460740870789,-0.6125275437631839,6566.01
14, 101356.0,-1.389586848525408,1.104204002873169,-0.8317460740870789,-0.6125275437631839,7607.98
10, 101357.0,0.7667727061994186,-0.010984266517665113,-0.8317460740870789,-0.6125275437631839,10063.39
19, 101358.0,0.9824086616719013,-0.17319346933815022,1.5293801771063698,-0.6125275437631839,16444.61
1, 101359.0,-1.0301935894046035,-0.05153656722278621,1.5293801771063698,2.951441873012518,26518.03
5, 101360.0,1.5574378762651884,-0.6800972281521658,-0.8317460740870789,-0.6125275437631839,15288.75
11, 101361.0,0.11986483978197071,-0.6598210777996049,0.3488170515096455,1.1694571646246668,16951.32
11, 101362.0,0.7667727061994186,-0.010984266517665113,-0.8317460740870789,1.1694571646246668,13712.94
0, 101363.0,-1.5333441521737297,-0.49761187497911974,-0.8317460740870789,1.1694571646246668,18062.5
12, 101364.0,0.7667727061994186,0.2526056880656231,0.3488170515096455,-0.6125275437631839,18371.06
0, 101365.0,-0.8145576339321208,0.07012033489257707,-0.8317460740870789,1.1694571646246668,23173.81
3, 101366.0,-0.16764976751467284,1.0433755518154877,2.709943302703094,1.1694571646246668,22433.42
4, 101367.0,-0.09577111569051194,1.1447563035782908,0.3488170515096455,-0.6125275437631839,9777.19
5, 101368.0,0.8386513580235796,-0.6598210777996049,-0.8317460740870789,-0.6125275437631839,9828.61
16, 101369.0,-0.8864362857562816,-0.4165072735688775,0.3488170515096455,-0.6125275437631839,13927.12
3, 101370.0,0.9105300098477405,1.8138692652127908,2.709943302703094,1.1694571646246668,25263.81
1, 101371.0,-0.9583149375804426,0.3134341391233051,1.5293801771063698,1.1694571646246668,33998.29
8, 101372.0,-0.670800330283799,-1.8358377982481209,1.5293801771063698,-0.6125275437631839,14753.64
7, 101373.0,-0.8145576339321208,-1.3289340394341054,-0.8317460740870789,-0.6125275437631839,25799.44
1, 101374.0,0.19174349160613158,-2.4441223088249395,0.3488170515096455,2.951441873012518,17644.67
13, 101375.0,-0.5270430266354773,-0.37595497286375645,-0.8317460740870789,-0.6125275437631839,17932.77
13, 101376.0,-0.5270430266354773,0.3742625901809864,-0.8317460740870789,-0.6125275437631839,28548.69
2, 101377.0,1.3418019207927057,-1.5519716933122727,0.3488170515096455,-0.6125275437631839,11937.62
10, 101378.0,0.47925809890277515,0.1106726355976989,-0.8317460740870789,-0.6125275437631839,28548.83
5, 101379.0,1.6293165280893493,-0.5178880253316807,-0.8317460740870789,-0.6125275437631839,16918.39
8, 101380.0,-0.670800330283799,-0.6192687770944837,1.5293801771063698,-0.6125275437631839,20809.68
5, 101381.0,1.1261659653202232,-0.2948503714535135,-0.8317460740870789,-0.6125275437631839,16312.63
6, 101382.0,1.198044617144384,1.5705554609820627,-0.8317460740870789,-0.6125275437631839,24819.94
6, 101383.0,1.5574378762651884,0.212053387360502,-0.8317460740870789,-0.6125275437631839,11688.15
4, 101384.0,-1.0301935894046035,1.0636517021680472,0.3488170515096455,-0.6125275437631839,11299.64
18, 101385.0,-0.023892463866351063,1.4083462581615784,0.3488170515096455,1.1694571646246668,20963.6
13, 101386.0,-0.8145576339321208,0.009291883834895796,-0.8317460740870789,-0.6125275437631839,12017.36
0, 101387.0,-1.1020722412287642,0.6986809958219566,-0.8317460740870789,1.1694571646246668,10976.28
18, 101388.0,1.6293165280893493,0.4350910412386684,-0.8317460740870789,4.733426581400368,32632.99
5, 101389.0,1.5574378762651884,-0.35567882251119554,-0.8317460740870789,-0.6125275437631839,10176.54
19, 101390.0,1.4855592244410276,0.6175763944117144,2.709943302703094,-0.6125275437631839,21444.22
13, 101391.0,-0.5270430266354773,-0.19346961969071041,-0.8317460740870789,-0.6125275437631839,7295.34
0, 101392.0,-1.4614655003495687,0.4350910412386684,0.3488170515096455,1.1694571646246668,16920.35
9, 101393.0,-0.5989216784596382,0.6378525447642746,-0.8317460740870789,-0.6125275437631839,17637.55
16, 101394.0,-0.5270430266354773,0.4756433419437895,0.3488170515096455,-0.6125275437631839,9494.05
5, 101395.0,0.551136750726936,-0.7409256792098478,-0.8317460740870789,-0.6125275437631839,12219.19
0, 101396.0,-0.23952841933883373,0.3134341391233051,-0.8317460740870789,1.1694571646246668,16174.52
11, 101397.0,1.6293165280893493,-0.2745742211009533,-0.8317460740870789,1.1694571646246668,13921.84
14, 101398.0,-1.6052228039978906,1.5705554609820627,-0.8317460740870789,-0.6125275437631839,10407.9
15, 101399.0,0.40737944707861423,2.5438106779049736,0.3488170515096455,-0.6125275437631839,16811.51
3, 101400.0,1.6293165280893493,-0.5381641756842416,2.709943302703094,1.1694571646246668,37050.79
0, 101401.0,-0.670800330283799,0.3134341391233051,0.3488170515096455,2.951441873012518,21230.87
0, 101402.0,-0.23952841933883373,-0.13264116863302913,0.3488170515096455,1.1694571646246668,14949.84
17, 101403.0,0.551136750726936,-1.6330762947225148,-0.8317460740870789,-0.6125275437631839,16525.01
4, 101404.0,-0.8145576339321208,1.5908316113346237,1.5293801771063698,-0.6125275437631839,16809.86
13, 101405.0,-1.317708196701247,-0.03126041687022602,-0.8317460740870789,-0.6125275437631839,13144.68
9, 101406.0,0.04798618795780982,1.0028232511103659,-0.8317460740870789,-0.6125275437631839,10644.91
16, 101407.0,-0.8145576339321208,0.3539864398284262,0.3488170515096455,-0.6125275437631839,10673.78
17, 101408.0,-0.23952841933883373,-1.673628595427636,-0.8317460740870789,-0.6125275437631839,9320.51
13, 101409.0,-0.5270430266354773,0.15122493630282,-0.8317460740870789,-0.6125275437631839,4969.02
0, 101410.0,-1.6052228039978906,0.15122493630282,-0.8317460740870789,1.1694571646246668,22030.63
5, 101411.0,1.3418019207927057,-0.2948503714535135,-0.8317460740870789,-0.6125275437631839,18741.27
10, 101412.0,0.11986483978197071,0.3742625901809864,-0.8317460740870789,-0.6125275437631839,14346.63
16, 101413.0,-1.4614655003495687,-0.37595497286375645,0.3488170515096455,-0.6125275437631839,15887.2
11, 101414.0,0.8386513580235796,-0.9436871827354539,0.3488170515096455,1.1694571646246668,15274.04
13, 101415.0,-0.670800330283799,-0.6192687770944837,-0.8317460740870789,-0.6125275437631839,25600.64
6, 101416.0,0.8386513580235796,1.4894508595718206,-0.8317460740870789,-0.6125275437631839,19006.11
11, 101417.0,1.3418019207927057,-1.4505909415494695,0.3488170515096455,1.1694571646246668,24995.69
1, 101418.0,-1.4614655003495687,0.4959194922963504,1.5293801771063698,1.1694571646246668,20205.96
11, 101419.0,1.4855592244410276,-0.23402192039583222,0.3488170515096455,1.1694571646246668,21622.13
16, 101420.0,-1.5333441521737297,-0.7814779799149688,0.3488170515096455,-0.6125275437631839,13938.84
13, 101421.0,-1.1739508930529252,0.19177723700794108,-0.8317460740870789,-0.6125275437631839,25079.28
2, 101422.0,0.40737944707861423,-1.4911432422545905,1.5293801771063698,-0.6125275437631839,15293.61
11, 101423.0,0.9105300098477405,-0.21374577004327133,0.3488170515096455,2.951441873012518,23524.8
4, 101424.0,-1.389586848525408,0.7797855972321988,1.5293801771063698,-0.6125275437631839,33760.35
13, 101425.0,-1.5333441521737297,0.3945387405335473,-0.8317460740870789,-0.6125275437631839,22103.0
14, 101426.0,-0.8145576339321208,0.7392332965270777,-0.8317460740870789,-0.6125275437631839,8102.99
8, 101427.0,-0.7426789821079599,0.15122493630282,1.5293801771063698,-0.6125275437631839,14539.57
12, 101428.0,0.6948940543752578,-0.2948503714535135,0.3488170515096455,-0.6125275437631839,28600.69
12, 101429.0,0.40737944707861423,-0.19346961969071041,0.3488170515096455,-0.6125275437631839,11928.65
6, 101430.0,1.4136805726168666,0.13094878595025908,-0.8317460740870789,-0.6125275437631839,18750.0
0, 101431.0,-0.7426789821079599,-0.43678342392143843,-0.8317460740870789,1.1694571646246668,7966.86
9, 101432.0,-0.16764976751467284,1.5097270099243814,-0.8317460740870789,-0.6125275437631839,12720.7
18, 101433.0,1.5574378762651884,0.3337102894758653,0.3488170515096455,1.1694571646246668,36602.37
2, 101434.0,0.40737944707861423,-2.4441223088249395,0.3488170515096455,-0.6125275437631839,9343.25
16, 101435.0,-0.9583149375804426,-0.010984266517665113,0.3488170515096455,-0.6125275437631839,12586.43
19, 101436.0,1.5574378762651884,0.5973002440591535,1.5293801771063698,-0.6125275437631839,22711.65
18, 101437.0,1.4136805726168666,1.246137055341094,-0.8317460740870789,1.1694571646246668,17572.66
8, 101438.0,-1.1020722412287642,0.029568034187455985,2.709943302703094,-0.6125275437631839,20665.46
2, 101439.0,0.551136750726936,-0.862582581325211,1.5293801771063698,-0.6125275437631839,14396.38
11, 101440.0,0.11986483978197071,-0.17319346933815022,0.3488170515096455,1.1694571646246668,19356.9
5, 101441.0,1.4855592244410276,-0.4570595742739986,-0.8317460740870789,-0.6125275437631839,27553.85
13, 101442.0,-1.389586848525408,-0.7206495288572868,-0.8317460740870789,-0.6125275437631839,15831.43
3, 101443.0,-0.8145576339321208,1.1447563035782908,3.8905064282998185,1.1694571646246668,32120.28
0, 101444.0,-0.38328572298715546,1.2866893560462143,-0.8317460740870789,1.1694571646246668,10665.98
15, 101445.0,0.7667727061994186,1.4488985588667003,0.3488170515096455,-0.6125275437631839,15210.0
7, 101446.0,-1.1020722412287642,-1.6533524450750756,-0.8317460740870789,1.1694571646246668,17762.44
14, 101447.0,-1.0301935894046035,1.7935931148602298,-0.8317460740870789,-0.6125275437631839,24747.78
15, 101448.0,0.9824086616719013,1.5705554609820627,0.3488170515096455,-0.6125275437631839,11473.79
1, 101449.0,-1.1020722412287642,-0.7003733785047259,0.3488170515096455,2.951441873012518,18955.26
18, 101450.0,0.9824086616719013,0.2526056880656231,0.3488170515096455,1.1694571646246668,17888.22
4, 101451.0,-1.389586848525408,1.0230994014629269,0.3488170515096455,-0.6125275437631839,10672.61
10, 101452.0,0.11986483978197071,-0.5381641756842416,-0.8317460740870789,-0.6125275437631839,13500.73
2, 101453.0,1.1261659653202232,-1.6939047457801968,0.3488170515096455,-0.6125275437631839,12136.47
11, 101454.0,-0.23952841933883373,-1.1464486862610601,-0.8317460740870789,1.1694571646246668,13774.51
5, 101455.0,1.4136805726168666,-0.7612018295624079,-0.8317460740870789,-0.6125275437631839,12053.68
12, 101456.0,0.9824086616719013,0.009291883834895796,0.3488170515096455,-0.6125275437631839,12835.63
2, 101457.0,0.7667727061994186,-1.1464486862610601,0.3488170515096455,-0.6125275437631839,13780.16
10, 101458.0,-0.09577111569051194,0.1715010866553802,-0.8317460740870789,-0.6125275437631839,8132.24
12, 101459.0,0.9105300098477405,-0.03126041687022602,0.3488170515096455,-0.6125275437631839,19187.0
6, 101460.0,1.198044617144384,0.3539864398284262,-0.8317460740870789,-0.6125275437631839,9479.0
16, 101461.0,-0.8864362857562816,0.029568034187455985,0.3488170515096455,-0.6125275437631839,25424.46
4, 101462.0,-1.1739508930529252,1.0028232511103659,0.3488170515096455,-0.6125275437631839,11969.87
11, 101463.0,0.47925809890277515,-0.5989926267419229,-0.8317460740870789,1.1694571646246668,29726.58
10, 101464.0,0.6230154025510969,-0.07181271757534712,-0.8317460740870789,-0.6125275437631839,21930.31
0, 101465.0,-0.9583149375804426,0.13094878595025908,-0.8317460740870789,1.1694571646246668,31281.15
7, 101466.0,-1.2458295448770862,-1.4505909415494695,0.3488170515096455,-0.6125275437631839,11534.19
0, 101467.0,-0.4551643748113164,0.29315798877074417,-0.8317460740870789,1.1694571646246668,15640.79
7, 101468.0,-1.1020722412287642,-1.0856202352033781,-0.8317460740870789,-0.6125275437631839,10648.45
9, 101469.0,0.2636221434302925,0.6378525447642746,-0.8317460740870789,-0.6125275437631839,14685.93
15, 101470.0,0.40737944707861423,2.7871244821357,0.3488170515096455,-0.6125275437631839,18841.9
1, 101471.0,-1.6052228039978906,-0.5989926267419229,0.3488170515096455,1.1694571646246668,11748.63
5, 101472.0,1.6293165280893493,-0.2745742211009533,-0.8317460740870789,-0.6125275437631839,14766.3
14, 101473.0,-0.670800330283799,0.9217186497001237,-0.8317460740870789,-0.6125275437631839,11150.11
15, 101474.0,0.04798618795780982,0.8406140482898815,0.3488170515096455,-0.6125275437631839,16829.58
17, 101475.0,-0.4551643748113164,-0.9639633330880142,-0.8317460740870789,-0.6125275437631839,12682.17
1, 101476.0,-0.38328572298715546,-0.5178880253316807,0.3488170515096455,1.1694571646246668,29799.21
6, 101477.0,1.0542873134960622,0.15122493630282,-0.8317460740870789,-0.6125275437631839,15852.11
7, 101478.0,-0.9583149375804426,-0.9639633330880142,-0.8317460740870789,-0.6125275437631839,11588.22
3, 101479.0,1.6293165280893493,0.5567479433540324,2.709943302703094,2.951441873012518,25736.56
8, 101480.0,-1.1020722412287642,-1.896666249305803,1.5293801771063698,-0.6125275437631839,20660.18
3, 101481.0,1.4855592244410276,-1.0247917841456962,1.5293801771063698,1.1694571646246668,28012.89
10, 101482.0,0.04798618795780982,0.3742625901809864,-0.8317460740870789,-0.6125275437631839,11894.31
6, 101483.0,0.6230154025510969,0.9217186497001237,-0.8317460740870789,-0.6125275437631839,24298.52
11, 101484.0,0.6230154025510969,-0.7003733785047259,-0.8317460740870789,2.951441873012518,21626.05
15, 101485.0,1.5574378762651884,0.5973002440591535,0.3488170515096455,-0.6125275437631839,32460.23
2, 101486.0,0.2636221434302925,-2.0183231514211664,1.5293801771063698,-0.6125275437631839,13020.13
7, 101487.0,-1.6052228039978906,-2.058875452126288,-0.8317460740870789,-0.6125275437631839,7683.88
10, 101488.0,-0.3114070711629946,-0.5178880253316807,-0.8317460740870789,-0.6125275437631839,10746.35
4, 101489.0,-0.8864362857562816,0.6581286951168355,0.3488170515096455,-0.6125275437631839,13256.15
8, 101490.0,-0.8145576339321208,-1.6533524450750756,1.5293801771063698,-0.6125275437631839,29208.64
0, 101491.0,-0.8864362857562816,1.0433755518154877,0.3488170515096455,1.1694571646246668,16005.48
1, 101492.0,-0.023892463866351063,0.04984418454001689,0.3488170515096455,2.951441873012518,23937.9
13, 101493.0,-1.1020722412287642,-0.6395449274470446,-0.8317460740870789,-0.6125275437631839,24973.12
4, 101494.0,-0.8864362857562816,0.9419948000526847,1.5293801771063698,-0.6125275437631839,18475.03
13, 101495.0,-1.389586848525408,-0.49761187497911974,-0.8317460740870789,-0.6125275437631839,14454.12
9, 101496.0,0.33550079525445337,0.9217186497001237,-0.8317460740870789,-0.6125275437631839,12554.34
13, 101497.0,-0.8864362857562816,0.3945387405335473,-0.8317460740870789,-0.6125275437631839,9316.59
13, 101498.0,-1.1020722412287642,-0.37595497286375645,-0.8317460740870789,-0.6125275437631839,8289.73
8, 101499.0,-0.16764976751467284,-1.6939047457801968,1.5293801771063698,-0.6125275437631839,27510.43
13, 101500.0,-1.5333441521737297,0.3945387405335473,-0.8317460740870789,-0.6125275437631839,18940.1
0, 101501.0,-1.389586848525408,1.1447563035782908,0.3488170515096455,1.1694571646246668,23512.44
17, 101502.0,0.551136750726936,-1.3492101897866664,-0.8317460740870789,-0.6125275437631839,11181.98
1, 101503.0,-0.16764976751467284,-0.49761187497911974,0.3488170515096455,1.1694571646246668,18590.34
2, 101504.0,1.70119517991351,-1.2072771373187414,0.3488170515096455,-0.6125275437631839,11593.52
13, 101505.0,-0.8864362857562816,0.15122493630282,-0.8317460740870789,-0.6125275437631839,6232.25
14, 101506.0,-1.1020722412287642,0.7595094468796386,-0.8317460740870789,-0.6125275437631839,12964.63
6, 101507.0,1.5574378762651884,1.915250016975594,-0.8317460740870789,-0.6125275437631839,15691.43
16, 101508.0,-0.23952841933883373,0.3337102894758653,0.3488170515096455,-0.6125275437631839,10637.93
3, 101509.0,-0.38328572298715546,0.29315798877074417,1.5293801771063698,1.1694571646246668,17870.47
5, 101510.0,1.5574378762651884,-0.5989926267419229,-0.8317460740870789,-0.6125275437631839,9903.19
15, 101511.0,0.47925809890277515,0.6175763944117144,0.3488170515096455,-0.6125275437631839,10737.47
19, 101512.0,-0.23952841933883373,0.6784048454693957,1.5293801771063698,-0.6125275437631839,19964.92
14, 101513.0,-1.1739508930529252,0.9014424993475628,-0.8317460740870789,-0.6125275437631839,18165.14
5, 101514.0,1.5574378762651884,-1.0247917841456962,-0.8317460740870789,-0.6125275437631839,14541.11
10, 101515.0,-0.16764976751467284,0.3539864398284262,-0.8317460740870789,-0.6125275437631839,10798.8
5, 101516.0,1.4136805726168666,-1.4708670919020297,-0.8317460740870789,-0.6125275437631839,9733.85
12, 101517.0,1.198044617144384,-0.33540267215863534,0.3488170515096455,-0.6125275437631839,10896.95
0, 101518.0,-1.6771014558220514,0.19177723700794108,0.3488170515096455,1.1694571646246668,20752.09
16, 101519.0,-1.4614655003495687,-0.2948503714535135,0.3488170515096455,-0.6125275437631839,15420.2
15, 101520.0,1.6293165280893493,0.8203378979373206,0.3488170515096455,-0.6125275437631839,29475.84
16, 101521.0,-0.7426789821079599,-0.4165072735688775,0.3488170515096455,-0.6125275437631839,14792.33
2, 101522.0,0.6230154025510969,-1.045067934498257,1.5293801771063698,-0.6125275437631839,16615.19
9, 101523.0,0.40737944707861423,0.8000617475847597,-0.8317460740870789,-0.6125275437631839,6265.81
18, 101524.0,0.33550079525445337,0.8000617475847597,0.3488170515096455,1.1694571646246668,33448.93
16, 101525.0,-0.023892463866351063,0.29315798877074417,0.3488170515096455,-0.6125275437631839,23776.99
5, 101526.0,0.9105300098477405,-0.8017541302675291,-0.8317460740870789,-0.6125275437631839,23006.22
12, 101527.0,0.2636221434302925,-0.9031348820303321,0.3488170515096455,-0.6125275437631839,20092.43
11, 101528.0,-0.16764976751467284,-1.937218550010924,-0.8317460740870789,1.1694571646246668,14793.97
9, 101529.0,0.19174349160613158,0.7392332965270777,-0.8317460740870789,-0.6125275437631839,22074.99
16, 101530.0,-0.16764976751467284,-0.25429807074839245,0.3488170515096455,-0.6125275437631839,15281.33
13, 101531.0,-1.317708196701247,-0.47733572462655954,-0.8317460740870789,-0.6125275437631839,7948.29
4, 101532.0,-0.7426789821079599,0.7595094468796386,1.5293801771063698,-0.6125275437631839,16696.98
1, 101533.0,-0.8864362857562816,-1.896666249305803,2.709943302703094,1.1694571646246668,20625.46
6, 101534.0,1.5574378762651884,0.6986809958219566,-0.8317460740870789,-0.6125275437631839,14050.01
10, 101535.0,-0.38328572298715546,0.3539864398284262,-0.8317460740870789,-0.6125275437631839,27527.96
3, 101536.0,0.7667727061994186,-1.2275532876713025,1.5293801771063698,1.1694571646246668,28640.12
1, 101537.0,-0.23952841933883373,-0.7409256792098478,0.3488170515096455,1.1694571646246668,22257.83
7, 101538.0,-1.2458295448770862,-1.0247917841456962,0.3488170515096455,-0.6125275437631839,19669.74
9, 101539.0,0.04798618795780982,1.9760784680332752,-0.8317460740870789,-0.6125275437631839,14039.48
0, 101540.0,-0.38328572298715546,0.4553671915912293,-0.8317460740870789,1.1694571646246668,10802.91
12, 101541.0,0.47925809890277515,0.3134341391233051,0.3488170515096455,-0.6125275437631839,26558.5
18, 101542.0,0.04798618795780982,1.2664132056936535,-0.8317460740870789,1.1694571646246668,34176.87
0, 101543.0,-1.6052228039978906,-0.3151265218060744,-0.8317460740870789,1.1694571646246668,18595.95
5, 101544.0,1.198044617144384,-1.714180896132757,-0.8317460740870789,-0.6125275437631839,26751.27
0, 101545.0,-1.6052228039978906,-0.923411032382893,-0.8317460740870789,1.1694571646246668,14598.02
6, 101546.0,1.269923268968545,0.5770240937065926,-0.8317460740870789,-0.6125275437631839,20970.88
12, 101547.0,0.6948940543752578,-0.6598210777996049,0.3488170515096455,-0.6125275437631839,18090.6
16, 101548.0,-1.5333441521737297,-0.4570595742739986,0.3488170515096455,-0.6125275437631839,11721.15
2, 101549.0,1.4136805726168666,-0.9842394834405751,0.3488170515096455,-0.6125275437631839,12746.54
4, 101550.0,-1.317708196701247,0.6986809958219566,1.5293801771063698,-0.6125275437631839,21282.97
17, 101551.0,0.19174349160613158,-1.2883817387289844,-0.8317460740870789,-0.6125275437631839,7874.78
12, 101552.0,0.2636221434302925,-0.25429807074839245,0.3488170515096455,-0.6125275437631839,26145.16
11, 101553.0,0.9105300098477405,0.07012033489257707,-0.8317460740870789,1.1694571646246668,15036.14
7, 101554.0,-1.389586848525408,-1.3694863401392265,0.3488170515096455,-0.6125275437631839,14410.22
1, 101555.0,-1.0301935894046035,0.009291883834895796,0.3488170515096455,2.951441873012518,14818.85
1, 101556.0,-0.3114070711629946,-1.1261725359084993,0.3488170515096455,1.1694571646246668,30422.63
13, 101557.0,-0.7426789821079599,0.13094878595025908,-0.8317460740870789,-0.6125275437631839,19408.26
8, 101558.0,-1.4614655003495687,0.212053387360502,1.5293801771063698,-0.6125275437631839,27408.42
11, 101559.0,0.9824086616719013,-0.15291731898558933,-0.8317460740870789,1.1694571646246668,18256.37
6, 101560.0,1.1261659653202232,0.15122493630282,-0.8317460740870789,-0.6125275437631839,10338.2
18, 101561.0,0.11986483978197071,0.1106726355976989,0.3488170515096455,1.1694571646246668,17835.27
15, 101562.0,0.9105300098477405,0.6378525447642746,0.3488170515096455,-0.6125275437631839,16805.85
15, 101563.0,1.3418019207927057,0.8203378979373206,0.3488170515096455,-0.6125275437631839,17616.79
14, 101564.0,-1.2458295448770862,0.8203378979373206,-0.8317460740870789,-0.6125275437631839,8468.21
5, 101565.0,1.0542873134960622,-0.09208886792790731,-0.8317460740870789,-0.6125275437631839,12486.44
0, 101566.0,-0.4551643748113164,0.09039648524513799,-0.8317460740870789,1.1694571646246668,13987.2
18, 101567.0,0.04798618795780982,0.8000617475847597,-0.8317460740870789,1.1694571646246668,13293.0
1, 101568.0,-1.2458295448770862,-0.6395449274470446,1.5293801771063698,2.951441873012518,19719.29
11, 101569.0,1.198044617144384,-0.5787164763893626,0.3488170515096455,1.1694571646246668,21120.38
7, 101570.0,-0.7426789821079599,-2.1805323542416515,-0.8317460740870789,-0.6125275437631839,13019.45
13, 101571.0,-1.4614655003495687,0.4553671915912293,-0.8317460740870789,-0.6125275437631839,9934.47
5, 101572.0,1.1261659653202232,-1.5925239940173936,-0.8317460740870789,-0.6125275437631839,23731.84
16, 101573.0,-0.7426789821079599,0.1106726355976989,0.3488170515096455,-0.6125275437631839,13730.48
18, 101574.0,-0.023892463866351063,0.8000617475847597,-0.8317460740870789,1.1694571646246668,30919.28
13, 101575.0,-1.0301935894046035,-0.6598210777996049,-0.8317460740870789,-0.6125275437631839,22260.44
12, 101576.0,0.33550079525445337,0.029568034187455985,0.3488170515096455,-0.6125275437631839,15626.22
16, 101577.0,-1.1020722412287642,0.4553671915912293,0.3488170515096455,-0.6125275437631839,8841.64
16, 101578.0,-0.8145576339321208,-0.6192687770944837,0.3488170515096455,-0.6125275437631839,17704.73
12, 101579.0,0.47925809890277515,0.1715010866553802,0.3488170515096455,-0.6125275437631839,15225.09
3, 101580.0,0.40737944707861423,0.2728818384181833,2.709943302703094,1.1694571646246668,38204.37
10, 101581.0,0.40737944707861423,-0.11236501828046822,-0.8317460740870789,-0.6125275437631839,23496.28
9, 101582.0,0.11986483978197071,1.246137055341094,-0.8317460740870789,-0.6125275437631839,21790.08
10, 101583.0,0.6948940543752578,0.13094878595025908,-0.8317460740870789,-0.6125275437631839,27563.03
0, 101584.0,-0.38328572298715546,0.2323295377130622,-0.8317460740870789,1.1694571646246668,25477.26
6, 101585.0,1.4855592244410276,0.7392332965270777,-0.8317460740870789,-0.6125275437631839,10663.61
4, 101586.0,-1.6771014558220514,1.0636517021680472,0.3488170515096455,-0.6125275437631839,20319.54
7, 101587.0,-1.317708196701247,-1.2275532876713025,-0.8317460740870789,1.1694571646246668,9967.86
0, 101588.0,-1.4614655003495687,0.4756433419437895,-0.8317460740870789,1.1694571646246668,18380.49
12, 101589.0,0.40737944707861423,-0.3151265218060744,0.3488170515096455,-0.6125275437631839,13651.95
7, 101590.0,-0.9583149375804426,-1.1261725359084993,-0.8317460740870789,-0.6125275437631839,9202.72
5, 101591.0,1.0542873134960622,-0.010984266517665113,-0.8317460740870789,-0.6125275437631839,8177.87
15, 101592.0,0.9824086616719013,2.0369069190909577,0.3488170515096455,-0.6125275437631839,14730.82
17, 101593.0,-0.16764976751467284,-2.2008085045942125,-0.8317460740870789,-0.6125275437631839,11829.7
10, 101594.0,0.11986483978197071,-0.7814779799149688,-0.8317460740870789,-0.6125275437631839,12988.88
5, 101595.0,0.7667727061994186,-0.4165072735688775,-0.8317460740870789,-0.6125275437631839,10375.97
10, 101596.0,0.40737944707861423,-0.13264116863302913,-0.8317460740870789,-0.6125275437631839,13954.35
15, 101597.0,0.11986483978197071,1.225860904988533,0.3488170515096455,-0.6125275437631839,10108.54
11, 101598.0,0.8386513580235796,-0.2745742211009533,-0.8317460740870789,1.1694571646246668,19825.1
13, 101599.0,-0.7426789821079599,-0.5178880253316807,-0.8317460740870789,-0.6125275437631839,25826.84
7, 101600.0,-0.8145576339321208,-1.4303147911969085,-0.8317460740870789,-0.6125275437631839,10838.36
3, 101601.0,-1.0301935894046035,-0.07181271757534712,3.8905064282998185,1.1694571646246668,26842.95
15, 101602.0,0.19174349160613158,1.1853086042834111,0.3488170515096455,-0.6125275437631839,27634.97
4, 101603.0,-1.1020722412287642,0.860890198642441,0.3488170515096455,-0.6125275437631839,13817.52
3, 101604.0,1.6293165280893493,1.5705554609820627,2.709943302703094,1.1694571646246668,25168.63
7, 101605.0,-1.2458295448770862,-2.2008085045942125,-0.8317460740870789,-0.6125275437631839,26517.02
13, 101606.0,-1.317708196701247,-0.23402192039583222,-0.8317460740870789,-0.6125275437631839,21499.03
11, 101607.0,1.4136805726168666,-0.17319346933815022,-0.8317460740870789,1.1694571646246668,16681.69
1, 101608.0,-1.4614655003495687,-1.795285497543,1.5293801771063698,1.1694571646246668,17818.35
6, 101609.0,1.70119517991351,1.6516600623923063,-0.8317460740870789,-0.6125275437631839,13147.14
10, 101610.0,-0.23952841933883373,-0.5989926267419229,-0.8317460740870789,-0.6125275437631839,23931.72
19, 101611.0,1.198044617144384,0.04984418454001689,1.5293801771063698,-0.6125275437631839,20728.74
15, 101612.0,0.40737944707861423,1.2055847546359721,0.3488170515096455,-0.6125275437631839,36392.54
6, 101613.0,0.9105300098477405,0.5973002440591535,-0.8317460740870789,-0.6125275437631839,26251.2
19, 101614.0,1.6293165280893493,0.3337102894758653,2.709943302703094,-0.6125275437631839,19146.03
6, 101615.0,1.0542873134960622,1.874697716270472,-0.8317460740870789,-0.6125275437631839,10542.66
6, 101616.0,0.6948940543752578,0.4959194922963504,-0.8317460740870789,-0.6125275437631839,25222.35
1, 101617.0,-0.8145576339321208,-1.5722478436648328,0.3488170515096455,2.951441873012518,32381.34
12, 101618.0,0.19174349160613158,0.29315798877074417,0.3488170515096455,-0.6125275437631839,13953.68
10, 101619.0,0.6230154025510969,0.1106726355976989,-0.8317460740870789,-0.6125275437631839,8899.98
14, 101620.0,-1.5333441521737297,0.6175763944117144,-0.8317460740870789,-0.6125275437631839,21656.15
18, 101621.0,0.9105300098477405,0.4756433419437895,0.3488170515096455,1.1694571646246668,19761.33
11, 101622.0,1.0542873134960622,-0.9639633330880142,-0.8317460740870789,1.1694571646246668,11599.81
15, 101623.0,1.269923268968545,2.0369069190909577,0.3488170515096455,-0.6125275437631839,12254.37
12, 101624.0,0.47925809890277515,0.212053387360502,0.3488170515096455,-0.6125275437631839,19785.2
1, 101625.0,-0.16764976751467284,-0.7003733785047259,1.5293801771063698,1.1694571646246668,34600.66
16, 101626.0,-1.5333441521737297,0.5567479433540324,0.3488170515096455,-0.6125275437631839,14448.56
8, 101627.0,-1.389586848525408,-0.3151265218060744,1.5293801771063698,-0.6125275437631839,13067.75
3, 101628.0,0.8386513580235796,0.15122493630282,2.709943302703094,1.1694571646246668,41337.2
19, 101629.0,1.4136805726168666,0.1715010866553802,1.5293801771063698,-0.6125275437631839,39237.59
19, 101630.0,0.19174349160613158,0.15122493630282,1.5293801771063698,-0.6125275437631839,17420.08
16, 101631.0,-0.38328572298715546,-0.8423064309726509,0.3488170515096455,-0.6125275437631839,18560.23
5, 101632.0,0.8386513580235796,-0.2745742211009533,-0.8317460740870789,-0.6125275437631839,15933.03
11, 101633.0,-0.3114070711629946,-0.5584403260368017,-0.8317460740870789,1.1694571646246668,10645.56
18, 101634.0,1.198044617144384,1.6516600623923063,-0.8317460740870789,1.1694571646246668,16755.26
15, 101635.0,0.11986483978197071,1.4894508595718206,0.3488170515096455,-0.6125275437631839,20867.3
3, 101636.0,-0.38328572298715546,-0.07181271757534712,1.5293801771063698,1.1694571646246668,23639.61
11, 101637.0,1.70119517991351,-0.9842394834405751,0.3488170515096455,1.1694571646246668,38070.5
16, 101638.0,-1.6771014558220514,-0.7814779799149688,0.3488170515096455,-0.6125275437631839,14979.5
19, 101639.0,0.6948940543752578,0.7189571461745176,1.5293801771063698,-0.6125275437631839,20706.12
10, 101640.0,0.19174349160613158,0.3742625901809864,-0.8317460740870789,-0.6125275437631839,13828.94
0, 101641.0,-0.5270430266354773,1.6516600623923063,0.3488170515096455,1.1694571646246668,26686.58
0, 101642.0,-0.9583149375804426,0.41481489088610823,-0.8317460740870789,1.1694571646246668,23091.24
18, 101643.0,1.269923268968545,1.2664132056936535,-0.8317460740870789,1.1694571646246668,33704.4
18, 101644.0,1.269923268968545,0.8406140482898815,-0.8317460740870789,4.733426581400368,25507.73
15, 101645.0,0.7667727061994186,1.225860904988533,0.3488170515096455,-0.6125275437631839,15746.86
6, 101646.0,1.0542873134960622,2.1991161219114423,-0.8317460740870789,-0.6125275437631839,13458.78
18, 101647.0,1.198044617144384,0.3337102894758653,-0.8317460740870789,1.1694571646246668,29416.45
18, 101648.0,1.6293165280893493,0.6175763944117144,0.3488170515096455,1.1694571646246668,18346.7
11, 101649.0,1.70119517991351,-0.25429807074839245,-0.8317460740870789,1.1694571646246668,19665.86
1, 101650.0,-0.3114070711629946,-0.82203028062009,0.3488170515096455,1.1694571646246668,15668.35
13, 101651.0,-1.6052228039978906,0.07012033489257707,-0.8317460740870789,-0.6125275437631839,8805.74
0, 101652.0,-0.23952841933883373,0.9622709504052441,0.3488170515096455,1.1694571646246668,29486.51
17, 101653.0,0.40737944707861423,-1.5316955429597117,-0.8317460740870789,-0.6125275437631839,18578.52
6, 101654.0,0.7667727061994186,0.860890198642441,-0.8317460740870789,-0.6125275437631839,17996.2
1, 101655.0,-1.4614655003495687,-0.5584403260368017,2.709943302703094,1.1694571646246668,24670.69
16, 101656.0,-0.5270430266354773,-0.010984266517665113,0.3488170515096455,-0.6125275437631839,13117.29
16, 101657.0,-0.23952841933883373,-0.7612018295624079,0.3488170515096455,-0.6125275437631839,15923.35
0, 101658.0,-0.4551643748113164,-0.49761187497911974,-0.8317460740870789,1.1694571646246668,21656.67
18, 101659.0,0.11986483978197071,0.9622709504052441,0.3488170515096455,1.1694571646246668,34809.55
1, 101660.0,-1.6052228039978906,-0.010984266517665113,1.5293801771063698,1.1694571646246668,34939.4
16, 101661.0,-0.023892463866351063,0.2526056880656231,0.3488170515096455,-0.6125275437631839,12986.58
1, 101662.0,-1.1020722412287642,0.5973002440591535,1.5293801771063698,1.1694571646246668,42803.46
11, 101663.0,1.269923268968545,-0.6395449274470446,0.3488170515096455,1.1694571646246668,20871.21
16, 101664.0,-0.023892463866351063,0.1715010866553802,0.3488170515096455,-0.6125275437631839,19346.54
6, 101665.0,1.4855592244410276,0.7392332965270777,-0.8317460740870789,-0.6125275437631839,21116.42
10, 101666.0,-0.16764976751467284,-0.862582581325211,-0.8317460740870789,-0.6125275437631839,8771.27
11, 101667.0,0.551136750726936,-0.9436871827354539,-0.8317460740870789,1.1694571646246668,10401.96
14, 101668.0,-1.5333441521737297,0.8203378979373206,-0.8317460740870789,-0.6125275437631839,29643.86
16, 101669.0,-0.38328572298715546,-0.9436871827354539,0.3488170515096455,-0.6125275437631839,21893.93
7, 101670.0,-0.670800330283799,-1.3492101897866664,0.3488170515096455,-0.6125275437631839,14674.53
0, 101671.0,-1.2458295448770862,-0.6800972281521658,-0.8317460740870789,1.1694571646246668,12466.27
0, 101672.0,-0.8145576339321208,1.2055847546359721,0.3488170515096455,1.1694571646246668,31459.87
0, 101673.0,-1.6052228039978906,1.0433755518154877,0.3488170515096455,1.1694571646246668,27911.7
10, 101674.0,-0.09577111569051194,-0.5178880253316807,-0.8317460740870789,-0.6125275437631839,8782.9
12, 101675.0,1.269923268968545,0.212053387360502,0.3488170515096455,-0.6125275437631839,11260.49
16, 101676.0,-1.1020722412287642,0.15122493630282,0.3488170515096455,-0.6125275437631839,12986.1
11, 101677.0,0.6948940543752578,-0.5584403260368017,-0.8317460740870789,1.1694571646246668,16531.26
9, 101678.0,-0.5270430266354773,0.7797855972321988,-0.8317460740870789,-0.6125275437631839,5305.72
1, 101679.0,0.6948940543752578,-2.4441223088249395,1.5293801771063698,2.951441873012518,20659.69
4, 101680.0,-1.5333441521737297,1.327241656751336,0.3488170515096455,-0.6125275437631839,11509.85
8, 101681.0,-0.09577111569051194,-0.33540267215863534,1.5293801771063698,-0.6125275437631839,16149.2
4, 101682.0,-1.4614655003495687,1.2055847546359721,0.3488170515096455,-0.6125275437631839,21735.72
14, 101683.0,-1.4614655003495687,1.1853086042834111,-0.8317460740870789,-0.6125275437631839,10583.87
4, 101684.0,-1.0301935894046035,1.2055847546359721,0.3488170515096455,-0.6125275437631839,16192.49
0, 101685.0,-1.2458295448770862,1.4894508595718206,-0.8317460740870789,1.1694571646246668,18226.71
3, 101686.0,1.4136805726168666,0.07012033489257707,1.5293801771063698,1.1694571646246668,46118.94
6, 101687.0,0.8386513580235796,0.4959194922963504,-0.8317460740870789,-0.6125275437631839,25919.04
9, 101688.0,0.551136750726936,1.0433755518154877,-0.8317460740870789,-0.6125275437631839,9924.66
7, 101689.0,-0.5989216784596382,-1.6128001443699538,0.3488170515096455,-0.6125275437631839,25306.82
19, 101690.0,0.6230154025510969,0.2526056880656231,2.709943302703094,-0.6125275437631839,21223.32
5, 101691.0,0.6948940543752578,-0.6800972281521658,-0.8317460740870789,-0.6125275437631839,13462.09
11, 101692.0,1.4855592244410276,-1.6533524450750756,-0.8317460740870789,1.1694571646246668,27952.79
10, 101693.0,-0.38328572298715546,-0.6192687770944837,-0.8317460740870789,-0.6125275437631839,25818.08
16, 101694.0,-1.0301935894046035,0.07012033489257707,0.3488170515096455,-0.6125275437631839,17047.12
0, 101695.0,-0.9583149375804426,0.7595094468796386,-0.8317460740870789,1.1694571646246668,16296.19
4, 101696.0,-1.389586848525408,0.7595094468796386,0.3488170515096455,-0.6125275437631839,26958.29
9, 101697.0,-0.23952841933883373,1.246137055341094,-0.8317460740870789,-0.6125275437631839,12974.1
16, 101698.0,-0.5989216784596382,-0.03126041687022602,0.3488170515096455,-0.6125275437631839,17225.08
16, 101699.0,-1.2458295448770862,0.2728818384181833,0.3488170515096455,-0.6125275437631839,14890.45
16, 101700.0,-0.5989216784596382,-1.1464486862610601,0.3488170515096455,-0.6125275437631839,19203.72
16, 101701.0,-0.8864362857562816,-0.49761187497911974,0.3488170515096455,-0.6125275437631839,27313.5
15, 101702.0,0.7667727061994186,0.5770240937065926,0.3488170515096455,-0.6125275437631839,16197.86
11, 101703.0,0.551136750726936,-1.4911432422545905,-0.8317460740870789,1.1694571646246668,12432.59
13, 101704.0,-1.1739508930529252,0.5770240937065926,-0.8317460740870789,-0.6125275437631839,16462.94
13, 101705.0,-1.389586848525408,0.07012033489257707,-0.8317460740870789,-0.6125275437631839,9316.55
16, 101706.0,-1.6771014558220514,0.2728818384181833,0.3488170515096455,-0.6125275437631839,6115.16
2, 101707.0,0.33550079525445337,-1.2883817387289844,0.3488170515096455,-0.6125275437631839,17995.23
11, 101708.0,1.269923268968545,-0.03126041687022602,0.3488170515096455,1.1694571646246668,18996.61
1, 101709.0,-1.389586848525408,-1.3897624904917876,0.3488170515096455,1.1694571646246668,16550.05
16, 101710.0,-1.1739508930529252,-0.07181271757534712,0.3488170515096455,-0.6125275437631839,15338.65
10, 101711.0,-0.38328572298715546,-0.7409256792098478,-0.8317460740870789,-0.6125275437631839,9949.06
10, 101712.0,0.19174349160613158,-0.03126041687022602,-0.8317460740870789,-0.6125275437631839,14030.62
8, 101713.0,-0.16764976751467284,-0.07181271757534712,1.5293801771063698,-0.6125275437631839,31847.14
1, 101714.0,-0.23952841933883373,-1.4708670919020297,0.3488170515096455,1.1694571646246668,19592.91
4, 101715.0,-1.317708196701247,1.2866893560462143,0.3488170515096455,-0.6125275437631839,15054.11
16, 101716.0,-0.3114070711629946,0.4350910412386684,0.3488170515096455,-0.6125275437631839,12122.34
15, 101717.0,0.9824086616719013,0.7797855972321988,0.3488170515096455,-0.6125275437631839,34295.32
0, 101718.0,-0.8864362857562816,1.8341454155653516,-0.8317460740870789,2.951441873012518,11093.62
17, 101719.0,0.11986483978197071,-1.2275532876713025,0.3488170515096455,-0.6125275437631839,21423.09
15, 101720.0,1.1261659653202232,1.327241656751336,0.3488170515096455,-0.6125275437631839,17968.55
13, 101721.0,-1.1020722412287642,-0.05153656722278621,-0.8317460740870789,-0.6125275437631839,19548.49
14, 101722.0,-0.8864362857562816,1.5300031602769424,-0.8317460740870789,-0.6125275437631839,8468.98
10, 101723.0,0.47925809890277515,-0.7612018295624079,-0.8317460740870789,-0.6125275437631839,12479.68
7, 101724.0,-1.5333441521737297,-1.045067934498257,-0.8317460740870789,-0.6125275437631839,5828.73
5, 101725.0,0.6230154025510969,-0.7814779799149688,-0.8317460740870789,-0.6125275437631839,26418.44
6, 101726.0,1.0542873134960622,1.9760784680332752,-0.8317460740870789,-0.6125275437631839,19790.28
6, 101727.0,1.269923268968545,0.09039648524513799,-0.8317460740870789,-0.6125275437631839,11605.22
17, 101728.0,0.9105300098477405,-1.896666249305803,-0.8317460740870789,-0.6125275437631839,25639.52
0, 101729.0,-0.5989216784596382,0.3742625901809864,0.3488170515096455,1.1694571646246668,18503.1
3, 101730.0,0.8386513580235796,0.2526056880656231,3.8905064282998185,2.951441873012518,28022.22
18, 101731.0,-0.23952841933883373,1.8341454155653516,0.3488170515096455,1.1694571646246668,19595.37
11, 101732.0,1.5574378762651884,-1.9777708507160452,-0.8317460740870789,1.1694571646246668,9529.81
14, 101733.0,-1.5333441521737297,1.1447563035782908,-0.8317460740870789,-0.6125275437631839,3854.35
13, 101734.0,-1.2458295448770862,0.4756433419437895,-0.8317460740870789,-0.6125275437631839,30932.81
11, 101735.0,1.1261659653202232,-1.9777708507160452,0.3488170515096455,1.1694571646246668,24830.69
15, 101736.0,1.5574378762651884,2.6046391289626545,0.3488170515096455,-0.6125275437631839,26465.9
13, 101737.0,-1.6771014558220514,0.4756433419437895,-0.8317460740870789,-0.6125275437631839,8645.44
4, 101738.0,-0.8864362857562816,0.8406140482898815,0.3488170515096455,-0.6125275437631839,17147.18
6, 101739.0,1.198044617144384,1.5502793106295032,-0.8317460740870789,-0.6125275437631839,14229.32
12, 101740.0,0.40737944707861423,-0.07181271757534712,0.3488170515096455,-0.6125275437631839,31119.12
7, 101741.0,-0.8145576339321208,-1.1870009869661813,-0.8317460740870789,-0.6125275437631839,27029.38
13, 101742.0,-1.5333441521737297,0.2526056880656231,-0.8317460740870789,-0.6125275437631839,6898.96
6, 101743.0,1.269923268968545,1.4083462581615784,-0.8317460740870789,-0.6125275437631839,11615.43
12, 101744.0,0.19174349160613158,-0.25429807074839245,0.3488170515096455,-0.6125275437631839,10275.62
0, 101745.0,-1.4614655003495687,0.1106726355976989,0.3488170515096455,1.1694571646246668,16227.06
19, 101746.0,0.11986483978197071,0.09039648524513799,2.709943302703094,-0.6125275437631839,25897.3
13, 101747.0,-1.389586848525408,-0.19346961969071041,-0.8317460740870789,-0.6125275437631839,3946.31
16, 101748.0,-1.0301935894046035,0.3337102894758653,0.3488170515096455,-0.6125275437631839,11319.4
5, 101749.0,0.9824086616719013,-0.6395449274470446,-0.8317460740870789,-0.6125275437631839,26039.01
17, 101750.0,0.19174349160613158,-1.045067934498257,-0.8317460740870789,-0.6125275437631839,21977.28
10, 101751.0,-0.16764976751467284,0.1106726355976989,-0.8317460740870789,-0.6125275437631839,10682.95
13, 101752.0,-0.5270430266354773,-0.15291731898558933,-0.8317460740870789,-0.6125275437631839,13833.14
14, 101753.0,-1.4614655003495687,0.5973002440591535,-0.8317460740870789,-0.6125275437631839,13078.8
0, 101754.0,-0.5989216784596382,0.9419948000526847,-0.8317460740870789,1.1694571646246668,14182.72
14, 101755.0,-0.7426789821079599,2.097735370148639,-0.8317460740870789,-0.6125275437631839,14227.63
0, 101756.0,-0.09577111569051194,-0.03126041687022602,0.3488170515096455,1.1694571646246668,11672.02
19, 101757.0,0.04798618795780982,0.13094878595025908,3.8905064282998185,-0.6125275437631839,21499.83
4, 101758.0,-0.09577111569051194,1.104204002873169,1.5293801771063698,-0.6125275437631839,13223.16
3, 101759.0,0.6948940543752578,-1.0045156337931354,3.8905064282998185,1.1694571646246668,45864.14
19, 101760.0,1.4855592244410276,0.5161956426489113,1.5293801771063698,-0.6125275437631839,19411.33
14, 101761.0,-1.0301935894046035,0.6581286951168355,-0.8317460740870789,-0.6125275437631839,23679.2
14, 101762.0,-1.4614655003495687,0.6986809958219566,-0.8317460740870789,-0.6125275437631839,17542.17
9, 101763.0,0.11986483978197071,1.0433755518154877,-0.8317460740870789,-0.6125275437631839,23777.29
7, 101764.0,-1.6771014558220514,-1.1261725359084993,0.3488170515096455,-0.6125275437631839,8725.12
19, 101765.0,1.4855592244410276,0.5567479433540324,1.5293801771063698,-0.6125275437631839,19377.89
19, 101766.0,0.40737944707861423,0.7595094468796386,1.5293801771063698,-0.6125275437631839,15655.29
17, 101767.0,-0.023892463866351063,-1.3694863401392265,-0.8317460740870789,-0.6125275437631839,8599.67
6, 101768.0,1.3418019207927057,0.9419948000526847,-0.8317460740870789,-0.6125275437631839,15229.13
19, 101769.0,1.1261659653202232,-0.47733572462655954,2.709943302703094,-0.6125275437631839,18411.14
13, 101770.0,-1.1739508930529252,-0.2745742211009533,-0.8317460740870789,-0.6125275437631839,13632.62
14, 101771.0,-0.8864362857562816,1.5502793106295032,-0.8317460740870789,-0.6125275437631839,11279.43
7, 101772.0,-1.317708196701247,-1.5519716933122727,-0.8317460740870789,-0.6125275437631839,10410.22
10, 101773.0,-0.16764976751467284,-0.3962311232163166,-0.8317460740870789,-0.6125275437631839,20997.64
0, 101774.0,-0.670800330283799,0.212053387360502,0.3488170515096455,1.1694571646246668,17196.24
18, 101775.0,0.6230154025510969,0.5161956426489113,-0.8317460740870789,1.1694571646246668,12216.77
3, 101776.0,-0.8145576339321208,0.6986809958219566,1.5293801771063698,1.1694571646246668,16376.59
1, 101777.0,-1.4614655003495687,-0.3962311232163166,1.5293801771063698,4.733426581400368,26119.02
7, 101778.0,-0.9583149375804426,-1.4100386408443477,-0.8317460740870789,-0.6125275437631839,8566.12
0, 101779.0,-1.389586848525408,0.15122493630282,0.3488170515096455,1.1694571646246668,20095.42
11, 101780.0,0.40737944707861423,-0.6800972281521658,0.3488170515096455,1.1694571646246668,29724.32
7, 101781.0,-0.9583149375804426,-1.9777708507160452,-0.8317460740870789,-0.6125275437631839,8934.83
6, 101782.0,1.1261659653202232,1.4083462581615784,-0.8317460740870789,-0.6125275437631839,35197.36
16, 101783.0,-0.23952841933883373,-0.05153656722278621,0.3488170515096455,-0.6125275437631839,31636.4
15, 101784.0,0.2636221434302925,1.3880701078090174,0.3488170515096455,-0.6125275437631839,10814.3
1, 101785.0,-0.23952841933883373,-0.47733572462655954,1.5293801771063698,1.1694571646246668,19340.14
4, 101786.0,-0.3114070711629946,1.6516600623923063,0.3488170515096455,-0.6125275437631839,16300.11
16, 101787.0,-0.8864362857562816,-0.7612018295624079,0.3488170515096455,-0.6125275437631839,11886.74
14, 101788.0,-1.6771014558220514,1.1650324539308503,-0.8317460740870789,-0.6125275437631839,17482.25
0, 101789.0,-0.23952841933883373,0.9014424993475628,-0.8317460740870789,1.1694571646246668,28844.25
10, 101790.0,-0.3114070711629946,-0.33540267215863534,-0.8317460740870789,-0.6125275437631839,6550.24
10, 101791.0,-0.023892463866351063,0.19177723700794108,-0.8317460740870789,-0.6125275437631839,33818.74
0, 101792.0,-0.5989216784596382,0.009291883834895796,0.3488170515096455,1.1694571646246668,16015.15
16, 101793.0,-1.389586848525408,-0.2745742211009533,0.3488170515096455,-0.6125275437631839,12206.13
18, 101794.0,0.551136750726936,1.894973866623033,0.3488170515096455,1.1694571646246668,22156.75
8, 101795.0,-0.8864362857562816,-0.7409256792098478,1.5293801771063698,-0.6125275437631839,14854.31
18, 101796.0,0.47925809890277515,0.4553671915912293,0.3488170515096455,1.1694571646246668,28703.77
9, 101797.0,0.11986483978197071,1.327241656751336,-0.8317460740870789,-0.6125275437631839,12254.52
13, 101798.0,-0.8864362857562816,-0.5787164763893626,-0.8317460740870789,-0.6125275437631839,11601.94
3, 101799.0,0.47925809890277515,1.874697716270472,1.5293801771063698,1.1694571646246668,24001.95
1, 101800.0,-1.317708196701247,-0.6395449274470446,0.3488170515096455,1.1694571646246668,12647.63
16, 101801.0,-1.6771014558220514,-0.6598210777996049,0.3488170515096455,-0.6125275437631839,10098.72
13, 101802.0,-0.8145576339321208,-0.09208886792790731,-0.8317460740870789,-0.6125275437631839,8186.9
2, 101803.0,1.4855592244410276,-0.9436871827354539,0.3488170515096455,-0.6125275437631839,17385.41
5, 101804.0,0.8386513580235796,-0.07181271757534712,-0.8317460740870789,-0.6125275437631839,4226.84
13, 101805.0,-1.389586848525408,-0.5787164763893626,-0.8317460740870789,-0.6125275437631839,28840.22
16, 101806.0,-0.16764976751467284,0.3742625901809864,0.3488170515096455,-0.6125275437631839,14217.36
0, 101807.0,-1.0301935894046035,1.0230994014629269,0.3488170515096455,1.1694571646246668,16119.54
5, 101808.0,1.6293165280893493,-0.8017541302675291,-0.8317460740870789,-0.6125275437631839,8827.27
15, 101809.0,0.8386513580235796,0.9419948000526847,0.3488170515096455,-0.6125275437631839,11603.66
18, 101810.0,-0.23952841933883373,1.7935931148602298,0.3488170515096455,1.1694571646246668,17721.94
4, 101811.0,-0.8864362857562816,0.8000617475847597,0.3488170515096455,-0.6125275437631839,11943.98
12, 101812.0,1.5574378762651884,-0.35567882251119554,0.3488170515096455,-0.6125275437631839,36367.88
13, 101813.0,-1.2458295448770862,-0.5381641756842416,-0.8317460740870789,-0.6125275437631839,23123.62
16, 101814.0,-0.670800330283799,-0.17319346933815022,0.3488170515096455,-0.6125275437631839,14497.35
10, 101815.0,-0.38328572298715546,-0.13264116863302913,-0.8317460740870789,-0.6125275437631839,9867.29
1, 101816.0,-0.5270430266354773,-0.9842394834405751,0.3488170515096455,1.1694571646246668,17791.09
14, 101817.0,-1.2458295448770862,0.7797855972321988,-0.8317460740870789,-0.6125275437631839,8708.33
16, 101818.0,-1.317708196701247,-0.010984266517665113,0.3488170515096455,-0.6125275437631839,20913.0
16, 101819.0,-0.8145576339321208,0.6175763944117144,0.3488170515096455,-0.6125275437631839,28297.09
6, 101820.0,1.198044617144384,0.8000617475847597,-0.8317460740870789,-0.6125275437631839,10461.56
14, 101821.0,-1.1020722412287642,0.7797855972321988,-0.8317460740870789,-0.6125275437631839,14030.8
1, 101822.0,-1.6771014558220514,-0.7206495288572868,0.3488170515096455,1.1694571646246668,15269.95
2, 101823.0,1.70119517991351,-1.4708670919020297,0.3488170515096455,-0.6125275437631839,11142.87
1, 101824.0,-1.0301935894046035,-0.5787164763893626,0.3488170515096455,1.1694571646246668,12018.94
8, 101825.0,-0.023892463866351063,-0.9842394834405751,2.709943302703094,-0.6125275437631839,14633.28
12, 101826.0,0.11986483978197071,-0.35567882251119554,0.3488170515096455,-0.6125275437631839,13432.02
16, 101827.0,-0.8864362857562816,0.2526056880656231,0.3488170515096455,-0.6125275437631839,20856.78
9, 101828.0,0.47925809890277515,1.7124885134499876,-0.8317460740870789,-0.6125275437631839,13057.27
15, 101829.0,1.4136805726168666,1.8341454155653516,0.3488170515096455,-0.6125275437631839,24900.76
1, 101830.0,-0.16764976751467284,-0.33540267215863534,0.3488170515096455,1.1694571646246668,22418.58
11, 101831.0,0.04798618795780982,-0.23402192039583222,0.3488170515096455,1.1694571646246668,21206.12
7, 101832.0,-1.0301935894046035,-1.4303147911969085,-0.8317460740870789,-0.6125275437631839,9383.14
13, 101833.0,-1.0301935894046035,-0.37595497286375645,-0.8317460740870789,-0.6125275437631839,10125.49
16, 101834.0,-0.09577111569051194,-0.7003733785047259,0.3488170515096455,-0.6125275437631839,25239.22
15, 101835.0,0.47925809890277515,2.4627060764947313,0.3488170515096455,-0.6125275437631839,22519.3
18, 101836.0,0.19174349160613158,2.0369069190909577,0.3488170515096455,1.1694571646246668,34375.43
7, 101837.0,-1.5333441521737297,-0.9639633330880142,-0.8317460740870789,-0.6125275437631839,5050.21
16, 101838.0,-1.6771014558220514,0.1106726355976989,0.3488170515096455,-0.6125275437631839,16044.74
6, 101839.0,0.9824086616719013,1.3475178071038971,-0.8317460740870789,-0.6125275437631839,13407.54
18, 101840.0,1.4855592244410276,0.2323295377130622,0.3488170515096455,1.1694571646246668,13516.68
19, 101841.0,0.40737944707861423,-0.2948503714535135,1.5293801771063698,-0.6125275437631839,19194.53
13, 101842.0,-1.4614655003495687,0.212053387360502,-0.8317460740870789,-0.6125275437631839,13524.25
10, 101843.0,-0.4551643748113164,-0.7003733785047259,-0.8317460740870789,-0.6125275437631839,9230.66
16, 101844.0,-0.4551643748113164,0.5567479433540324,0.3488170515096455,-0.6125275437631839,17058.09
12, 101845.0,1.1261659653202232,0.29315798877074417,0.3488170515096455,-0.6125275437631839,14921.04
2, 101846.0,1.70119517991351,-1.045067934498257,0.3488170515096455,-0.6125275437631839,19716.1
11, 101847.0,0.6948940543752578,-0.21374577004327133,-0.8317460740870789,1.1694571646246668,33530.84
6, 101848.0,1.198044617144384,0.5973002440591535,-0.8317460740870789,-0.6125275437631839,8338.81
11, 101849.0,0.9824086616719013,-1.1464486862610601,0.3488170515096455,1.1694571646246668,17061.23
5, 101850.0,0.6230154025510969,-0.7814779799149688,-0.8317460740870789,-0.6125275437631839,10464.55
5, 101851.0,1.4855592244410276,-0.13264116863302913,-0.8317460740870789,-0.6125275437631839,10876.76
10, 101852.0,0.40737944707861423,-0.49761187497911974,-0.8317460740870789,-0.6125275437631839,11790.15
15, 101853.0,0.6230154025510969,1.996354618385836,0.3488170515096455,-0.6125275437631839,23555.71
4, 101854.0,-0.16764976751467284,1.4488985588667003,0.3488170515096455,-0.6125275437631839,18479.74
16, 101855.0,-0.16764976751467284,0.1715010866553802,0.3488170515096455,-0.6125275437631839,15762.31
12, 101856.0,0.47925809890277515,-0.010984266517665113,0.3488170515096455,-0.6125275437631839,15582.79
12, 101857.0,1.1261659653202232,0.3742625901809864,0.3488170515096455,-0.6125275437631839,17620.02
16, 101858.0,-1.4614655003495687,-0.6395449274470446,0.3488170515096455,-0.6125275437631839,16994.84
0, 101859.0,-0.8864362857562816,1.12448015322573,-0.8317460740870789,1.1694571646246668,23718.87
9, 101860.0,0.40737944707861423,0.8203378979373206,-0.8317460740870789,-0.6125275437631839,11205.26
3, 101861.0,0.9105300098477405,-0.37595497286375645,1.5293801771063698,1.1694571646246668,18713.01
13, 101862.0,-1.1739508930529252,0.4350910412386684,-0.8317460740870789,-0.6125275437631839,6682.1
10, 101863.0,0.19174349160613158,-0.3151265218060744,-0.8317460740870789,-0.6125275437631839,8912.71
6, 101864.0,1.6293165280893493,0.7797855972321988,-0.8317460740870789,-0.6125275437631839,17945.04
0, 101865.0,-0.670800330283799,0.9622709504052441,0.3488170515096455,1.1694571646246668,17468.73
7, 101866.0,-1.1739508930529252,-2.4441223088249395,0.3488170515096455,-0.6125275437631839,15101.58
7, 101867.0,-1.5333441521737297,-0.9436871827354539,0.3488170515096455,-0.6125275437631839,20903.34
6, 101868.0,1.4855592244410276,2.097735370148639,-0.8317460740870789,-0.6125275437631839,13906.0
2, 101869.0,0.7667727061994186,-1.2883817387289844,1.5293801771063698,-0.6125275437631839,20191.85
0, 101870.0,-0.3114070711629946,0.04984418454001689,-0.8317460740870789,1.1694571646246668,12616.83
4, 101871.0,-0.670800330283799,2.6451914296677765,0.3488170515096455,-0.6125275437631839,34848.37
4, 101872.0,-0.4551643748113164,1.9355261673281547,0.3488170515096455,-0.6125275437631839,13504.45
12, 101873.0,1.70119517991351,0.1715010866553802,0.3488170515096455,-0.6125275437631839,14533.61
9, 101874.0,0.19174349160613158,0.7595094468796386,-0.8317460740870789,-0.6125275437631839,10375.09
4, 101875.0,-1.317708196701247,1.5502793106295032,2.709943302703094,-0.6125275437631839,17252.06
17, 101876.0,0.11986483978197071,-1.2072771373187414,-0.8317460740870789,-0.6125275437631839,9593.44
12, 101877.0,0.33550079525445337,-1.1058963855559383,0.3488170515096455,-0.6125275437631839,17923.83
5, 101878.0,1.5574378762651884,-0.4165072735688775,-0.8317460740870789,-0.6125275437631839,13179.59
14, 101879.0,-0.7426789821079599,0.860890198642441,-0.8317460740870789,-0.6125275437631839,8547.61
4, 101880.0,-1.0301935894046035,1.3475178071038971,1.5293801771063698,-0.6125275437631839,11140.26
0, 101881.0,-1.1739508930529252,-0.9031348820303321,-0.8317460740870789,1.1694571646246668,11864.47
10, 101882.0,-0.09577111569051194,-0.05153656722278621,-0.8317460740870789,-0.6125275437631839,9274.75
4, 101883.0,-1.6771014558220514,1.1447563035782908,1.5293801771063698,1.1694571646246668,18684.63
11, 101884.0,0.551136750726936,-1.5519716933122727,-0.8317460740870789,1.1694571646246668,17781.83
6, 101885.0,0.6230154025510969,0.9014424993475628,-0.8317460740870789,-0.6125275437631839,9204.77
15, 101886.0,0.19174349160613158,0.3742625901809864,0.3488170515096455,-0.6125275437631839,13263.97
5, 101887.0,1.4136805726168666,-0.010984266517665113,-0.8317460740870789,-0.6125275437631839,13600.65
19, 101888.0,-0.023892463866351063,0.3742625901809864,1.5293801771063698,-0.6125275437631839,13476.96
4, 101889.0,-1.5333441521737297,2.3004968736742453,1.5293801771063698,1.1694571646246668,24594.79
5, 101890.0,1.1261659653202232,0.029568034187455985,-0.8317460740870789,-0.6125275437631839,14550.5
6, 101891.0,1.4855592244410276,0.6581286951168355,-0.8317460740870789,-0.6125275437631839,6726.14
2, 101892.0,1.1261659653202232,-1.957494700363485,0.3488170515096455,-0.6125275437631839,19516.89
10, 101893.0,0.6230154025510969,0.09039648524513799,-0.8317460740870789,-0.6125275437631839,16702.78
0, 101894.0,-1.317708196701247,1.246137055341094,-0.8317460740870789,1.1694571646246668,14947.3
11, 101895.0,-0.09577111569051194,-0.8017541302675291,0.3488170515096455,1.1694571646246668,13095.75
10, 101896.0,0.40737944707861423,-0.6800972281521658,-0.8317460740870789,-0.6125275437631839,33553.85
18, 101897.0,-0.09577111569051194,0.9217186497001237,-0.8317460740870789,1.1694571646246668,13726.53
3, 101898.0,-0.09577111569051194,0.7797855972321988,1.5293801771063698,2.951441873012518,23920.97
15, 101899.0,1.70119517991351,0.4553671915912293,0.3488170515096455,-0.6125275437631839,15382.63
10, 101900.0,0.04798618795780982,-0.19346961969071041,-0.8317460740870789,-0.6125275437631839,17078.34
17, 101901.0,-0.09577111569051194,-1.4505909415494695,-0.8317460740870789,-0.6125275437631839,7257.71
5, 101902.0,1.6293165280893493,-1.1870009869661813,-0.8317460740870789,-0.6125275437631839,23114.49
7, 101903.0,-0.5989216784596382,-1.2883817387289844,-0.8317460740870789,-0.6125275437631839,15466.17
5, 101904.0,0.9824086616719013,-0.17319346933815022,-0.8317460740870789,-0.6125275437631839,17040.93
13, 101905.0,-0.8145576339321208,-0.8423064309726509,-0.8317460740870789,-0.6125275437631839,10900.45
13, 101906.0,-0.670800330283799,-0.6598210777996049,-0.8317460740870789,-0.6125275437631839,24259.47
6, 101907.0,1.269923268968545,1.5908316113346237,-0.8317460740870789,-0.6125275437631839,18321.14
18, 101908.0,-0.023892463866351063,0.6175763944117144,-0.8317460740870789,1.1694571646246668,25572.43
14, 101909.0,-1.5333441521737297,1.4488985588667003,-0.8317460740870789,-0.6125275437631839,11234.3
10, 101910.0,-0.023892463866351063,0.09039648524513799,-0.8317460740870789,-0.6125275437631839,10182.44
10, 101911.0,-0.16764976751467284,0.13094878595025908,-0.8317460740870789,-0.6125275437631839,10670.17
19, 101912.0,1.4855592244410276,1.1853086042834111,1.5293801771063698,-0.6125275437631839,22154.88
13, 101913.0,-1.5333441521737297,-0.7003733785047259,-0.8317460740870789,-0.6125275437631839,17305.59
19, 101914.0,1.4136805726168666,-0.9639633330880142,2.709943302703094,-0.6125275437631839,27646.87
14, 101915.0,-1.6771014558220514,2.1788399715588813,-0.8317460740870789,-0.6125275437631839,25118.85
17, 101916.0,-0.38328572298715546,-1.2072771373187414,-0.8317460740870789,-0.6125275437631839,8638.89
13, 101917.0,-0.670800330283799,0.1106726355976989,-0.8317460740870789,-0.6125275437631839,9421.8
17, 101918.0,0.551136750726936,-1.3289340394341054,-0.8317460740870789,-0.6125275437631839,23343.65
6, 101919.0,1.0542873134960622,2.0369069190909577,-0.8317460740870789,-0.6125275437631839,28049.33
3, 101920.0,1.269923268968545,-1.1261725359084993,1.5293801771063698,1.1694571646246668,19545.12
13, 101921.0,-1.6771014558220514,0.1715010866553802,-0.8317460740870789,-0.6125275437631839,9543.59
14, 101922.0,-1.6771014558220514,2.7668483317831405,-0.8317460740870789,-0.6125275437631839,17824.54
11, 101923.0,0.9105300098477405,-0.9031348820303321,0.3488170515096455,1.1694571646246668,15533.23
10, 101924.0,0.47925809890277515,-0.7814779799149688,-0.8317460740870789,-0.6125275437631839,11288.04
10, 101925.0,0.11986483978197071,-0.7003733785047259,-0.8317460740870789,-0.6125275437631839,13998.91
4, 101926.0,-0.5270430266354773,0.5161956426489113,1.5293801771063698,-0.6125275437631839,31890.29
12, 101927.0,1.1261659653202232,0.1715010866553802,0.3488170515096455,-0.6125275437631839,16145.55
3, 101928.0,-0.670800330283799,-0.6800972281521658,2.709943302703094,1.1694571646246668,22384.56
9, 101929.0,-0.5270430266354773,0.7392332965270777,-0.8317460740870789,-0.6125275437631839,7654.52
19, 101930.0,1.70119517991351,0.3742625901809864,1.5293801771063698,-0.6125275437631839,30089.02
1, 101931.0,-0.8145576339321208,-1.0045156337931354,0.3488170515096455,1.1694571646246668,21357.76
12, 101932.0,1.5574378762651884,-0.25429807074839245,0.3488170515096455,-0.6125275437631839,19753.13
8, 101933.0,-1.1739508930529252,0.04984418454001689,1.5293801771063698,-0.6125275437631839,12884.45
10, 101934.0,0.551136750726936,-0.4570595742739986,-0.8317460740870789,-0.6125275437631839,26334.69
13, 101935.0,-1.6052228039978906,-0.33540267215863534,-0.8317460740870789,-0.6125275437631839,7956.94
0, 101936.0,-1.6052228039978906,-0.5584403260368017,-0.8317460740870789,1.1694571646246668,10273.71
0, 101937.0,-0.8864362857562816,0.4350910412386684,0.3488170515096455,2.951441873012518,20148.01
16, 101938.0,-1.1020722412287642,0.5364717930014715,0.3488170515096455,-0.6125275437631839,11954.9
9, 101939.0,-0.4551643748113164,0.982547100757805,-0.8317460740870789,-0.6125275437631839,9842.27
4, 101940.0,-1.1020722412287642,1.0839278525206082,0.3488170515096455,-0.6125275437631839,22477.18
2, 101941.0,1.70119517991351,-1.4303147911969085,0.3488170515096455,-0.6125275437631839,10694.24
15, 101942.0,0.2636221434302925,0.6378525447642746,0.3488170515096455,-0.6125275437631839,22038.02
0, 101943.0,-1.2458295448770862,0.6784048454693957,0.3488170515096455,1.1694571646246668,25600.73
9, 101944.0,-0.4551643748113164,0.5364717930014715,-0.8317460740870789,-0.6125275437631839,9406.33
11, 101945.0,-0.023892463866351063,-1.3694863401392265,-0.8317460740870789,1.1694571646246668,14039.41
5, 101946.0,1.269923268968545,-0.35567882251119554,-0.8317460740870789,-0.6125275437631839,11921.63
16, 101947.0,-1.5333441521737297,-0.05153656722278621,0.3488170515096455,-0.6125275437631839,16384.47
15, 101948.0,0.551136750726936,0.6175763944117144,0.3488170515096455,-0.6125275437631839,12335.42
16, 101949.0,-0.23952841933883373,-0.9031348820303321,0.3488170515096455,-0.6125275437631839,18904.84
16, 101950.0,-1.389586848525408,0.09039648524513799,0.3488170515096455,-0.6125275437631839,19877.82
16, 101951.0,-1.2458295448770862,-0.6800972281521658,0.3488170515096455,-0.6125275437631839,20507.7
1, 101952.0,-1.389586848525408,-1.8358377982481209,1.5293801771063698,2.951441873012518,19243.31
0, 101953.0,-0.5989216784596382,1.12448015322573,0.3488170515096455,1.1694571646246668,20912.54
17, 101954.0,0.19174349160613158,-1.1667248366136203,0.3488170515096455,-0.6125275437631839,17712.62
8, 101955.0,-0.8864362857562816,0.212053387360502,1.5293801771063698,-0.6125275437631839,16828.25
11, 101956.0,0.11986483978197071,-0.9436871827354539,0.3488170515096455,1.1694571646246668,16645.21
15, 101957.0,1.4136805726168666,0.4553671915912293,0.3488170515096455,-0.6125275437631839,14236.85
10, 101958.0,0.40737944707861423,-0.17319346933815022,-0.8317460740870789,-0.6125275437631839,16373.05
6, 101959.0,0.551136750726936,0.6986809958219566,-0.8317460740870789,-0.6125275437631839,15999.51
7, 101960.0,-1.6052228039978906,-1.3694863401392265,0.3488170515096455,-0.6125275437631839,7550.37
13, 101961.0,-1.1020722412287642,-0.8017541302675291,-0.8317460740870789,-0.6125275437631839,19650.27
3, 101962.0,0.11986483978197071,0.1715010866553802,1.5293801771063698,1.1694571646246668,23386.1
5, 101963.0,0.8386513580235796,-0.7206495288572868,-0.8317460740870789,-0.6125275437631839,12618.05
5, 101964.0,1.4136805726168666,-1.4100386408443477,-0.8317460740870789,-0.6125275437631839,10997.97
8, 101965.0,-0.670800330283799,0.1106726355976989,1.5293801771063698,-0.6125275437631839,35347.99
16, 101966.0,-1.317708196701247,0.029568034187455985,0.3488170515096455,-0.6125275437631839,14603.96
0, 101967.0,-0.8864362857562816,0.5161956426489113,0.3488170515096455,1.1694571646246668,20191.46
0, 101968.0,-1.317708196701247,1.6922123630974268,-0.8317460740870789,2.951441873012518,25391.71
19, 101969.0,0.04798618795780982,0.15122493630282,2.709943302703094,-0.6125275437631839,23230.81
4, 101970.0,-0.023892463866351063,1.6922123630974268,1.5293801771063698,-0.6125275437631839,16652.81
15, 101971.0,1.3418019207927057,1.104204002873169,0.3488170515096455,-0.6125275437631839,13408.91
6, 101972.0,1.4855592244410276,0.9419948000526847,-0.8317460740870789,-0.6125275437631839,11075.77
10, 101973.0,0.6948940543752578,-0.010984266517665113,-0.8317460740870789,-0.6125275437631839,15425.07
11, 101974.0,1.4136805726168666,-2.4441223088249395,0.3488170515096455,1.1694571646246668,31919.26
13, 101975.0,-0.8864362857562816,0.15122493630282,-0.8317460740870789,-0.6125275437631839,11930.78
13, 101976.0,-1.1020722412287642,0.29315798877074417,-0.8317460740870789,-0.6125275437631839,11516.54
13, 101977.0,-1.317708196701247,0.13094878595025908,-0.8317460740870789,-0.6125275437631839,17624.5
11, 101978.0,0.40737944707861423,-1.795285497543,-0.8317460740870789,1.1694571646246668,14615.44
10, 101979.0,0.47925809890277515,0.07012033489257707,-0.8317460740870789,-0.6125275437631839,26174.84
16, 101980.0,-1.5333441521737297,-0.43678342392143843,0.3488170515096455,-0.6125275437631839,27830.04
14, 101981.0,-1.2458295448770862,1.3475178071038971,-0.8317460740870789,-0.6125275437631839,17740.63
16, 101982.0,-0.5989216784596382,0.5770240937065926,0.3488170515096455,-0.6125275437631839,12364.89
13, 101983.0,-1.0301935894046035,-0.33540267215863534,-0.8317460740870789,-0.6125275437631839,7222.76
6, 101984.0,1.6293165280893493,0.8406140482898815,-0.8317460740870789,-0.6125275437631839,12696.12
17, 101985.0,-0.38328572298715546,-1.4303147911969085,-0.8317460740870789,-0.6125275437631839,17332.82
3, 101986.0,0.9824086616719013,-0.19346961969071041,1.5293801771063698,2.951441873012518,28189.74
18, 101987.0,0.9824086616719013,1.874697716270472,0.3488170515096455,1.1694571646246668,21225.77
15, 101988.0,1.6293165280893493,2.0571830694435187,1.5293801771063698,-0.6125275437631839,24246.28
17, 101989.0,0.04798618795780982,-1.3897624904917876,-0.8317460740870789,-0.6125275437631839,13479.36
13, 101990.0,-1.6052228039978906,0.04984418454001689,-0.8317460740870789,-0.6125275437631839,14256.57
17, 101991.0,0.6230154025510969,-1.1464486862610601,-0.8317460740870789,-0.6125275437631839,10983.98
13, 101992.0,-0.8145576339321208,0.07012033489257707,-0.8317460740870789,-0.6125275437631839,11891.55
10, 101993.0,0.6230154025510969,-0.47733572462655954,-0.8317460740870789,-0.6125275437631839,26661.8
5, 101994.0,1.4855592244410276,-0.7003733785047259,-0.8317460740870789,-0.6125275437631839,10674.49
5, 101995.0,1.198044617144384,-0.82203028062009,-0.8317460740870789,-0.6125275437631839,14968.84
14, 101996.0,-1.1020722412287642,1.6922123630974268,-0.8317460740870789,-0.6125275437631839,9864.35
18, 101997.0,1.3418019207927057,0.41481489088610823,-0.8317460740870789,1.1694571646246668,30216.26
9, 101998.0,-0.09577111569051194,1.225860904988533,-0.8317460740870789,-0.6125275437631839,28123.22
11, 101999.0,-0.09577111569051194,-0.7814779799149688,-0.8317460740870789,2.951441873012518,14491.97
11, 102000.0,0.11986483978197071,-0.5381641756842416,-0.8317460740870789,1.1694571646246668,13714.65
4, 102001.0,-0.5989216784596382,1.4286224085141392,0.3488170515096455,-0.6125275437631839,31428.16
11, 102002.0,1.4136805726168666,-0.4165072735688775,0.3488170515096455,1.1694571646246668,30472.04
16, 102003.0,-1.6052228039978906,0.41481489088610823,0.3488170515096455,-0.6125275437631839,11831.44
1, 102004.0,-1.0301935894046035,-0.9842394834405751,0.3488170515096455,1.1694571646246668,17921.99
2, 102005.0,1.198044617144384,-2.0183231514211664,0.3488170515096455,-0.6125275437631839,17494.3
11, 102006.0,0.9105300098477405,-0.21374577004327133,-0.8317460740870789,1.1694571646246668,17617.99
1, 102007.0,-1.6052228039978906,-1.5925239940173936,0.3488170515096455,1.1694571646246668,19086.37
15, 102008.0,0.33550079525445337,0.6175763944117144,0.3488170515096455,-0.6125275437631839,33914.87
18, 102009.0,-0.023892463866351063,1.8544215659179126,0.3488170515096455,2.951441873012518,25686.46
0, 102010.0,-1.2458295448770862,-0.2948503714535135,-0.8317460740870789,1.1694571646246668,13117.44
11, 102011.0,0.11986483978197071,-1.5316955429597117,0.3488170515096455,1.1694571646246668,28621.95
11, 102012.0,0.6230154025510969,-0.3151265218060744,-0.8317460740870789,1.1694571646246668,15237.25
3, 102013.0,0.19174349160613158,-0.3151265218060744,3.8905064282998185,1.1694571646246668,22643.49
6, 102014.0,1.4855592244410276,1.4691747092192595,-0.8317460740870789,-0.6125275437631839,34512.16
18, 102015.0,1.269923268968545,2.4424299261421702,0.3488170515096455,1.1694571646246668,25002.93
14, 102016.0,-1.4614655003495687,0.9622709504052441,-0.8317460740870789,-0.6125275437631839,7689.12
11, 102017.0,0.9105300098477405,-1.045067934498257,0.3488170515096455,2.951441873012518,20671.46
17, 102018.0,0.7667727061994186,-1.795285497543,-0.8317460740870789,-0.6125275437631839,10723.13
11, 102019.0,1.269923268968545,-0.8017541302675291,-0.8317460740870789,1.1694571646246668,12775.58
15, 102020.0,1.198044617144384,1.3069655063987753,0.3488170515096455,-0.6125275437631839,11267.94
12, 102021.0,1.3418019207927057,0.2728818384181833,0.3488170515096455,-0.6125275437631839,28851.37
3, 102022.0,1.70119517991351,0.3134341391233051,5.071069553896543,1.1694571646246668,32148.68
12, 102023.0,1.0542873134960622,0.3337102894758653,0.3488170515096455,-0.6125275437631839,36152.5
16, 102024.0,-0.5989216784596382,-0.43678342392143843,0.3488170515096455,-0.6125275437631839,26034.42
11, 102025.0,1.3418019207927057,-1.3289340394341054,0.3488170515096455,1.1694571646246668,31517.48
19, 102026.0,0.11986483978197071,0.5161956426489113,1.5293801771063698,-0.6125275437631839,20643.04
12, 102027.0,1.1261659653202232,0.04984418454001689,0.3488170515096455,-0.6125275437631839,15094.74
12, 102028.0,1.5574378762651884,0.07012033489257707,0.3488170515096455,-0.6125275437631839,18047.04
5, 102029.0,1.0542873134960622,-0.11236501828046822,-0.8317460740870789,-0.6125275437631839,13922.41
0, 102030.0,-1.317708196701247,0.41481489088610823,0.3488170515096455,1.1694571646246668,10125.78
3, 102031.0,-0.670800330283799,0.07012033489257707,2.709943302703094,1.1694571646246668,24249.78
10, 102032.0,0.2636221434302925,-0.5381641756842416,-0.8317460740870789,-0.6125275437631839,15084.49
19, 102033.0,1.4855592244410276,1.1650324539308503,1.5293801771063698,-0.6125275437631839,24332.53
9, 102034.0,-0.09577111569051194,1.225860904988533,-0.8317460740870789,-0.6125275437631839,9572.74
2, 102035.0,1.3418019207927057,-1.3086578890815446,0.3488170515096455,-0.6125275437631839,13956.61
2, 102036.0,1.269923268968545,-1.4708670919020297,0.3488170515096455,-0.6125275437631839,11198.15
13, 102037.0,-0.8145576339321208,-0.25429807074839245,-0.8317460740870789,-0.6125275437631839,11977.57
11, 102038.0,0.6230154025510969,-0.5381641756842416,0.3488170515096455,2.951441873012518,20577.86
14, 102039.0,-0.8864362857562816,0.7595094468796386,-0.8317460740870789,-0.6125275437631839,14138.08
11, 102040.0,0.11986483978197071,-1.6128001443699538,0.3488170515096455,1.1694571646246668,18479.84
14, 102041.0,-1.4614655003495687,1.6313839120397455,-0.8317460740870789,-0.6125275437631839,15650.16
16, 102042.0,-0.4551643748113164,0.13094878595025908,0.3488170515096455,-0.6125275437631839,13727.29
12, 102043.0,1.5574378762651884,-0.9031348820303321,0.3488170515096455,-0.6125275437631839,29036.59
12, 102044.0,0.11986483978197071,0.009291883834895796,0.3488170515096455,-0.6125275437631839,27061.94
4, 102045.0,-0.5989216784596382,0.6784048454693957,0.3488170515096455,-0.6125275437631839,9536.67
6, 102046.0,1.198044617144384,0.212053387360502,-0.8317460740870789,-0.6125275437631839,9646.11
5, 102047.0,0.8386513580235796,-0.09208886792790731,-0.8317460740870789,-0.6125275437631839,10502.86
12, 102048.0,1.0542873134960622,-0.6800972281521658,0.3488170515096455,-0.6125275437631839,19260.51
10, 102049.0,0.6230154025510969,-0.11236501828046822,-0.8317460740870789,-0.6125275437631839,11242.62
6, 102050.0,1.4136805726168666,0.41481489088610823,-0.8317460740870789,-0.6125275437631839,12243.8
18, 102051.0,1.1261659653202232,0.13094878595025908,-0.8317460740870789,1.1694571646246668,20269.82
16, 102052.0,-0.7426789821079599,-1.0856202352033781,0.3488170515096455,-0.6125275437631839,14630.32
13, 102053.0,-0.8145576339321208,0.07012033489257707,-0.8317460740870789,-0.6125275437631839,13148.91
18, 102054.0,0.9105300098477405,1.5097270099243814,-0.8317460740870789,1.1694571646246668,20357.77
4, 102055.0,-0.670800330283799,1.104204002873169,1.5293801771063698,-0.6125275437631839,14426.26
0, 102056.0,-1.389586848525408,-0.5787164763893626,-0.8317460740870789,1.1694571646246668,12652.49
16, 102057.0,-0.670800330283799,-0.7003733785047259,0.3488170515096455,-0.6125275437631839,27482.86
15, 102058.0,0.04798618795780982,0.6175763944117144,0.3488170515096455,-0.6125275437631839,12108.82
0, 102059.0,-0.5989216784596382,0.7797855972321988,0.3488170515096455,1.1694571646246668,22883.28
2, 102060.0,0.2636221434302925,-0.7814779799149688,1.5293801771063698,-0.6125275437631839,15271.4
9, 102061.0,-0.5989216784596382,0.5364717930014715,-0.8317460740870789,-0.6125275437631839,14963.7
13, 102062.0,-0.7426789821079599,-0.3151265218060744,-0.8317460740870789,-0.6125275437631839,28328.9
18, 102063.0,0.47925809890277515,0.5161956426489113,-0.8317460740870789,1.1694571646246668,28131.47
15, 102064.0,0.551136750726936,0.6986809958219566,0.3488170515096455,-0.6125275437631839,14561.72
13, 102065.0,-0.7426789821079599,-0.25429807074839245,-0.8317460740870789,-0.6125275437631839,29088.31
5, 102066.0,1.269923268968545,0.009291883834895796,-0.8317460740870789,-0.6125275437631839,13839.09
11, 102067.0,0.9824086616719013,-0.15291731898558933,0.3488170515096455,1.1694571646246668,32405.63
4, 102068.0,-0.3114070711629946,1.3677939574564566,0.3488170515096455,-0.6125275437631839,17734.75
5, 102069.0,1.0542873134960622,-0.8423064309726509,-0.8317460740870789,-0.6125275437631839,9897.0
17, 102070.0,-0.09577111569051194,-1.8358377982481209,-0.8317460740870789,-0.6125275437631839,11163.94
0, 102071.0,-1.2458295448770862,0.09039648524513799,0.3488170515096455,2.951441873012518,19865.94
17, 102072.0,0.8386513580235796,-2.4441223088249395,-0.8317460740870789,-0.6125275437631839,16749.6
10, 102073.0,0.2636221434302925,0.2323295377130622,-0.8317460740870789,-0.6125275437631839,23591.1
3, 102074.0,0.551136750726936,0.4756433419437895,2.709943302703094,1.1694571646246668,33091.41
16, 102075.0,-1.6771014558220514,-0.37595497286375645,0.3488170515096455,-0.6125275437631839,15465.7
1, 102076.0,-0.38328572298715546,-1.4708670919020297,0.3488170515096455,1.1694571646246668,17748.1
4, 102077.0,-0.38328572298715546,0.9014424993475628,1.5293801771063698,-0.6125275437631839,19641.66
13, 102078.0,-0.7426789821079599,-0.21374577004327133,-0.8317460740870789,-0.6125275437631839,12968.45
10, 102079.0,0.04798618795780982,-0.5989926267419229,-0.8317460740870789,-0.6125275437631839,16610.89
9, 102080.0,-0.3114070711629946,0.4350910412386684,-0.8317460740870789,-0.6125275437631839,26236.85
5, 102081.0,1.70119517991351,-1.4505909415494695,-0.8317460740870789,-0.6125275437631839,10584.24
11, 102082.0,0.9105300098477405,-0.33540267215863534,0.3488170515096455,1.1694571646246668,29726.21
3, 102083.0,0.9824086616719013,0.009291883834895796,1.5293801771063698,1.1694571646246668,19965.14
6, 102084.0,0.8386513580235796,1.0433755518154877,-0.8317460740870789,-0.6125275437631839,15897.22
8, 102085.0,-1.1020722412287642,-1.045067934498257,1.5293801771063698,-0.6125275437631839,34390.9
11, 102086.0,1.5574378762651884,-0.2745742211009533,-0.8317460740870789,1.1694571646246668,24046.12
18, 102087.0,0.04798618795780982,2.1788399715588813,0.3488170515096455,1.1694571646246668,23264.65
12, 102088.0,1.4136805726168666,0.1715010866553802,0.3488170515096455,-0.6125275437631839,17587.76
2, 102089.0,0.40737944707861423,-1.4708670919020297,0.3488170515096455,-0.6125275437631839,18357.52
0, 102090.0,-1.1739508930529252,0.5364717930014715,-0.8317460740870789,1.1694571646246668,8729.87
1, 102091.0,-1.4614655003495687,-0.4570595742739986,0.3488170515096455,1.1694571646246668,31611.79
11, 102092.0,0.8386513580235796,-1.2275532876713025,0.3488170515096455,1.1694571646246668,18584.82
1, 102093.0,-1.0301935894046035,-0.8017541302675291,0.3488170515096455,1.1694571646246668,21023.23
16, 102094.0,-0.5989216784596382,-0.09208886792790731,0.3488170515096455,-0.6125275437631839,35670.47
4, 102095.0,-0.670800330283799,2.1180115205012,1.5293801771063698,-0.6125275437631839,12351.63
2, 102096.0,1.1261659653202232,-2.4441223088249395,0.3488170515096455,-0.6125275437631839,12294.38
11, 102097.0,0.9824086616719013,0.009291883834895796,0.3488170515096455,1.1694571646246668,20292.36
5, 102098.0,0.8386513580235796,-0.7612018295624079,-0.8317460740870789,-0.6125275437631839,13873.84
1, 102099.0,-1.1020722412287642,-2.1602562038890913,1.5293801771063698,1.1694571646246668,17517.24
13, 102100.0,-0.7426789821079599,0.19177723700794108,-0.8317460740870789,-0.6125275437631839,9901.28
13, 102101.0,-0.8145576339321208,0.3539864398284262,-0.8317460740870789,-0.6125275437631839,7156.75
0, 102102.0,-0.4551643748113164,0.3945387405335473,-0.8317460740870789,1.1694571646246668,17152.08
3, 102103.0,0.40737944707861423,0.3742625901809864,2.709943302703094,1.1694571646246668,31690.79
5, 102104.0,1.6293165280893493,-0.19346961969071041,-0.8317460740870789,-0.6125275437631839,17139.7
1, 102105.0,-0.5270430266354773,-0.05153656722278621,1.5293801771063698,1.1694571646246668,29694.57
17, 102106.0,0.11986483978197071,-1.1261725359084993,-0.8317460740870789,-0.6125275437631839,7112.43
19, 102107.0,1.70119517991351,1.1650324539308503,1.5293801771063698,-0.6125275437631839,18510.26
5, 102108.0,0.6230154025510969,-0.5584403260368017,-0.8317460740870789,-0.6125275437631839,9634.93
1, 102109.0,-1.317708196701247,-0.82203028062009,0.3488170515096455,1.1694571646246668,13689.6
1, 102110.0,-1.0301935894046035,-0.923411032382893,1.5293801771063698,1.1694571646246668,16318.7
5, 102111.0,1.198044617144384,-0.05153656722278621,-0.8317460740870789,-0.6125275437631839,16910.03
7, 102112.0,-1.317708196701247,-2.4441223088249395,0.3488170515096455,-0.6125275437631839,14767.12
8, 102113.0,-0.3114070711629946,-1.1870009869661813,1.5293801771063698,-0.6125275437631839,13941.99
3, 102114.0,0.8386513580235796,1.4894508595718206,3.8905064282998185,1.1694571646246668,24749.52
5, 102115.0,1.70119517991351,-0.11236501828046822,-0.8317460740870789,-0.6125275437631839,18797.62
5, 102116.0,1.4855592244410276,-0.7814779799149688,-0.8317460740870789,-0.6125275437631839,11969.55
5, 102117.0,1.70119517991351,-1.6330762947225148,-0.8317460740870789,-0.6125275437631839,12253.5
16, 102118.0,-0.09577111569051194,-0.35567882251119554,0.3488170515096455,-0.6125275437631839,16667.68
9, 102119.0,0.19174349160613158,0.5161956426489113,-0.8317460740870789,-0.6125275437631839,17077.0
8, 102120.0,-0.670800330283799,-1.5925239940173936,1.5293801771063698,-0.6125275437631839,14716.12
8, 102121.0,-1.2458295448770862,-0.25429807074839245,2.709943302703094,-0.6125275437631839,19094.15
3, 102122.0,0.7667727061994186,-1.0045156337931354,1.5293801771063698,1.1694571646246668,22518.34
5, 102123.0,1.4136805726168666,-0.23402192039583222,-0.8317460740870789,-0.6125275437631839,14321.54
6, 102124.0,1.4855592244410276,1.4488985588667003,-0.8317460740870789,-0.6125275437631839,13486.68
4, 102125.0,-0.09577111569051194,1.7327646638025485,0.3488170515096455,-0.6125275437631839,28257.7
12, 102126.0,0.40737944707861423,-0.923411032382893,0.3488170515096455,-0.6125275437631839,14351.0
9, 102127.0,0.2636221434302925,0.6986809958219566,-0.8317460740870789,-0.6125275437631839,10049.77
12, 102128.0,0.8386513580235796,-0.882858731677772,0.3488170515096455,-0.6125275437631839,10901.82
14, 102129.0,-0.670800330283799,1.6516600623923063,-0.8317460740870789,-0.6125275437631839,14894.97
3, 102130.0,1.3418019207927057,1.0636517021680472,1.5293801771063698,1.1694571646246668,22151.18
13, 102131.0,-1.0301935894046035,0.4553671915912293,-0.8317460740870789,-0.6125275437631839,15114.58
16, 102132.0,-0.09577111569051194,-0.15291731898558933,0.3488170515096455,-0.6125275437631839,17955.39
3, 102133.0,0.04798618795780982,0.2323295377130622,1.5293801771063698,1.1694571646246668,29993.96
5, 102134.0,1.4136805726168666,-0.8423064309726509,-0.8317460740870789,-0.6125275437631839,12215.06
8, 102135.0,-1.1739508930529252,-0.25429807074839245,1.5293801771063698,-0.6125275437631839,14260.8
9, 102136.0,-0.3114070711629946,1.3677939574564566,-0.8317460740870789,-0.6125275437631839,20833.89
10, 102137.0,0.40737944707861423,0.2728818384181833,-0.8317460740870789,-0.6125275437631839,18693.39
13, 102138.0,-1.317708196701247,-0.7612018295624079,-0.8317460740870789,-0.6125275437631839,24500.78
4, 102139.0,-0.9583149375804426,1.3880701078090174,0.3488170515096455,-0.6125275437631839,13809.04
7, 102140.0,-0.7426789821079599,-1.6533524450750756,-0.8317460740870789,-0.6125275437631839,3586.55
11, 102141.0,0.551136750726936,-0.43678342392143843,0.3488170515096455,1.1694571646246668,32788.64
10, 102142.0,0.11986483978197071,-0.7612018295624079,-0.8317460740870789,-0.6125275437631839,6535.7
2, 102143.0,1.4855592244410276,-1.0856202352033781,0.3488170515096455,-0.6125275437631839,15176.56
9, 102144.0,0.6230154025510969,1.6516600623923063,-0.8317460740870789,-0.6125275437631839,12452.57
13, 102145.0,-0.5270430266354773,0.29315798877074417,-0.8317460740870789,-0.6125275437631839,33374.51
13, 102146.0,-0.9583149375804426,-0.7206495288572868,-0.8317460740870789,-0.6125275437631839,22304.82
3, 102147.0,1.6293165280893493,0.4959194922963504,2.709943302703094,1.1694571646246668,27240.0
7, 102148.0,-1.6052228039978906,-1.5114193926071509,0.3488170515096455,-0.6125275437631839,14241.29
16, 102149.0,-1.6771014558220514,0.15122493630282,0.3488170515096455,-0.6125275437631839,15455.31
10, 102150.0,-0.16764976751467284,-0.21374577004327133,-0.8317460740870789,-0.6125275437631839,27498.29
7, 102151.0,-1.389586848525408,-1.3897624904917876,-0.8317460740870789,1.1694571646246668,26859.91
10, 102152.0,0.551136750726936,-0.17319346933815022,-0.8317460740870789,-0.6125275437631839,7592.73
12, 102153.0,1.269923268968545,-0.6395449274470446,0.3488170515096455,-0.6125275437631839,14820.93
5, 102154.0,1.3418019207927057,-1.3289340394341054,-0.8317460740870789,-0.6125275437631839,20066.63
5, 102155.0,0.8386513580235796,-1.0856202352033781,-0.8317460740870789,-0.6125275437631839,10281.77
17, 102156.0,-0.23952841933883373,-1.0653440848508173,-0.8317460740870789,-0.6125275437631839,5899.64
0, 102157.0,-0.8864362857562816,0.07012033489257707,0.3488170515096455,1.1694571646246668,11797.97
5, 102158.0,0.8386513580235796,-0.2948503714535135,-0.8317460740870789,-0.6125275437631839,12000.54
16, 102159.0,-0.9583149375804426,0.4756433419437895,0.3488170515096455,-0.6125275437631839,15275.4
14, 102160.0,-1.1020722412287642,0.7797855972321988,-0.8317460740870789,-0.6125275437631839,16960.49
11, 102161.0,0.9105300098477405,-1.0653440848508173,-0.8317460740870789,1.1694571646246668,17418.37
9, 102162.0,0.6230154025510969,2.0774592197960784,-0.8317460740870789,-0.6125275437631839,8359.95
13, 102163.0,-1.0301935894046035,-0.5787164763893626,-0.8317460740870789,-0.6125275437631839,8251.79
11, 102164.0,0.19174349160613158,0.04984418454001689,-0.8317460740870789,1.1694571646246668,33580.44
16, 102165.0,-1.1739508930529252,-0.19346961969071041,0.3488170515096455,-0.6125275437631839,6870.65
4, 102166.0,-0.7426789821079599,1.1853086042834111,0.3488170515096455,-0.6125275437631839,25026.64
13, 102167.0,-1.4614655003495687,0.2526056880656231,-0.8317460740870789,-0.6125275437631839,4109.25
16, 102168.0,-1.1739508930529252,-0.862582581325211,0.3488170515096455,-0.6125275437631839,25777.22
4, 102169.0,-0.8145576339321208,0.9217186497001237,0.3488170515096455,-0.6125275437631839,11807.18
18, 102170.0,0.8386513580235796,0.3539864398284262,-0.8317460740870789,1.1694571646246668,14340.02
9, 102171.0,0.47925809890277515,1.4286224085141392,-0.8317460740870789,-0.6125275437631839,28423.06
15, 102172.0,0.04798618795780982,1.104204002873169,0.3488170515096455,-0.6125275437631839,36326.8
11, 102173.0,-0.38328572298715546,-1.775009347190439,-0.8317460740870789,1.1694571646246668,8692.32
13, 102174.0,-1.5333441521737297,-0.13264116863302913,-0.8317460740870789,-0.6125275437631839,7330.02
9, 102175.0,-0.3114070711629946,1.1650324539308503,-0.8317460740870789,-0.6125275437631839,8683.5
9, 102176.0,-0.4551643748113164,1.2664132056936535,-0.8317460740870789,-0.6125275437631839,15624.45
6, 102177.0,0.9824086616719013,2.4018776254370486,-0.8317460740870789,-0.6125275437631839,20518.75
16, 102178.0,-1.1739508930529252,0.5364717930014715,0.3488170515096455,-0.6125275437631839,30331.92
6, 102179.0,0.9105300098477405,1.2866893560462143,-0.8317460740870789,-0.6125275437631839,20254.45
0, 102180.0,-0.16764976751467284,0.029568034187455985,-0.8317460740870789,1.1694571646246668,18310.67
6, 102181.0,1.0542873134960622,0.7595094468796386,-0.8317460740870789,-0.6125275437631839,12992.41
6, 102182.0,1.1261659653202232,1.0636517021680472,-0.8317460740870789,-0.6125275437631839,29996.09
2, 102183.0,0.9824086616719013,-1.5316955429597117,0.3488170515096455,-0.6125275437631839,21047.82
16, 102184.0,-0.3114070711629946,-0.9031348820303321,0.3488170515096455,-0.6125275437631839,14430.2
5, 102185.0,1.5574378762651884,-1.0653440848508173,-0.8317460740870789,-0.6125275437631839,9772.67
10, 102186.0,0.47925809890277515,-0.23402192039583222,-0.8317460740870789,-0.6125275437631839,27464.06
1, 102187.0,-1.5333441521737297,-0.2745742211009533,2.709943302703094,1.1694571646246668,34801.31
6, 102188.0,1.0542873134960622,0.6784048454693957,-0.8317460740870789,-0.6125275437631839,12785.23
15, 102189.0,1.4855592244410276,0.5973002440591535,0.3488170515096455,-0.6125275437631839,29229.0
8, 102190.0,-1.1739508930529252,0.15122493630282,2.709943302703094,-0.6125275437631839,15033.0
5, 102191.0,1.3418019207927057,-1.1667248366136203,-0.8317460740870789,-0.6125275437631839,7302.66
18, 102192.0,0.9824086616719013,0.41481489088610823,0.3488170515096455,1.1694571646246668,18587.62
15, 102193.0,0.6230154025510969,0.7797855972321988,0.3488170515096455,-0.6125275437631839,19532.6
3, 102194.0,0.551136750726936,2.138287670853761,1.5293801771063698,1.1694571646246668,21951.65
5, 102195.0,1.269923268968545,-0.13264116863302913,-0.8317460740870789,-0.6125275437631839,12019.49
14, 102196.0,-1.0301935894046035,1.7935931148602298,-0.8317460740870789,-0.6125275437631839,17489.78
11, 102197.0,0.47925809890277515,-1.3897624904917876,0.3488170515096455,1.1694571646246668,23386.98
0, 102198.0,-1.4614655003495687,-1.0045156337931354,-0.8317460740870789,1.1694571646246668,25458.55
4, 102199.0,-1.2458295448770862,0.5973002440591535,1.5293801771063698,-0.6125275437631839,21654.78
7, 102200.0,-1.6052228039978906,-2.058875452126288,-0.8317460740870789,1.1694571646246668,18486.83
12, 102201.0,0.9105300098477405,-0.25429807074839245,0.3488170515096455,-0.6125275437631839,9594.31
4, 102202.0,-0.3114070711629946,1.104204002873169,0.3488170515096455,-0.6125275437631839,28272.27
10, 102203.0,-0.09577111569051194,-0.03126041687022602,-0.8317460740870789,-0.6125275437631839,9787.32
18, 102204.0,0.40737944707861423,0.9014424993475628,-0.8317460740870789,1.1694571646246668,31884.41
13, 102205.0,-0.8145576339321208,0.3742625901809864,-0.8317460740870789,-0.6125275437631839,8496.76
9, 102206.0,-0.38328572298715546,1.2055847546359721,-0.8317460740870789,-0.6125275437631839,12601.18
3, 102207.0,1.198044617144384,0.6175763944117144,1.5293801771063698,1.1694571646246668,39363.4
16, 102208.0,-1.0301935894046035,-0.05153656722278621,0.3488170515096455,-0.6125275437631839,29667.32
15, 102209.0,0.9824086616719013,1.12448015322573,0.3488170515096455,-0.6125275437631839,14461.32
16, 102210.0,-0.3114070711629946,-0.3151265218060744,0.3488170515096455,-0.6125275437631839,11234.85
8, 102211.0,-1.6771014558220514,-1.5316955429597117,1.5293801771063698,-0.6125275437631839,19981.63
6, 102212.0,0.9824086616719013,0.5161956426489113,-0.8317460740870789,-0.6125275437631839,13303.24
16, 102213.0,-0.23952841933883373,0.3945387405335473,0.3488170515096455,-0.6125275437631839,14565.07
18, 102214.0,0.47925809890277515,1.0028232511103659,-0.8317460740870789,1.1694571646246668,20427.75
10, 102215.0,-0.3114070711629946,-0.4570595742739986,-0.8317460740870789,-0.6125275437631839,8871.6
6, 102216.0,0.7667727061994186,0.3134341391233051,-0.8317460740870789,-0.6125275437631839,10368.33
16, 102217.0,-1.4614655003495687,0.29315798877074417,0.3488170515096455,-0.6125275437631839,20328.02
18, 102218.0,0.33550079525445337,0.9217186497001237,0.3488170515096455,1.1694571646246668,21726.46
3, 102219.0,-1.1739508930529252,0.3742625901809864,5.071069553896543,1.1694571646246668,35938.32
6, 102220.0,1.0542873134960622,2.3207730240268063,-0.8317460740870789,-0.6125275437631839,33415.83
0, 102221.0,-1.5333441521737297,0.982547100757805,-0.8317460740870789,2.951441873012518,20210.38
3, 102222.0,1.4855592244410276,-1.2072771373187414,2.709943302703094,1.1694571646246668,29255.87
18, 102223.0,0.11986483978197071,0.2323295377130622,0.3488170515096455,1.1694571646246668,35343.37
13, 102224.0,-1.6052228039978906,0.3539864398284262,-0.8317460740870789,-0.6125275437631839,28674.77
14, 102225.0,-0.5989216784596382,1.4894508595718206,-0.8317460740870789,-0.6125275437631839,3920.88
14, 102226.0,-1.1020722412287642,0.6175763944117144,-0.8317460740870789,-0.6125275437631839,16737.34
1, 102227.0,-1.317708196701247,-1.734457046485318,1.5293801771063698,1.1694571646246668,22996.55
18, 102228.0,1.198044617144384,0.4553671915912293,0.3488170515096455,1.1694571646246668,15464.05
12, 102229.0,1.6293165280893493,-0.2948503714535135,0.3488170515096455,-0.6125275437631839,13352.71
3, 102230.0,1.198044617144384,0.2323295377130622,1.5293801771063698,2.951441873012518,25454.18
10, 102231.0,0.19174349160613158,-0.862582581325211,-0.8317460740870789,-0.6125275437631839,17591.45
5, 102232.0,1.198044617144384,-0.862582581325211,-0.8317460740870789,-0.6125275437631839,13199.19
13, 102233.0,-1.1739508930529252,0.3134341391233051,-0.8317460740870789,-0.6125275437631839,12971.19
5, 102234.0,1.0542873134960622,-0.7814779799149688,-0.8317460740870789,-0.6125275437631839,6177.36
16, 102235.0,-0.16764976751467284,0.3742625901809864,0.3488170515096455,-0.6125275437631839,16919.28
11, 102236.0,-0.23952841933883373,-1.2072771373187414,-0.8317460740870789,1.1694571646246668,13056.8
10, 102237.0,-0.38328572298715546,-0.5178880253316807,-0.8317460740870789,-0.6125275437631839,20206.39
0, 102238.0,-0.8145576339321208,-0.23402192039583222,0.3488170515096455,1.1694571646246668,13251.59
12, 102239.0,1.70119517991351,-0.7409256792098478,0.3488170515096455,-0.6125275437631839,28720.34
11, 102240.0,-0.23952841933883373,-0.8423064309726509,-0.8317460740870789,2.951441873012518,33317.26
17, 102241.0,-0.4551643748113164,-1.896666249305803,-0.8317460740870789,-0.6125275437631839,5716.78
7, 102242.0,-1.4614655003495687,-1.045067934498257,-0.8317460740870789,-0.6125275437631839,8599.36
9, 102243.0,0.11986483978197071,0.6784048454693957,-0.8317460740870789,-0.6125275437631839,15693.03
12, 102244.0,0.40737944707861423,-0.9842394834405751,0.3488170515096455,-0.6125275437631839,30170.26
4, 102245.0,-0.9583149375804426,0.8203378979373206,1.5293801771063698,-0.6125275437631839,19016.17
10, 102246.0,0.7667727061994186,-0.09208886792790731,-0.8317460740870789,-0.6125275437631839,18853.07
5, 102247.0,1.4136805726168666,-0.4165072735688775,-0.8317460740870789,-0.6125275437631839,14653.78
16, 102248.0,-1.389586848525408,-0.7612018295624079,0.3488170515096455,-0.6125275437631839,11225.09
16, 102249.0,-1.6052228039978906,-0.5584403260368017,0.3488170515096455,-0.6125275437631839,16878.06
10, 102250.0,0.551136750726936,0.13094878595025908,-0.8317460740870789,-0.6125275437631839,24764.14
12, 102251.0,1.5574378762651884,-0.010984266517665113,0.3488170515096455,-0.6125275437631839,12006.54
18, 102252.0,1.1261659653202232,0.9217186497001237,0.3488170515096455,1.1694571646246668,21841.11
12, 102253.0,0.9105300098477405,-0.82203028062009,0.3488170515096455,-0.6125275437631839,17565.39
6, 102254.0,1.198044617144384,0.7797855972321988,-0.8317460740870789,-0.6125275437631839,17950.3
3, 102255.0,1.70119517991351,1.2866893560462143,1.5293801771063698,1.1694571646246668,38717.79
18, 102256.0,0.19174349160613158,0.7595094468796386,0.3488170515096455,1.1694571646246668,20030.81
7, 102257.0,-1.5333441521737297,-1.2275532876713025,0.3488170515096455,-0.6125275437631839,7456.73
18, 102258.0,0.47925809890277515,0.04984418454001689,0.3488170515096455,2.951441873012518,37342.05
17, 102259.0,0.19174349160613158,-1.3289340394341054,-0.8317460740870789,-0.6125275437631839,7707.48
0, 102260.0,-1.1739508930529252,0.41481489088610823,0.3488170515096455,1.1694571646246668,13775.49
12, 102261.0,0.40737944707861423,-0.923411032382893,0.3488170515096455,-0.6125275437631839,17840.57
7, 102262.0,-1.4614655003495687,-1.3289340394341054,-0.8317460740870789,-0.6125275437631839,6937.88
5, 102263.0,1.0542873134960622,-1.1464486862610601,-0.8317460740870789,-0.6125275437631839,26028.19
3, 102264.0,0.9824086616719013,0.6378525447642746,2.709943302703094,1.1694571646246668,23271.63
1, 102265.0,-1.1020722412287642,-1.5925239940173936,0.3488170515096455,1.1694571646246668,15652.36
12, 102266.0,1.70119517991351,-0.4165072735688775,0.3488170515096455,-0.6125275437631839,28901.22
16, 102267.0,-0.5989216784596382,-1.1667248366136203,0.3488170515096455,-0.6125275437631839,10403.99
16, 102268.0,-0.7426789821079599,-0.6800972281521658,0.3488170515096455,-0.6125275437631839,10933.49
5, 102269.0,1.4136805726168666,-1.0045156337931354,-0.8317460740870789,-0.6125275437631839,8179.19
5, 102270.0,1.4136805726168666,-1.795285497543,-0.8317460740870789,-0.6125275437631839,11738.65
9, 102271.0,-0.5989216784596382,0.6175763944117144,-0.8317460740870789,-0.6125275437631839,11553.35
6, 102272.0,0.6230154025510969,1.0636517021680472,-0.8317460740870789,-0.6125275437631839,17873.59
9, 102273.0,-0.09577111569051194,0.5567479433540324,-0.8317460740870789,-0.6125275437631839,9775.2
15, 102274.0,0.7667727061994186,0.4350910412386684,0.3488170515096455,-0.6125275437631839,16894.91
16, 102275.0,0.04798618795780982,0.19177723700794108,0.3488170515096455,-0.6125275437631839,29386.88
5, 102276.0,1.4136805726168666,-0.21374577004327133,-0.8317460740870789,-0.6125275437631839,9399.72
10, 102277.0,0.04798618795780982,-0.5584403260368017,-0.8317460740870789,-0.6125275437631839,10611.44
1, 102278.0,-1.6771014558220514,-1.1870009869661813,-0.8317460740870789,2.951441873012518,13674.84
1, 102279.0,-1.317708196701247,-0.7409256792098478,1.5293801771063698,1.1694571646246668,21062.69
0, 102280.0,-0.23952841933883373,-0.09208886792790731,-0.8317460740870789,1.1694571646246668,10122.13
19, 102281.0,1.6293165280893493,0.07012033489257707,1.5293801771063698,-0.6125275437631839,25664.24
9, 102282.0,0.40737944707861423,0.982547100757805,-0.8317460740870789,-0.6125275437631839,26004.52
16, 102283.0,-0.23952841933883373,-0.11236501828046822,0.3488170515096455,-0.6125275437631839,16666.27
16, 102284.0,-1.1020722412287642,0.3539864398284262,0.3488170515096455,-0.6125275437631839,16250.86
14, 102285.0,-1.0301935894046035,2.969609835308747,-0.8317460740870789,-0.6125275437631839,11069.06
16, 102286.0,-0.670800330283799,-1.1261725359084993,0.3488170515096455,-0.6125275437631839,16567.1
5, 102287.0,1.198044617144384,-1.4505909415494695,-0.8317460740870789,-0.6125275437631839,10558.13
18, 102288.0,-0.23952841933883373,1.5300031602769424,-0.8317460740870789,1.1694571646246668,17269.42
6, 102289.0,1.4855592244410276,0.3337102894758653,-0.8317460740870789,-0.6125275437631839,16054.56
7, 102290.0,-1.4614655003495687,-1.2681055883764234,-0.8317460740870789,-0.6125275437631839,17045.14
1, 102291.0,-0.16764976751467284,-1.2681055883764234,1.5293801771063698,2.951441873012518,23752.88
16, 102292.0,-0.23952841933883373,0.2526056880656231,0.3488170515096455,-0.6125275437631839,9122.96
7, 102293.0,-1.2458295448770862,-1.3492101897866664,-0.8317460740870789,-0.6125275437631839,12214.5
6, 102294.0,1.70119517991351,1.0230994014629269,-0.8317460740870789,-0.6125275437631839,29077.0
18, 102295.0,0.19174349160613158,1.4083462581615784,-0.8317460740870789,1.1694571646246668,15920.84
17, 102296.0,-0.023892463866351063,-1.6128001443699538,0.3488170515096455,-0.6125275437631839,14969.63
19, 102297.0,0.7667727061994186,0.1715010866553802,1.5293801771063698,-0.6125275437631839,32447.95
0, 102298.0,-1.1739508930529252,-0.11236501828046822,-0.8317460740870789,1.1694571646246668,10851.15
1, 102299.0,-1.6052228039978906,-0.4165072735688775,1.5293801771063698,1.1694571646246668,30630.23
5, 102300.0,0.551136750726936,-0.7612018295624079,-0.8317460740870789,-0.6125275437631839,13486.78
16, 102301.0,-0.4551643748113164,-0.23402192039583222,0.3488170515096455,-0.6125275437631839,10107.69
1, 102302.0,-0.16764976751467284,-1.3086578890815446,1.5293801771063698,1.1694571646246668,16876.91
0, 102303.0,-0.4551643748113164,0.9014424993475628,-0.8317460740870789,1.1694571646246668,31782.83
4, 102304.0,-0.670800330283799,0.8203378979373206,1.5293801771063698,-0.6125275437631839,14929.95
6, 102305.0,0.9105300098477405,2.0369069190909577,-0.8317460740870789,-0.6125275437631839,12222.97
7, 102306.0,-1.6052228039978906,-1.2883817387289844,-0.8317460740870789,-0.6125275437631839,9533.87
13, 102307.0,-1.389586848525408,-0.4570595742739986,-0.8317460740870789,-0.6125275437631839,21274.89
7, 102308.0,-1.317708196701247,-0.9031348820303321,-0.8317460740870789,-0.6125275437631839,10978.04
6, 102309.0,1.6293165280893493,0.9622709504052441,-0.8317460740870789,-0.6125275437631839,32569.96
0, 102310.0,-0.5989216784596382,0.4553671915912293,-0.8317460740870789,1.1694571646246668,12231.05
15, 102311.0,1.269923268968545,1.0230994014629269,0.3488170515096455,-0.6125275437631839,14538.16
18, 102312.0,0.2636221434302925,0.41481489088610823,0.3488170515096455,1.1694571646246668,16952.8
13, 102313.0,-1.389586848525408,-0.6598210777996049,-0.8317460740870789,-0.6125275437631839,12466.28
9, 102314.0,0.04798618795780982,0.8000617475847597,-0.8317460740870789,-0.6125275437631839,11495.05
18, 102315.0,-0.16764976751467284,0.9217186497001237,0.3488170515096455,1.1694571646246668,34615.24
11, 102316.0,0.11986483978197071,-1.045067934498257,-0.8317460740870789,1.1694571646246668,13412.44
16, 102317.0,-1.0301935894046035,0.2728818384181833,0.3488170515096455,-0.6125275437631839,10660.32
19, 102318.0,0.47925809890277515,0.15122493630282,1.5293801771063698,-0.6125275437631839,20272.37
18, 102319.0,0.9824086616719013,0.982547100757805,0.3488170515096455,1.1694571646246668,24816.65
18, 102320.0,0.6948940543752578,0.6175763944117144,-0.8317460740870789,1.1694571646246668,16599.54
3, 102321.0,0.9105300098477405,0.860890198642441,2.709943302703094,1.1694571646246668,23947.54
5, 102322.0,1.4855592244410276,-0.21374577004327133,-0.8317460740870789,-0.6125275437631839,16183.45
3, 102323.0,1.4855592244410276,0.29315798877074417,1.5293801771063698,1.1694571646246668,35773.83
15, 102324.0,0.8386513580235796,0.41481489088610823,0.3488170515096455,-0.6125275437631839,16644.67
1, 102325.0,-0.8864362857562816,-2.0385993017737274,1.5293801771063698,1.1694571646246668,23950.71
13, 102326.0,-1.317708196701247,-0.7814779799149688,-0.8317460740870789,-0.6125275437631839,8719.32
3, 102327.0,1.5574378762651884,-0.82203028062009,2.709943302703094,2.951441873012518,28877.54
6, 102328.0,0.8386513580235796,1.1650324539308503,-0.8317460740870789,-0.6125275437631839,22950.64
17, 102329.0,-0.23952841933883373,-1.1058963855559383,0.3488170515096455,-0.6125275437631839,27957.13
9, 102330.0,0.33550079525445337,1.12448015322573,-0.8317460740870789,-0.6125275437631839,7118.91
19, 102331.0,-0.09577111569051194,0.04984418454001689,2.709943302703094,-0.6125275437631839,23846.3
1, 102332.0,-1.6052228039978906,-0.5989926267419229,1.5293801771063698,2.951441873012518,26473.09
9, 102333.0,0.47925809890277515,1.1853086042834111,-0.8317460740870789,-0.6125275437631839,27567.11
19, 102334.0,0.7667727061994186,0.8203378979373206,1.5293801771063698,-0.6125275437631839,17874.19
7, 102335.0,-1.1020722412287642,-1.775009347190439,0.3488170515096455,-0.6125275437631839,14121.22
17, 102336.0,0.8386513580235796,-1.714180896132757,-0.8317460740870789,-0.6125275437631839,11654.07
6, 102337.0,1.269923268968545,1.1447563035782908,-0.8317460740870789,-0.6125275437631839,15645.78
0, 102338.0,-1.389586848525408,-0.13264116863302913,0.3488170515096455,1.1694571646246668,14903.42
0, 102339.0,-0.670800330283799,-1.0247917841456962,-0.8317460740870789,2.951441873012518,25485.22
4, 102340.0,0.11986483978197071,1.5908316113346237,1.5293801771063698,-0.6125275437631839,18223.85
17, 102341.0,-0.16764976751467284,-1.2072771373187414,-0.8317460740870789,-0.6125275437631839,28416.57
0, 102342.0,-1.2458295448770862,1.7530408141551095,0.3488170515096455,1.1694571646246668,20698.13
4, 102343.0,-1.389586848525408,1.6516600623923063,0.3488170515096455,-0.6125275437631839,28832.07
6, 102344.0,0.9824086616719013,1.773316964507669,-0.8317460740870789,-0.6125275437631839,14195.88
0, 102345.0,-1.0301935894046035,1.3069655063987753,0.3488170515096455,1.1694571646246668,14668.29
10, 102346.0,-0.4551643748113164,-0.13264116863302913,-0.8317460740870789,-0.6125275437631839,11519.52
11, 102347.0,-0.023892463866351063,-0.8423064309726509,-0.8317460740870789,2.951441873012518,27544.02
1, 102348.0,-1.6052228039978906,-0.4570595742739986,1.5293801771063698,1.1694571646246668,35260.71
15, 102349.0,0.6948940543752578,0.9419948000526847,0.3488170515096455,-0.6125275437631839,18112.6
15, 102350.0,1.4855592244410276,1.12448015322573,0.3488170515096455,-0.6125275437631839,19601.81
6, 102351.0,1.269923268968545,1.3880701078090174,-0.8317460740870789,-0.6125275437631839,13231.23
18, 102352.0,0.19174349160613158,1.4083462581615784,0.3488170515096455,1.1694571646246668,16776.24
9, 102353.0,-0.09577111569051194,1.4691747092192595,-0.8317460740870789,-0.6125275437631839,12065.28
9, 102354.0,-0.16764976751467284,2.0369069190909577,-0.8317460740870789,-0.6125275437631839,10480.79
5, 102355.0,0.551136750726936,-0.7814779799149688,-0.8317460740870789,-0.6125275437631839,7527.32
18, 102356.0,1.0542873134960622,0.04984418454001689,0.3488170515096455,1.1694571646246668,18305.13
10, 102357.0,0.7667727061994186,0.19177723700794108,-0.8317460740870789,-0.6125275437631839,17883.84
9, 102358.0,-0.16764976751467284,1.225860904988533,-0.8317460740870789,-0.6125275437631839,20314.99
6, 102359.0,1.70119517991351,1.225860904988533,-0.8317460740870789,-0.6125275437631839,19171.09
16, 102360.0,-0.023892463866351063,-0.8423064309726509,0.3488170515096455,-0.6125275437631839,35340.83
16, 102361.0,-1.2458295448770862,0.3945387405335473,0.3488170515096455,-0.6125275437631839,14812.22
15, 102362.0,0.551136750726936,0.5161956426489113,0.3488170515096455,-0.6125275437631839,10345.11
0, 102363.0,-0.23952841933883373,0.7595094468796386,0.3488170515096455,1.1694571646246668,25438.52
7, 102364.0,-1.1020722412287642,-2.4441223088249395,-0.8317460740870789,-0.6125275437631839,8336.07
17, 102365.0,-0.23952841933883373,-1.3694863401392265,-0.8317460740870789,-0.6125275437631839,4860.02
1, 102366.0,-0.3114070711629946,-0.35567882251119554,0.3488170515096455,2.951441873012518,33028.81
19, 102367.0,1.3418019207927057,0.5161956426489113,1.5293801771063698,-0.6125275437631839,16466.39
9, 102368.0,-0.16764976751467284,1.996354618385836,-0.8317460740870789,-0.6125275437631839,14847.02
7, 102369.0,-1.389586848525408,-1.6939047457801968,-0.8317460740870789,-0.6125275437631839,4560.94
0, 102370.0,-1.6052228039978906,1.327241656751336,0.3488170515096455,1.1694571646246668,18038.89
12, 102371.0,1.0542873134960622,0.029568034187455985,0.3488170515096455,-0.6125275437631839,16605.85
10, 102372.0,0.551136750726936,-0.5178880253316807,-0.8317460740870789,-0.6125275437631839,8320.72
6, 102373.0,1.1261659653202232,1.2664132056936535,-0.8317460740870789,-0.6125275437631839,15422.04
0, 102374.0,-0.670800330283799,0.1106726355976989,0.3488170515096455,1.1694571646246668,19256.37
5, 102375.0,1.3418019207927057,-1.734457046485318,-0.8317460740870789,-0.6125275437631839,24212.47
0, 102376.0,-1.1020722412287642,-0.05153656722278621,0.3488170515096455,1.1694571646246668,15390.24
17, 102377.0,0.40737944707861423,-1.2883817387289844,-0.8317460740870789,-0.6125275437631839,11192.58
16, 102378.0,-0.5989216784596382,0.009291883834895796,0.3488170515096455,-0.6125275437631839,30749.78
13, 102379.0,-0.670800330283799,-0.7814779799149688,-0.8317460740870789,-0.6125275437631839,16156.28
10, 102380.0,-0.4551643748113164,0.3134341391233051,-0.8317460740870789,-0.6125275437631839,8867.95
18, 102381.0,0.47925809890277515,0.5364717930014715,-0.8317460740870789,1.1694571646246668,10908.13
19, 102382.0,1.4855592244410276,-0.23402192039583222,1.5293801771063698,-0.6125275437631839,18227.81
0, 102383.0,-1.6771014558220514,1.0433755518154877,-0.8317460740870789,1.1694571646246668,12336.2
4, 102384.0,-1.0301935894046035,1.12448015322573,0.3488170515096455,-0.6125275437631839,33738.72
11, 102385.0,1.1261659653202232,-0.09208886792790731,0.3488170515096455,2.951441873012518,17691.28
1, 102386.0,-1.6052228039978906,-0.3151265218060744,1.5293801771063698,1.1694571646246668,15296.38
5, 102387.0,1.4855592244410276,-1.0045156337931354,-0.8317460740870789,-0.6125275437631839,7458.06
18, 102388.0,0.9105300098477405,0.6378525447642746,0.3488170515096455,1.1694571646246668,27270.46
8, 102389.0,-0.8864362857562816,0.07012033489257707,1.5293801771063698,-0.6125275437631839,19234.59
13, 102390.0,-1.4614655003495687,-0.010984266517665113,-0.8317460740870789,-0.6125275437631839,13404.1
15, 102391.0,1.4855592244410276,0.5973002440591535,0.3488170515096455,-0.6125275437631839,16524.04
7, 102392.0,-1.6052228039978906,-0.862582581325211,-0.8317460740870789,-0.6125275437631839,15157.09
3, 102393.0,0.7667727061994186,0.6581286951168355,1.5293801771063698,1.1694571646246668,22344.86
0, 102394.0,-1.5333441521737297,0.5161956426489113,-0.8317460740870789,1.1694571646246668,17376.24
3, 102395.0,-0.09577111569051194,0.2323295377130622,2.709943302703094,1.1694571646246668,25805.87
13, 102396.0,-1.389586848525408,-0.15291731898558933,-0.8317460740870789,-0.6125275437631839,7233.6
11, 102397.0,0.19174349160613158,-0.862582581325211,0.3488170515096455,2.951441873012518,20046.15
16, 102398.0,-0.5270430266354773,-0.7814779799149688,0.3488170515096455,-0.6125275437631839,29727.9
12, 102399.0,0.9105300098477405,-0.8423064309726509,0.3488170515096455,-0.6125275437631839,16132.76
6, 102400.0,1.1261659653202232,0.4350910412386684,-0.8317460740870789,-0.6125275437631839,15027.47
19, 102401.0,1.70119517991351,1.1853086042834111,1.5293801771063698,-0.6125275437631839,18479.88
16, 102402.0,-0.7426789821079599,-0.17319346933815022,0.3488170515096455,-0.6125275437631839,13551.86
2, 102403.0,1.3418019207927057,-0.7003733785047259,1.5293801771063698,-0.6125275437631839,17351.14
4, 102404.0,-0.670800330283799,1.1650324539308503,0.3488170515096455,-0.6125275437631839,13576.9
12, 102405.0,0.9105300098477405,0.3539864398284262,0.3488170515096455,-0.6125275437631839,17497.16
16, 102406.0,-1.1739508930529252,-0.5584403260368017,0.3488170515096455,-0.6125275437631839,13881.12
0, 102407.0,-1.6052228039978906,-0.13264116863302913,-0.8317460740870789,1.1694571646246668,17738.89
16, 102408.0,-0.38328572298715546,-1.0653440848508173,0.3488170515096455,-0.6125275437631839,11804.53
11, 102409.0,0.8386513580235796,-0.5787164763893626,-0.8317460740870789,1.1694571646246668,22396.59
7, 102410.0,-1.1020722412287642,-0.9436871827354539,-0.8317460740870789,-0.6125275437631839,8644.75
15, 102411.0,1.70119517991351,1.4083462581615784,0.3488170515096455,-0.6125275437631839,8541.07
12, 102412.0,1.3418019207927057,-0.2745742211009533,0.3488170515096455,-0.6125275437631839,34055.59
12, 102413.0,0.6948940543752578,-0.05153656722278621,0.3488170515096455,-0.6125275437631839,22866.69
11, 102414.0,0.11986483978197071,-0.9639633330880142,0.3488170515096455,1.1694571646246668,15333.35
18, 102415.0,0.33550079525445337,0.8203378979373206,0.3488170515096455,1.1694571646246668,34585.49
18, 102416.0,1.4136805726168666,1.2866893560462143,0.3488170515096455,1.1694571646246668,20533.6
6, 102417.0,0.6948940543752578,0.3742625901809864,-0.8317460740870789,-0.6125275437631839,14215.09
16, 102418.0,-0.8145576339321208,-0.4570595742739986,0.3488170515096455,-0.6125275437631839,27731.56
11, 102419.0,0.19174349160613158,-0.13264116863302913,0.3488170515096455,1.1694571646246668,14632.42
4, 102420.0,-0.16764976751467284,1.246137055341094,0.3488170515096455,-0.6125275437631839,14342.95
14, 102421.0,-0.5989216784596382,2.0774592197960784,-0.8317460740870789,-0.6125275437631839,14787.13
0, 102422.0,-0.5270430266354773,0.8000617475847597,0.3488170515096455,2.951441873012518,25593.13
17, 102423.0,-0.38328572298715546,-1.3086578890815446,-0.8317460740870789,-0.6125275437631839,8708.88
15, 102424.0,0.47925809890277515,1.1650324539308503,0.3488170515096455,-0.6125275437631839,18477.65
9, 102425.0,0.551136750726936,1.2664132056936535,-0.8317460740870789,-0.6125275437631839,19419.88
11, 102426.0,1.198044617144384,-2.4441223088249395,0.3488170515096455,1.1694571646246668,30155.01
16, 102427.0,-1.0301935894046035,-0.8017541302675291,0.3488170515096455,-0.6125275437631839,16768.91
18, 102428.0,1.5574378762651884,0.4959194922963504,-0.8317460740870789,1.1694571646246668,18404.44
19, 102429.0,0.8386513580235796,0.8406140482898815,1.5293801771063698,-0.6125275437631839,28321.96
17, 102430.0,0.33550079525445337,-1.1464486862610601,-0.8317460740870789,-0.6125275437631839,11753.55
18, 102431.0,-0.23952841933883373,2.685743730372897,0.3488170515096455,1.1694571646246668,22004.66
11, 102432.0,0.6948940543752578,-1.6939047457801968,0.3488170515096455,1.1694571646246668,32063.81
5, 102433.0,0.7667727061994186,-0.49761187497911974,-0.8317460740870789,-0.6125275437631839,14879.66
12, 102434.0,1.5574378762651884,-0.5381641756842416,0.3488170515096455,-0.6125275437631839,14330.94
0, 102435.0,-0.8145576339321208,-0.05153656722278621,0.3488170515096455,1.1694571646246668,22312.73
0, 102436.0,-0.9583149375804426,1.8341454155653516,0.3488170515096455,1.1694571646246668,32662.01
11, 102437.0,1.0542873134960622,-1.3492101897866664,0.3488170515096455,1.1694571646246668,18487.7
12, 102438.0,0.7667727061994186,-0.43678342392143843,0.3488170515096455,-0.6125275437631839,17675.64
3, 102439.0,-0.23952841933883373,0.09039648524513799,1.5293801771063698,1.1694571646246668,16998.53
9, 102440.0,-0.023892463866351063,0.7392332965270777,-0.8317460740870789,-0.6125275437631839,7107.88
16, 102441.0,-0.8145576339321208,-0.7612018295624079,0.3488170515096455,-0.6125275437631839,15165.09
6, 102442.0,0.9824086616719013,1.3475178071038971,-0.8317460740870789,-0.6125275437631839,12847.93
15, 102443.0,1.6293165280893493,2.908781384251064,1.5293801771063698,-0.6125275437631839,20292.92
7, 102444.0,-1.5333441521737297,-0.9031348820303321,-0.8317460740870789,-0.6125275437631839,7062.99
11, 102445.0,0.11986483978197071,0.07012033489257707,-0.8317460740870789,1.1694571646246668,17659.21
18, 102446.0,1.0542873134960622,0.9622709504052441,-0.8317460740870789,1.1694571646246668,33998.55
5, 102447.0,1.6293165280893493,-0.6192687770944837,-0.8317460740870789,-0.6125275437631839,20156.97
6, 102448.0,0.8386513580235796,1.4286224085141392,-0.8317460740870789,-0.6125275437631839,5019.09
15, 102449.0,1.4136805726168666,1.0028232511103659,0.3488170515096455,-0.6125275437631839,16161.71
3, 102450.0,0.40737944707861423,0.4553671915912293,1.5293801771063698,1.1694571646246668,22642.18
3, 102451.0,1.1261659653202232,-0.2948503714535135,1.5293801771063698,1.1694571646246668,23430.69
14, 102452.0,-1.2458295448770862,0.9217186497001237,-0.8317460740870789,-0.6125275437631839,7173.7
18, 102453.0,-0.023892463866351063,0.9014424993475628,-0.8317460740870789,1.1694571646246668,25457.54
4, 102454.0,-0.5270430266354773,1.7530408141551095,0.3488170515096455,-0.6125275437631839,11566.81
2, 102455.0,1.1261659653202232,-1.1870009869661813,1.5293801771063698,-0.6125275437631839,18510.15
0, 102456.0,-0.3114070711629946,0.3945387405335473,-0.8317460740870789,1.1694571646246668,18498.78
1, 102457.0,-1.389586848525408,-1.3492101897866664,0.3488170515096455,1.1694571646246668,17473.49
13, 102458.0,-0.9583149375804426,-0.8017541302675291,-0.8317460740870789,-0.6125275437631839,7722.27
6, 102459.0,0.8386513580235796,0.19177723700794108,-0.8317460740870789,-0.6125275437631839,19144.28
0, 102460.0,-1.1739508930529252,-0.49761187497911974,-0.8317460740870789,1.1694571646246668,12554.98
1, 102461.0,-0.5989216784596382,-1.7547331968378788,0.3488170515096455,1.1694571646246668,18125.96
0, 102462.0,-1.5333441521737297,0.7797855972321988,0.3488170515096455,1.1694571646246668,18571.35
8, 102463.0,-1.6771014558220514,-1.5519716933122727,1.5293801771063698,-0.6125275437631839,18173.41
17, 102464.0,-0.4551643748113164,-1.1058963855559383,-0.8317460740870789,-0.6125275437631839,8042.12
8, 102465.0,-0.8864362857562816,-0.15291731898558933,2.709943302703094,-0.6125275437631839,24376.01
13, 102466.0,-1.4614655003495687,-0.5584403260368017,-0.8317460740870789,-0.6125275437631839,14555.62
11, 102467.0,1.6293165280893493,-1.2275532876713025,-0.8317460740870789,1.1694571646246668,15610.46
10, 102468.0,0.2636221434302925,-0.7003733785047259,-0.8317460740870789,-0.6125275437631839,11892.11
14, 102469.0,-1.1020722412287642,0.9217186497001237,-0.8317460740870789,-0.6125275437631839,27108.01
9, 102470.0,0.2636221434302925,1.12448015322573,-0.8317460740870789,-0.6125275437631839,12499.6
19, 102471.0,0.9824086616719013,0.4350910412386684,1.5293801771063698,-0.6125275437631839,15425.7
8, 102472.0,-0.9583149375804426,-0.8423064309726509,1.5293801771063698,-0.6125275437631839,13690.69
15, 102473.0,0.9824086616719013,1.327241656751336,0.3488170515096455,-0.6125275437631839,17650.55
13, 102474.0,-0.8864362857562816,0.4756433419437895,-0.8317460740870789,-0.6125275437631839,9702.39
18, 102475.0,1.0542873134960622,0.860890198642441,0.3488170515096455,1.1694571646246668,18091.12
7, 102476.0,-1.2458295448770862,-0.9436871827354539,-0.8317460740870789,-0.6125275437631839,8563.95
13, 102477.0,-0.5989216784596382,-0.82203028062009,-0.8317460740870789,-0.6125275437631839,24237.26
11, 102478.0,0.7667727061994186,-1.5316955429597117,0.3488170515096455,1.1694571646246668,16398.99
4, 102479.0,-1.6052228039978906,0.6784048454693957,1.5293801771063698,-0.6125275437631839,18236.96
7, 102480.0,-1.6771014558220514,-2.2819131060044544,-0.8317460740870789,-0.6125275437631839,27341.36
10, 102481.0,-0.23952841933883373,-0.82203028062009,-0.8317460740870789,-0.6125275437631839,11055.17
19, 102482.0,1.4855592244410276,1.4691747092192595,1.5293801771063698,-0.6125275437631839,33056.98
19, 102483.0,0.8386513580235796,0.8406140482898815,1.5293801771063698,-0.6125275437631839,12956.73
13, 102484.0,-1.1020722412287642,-0.4165072735688775,-0.8317460740870789,-0.6125275437631839,9084.01
16, 102485.0,-0.16764976751467284,0.07012033489257707,0.3488170515096455,-0.6125275437631839,9476.94
3, 102486.0,-0.3114070711629946,-0.13264116863302913,1.5293801771063698,1.1694571646246668,23251.88
6, 102487.0,1.198044617144384,0.8406140482898815,-0.8317460740870789,-0.6125275437631839,21166.24
10, 102488.0,0.11986483978197071,-0.5584403260368017,-0.8317460740870789,-0.6125275437631839,12679.61
7, 102489.0,-0.8145576339321208,-1.2275532876713025,0.3488170515096455,-0.6125275437631839,11406.17
4, 102490.0,-1.1739508930529252,1.4894508595718206,0.3488170515096455,-0.6125275437631839,25216.7
1, 102491.0,0.40737944707861423,-1.734457046485318,1.5293801771063698,1.1694571646246668,30509.22
12, 102492.0,1.0542873134960622,-0.21374577004327133,0.3488170515096455,-0.6125275437631839,13182.83
0, 102493.0,-1.389586848525408,-0.2948503714535135,-0.8317460740870789,1.1694571646246668,17748.3
11, 102494.0,0.6948940543752578,-0.6800972281521658,0.3488170515096455,1.1694571646246668,15023.28
3, 102495.0,0.40737944707861423,1.5705554609820627,1.5293801771063698,1.1694571646246668,28797.08
4, 102496.0,-1.1020722412287642,1.9558023176807158,0.3488170515096455,-0.6125275437631839,27800.14
11, 102497.0,0.04798618795780982,-0.5584403260368017,0.3488170515096455,1.1694571646246668,17911.33
16, 102498.0,-0.38328572298715546,-0.3962311232163166,0.3488170515096455,-0.6125275437631839,15059.07
4, 102499.0,-0.5270430266354773,1.3069655063987753,0.3488170515096455,-0.6125275437631839,14367.67
18, 102500.0,0.47925809890277515,0.009291883834895796,0.3488170515096455,2.951441873012518,12889.56
9, 102501.0,0.47925809890277515,1.4286224085141392,-0.8317460740870789,-0.6125275437631839,11614.08
6, 102502.0,1.269923268968545,1.0433755518154877,-0.8317460740870789,-0.6125275437631839,34355.92
7, 102503.0,-1.5333441521737297,-0.8423064309726509,-0.8317460740870789,-0.6125275437631839,8546.16
10, 102504.0,-0.09577111569051194,-0.33540267215863534,-0.8317460740870789,-0.6125275437631839,8684.51
5, 102505.0,1.269923268968545,-0.2745742211009533,-0.8317460740870789,-0.6125275437631839,11171.48
10, 102506.0,0.47925809890277515,0.13094878595025908,-0.8317460740870789,-0.6125275437631839,10240.77
13, 102507.0,-1.389586848525408,0.4350910412386684,-0.8317460740870789,-0.6125275437631839,30187.93
5, 102508.0,0.6230154025510969,-0.882858731677772,-0.8317460740870789,-0.6125275437631839,11475.46
7, 102509.0,-1.5333441521737297,-2.4441223088249395,-0.8317460740870789,-0.6125275437631839,9443.66
10, 102510.0,-0.23952841933883373,0.1715010866553802,-0.8317460740870789,-0.6125275437631839,11525.6
16, 102511.0,-0.8864362857562816,-0.13264116863302913,0.3488170515096455,-0.6125275437631839,9363.56
7, 102512.0,-0.8145576339321208,-0.9031348820303321,-0.8317460740870789,-0.6125275437631839,23345.64
12, 102513.0,0.40737944707861423,-0.7612018295624079,0.3488170515096455,-0.6125275437631839,17689.42
18, 102514.0,0.11986483978197071,1.0636517021680472,0.3488170515096455,1.1694571646246668,19241.63
12, 102515.0,1.3418019207927057,-0.5584403260368017,0.3488170515096455,-0.6125275437631839,20179.13
1, 102516.0,-1.1739508930529252,-0.37595497286375645,0.3488170515096455,1.1694571646246668,31257.77
16, 102517.0,-0.5270430266354773,0.1106726355976989,0.3488170515096455,-0.6125275437631839,24074.52
6, 102518.0,1.6293165280893493,0.13094878595025908,-0.8317460740870789,-0.6125275437631839,10489.28
18, 102519.0,0.04798618795780982,2.016630768738397,0.3488170515096455,1.1694571646246668,16610.71
12, 102520.0,1.5574378762651884,0.3134341391233051,0.3488170515096455,-0.6125275437631839,17087.6
4, 102521.0,-0.5989216784596382,0.7797855972321988,0.3488170515096455,-0.6125275437631839,25432.75
3, 102522.0,-1.5333441521737297,-0.23402192039583222,3.8905064282998185,2.951441873012518,24007.11
6, 102523.0,1.4136805726168666,1.0028232511103659,-0.8317460740870789,-0.6125275437631839,5963.4
11, 102524.0,1.6293165280893493,-1.045067934498257,0.3488170515096455,1.1694571646246668,12377.82
2, 102525.0,1.5574378762651884,-1.795285497543,0.3488170515096455,-0.6125275437631839,17685.95
0, 102526.0,-1.317708196701247,0.8203378979373206,0.3488170515096455,1.1694571646246668,18668.1
5, 102527.0,1.269923268968545,0.029568034187455985,-0.8317460740870789,-0.6125275437631839,33029.61
13, 102528.0,-1.0301935894046035,-0.4165072735688775,-0.8317460740870789,-0.6125275437631839,23378.17
2, 102529.0,1.4855592244410276,-1.4911432422545905,0.3488170515096455,-0.6125275437631839,19718.43
10, 102530.0,0.8386513580235796,0.07012033489257707,-0.8317460740870789,-0.6125275437631839,12286.04
16, 102531.0,-1.317708196701247,0.029568034187455985,0.3488170515096455,-0.6125275437631839,9549.72
13, 102532.0,-0.9583149375804426,0.4959194922963504,-0.8317460740870789,-0.6125275437631839,13736.36
14, 102533.0,-1.6771014558220514,0.7189571461745176,-0.8317460740870789,-0.6125275437631839,25059.96
1, 102534.0,-1.4614655003495687,0.3337102894758653,1.5293801771063698,1.1694571646246668,18406.35
3, 102535.0,0.6230154025510969,-0.47733572462655954,1.5293801771063698,1.1694571646246668,11619.93
11, 102536.0,1.5574378762651884,-0.6395449274470446,-0.8317460740870789,1.1694571646246668,20101.27
3, 102537.0,0.04798618795780982,0.6175763944117144,3.8905064282998185,1.1694571646246668,29677.36
8, 102538.0,-1.1020722412287642,-1.1667248366136203,1.5293801771063698,-0.6125275437631839,22269.92
5, 102539.0,1.5574378762651884,-0.9436871827354539,-0.8317460740870789,-0.6125275437631839,13953.7
9, 102540.0,-0.5270430266354773,0.860890198642441,-0.8317460740870789,-0.6125275437631839,12391.66
12, 102541.0,0.04798618795780982,-0.17319346933815022,0.3488170515096455,-0.6125275437631839,14390.76
18, 102542.0,1.4855592244410276,1.104204002873169,0.3488170515096455,1.1694571646246668,18306.93
14, 102543.0,-1.1739508930529252,2.138287670853761,-0.8317460740870789,-0.6125275437631839,18032.58
9, 102544.0,0.33550079525445337,1.7124885134499876,-0.8317460740870789,-0.6125275437631839,7360.41
12, 102545.0,1.4136805726168666,-0.2745742211009533,0.3488170515096455,-0.6125275437631839,30862.63
8, 102546.0,-1.4614655003495687,0.4350910412386684,1.5293801771063698,-0.6125275437631839,14907.61
14, 102547.0,-0.8864362857562816,0.8406140482898815,-0.8317460740870789,-0.6125275437631839,20965.61
13, 102548.0,-1.389586848525408,-0.82203028062009,-0.8317460740870789,-0.6125275437631839,6207.7
1, 102549.0,0.04798618795780982,-0.23402192039583222,0.3488170515096455,2.951441873012518,28641.78
17, 102550.0,0.04798618795780982,-1.0247917841456962,-0.8317460740870789,-0.6125275437631839,24557.36
13, 102551.0,-1.6052228039978906,-0.4165072735688775,-0.8317460740870789,-0.6125275437631839,24058.0
11, 102552.0,0.9105300098477405,-0.8017541302675291,0.3488170515096455,2.951441873012518,35462.7
2, 102553.0,0.6230154025510969,-1.5925239940173936,0.3488170515096455,-0.6125275437631839,18428.99
13, 102554.0,-1.5333441521737297,-0.6800972281521658,-0.8317460740870789,-0.6125275437631839,11023.47
5, 102555.0,1.0542873134960622,-0.5584403260368017,-0.8317460740870789,-0.6125275437631839,15558.63
12, 102556.0,0.551136750726936,0.3134341391233051,0.3488170515096455,-0.6125275437631839,33244.51
11, 102557.0,1.6293165280893493,0.09039648524513799,-0.8317460740870789,1.1694571646246668,20848.79
5, 102558.0,0.6948940543752578,-0.882858731677772,-0.8317460740870789,-0.6125275437631839,7289.42
5, 102559.0,0.8386513580235796,-0.7612018295624079,-0.8317460740870789,-0.6125275437631839,22474.28
0, 102560.0,-1.5333441521737297,-0.05153656722278621,-0.8317460740870789,1.1694571646246668,19437.91
6, 102561.0,1.3418019207927057,0.4959194922963504,-0.8317460740870789,-0.6125275437631839,12371.63
13, 102562.0,-1.5333441521737297,-0.33540267215863534,-0.8317460740870789,-0.6125275437631839,11317.47
10, 102563.0,-0.23952841933883373,-0.3962311232163166,-0.8317460740870789,-0.6125275437631839,13235.68
7, 102564.0,-1.5333441521737297,-1.2478294380238633,-0.8317460740870789,-0.6125275437631839,10581.6
0, 102565.0,-0.23952841933883373,1.0028232511103659,-0.8317460740870789,1.1694571646246668,29871.16
16, 102566.0,-0.023892463866351063,-0.09208886792790731,0.3488170515096455,-0.6125275437631839,16507.73
5, 102567.0,0.9824086616719013,-1.0045156337931354,-0.8317460740870789,-0.6125275437631839,10850.5
4, 102568.0,-0.5989216784596382,1.3880701078090174,1.5293801771063698,-0.6125275437631839,13358.02
5, 102569.0,0.6948940543752578,-0.5989926267419229,-0.8317460740870789,-0.6125275437631839,12699.69
13, 102570.0,-1.2458295448770862,-0.7409256792098478,-0.8317460740870789,-0.6125275437631839,12696.79
9, 102571.0,-0.09577111569051194,1.9760784680332752,-0.8317460740870789,-0.6125275437631839,8452.13
3, 102572.0,1.198044617144384,0.7797855972321988,1.5293801771063698,1.1694571646246668,25614.16
13, 102573.0,-1.0301935894046035,0.4350910412386684,-0.8317460740870789,-0.6125275437631839,9953.75
10, 102574.0,-0.4551643748113164,-0.49761187497911974,-0.8317460740870789,-0.6125275437631839,8204.58
11, 102575.0,1.4136805726168666,-0.49761187497911974,0.3488170515096455,1.1694571646246668,15309.48
19, 102576.0,0.9105300098477405,0.7797855972321988,1.5293801771063698,-0.6125275437631839,33838.3
9, 102577.0,-0.4551643748113164,0.41481489088610823,-0.8317460740870789,-0.6125275437631839,16771.89
13, 102578.0,-0.9583149375804426,-0.33540267215863534,-0.8317460740870789,-0.6125275437631839,23231.83
4, 102579.0,-0.4551643748113164,1.246137055341094,0.3488170515096455,-0.6125275437631839,14157.76
19, 102580.0,0.8386513580235796,-0.5178880253316807,1.5293801771063698,-0.6125275437631839,21673.28
5, 102581.0,1.4855592244410276,-2.099427752831409,-0.8317460740870789,-0.6125275437631839,24158.12
10, 102582.0,0.04798618795780982,-0.6598210777996049,-0.8317460740870789,-0.6125275437631839,8138.53
12, 102583.0,0.9824086616719013,-0.25429807074839245,0.3488170515096455,-0.6125275437631839,31439.12
15, 102584.0,0.7667727061994186,0.5364717930014715,0.3488170515096455,-0.6125275437631839,16851.15
16, 102585.0,-0.09577111569051194,-0.03126041687022602,0.3488170515096455,-0.6125275437631839,18911.31
17, 102586.0,-0.3114070711629946,-1.4100386408443477,0.3488170515096455,-0.6125275437631839,15168.2
1, 102587.0,-1.6771014558220514,0.5161956426489113,1.5293801771063698,1.1694571646246668,19092.04
19, 102588.0,1.0542873134960622,0.6581286951168355,1.5293801771063698,-0.6125275437631839,19447.13
13, 102589.0,-0.670800330283799,-0.25429807074839245,-0.8317460740870789,-0.6125275437631839,7084.46
2, 102590.0,1.6293165280893493,-1.2883817387289844,0.3488170515096455,-0.6125275437631839,40945.97
11, 102591.0,0.19174349160613158,-0.05153656722278621,-0.8317460740870789,1.1694571646246668,16587.48
11, 102592.0,0.7667727061994186,-1.5925239940173936,0.3488170515096455,1.1694571646246668,24734.28
6, 102593.0,0.9824086616719013,0.3134341391233051,-0.8317460740870789,-0.6125275437631839,8124.78
12, 102594.0,1.6293165280893493,-0.05153656722278621,0.3488170515096455,-0.6125275437631839,17513.72
5, 102595.0,1.5574378762651884,-0.05153656722278621,-0.8317460740870789,-0.6125275437631839,16024.62
9, 102596.0,-0.023892463866351063,0.7392332965270777,-0.8317460740870789,-0.6125275437631839,12651.81
13, 102597.0,-1.0301935894046035,-0.010984266517665113,-0.8317460740870789,-0.6125275437631839,8674.45
17, 102598.0,-0.23952841933883373,-1.3289340394341054,-0.8317460740870789,-0.6125275437631839,19431.23
10, 102599.0,0.40737944707861423,-0.49761187497911974,-0.8317460740870789,-0.6125275437631839,10406.97
4, 102600.0,-0.4551643748113164,0.9217186497001237,0.3488170515096455,-0.6125275437631839,13952.29
13, 102601.0,-1.317708196701247,-0.49761187497911974,-0.8317460740870789,-0.6125275437631839,10837.49
5, 102602.0,1.198044617144384,-0.5584403260368017,-0.8317460740870789,-0.6125275437631839,10677.46
9, 102603.0,-0.38328572298715546,0.860890198642441,-0.8317460740870789,-0.6125275437631839,29742.12
9, 102604.0,0.19174349160613158,0.5364717930014715,-0.8317460740870789,-0.6125275437631839,15072.49
18, 102605.0,1.5574378762651884,0.19177723700794108,0.3488170515096455,2.951441873012518,37964.98
16, 102606.0,0.04798618795780982,0.2323295377130622,0.3488170515096455,-0.6125275437631839,12884.01
17, 102607.0,0.19174349160613158,-1.2883817387289844,0.3488170515096455,-0.6125275437631839,14912.99
18, 102608.0,0.33550079525445337,0.3742625901809864,-0.8317460740870789,1.1694571646246668,14997.09
13, 102609.0,-1.4614655003495687,-0.4165072735688775,-0.8317460740870789,-0.6125275437631839,5079.44
3, 102610.0,0.04798618795780982,1.8341454155653516,2.709943302703094,1.1694571646246668,27790.7
4, 102611.0,-0.16764976751467284,1.327241656751336,0.3488170515096455,-0.6125275437631839,16362.5
16, 102612.0,-0.9583149375804426,0.3134341391233051,0.3488170515096455,-0.6125275437631839,27753.35
0, 102613.0,-1.1739508930529252,-0.49761187497911974,-0.8317460740870789,2.951441873012518,13085.17
3, 102614.0,0.47925809890277515,0.2323295377130622,1.5293801771063698,1.1694571646246668,21805.86
15, 102615.0,0.40737944707861423,1.915250016975594,1.5293801771063698,-0.6125275437631839,13407.65
5, 102616.0,1.198044617144384,-1.3492101897866664,-0.8317460740870789,-0.6125275437631839,10317.22
18, 102617.0,0.11986483978197071,0.9217186497001237,0.3488170515096455,1.1694571646246668,15107.35
16, 102618.0,-0.4551643748113164,-0.010984266517665113,0.3488170515096455,-0.6125275437631839,15543.19
14, 102619.0,-0.7426789821079599,1.225860904988533,-0.8317460740870789,-0.6125275437631839,10447.69
16, 102620.0,-1.1020722412287642,0.3337102894758653,0.3488170515096455,-0.6125275437631839,13543.41
6, 102621.0,1.5574378762651884,0.1715010866553802,-0.8317460740870789,-0.6125275437631839,8471.4
14, 102622.0,-1.0301935894046035,0.7797855972321988,-0.8317460740870789,-0.6125275437631839,9882.56
12, 102623.0,0.19174349160613158,-0.05153656722278621,0.3488170515096455,-0.6125275437631839,25733.28
11, 102624.0,-0.09577111569051194,-1.3086578890815446,-0.8317460740870789,1.1694571646246668,12980.32
19, 102625.0,0.7667727061994186,0.7392332965270777,1.5293801771063698,-0.6125275437631839,23134.95
18, 102626.0,1.4136805726168666,0.3742625901809864,0.3488170515096455,1.1694571646246668,22657.25
14, 102627.0,-1.4614655003495687,1.12448015322573,-0.8317460740870789,-0.6125275437631839,16189.98
0, 102628.0,-0.7426789821079599,0.1715010866553802,0.3488170515096455,1.1694571646246668,20013.74
1, 102629.0,-0.7426789821079599,-0.37595497286375645,0.3488170515096455,1.1694571646246668,16478.51
10, 102630.0,0.551136750726936,-0.6598210777996049,-0.8317460740870789,-0.6125275437631839,17298.35
11, 102631.0,0.33550079525445337,-0.3962311232163166,0.3488170515096455,1.1694571646246668,17295.98
9, 102632.0,-0.4551643748113164,1.327241656751336,-0.8317460740870789,-0.6125275437631839,13479.85
15, 102633.0,-0.023892463866351063,0.6581286951168355,0.3488170515096455,-0.6125275437631839,29842.8
9, 102634.0,-0.38328572298715546,0.6986809958219566,-0.8317460740870789,-0.6125275437631839,12376.87
2, 102635.0,1.5574378762651884,-1.673628595427636,1.5293801771063698,-0.6125275437631839,17585.3
11, 102636.0,0.04798618795780982,-0.21374577004327133,-0.8317460740870789,1.1694571646246668,12211.83
17, 102637.0,0.47925809890277515,-1.0045156337931354,-0.8317460740870789,-0.6125275437631839,12398.07
3, 102638.0,-0.9583149375804426,1.225860904988533,1.5293801771063698,1.1694571646246668,20267.05
12, 102639.0,1.4855592244410276,-0.862582581325211,0.3488170515096455,-0.6125275437631839,29285.72
13, 102640.0,-1.0301935894046035,0.19177723700794108,-0.8317460740870789,-0.6125275437631839,12731.74
0, 102641.0,-0.7426789821079599,0.8203378979373206,-0.8317460740870789,1.1694571646246668,27068.9
11, 102642.0,0.8386513580235796,-0.7206495288572868,0.3488170515096455,2.951441873012518,35885.64
12, 102643.0,1.3418019207927057,0.07012033489257707,0.3488170515096455,-0.6125275437631839,19009.78
0, 102644.0,-0.3114070711629946,0.09039648524513799,0.3488170515096455,1.1694571646246668,12887.65
15, 102645.0,0.6948940543752578,0.9622709504052441,0.3488170515096455,-0.6125275437631839,16780.85
15, 102646.0,0.33550079525445337,0.8406140482898815,0.3488170515096455,-0.6125275437631839,12838.93
15, 102647.0,0.8386513580235796,0.5364717930014715,0.3488170515096455,-0.6125275437631839,14408.25
4, 102648.0,-0.8145576339321208,2.158563821206322,0.3488170515096455,-0.6125275437631839,27118.48
7, 102649.0,-1.1739508930529252,-2.2413608052993332,-0.8317460740870789,-0.6125275437631839,1500.0
14, 102650.0,-0.7426789821079599,0.860890198642441,-0.8317460740870789,-0.6125275437631839,11020.26
9, 102651.0,0.11986483978197071,1.0028232511103659,-0.8317460740870789,-0.6125275437631839,8040.08
4, 102652.0,-0.8864362857562816,0.7595094468796386,0.3488170515096455,-0.6125275437631839,11668.34
18, 102653.0,0.8386513580235796,0.5567479433540324,0.3488170515096455,1.1694571646246668,31882.93
3, 102654.0,0.7667727061994186,1.5097270099243814,1.5293801771063698,2.951441873012518,29677.94
1, 102655.0,-1.2458295448770862,-1.775009347190439,0.3488170515096455,1.1694571646246668,29994.75
19, 102656.0,0.8386513580235796,-0.862582581325211,2.709943302703094,-0.6125275437631839,20565.67
12, 102657.0,1.1261659653202232,-0.882858731677772,0.3488170515096455,-0.6125275437631839,22964.99
3, 102658.0,-0.23952841933883373,0.04984418454001689,1.5293801771063698,1.1694571646246668,17807.12
5, 102659.0,1.4136805726168666,-0.09208886792790731,-0.8317460740870789,-0.6125275437631839,11876.01
18, 102660.0,0.40737944707861423,2.888505233898503,1.5293801771063698,1.1694571646246668,36022.37
4, 102661.0,-1.317708196701247,1.6111077616871845,0.3488170515096455,-0.6125275437631839,14849.72
9, 102662.0,-0.16764976751467284,1.3475178071038971,-0.8317460740870789,-0.6125275437631839,10056.61
18, 102663.0,1.0542873134960622,0.1715010866553802,-0.8317460740870789,1.1694571646246668,26219.32
10, 102664.0,0.11986483978197071,-0.35567882251119554,-0.8317460740870789,-0.6125275437631839,21920.71
0, 102665.0,-0.16764976751467284,0.2323295377130622,0.3488170515096455,1.1694571646246668,28935.12
11, 102666.0,0.47925809890277515,-0.11236501828046822,0.3488170515096455,1.1694571646246668,24787.0
11, 102667.0,0.9824086616719013,-0.37595497286375645,0.3488170515096455,1.1694571646246668,24687.74
3, 102668.0,0.7667727061994186,1.2055847546359721,1.5293801771063698,1.1694571646246668,27154.79
18, 102669.0,0.04798618795780982,1.1650324539308503,-0.8317460740870789,1.1694571646246668,16275.43
12, 102670.0,1.4136805726168666,-0.25429807074839245,0.3488170515096455,-0.6125275437631839,13344.37
3, 102671.0,-0.09577111569051194,1.3069655063987753,1.5293801771063698,1.1694571646246668,22958.57
10, 102672.0,0.40737944707861423,-0.5178880253316807,-0.8317460740870789,-0.6125275437631839,28966.29
6, 102673.0,1.4855592244410276,0.9419948000526847,-0.8317460740870789,-0.6125275437631839,9764.61
16, 102674.0,-0.16764976751467284,-0.33540267215863534,0.3488170515096455,-0.6125275437631839,23739.15
5, 102675.0,1.0542873134960622,-0.7003733785047259,-0.8317460740870789,-0.6125275437631839,13857.76
7, 102676.0,-1.6052228039978906,-1.045067934498257,-0.8317460740870789,-0.6125275437631839,10130.32
3, 102677.0,1.1261659653202232,0.8203378979373206,1.5293801771063698,1.1694571646246668,15864.07
4, 102678.0,-1.6052228039978906,1.0028232511103659,0.3488170515096455,-0.6125275437631839,20877.86
12, 102679.0,0.2636221434302925,0.3539864398284262,0.3488170515096455,-0.6125275437631839,15672.02
2, 102680.0,0.9824086616719013,-1.1667248366136203,1.5293801771063698,-0.6125275437631839,23100.4
15, 102681.0,0.47925809890277515,1.104204002873169,0.3488170515096455,-0.6125275437631839,18158.47
5, 102682.0,1.3418019207927057,-0.882858731677772,-0.8317460740870789,-0.6125275437631839,9801.07
1, 102683.0,-0.5270430266354773,-0.43678342392143843,1.5293801771063698,1.1694571646246668,23346.48
13, 102684.0,-1.317708196701247,-0.11236501828046822,-0.8317460740870789,-0.6125275437631839,23695.12
4, 102685.0,-1.4614655003495687,1.6516600623923063,0.3488170515096455,-0.6125275437631839,19424.18
5, 102686.0,1.0542873134960622,-0.82203028062009,-0.8317460740870789,-0.6125275437631839,8014.1
2, 102687.0,1.269923268968545,-1.2681055883764234,0.3488170515096455,-0.6125275437631839,16950.24
1, 102688.0,-1.2458295448770862,-1.1870009869661813,0.3488170515096455,1.1694571646246668,11650.98
15, 102689.0,1.6293165280893493,0.7595094468796386,0.3488170515096455,-0.6125275437631839,14627.34
5, 102690.0,0.8386513580235796,-0.15291731898558933,-0.8317460740870789,-0.6125275437631839,27509.17
12, 102691.0,1.6293165280893493,-0.8017541302675291,0.3488170515096455,-0.6125275437631839,16807.51
16, 102692.0,-1.0301935894046035,-0.47733572462655954,0.3488170515096455,-0.6125275437631839,10734.6
18, 102693.0,1.3418019207927057,1.2055847546359721,-0.8317460740870789,2.951441873012518,22040.68
18, 102694.0,0.19174349160613158,1.0636517021680472,0.3488170515096455,1.1694571646246668,19494.54
2, 102695.0,0.9105300098477405,-1.2072771373187414,1.5293801771063698,-0.6125275437631839,30471.61
13, 102696.0,-1.2458295448770862,0.4756433419437895,-0.8317460740870789,-0.6125275437631839,12380.87
4, 102697.0,-0.16764976751467284,0.8811663489950019,1.5293801771063698,-0.6125275437631839,10288.78
11, 102698.0,0.9105300098477405,-0.03126041687022602,0.3488170515096455,1.1694571646246668,16834.73
1, 102699.0,-1.6771014558220514,-0.7003733785047259,0.3488170515096455,1.1694571646246668,15640.52
10, 102700.0,-0.16764976751467284,-0.2745742211009533,-0.8317460740870789,-0.6125275437631839,10300.5
1, 102701.0,-1.6771014558220514,-0.9031348820303321,1.5293801771063698,1.1694571646246668,35103.23
2, 102702.0,0.6230154025510969,-2.4035700081198184,0.3488170515096455,-0.6125275437631839,15174.12
11, 102703.0,1.3418019207927057,-0.37595497286375645,-0.8317460740870789,1.1694571646246668,16714.74
7, 102704.0,-1.317708196701247,-1.1870009869661813,0.3488170515096455,-0.6125275437631839,13244.14
16, 102705.0,-0.9583149375804426,-0.7206495288572868,0.3488170515096455,-0.6125275437631839,10736.71
10, 102706.0,-0.16764976751467284,-0.49761187497911974,-0.8317460740870789,-0.6125275437631839,26943.01
9, 102707.0,0.40737944707861423,0.5161956426489113,-0.8317460740870789,-0.6125275437631839,9970.02
10, 102708.0,0.19174349160613158,0.41481489088610823,-0.8317460740870789,-0.6125275437631839,16149.99
19, 102709.0,1.4855592244410276,-0.3962311232163166,1.5293801771063698,-0.6125275437631839,35787.27
11, 102710.0,1.1261659653202232,0.029568034187455985,-0.8317460740870789,1.1694571646246668,31213.74
4, 102711.0,-0.4551643748113164,0.7797855972321988,0.3488170515096455,-0.6125275437631839,17267.36
16, 102712.0,-1.6052228039978906,0.15122493630282,0.3488170515096455,-0.6125275437631839,14479.63
0, 102713.0,-0.8864362857562816,0.8000617475847597,-0.8317460740870789,1.1694571646246668,15407.46
18, 102714.0,0.11986483978197071,0.3134341391233051,-0.8317460740870789,1.1694571646246668,26880.72
17, 102715.0,-0.3114070711629946,-1.9169423996583632,-0.8317460740870789,-0.6125275437631839,28510.9
0, 102716.0,-1.6771014558220514,0.3134341391233051,-0.8317460740870789,1.1694571646246668,14594.88
6, 102717.0,0.7667727061994186,0.5161956426489113,-0.8317460740870789,-0.6125275437631839,15811.46
8, 102718.0,-0.023892463866351063,-0.9436871827354539,1.5293801771063698,-0.6125275437631839,16875.52
11, 102719.0,0.9105300098477405,-1.5114193926071509,0.3488170515096455,1.1694571646246668,17295.74
1, 102720.0,-0.4551643748113164,-0.7206495288572868,0.3488170515096455,1.1694571646246668,28704.72
12, 102721.0,1.70119517991351,-0.13264116863302913,0.3488170515096455,-0.6125275437631839,18614.63
19, 102722.0,1.6293165280893493,0.6784048454693957,1.5293801771063698,-0.6125275437631839,13246.48
6, 102723.0,1.6293165280893493,0.1106726355976989,-0.8317460740870789,-0.6125275437631839,23408.25
14, 102724.0,-1.1020722412287642,1.1447563035782908,-0.8317460740870789,-0.6125275437631839,11396.19
10, 102725.0,0.6948940543752578,-0.23402192039583222,-0.8317460740870789,-0.6125275437631839,12682.97
12, 102726.0,0.9824086616719013,-0.5989926267419229,0.3488170515096455,-0.6125275437631839,15329.22
15, 102727.0,1.4136805726168666,0.6986809958219566,0.3488170515096455,-0.6125275437631839,15830.87
11, 102728.0,0.551136750726936,-0.15291731898558933,-0.8317460740870789,1.1694571646246668,29384.4
9, 102729.0,0.33550079525445337,1.7124885134499876,-0.8317460740870789,-0.6125275437631839,21300.34
14, 102730.0,-1.389586848525408,1.0636517021680472,-0.8317460740870789,-0.6125275437631839,12137.07
2, 102731.0,0.551136750726936,-1.4708670919020297,0.3488170515096455,-0.6125275437631839,11738.36
6, 102732.0,1.5574378762651884,0.5770240937065926,-0.8317460740870789,-0.6125275437631839,30789.0
2, 102733.0,1.3418019207927057,-0.9639633330880142,1.5293801771063698,-0.6125275437631839,20188.2
17, 102734.0,0.2636221434302925,-1.0247917841456962,-0.8317460740870789,-0.6125275437631839,12646.84
18, 102735.0,0.40737944707861423,0.13094878595025908,0.3488170515096455,1.1694571646246668,15897.4
16, 102736.0,-0.8145576339321208,-0.35567882251119554,0.3488170515096455,-0.6125275437631839,10097.91
15, 102737.0,0.551136750726936,0.7595094468796386,0.3488170515096455,-0.6125275437631839,12389.58
12, 102738.0,1.0542873134960622,0.3134341391233051,0.3488170515096455,-0.6125275437631839,13099.03
10, 102739.0,-0.4551643748113164,0.13094878595025908,-0.8317460740870789,-0.6125275437631839,4826.89
11, 102740.0,1.70119517991351,-0.5989926267419229,0.3488170515096455,1.1694571646246668,14753.52
1, 102741.0,-1.5333441521737297,-1.4505909415494695,1.5293801771063698,1.1694571646246668,16224.45
6, 102742.0,1.5574378762651884,1.327241656751336,-0.8317460740870789,-0.6125275437631839,11764.67
12, 102743.0,0.33550079525445337,-0.21374577004327133,0.3488170515096455,-0.6125275437631839,28329.36
10, 102744.0,-0.16764976751467284,0.1715010866553802,-0.8317460740870789,-0.6125275437631839,6744.46
13, 102745.0,-0.5989216784596382,-0.882858731677772,-0.8317460740870789,-0.6125275437631839,23483.69
16, 102746.0,-1.1020722412287642,0.2323295377130622,0.3488170515096455,-0.6125275437631839,19169.64
17, 102747.0,-0.23952841933883373,-1.795285497543,0.3488170515096455,-0.6125275437631839,15366.71
10, 102748.0,0.11986483978197071,0.3945387405335473,-0.8317460740870789,-0.6125275437631839,14716.85
1, 102749.0,-0.7426789821079599,-0.5989926267419229,0.3488170515096455,1.1694571646246668,8990.4
13, 102750.0,-1.4614655003495687,0.2323295377130622,-0.8317460740870789,-0.6125275437631839,8361.86
1, 102751.0,-1.6052228039978906,-0.19346961969071041,0.3488170515096455,2.951441873012518,32294.37
19, 102752.0,1.198044617144384,0.07012033489257707,1.5293801771063698,-0.6125275437631839,19188.69
18, 102753.0,0.47925809890277515,0.5567479433540324,0.3488170515096455,1.1694571646246668,19419.84
9, 102754.0,-0.23952841933883373,1.2055847546359721,-0.8317460740870789,-0.6125275437631839,35039.96
7, 102755.0,-1.0301935894046035,-1.8358377982481209,0.3488170515096455,-0.6125275437631839,10592.5
8, 102756.0,-1.6052228039978906,0.3539864398284262,2.709943302703094,-0.6125275437631839,42655.15
10, 102757.0,-0.23952841933883373,-0.8423064309726509,-0.8317460740870789,-0.6125275437631839,16442.85
4, 102758.0,-1.0301935894046035,0.7392332965270777,0.3488170515096455,-0.6125275437631839,28362.73
1, 102759.0,-0.3114070711629946,-1.2072771373187414,0.3488170515096455,1.1694571646246668,31967.71
1, 102760.0,-0.8864362857562816,0.2728818384181833,1.5293801771063698,2.951441873012518,16976.57
11, 102761.0,1.269923268968545,0.009291883834895796,-0.8317460740870789,1.1694571646246668,17572.06
13, 102762.0,-1.389586848525408,0.04984418454001689,-0.8317460740870789,-0.6125275437631839,10560.07
4, 102763.0,-1.5333441521737297,1.1447563035782908,0.3488170515096455,-0.6125275437631839,28684.52
2, 102764.0,0.11986483978197071,-1.4100386408443477,1.5293801771063698,-0.6125275437631839,21101.35
3, 102765.0,-0.3114070711629946,1.773316964507669,1.5293801771063698,2.951441873012518,24401.02
7, 102766.0,-1.1739508930529252,-1.1058963855559383,-0.8317460740870789,-0.6125275437631839,14245.21
8, 102767.0,-1.1020722412287642,-1.81556164789556,1.5293801771063698,-0.6125275437631839,15542.77
16, 102768.0,-1.0301935894046035,0.1715010866553802,0.3488170515096455,-0.6125275437631839,15488.47
11, 102769.0,0.47925809890277515,-0.2745742211009533,0.3488170515096455,2.951441873012518,15803.33
16, 102770.0,-0.23952841933883373,0.4350910412386684,0.3488170515096455,-0.6125275437631839,25831.07
12, 102771.0,1.0542873134960622,-0.15291731898558933,0.3488170515096455,-0.6125275437631839,32158.02
7, 102772.0,-1.6052228039978906,-1.0653440848508173,-0.8317460740870789,-0.6125275437631839,16324.5
9, 102773.0,0.19174349160613158,0.6784048454693957,-0.8317460740870789,-0.6125275437631839,9033.47
0, 102774.0,-0.23952841933883373,-0.23402192039583222,0.3488170515096455,1.1694571646246668,18497.88
16, 102775.0,-1.2458295448770862,0.09039648524513799,0.3488170515096455,-0.6125275437631839,29084.11
0, 102776.0,-0.670800330283799,-0.2745742211009533,-0.8317460740870789,1.1694571646246668,7805.43
15, 102777.0,1.70119517991351,0.5364717930014715,0.3488170515096455,-0.6125275437631839,20645.81
0, 102778.0,-0.3114070711629946,-0.3151265218060744,-0.8317460740870789,1.1694571646246668,13693.14
14, 102779.0,-1.389586848525408,0.7189571461745176,-0.8317460740870789,-0.6125275437631839,22943.27
4, 102780.0,-0.38328572298715546,0.6784048454693957,0.3488170515096455,-0.6125275437631839,29818.17
3, 102781.0,1.1261659653202232,0.5973002440591535,2.709943302703094,1.1694571646246668,27381.23
19, 102782.0,0.6230154025510969,0.5161956426489113,1.5293801771063698,-0.6125275437631839,13612.67
7, 102783.0,-1.6052228039978906,-2.4441223088249395,-0.8317460740870789,1.1694571646246668,9460.16
16, 102784.0,-0.5989216784596382,-0.11236501828046822,0.3488170515096455,-0.6125275437631839,15122.96
16, 102785.0,-0.09577111569051194,-0.862582581325211,0.3488170515096455,-0.6125275437631839,9754.94
1, 102786.0,-1.389586848525408,-1.045067934498257,0.3488170515096455,1.1694571646246668,29800.45
6, 102787.0,1.4855592244410276,0.6378525447642746,-0.8317460740870789,-0.6125275437631839,25273.92
19, 102788.0,1.4136805726168666,0.6581286951168355,2.709943302703094,-0.6125275437631839,17580.81
3, 102789.0,0.19174349160613158,0.5364717930014715,2.709943302703094,1.1694571646246668,30510.74
17, 102790.0,0.7667727061994186,-1.775009347190439,-0.8317460740870789,-0.6125275437631839,8724.82
18, 102791.0,0.40737944707861423,0.5161956426489113,0.3488170515096455,1.1694571646246668,34767.74
7, 102792.0,-1.1739508930529252,-1.0247917841456962,-0.8317460740870789,-0.6125275437631839,7896.11
19, 102793.0,1.5574378762651884,0.982547100757805,1.5293801771063698,-0.6125275437631839,36742.89
12, 102794.0,0.8386513580235796,-1.0045156337931354,0.3488170515096455,-0.6125275437631839,9465.5
9, 102795.0,0.47925809890277515,1.4286224085141392,-0.8317460740870789,-0.6125275437631839,17995.17
6, 102796.0,0.8386513580235796,1.6516600623923063,-0.8317460740870789,-0.6125275437631839,9747.17
10, 102797.0,0.6230154025510969,-0.33540267215863534,-0.8317460740870789,-0.6125275437631839,16699.51
6, 102798.0,1.5574378762651884,1.0230994014629269,-0.8317460740870789,-0.6125275437631839,22246.97
11, 102799.0,0.33550079525445337,-0.9842394834405751,0.3488170515096455,1.1694571646246668,16119.54
4, 102800.0,-1.0301935894046035,0.7797855972321988,1.5293801771063698,-0.6125275437631839,17112.44
7, 102801.0,-1.1739508930529252,-2.1602562038890913,-0.8317460740870789,1.1694571646246668,14733.03
4, 102802.0,-0.670800330283799,2.158563821206322,0.3488170515096455,-0.6125275437631839,10797.68
5, 102803.0,1.0542873134960622,-0.15291731898558933,-0.8317460740870789,-0.6125275437631839,29496.86
5, 102804.0,0.9105300098477405,-0.13264116863302913,-0.8317460740870789,-0.6125275437631839,10171.94
10, 102805.0,0.33550079525445337,-0.35567882251119554,-0.8317460740870789,-0.6125275437631839,24160.57
14, 102806.0,-1.5333441521737297,1.6313839120397455,-0.8317460740870789,-0.6125275437631839,4401.67
10, 102807.0,0.19174349160613158,-0.7409256792098478,-0.8317460740870789,-0.6125275437631839,26285.96
6, 102808.0,1.198044617144384,0.7392332965270777,-0.8317460740870789,-0.6125275437631839,29799.23
19, 102809.0,0.47925809890277515,0.19177723700794108,1.5293801771063698,-0.6125275437631839,10112.95
13, 102810.0,-1.1739508930529252,0.3539864398284262,-0.8317460740870789,-0.6125275437631839,12488.06
3, 102811.0,0.6230154025510969,0.07012033489257707,3.8905064282998185,1.1694571646246668,24058.08
5, 102812.0,1.4136805726168666,-1.1870009869661813,-0.8317460740870789,-0.6125275437631839,12520.7
14, 102813.0,-1.0301935894046035,0.860890198642441,-0.8317460740870789,-0.6125275437631839,13582.75
12, 102814.0,1.4855592244410276,-0.05153656722278621,0.3488170515096455,-0.6125275437631839,18410.72
6, 102815.0,1.4136805726168666,0.7392332965270777,-0.8317460740870789,-0.6125275437631839,21680.88
1, 102816.0,-0.8145576339321208,-0.923411032382893,0.3488170515096455,1.1694571646246668,16099.21
7, 102817.0,-1.1739508930529252,-1.6939047457801968,-0.8317460740870789,-0.6125275437631839,6042.23
13, 102818.0,-0.7426789821079599,-0.5584403260368017,-0.8317460740870789,-0.6125275437631839,13446.45
7, 102819.0,-1.4614655003495687,-1.1464486862610601,0.3488170515096455,-0.6125275437631839,9261.76
6, 102820.0,1.3418019207927057,1.246137055341094,-0.8317460740870789,-0.6125275437631839,15487.32
15, 102821.0,0.04798618795780982,0.9217186497001237,0.3488170515096455,-0.6125275437631839,13043.65
13, 102822.0,-1.0301935894046035,0.2323295377130622,-0.8317460740870789,-0.6125275437631839,10860.81
14, 102823.0,-1.4614655003495687,1.3475178071038971,-0.8317460740870789,-0.6125275437631839,17868.01
0, 102824.0,-1.1739508930529252,0.29315798877074417,-0.8317460740870789,2.951441873012518,16706.83
10, 102825.0,-0.16764976751467284,0.009291883834895796,-0.8317460740870789,-0.6125275437631839,32448.17
0, 102826.0,-0.5270430266354773,0.6378525447642746,0.3488170515096455,1.1694571646246668,29229.42
12, 102827.0,0.6948940543752578,0.212053387360502,0.3488170515096455,-0.6125275437631839,11122.9
18, 102828.0,0.33550079525445337,0.6581286951168355,-0.8317460740870789,1.1694571646246668,14873.6
5, 102829.0,1.4136805726168666,-0.862582581325211,-0.8317460740870789,-0.6125275437631839,15364.86
14, 102830.0,-0.7426789821079599,1.3069655063987753,-0.8317460740870789,-0.6125275437631839,10679.31
2, 102831.0,0.47925809890277515,-1.775009347190439,0.3488170515096455,-0.6125275437631839,14945.09
18, 102832.0,0.7667727061994186,0.7595094468796386,-0.8317460740870789,1.1694571646246668,20906.67
0, 102833.0,-1.6771014558220514,0.982547100757805,0.3488170515096455,1.1694571646246668,18344.39
15, 102834.0,0.551136750726936,0.5364717930014715,0.3488170515096455,-0.6125275437631839,12364.72
5, 102835.0,1.4136805726168666,-0.2948503714535135,-0.8317460740870789,-0.6125275437631839,12364.29
0, 102836.0,-1.1020722412287642,0.2526056880656231,0.3488170515096455,1.1694571646246668,7616.03
3, 102837.0,1.4855592244410276,-0.43678342392143843,1.5293801771063698,1.1694571646246668,29448.56
11, 102838.0,0.9824086616719013,-0.37595497286375645,-0.8317460740870789,1.1694571646246668,12284.32
10, 102839.0,-0.38328572298715546,0.2323295377130622,-0.8317460740870789,-0.6125275437631839,20220.2
1, 102840.0,-0.9583149375804426,-1.6939047457801968,2.709943302703094,1.1694571646246668,20156.14
7, 102841.0,-0.8145576339321208,-1.3694863401392265,-0.8317460740870789,-0.6125275437631839,13342.04
18, 102842.0,0.47925809890277515,0.13094878595025908,0.3488170515096455,1.1694571646246668,29635.24
13, 102843.0,-0.5270430266354773,-0.4570595742739986,-0.8317460740870789,-0.6125275437631839,8732.72
8, 102844.0,-1.6771014558220514,-0.4165072735688775,1.5293801771063698,-0.6125275437631839,18116.59
1, 102845.0,-0.23952841933883373,-0.8423064309726509,1.5293801771063698,1.1694571646246668,16645.01
12, 102846.0,1.1261659653202232,-0.2948503714535135,0.3488170515096455,-0.6125275437631839,12445.77
5, 102847.0,1.0542873134960622,-0.5584403260368017,-0.8317460740870789,-0.6125275437631839,13699.6
13, 102848.0,-0.9583149375804426,-0.5787164763893626,-0.8317460740870789,-0.6125275437631839,26600.71
17, 102849.0,-0.23952841933883373,-1.896666249305803,-0.8317460740870789,-0.6125275437631839,32562.92
1, 102850.0,-1.0301935894046035,-0.3151265218060744,1.5293801771063698,1.1694571646246668,19605.1
10, 102851.0,0.6948940543752578,-0.23402192039583222,-0.8317460740870789,-0.6125275437631839,26063.57
7, 102852.0,-1.4614655003495687,-1.3897624904917876,-0.8317460740870789,-0.6125275437631839,9705.02
11, 102853.0,1.6293165280893493,-2.0385993017737274,0.3488170515096455,1.1694571646246668,41085.6
17, 102854.0,-0.5270430266354773,-1.0653440848508173,-0.8317460740870789,-0.6125275437631839,3528.88
10, 102855.0,0.19174349160613158,-0.82203028062009,-0.8317460740870789,-0.6125275437631839,8490.28
1, 102856.0,-0.8864362857562816,0.04984418454001689,1.5293801771063698,2.951441873012518,23614.87
10, 102857.0,-0.38328572298715546,-0.010984266517665113,-0.8317460740870789,-0.6125275437631839,18688.32
18, 102858.0,0.40737944707861423,0.3945387405335473,0.3488170515096455,1.1694571646246668,14809.18
14, 102859.0,-1.5333441521737297,2.3816014750844876,-0.8317460740870789,1.1694571646246668,12876.57
5, 102860.0,1.269923268968545,-0.6192687770944837,-0.8317460740870789,-0.6125275437631839,16074.72
14, 102861.0,-1.1739508930529252,2.888505233898503,-0.8317460740870789,-0.6125275437631839,8405.88
1, 102862.0,-0.9583149375804426,0.1106726355976989,1.5293801771063698,1.1694571646246668,33950.47
0, 102863.0,-0.16764976751467284,-0.03126041687022602,0.3488170515096455,1.1694571646246668,16265.34
11, 102864.0,1.269923268968545,-0.9842394834405751,-0.8317460740870789,1.1694571646246668,33092.45
5, 102865.0,1.5574378762651884,-1.6330762947225148,-0.8317460740870789,-0.6125275437631839,16662.1
7, 102866.0,-1.6052228039978906,-1.0045156337931354,-0.8317460740870789,-0.6125275437631839,9797.28
6, 102867.0,1.5574378762651884,0.7797855972321988,-0.8317460740870789,-0.6125275437631839,27594.38
3, 102868.0,0.8386513580235796,-0.5381641756842416,1.5293801771063698,1.1694571646246668,22884.93
11, 102869.0,-0.16764976751467284,-0.49761187497911974,-0.8317460740870789,1.1694571646246668,13758.74
13, 102870.0,-1.6771014558220514,-0.5178880253316807,-0.8317460740870789,-0.6125275437631839,9060.56
0, 102871.0,-1.6052228039978906,-1.0653440848508173,-0.8317460740870789,1.1694571646246668,17113.78
1, 102872.0,-1.2458295448770862,-0.33540267215863534,0.3488170515096455,1.1694571646246668,17907.07
15, 102873.0,1.4855592244410276,1.3880701078090174,0.3488170515096455,-0.6125275437631839,15633.05
11, 102874.0,1.0542873134960622,-0.47733572462655954,0.3488170515096455,1.1694571646246668,21296.24
16, 102875.0,-0.38328572298715546,-0.17319346933815022,0.3488170515096455,-0.6125275437631839,9281.28
11, 102876.0,0.6230154025510969,-0.21374577004327133,-0.8317460740870789,1.1694571646246668,18970.05
18, 102877.0,0.7667727061994186,1.8341454155653516,-0.8317460740870789,1.1694571646246668,15623.48
10, 102878.0,-0.3114070711629946,-0.3151265218060744,-0.8317460740870789,-0.6125275437631839,14867.91
9, 102879.0,0.04798618795780982,1.327241656751336,-0.8317460740870789,-0.6125275437631839,12663.42
1, 102880.0,-0.3114070711629946,-0.43678342392143843,0.3488170515096455,2.951441873012518,19649.65
13, 102881.0,-0.670800330283799,0.4350910412386684,-0.8317460740870789,-0.6125275437631839,15065.29
16, 102882.0,-0.7426789821079599,-0.49761187497911974,0.3488170515096455,-0.6125275437631839,22565.07
18, 102883.0,0.11986483978197071,0.09039648524513799,-0.8317460740870789,2.951441873012518,37483.32
18, 102884.0,0.04798618795780982,0.4553671915912293,0.3488170515096455,2.951441873012518,36730.98
0, 102885.0,-1.4614655003495687,1.3069655063987753,-0.8317460740870789,1.1694571646246668,26033.02
9, 102886.0,-0.23952841933883373,0.4350910412386684,-0.8317460740870789,-0.6125275437631839,17852.6
13, 102887.0,-1.4614655003495687,-0.5989926267419229,-0.8317460740870789,-0.6125275437631839,8462.79
1, 102888.0,-1.1739508930529252,-0.5178880253316807,1.5293801771063698,1.1694571646246668,20363.52
11, 102889.0,0.33550079525445337,-2.4441223088249395,0.3488170515096455,1.1694571646246668,15033.06
13, 102890.0,-0.9583149375804426,-0.5381641756842416,-0.8317460740870789,-0.6125275437631839,22699.07
13, 102891.0,-0.8145576339321208,-0.33540267215863534,-0.8317460740870789,-0.6125275437631839,9517.23
17, 102892.0,-0.23952841933883373,-1.2478294380238633,0.3488170515096455,-0.6125275437631839,12709.66
13, 102893.0,-0.5270430266354773,-0.010984266517665113,-0.8317460740870789,-0.6125275437631839,11159.02
6, 102894.0,1.1261659653202232,0.8000617475847597,-0.8317460740870789,-0.6125275437631839,10910.53
0, 102895.0,-0.023892463866351063,-0.07181271757534712,0.3488170515096455,1.1694571646246668,16255.53
0, 102896.0,-1.4614655003495687,-0.49761187497911974,-0.8317460740870789,1.1694571646246668,30548.81
2, 102897.0,1.4855592244410276,-1.3694863401392265,0.3488170515096455,-0.6125275437631839,11628.22
10, 102898.0,0.40737944707861423,-0.23402192039583222,-0.8317460740870789,-0.6125275437631839,24091.01
5, 102899.0,1.0542873134960622,-0.25429807074839245,-0.8317460740870789,-0.6125275437631839,24347.91
18, 102900.0,0.6948940543752578,1.2866893560462143,0.3488170515096455,1.1694571646246668,15964.64
6, 102901.0,1.4136805726168666,0.1106726355976989,-0.8317460740870789,-0.6125275437631839,14689.92
10, 102902.0,0.19174349160613158,0.2526056880656231,-0.8317460740870789,-0.6125275437631839,10028.74
11, 102903.0,1.4136805726168666,-0.4165072735688775,-0.8317460740870789,1.1694571646246668,19353.2
17, 102904.0,-0.16764976751467284,-0.9639633330880142,-0.8317460740870789,-0.6125275437631839,27909.31
9, 102905.0,-0.3114070711629946,1.996354618385836,-0.8317460740870789,-0.6125275437631839,23368.59
4, 102906.0,-1.5333441521737297,0.6175763944117144,0.3488170515096455,-0.6125275437631839,33456.01
16, 102907.0,-0.8864362857562816,-1.0247917841456962,0.3488170515096455,-0.6125275437631839,15621.13
7, 102908.0,-1.5333441521737297,-1.5925239940173936,0.3488170515096455,-0.6125275437631839,28209.68
3, 102909.0,-1.2458295448770862,1.5300031602769424,3.8905064282998185,1.1694571646246668,27165.01
6, 102910.0,1.70119517991351,0.6581286951168355,-0.8317460740870789,-0.6125275437631839,19603.02
5, 102911.0,0.7667727061994186,-0.7003733785047259,-0.8317460740870789,-0.6125275437631839,17984.42
14, 102912.0,-0.9583149375804426,0.9014424993475628,-0.8317460740870789,-0.6125275437631839,23251.8
0, 102913.0,-0.8864362857562816,-0.19346961969071041,-0.8317460740870789,1.1694571646246668,12687.19
2, 102914.0,0.9105300098477405,-1.775009347190439,0.3488170515096455,-0.6125275437631839,3598.21
16, 102915.0,-1.6052228039978906,-0.13264116863302913,0.3488170515096455,-0.6125275437631839,12876.32
17, 102916.0,0.7667727061994186,-1.673628595427636,-0.8317460740870789,-0.6125275437631839,14395.13
10, 102917.0,0.6230154025510969,0.07012033489257707,-0.8317460740870789,-0.6125275437631839,26762.75
12, 102918.0,0.9105300098477405,-0.4165072735688775,0.3488170515096455,-0.6125275437631839,29060.12
15, 102919.0,1.0542873134960622,2.2802207233216847,0.3488170515096455,-0.6125275437631839,35788.32
15, 102920.0,1.4855592244410276,1.3069655063987753,0.3488170515096455,-0.6125275437631839,19235.87
0, 102921.0,-0.23952841933883373,0.3337102894758653,-0.8317460740870789,1.1694571646246668,18166.21
14, 102922.0,-0.8145576339321208,2.016630768738397,-0.8317460740870789,-0.6125275437631839,11501.75
13, 102923.0,-0.8145576339321208,0.29315798877074417,-0.8317460740870789,-0.6125275437631839,10818.48
0, 102924.0,-1.5333441521737297,0.1106726355976989,-0.8317460740870789,1.1694571646246668,15428.91
6, 102925.0,1.269923268968545,1.4083462581615784,-0.8317460740870789,-0.6125275437631839,15440.45
13, 102926.0,-0.8145576339321208,-0.33540267215863534,-0.8317460740870789,-0.6125275437631839,13462.03
15, 102927.0,0.11986483978197071,0.6378525447642746,0.3488170515096455,-0.6125275437631839,20086.15
13, 102928.0,-1.0301935894046035,0.19177723700794108,-0.8317460740870789,-0.6125275437631839,22130.42
16, 102929.0,-0.16764976751467284,-0.09208886792790731,0.3488170515096455,-0.6125275437631839,11789.88
16, 102930.0,-0.5989216784596382,0.19177723700794108,0.3488170515096455,-0.6125275437631839,21027.95
3, 102931.0,1.0542873134960622,-1.1870009869661813,2.709943302703094,1.1694571646246668,35697.91
5, 102932.0,0.8386513580235796,-0.25429807074839245,-0.8317460740870789,-0.6125275437631839,11711.61
1, 102933.0,-1.1739508930529252,-1.1870009869661813,0.3488170515096455,1.1694571646246668,13444.2
17, 102934.0,0.551136750726936,-1.1464486862610601,-0.8317460740870789,-0.6125275437631839,14278.99
6, 102935.0,1.3418019207927057,1.7327646638025485,-0.8317460740870789,-0.6125275437631839,23477.08
18, 102936.0,1.1261659653202232,0.8406140482898815,0.3488170515096455,2.951441873012518,25256.2
12, 102937.0,0.40737944707861423,-0.882858731677772,0.3488170515096455,-0.6125275437631839,14406.89
0, 102938.0,-1.5333441521737297,-0.11236501828046822,0.3488170515096455,1.1694571646246668,13288.62
3, 102939.0,-0.9583149375804426,-0.15291731898558933,2.709943302703094,1.1694571646246668,20356.36
13, 102940.0,-1.2458295448770862,0.29315798877074417,-0.8317460740870789,-0.6125275437631839,12287.93
5, 102941.0,1.3418019207927057,-0.3962311232163166,-0.8317460740870789,-0.6125275437631839,13514.82
16, 102942.0,-0.8864362857562816,0.2323295377130622,0.3488170515096455,-0.6125275437631839,33667.56
5, 102943.0,1.3418019207927057,0.04984418454001689,-0.8317460740870789,-0.6125275437631839,10752.62
17, 102944.0,0.33550079525445337,-0.9639633330880142,-0.8317460740870789,-0.6125275437631839,13564.25
16, 102945.0,-1.1739508930529252,-0.21374577004327133,0.3488170515096455,-0.6125275437631839,11370.79
7, 102946.0,-1.6052228039978906,-1.1870009869661813,-0.8317460740870789,-0.6125275437631839,3808.61
15, 102947.0,0.2636221434302925,1.3677939574564566,0.3488170515096455,-0.6125275437631839,21553.85
9, 102948.0,-0.023892463866351063,0.8000617475847597,-0.8317460740870789,-0.6125275437631839,7403.7
12, 102949.0,1.3418019207927057,-0.47733572462655954,0.3488170515096455,-0.6125275437631839,16587.46
11, 102950.0,0.2636221434302925,-0.03126041687022602,-0.8317460740870789,1.1694571646246668,26025.75
8, 102951.0,-0.5270430266354773,-0.47733572462655954,1.5293801771063698,-0.6125275437631839,19329.55
8, 102952.0,-1.6052228039978906,-1.5519716933122727,1.5293801771063698,-0.6125275437631839,10433.3
17, 102953.0,-0.09577111569051194,-1.1058963855559383,-0.8317460740870789,-0.6125275437631839,12821.18
5, 102954.0,1.4136805726168666,-1.1870009869661813,-0.8317460740870789,-0.6125275437631839,18173.42
11, 102955.0,-0.23952841933883373,-1.2072771373187414,-0.8317460740870789,1.1694571646246668,22353.33
19, 102956.0,0.19174349160613158,0.6986809958219566,1.5293801771063698,-0.6125275437631839,25564.23
5, 102957.0,1.0542873134960622,0.009291883834895796,-0.8317460740870789,-0.6125275437631839,9170.38
0, 102958.0,-1.1020722412287642,-0.6800972281521658,-0.8317460740870789,2.951441873012518,15292.13
0, 102959.0,-0.8864362857562816,0.1106726355976989,-0.8317460740870789,1.1694571646246668,16991.95
9, 102960.0,0.04798618795780982,0.8203378979373206,-0.8317460740870789,-0.6125275437631839,13915.04
7, 102961.0,-1.0301935894046035,-2.4441223088249395,-0.8317460740870789,1.1694571646246668,14123.28
18, 102962.0,-0.23952841933883373,1.246137055341094,0.3488170515096455,1.1694571646246668,15641.85
18, 102963.0,1.198044617144384,1.2664132056936535,0.3488170515096455,1.1694571646246668,17565.0
18, 102964.0,0.9824086616719013,1.4894508595718206,0.3488170515096455,1.1694571646246668,25394.94
0, 102965.0,-0.8145576339321208,-1.1464486862610601,-0.8317460740870789,1.1694571646246668,12797.9
11, 102966.0,1.1261659653202232,-0.6192687770944837,0.3488170515096455,1.1694571646246668,14879.3
0, 102967.0,-0.9583149375804426,0.2526056880656231,0.3488170515096455,1.1694571646246668,11652.39
0, 102968.0,-0.09577111569051194,0.3742625901809864,0.3488170515096455,1.1694571646246668,31585.03
12, 102969.0,1.0542873134960622,-0.23402192039583222,0.3488170515096455,-0.6125275437631839,14368.09
11, 102970.0,0.19174349160613158,-0.8017541302675291,-0.8317460740870789,2.951441873012518,17276.03
9, 102971.0,-0.023892463866351063,0.6784048454693957,-0.8317460740870789,-0.6125275437631839,12178.53
16, 102972.0,-1.2458295448770862,0.04984418454001689,0.3488170515096455,-0.6125275437631839,8893.59
11, 102973.0,0.40737944707861423,-0.33540267215863534,0.3488170515096455,1.1694571646246668,16599.82
3, 102974.0,0.47925809890277515,-0.05153656722278621,1.5293801771063698,1.1694571646246668,34078.99
11, 102975.0,0.7667727061994186,-0.7206495288572868,-0.8317460740870789,1.1694571646246668,25917.09
6, 102976.0,1.3418019207927057,0.3742625901809864,-0.8317460740870789,-0.6125275437631839,20165.68
17, 102977.0,-0.38328572298715546,-1.81556164789556,-0.8317460740870789,-0.6125275437631839,11570.42
11, 102978.0,0.7667727061994186,-1.7547331968378788,-0.8317460740870789,1.1694571646246668,19879.83
6, 102979.0,0.551136750726936,0.8000617475847597,-0.8317460740870789,-0.6125275437631839,12830.36
6, 102980.0,1.0542873134960622,0.6986809958219566,-0.8317460740870789,-0.6125275437631839,33593.97
10, 102981.0,0.11986483978197071,0.4553671915912293,-0.8317460740870789,-0.6125275437631839,25268.38
16, 102982.0,-1.4614655003495687,0.3337102894758653,0.3488170515096455,-0.6125275437631839,8945.09
10, 102983.0,-0.4551643748113164,-0.43678342392143843,-0.8317460740870789,-0.6125275437631839,32003.38
13, 102984.0,-1.389586848525408,-0.5787164763893626,-0.8317460740870789,-0.6125275437631839,8445.86
11, 102985.0,0.19174349160613158,-0.6395449274470446,-0.8317460740870789,1.1694571646246668,14733.54
1, 102986.0,-1.1020722412287642,-1.957494700363485,0.3488170515096455,1.1694571646246668,19753.48
0, 102987.0,-1.0301935894046035,0.9419948000526847,-0.8317460740870789,1.1694571646246668,35463.54
16, 102988.0,-0.3114070711629946,0.4756433419437895,0.3488170515096455,-0.6125275437631839,25632.37
17, 102989.0,0.11986483978197071,-1.3086578890815446,0.3488170515096455,-0.6125275437631839,30463.26
9, 102990.0,-0.5989216784596382,0.6175763944117144,-0.8317460740870789,-0.6125275437631839,22692.35
15, 102991.0,0.8386513580235796,2.5438106779049736,1.5293801771063698,-0.6125275437631839,26590.62
0, 102992.0,-1.0301935894046035,1.0636517021680472,0.3488170515096455,1.1694571646246668,31013.13
12, 102993.0,1.5574378762651884,0.2323295377130622,0.3488170515096455,-0.6125275437631839,16377.01
5, 102994.0,1.0542873134960622,-0.4570595742739986,-0.8317460740870789,-0.6125275437631839,8697.75
5, 102995.0,1.70119517991351,-0.6598210777996049,-0.8317460740870789,-0.6125275437631839,31610.66
15, 102996.0,1.3418019207927057,0.8203378979373206,0.3488170515096455,-0.6125275437631839,17278.26
6, 102997.0,1.4136805726168666,0.3337102894758653,-0.8317460740870789,-0.6125275437631839,17533.56
13, 102998.0,-1.4614655003495687,-0.35567882251119554,-0.8317460740870789,-0.6125275437631839,26589.39
4, 102999.0,-0.670800330283799,1.3880701078090174,0.3488170515096455,-0.6125275437631839,16856.34
18, 103000.0,0.11986483978197071,0.2728818384181833,-0.8317460740870789,1.1694571646246668,12242.5
3, 103001.0,-1.317708196701247,-0.03126041687022602,2.709943302703094,2.951441873012518,24255.04
14, 103002.0,-1.1739508930529252,1.3880701078090174,-0.8317460740870789,-0.6125275437631839,13823.7
2, 103003.0,0.04798618795780982,-2.099427752831409,1.5293801771063698,-0.6125275437631839,17258.19
8, 103004.0,-1.6052228039978906,-1.1667248366136203,1.5293801771063698,-0.6125275437631839,15663.4
15, 103005.0,0.9105300098477405,1.2866893560462143,0.3488170515096455,-0.6125275437631839,23563.31
16, 103006.0,-1.6052228039978906,-0.5381641756842416,0.3488170515096455,-0.6125275437631839,9604.88
10, 103007.0,-0.023892463866351063,-0.5381641756842416,-0.8317460740870789,-0.6125275437631839,8379.85
11, 103008.0,0.8386513580235796,-1.2478294380238633,0.3488170515096455,1.1694571646246668,18460.53
13, 103009.0,-0.5270430266354773,-0.2948503714535135,-0.8317460740870789,-0.6125275437631839,4196.89
8, 103010.0,-0.8145576339321208,-1.1058963855559383,1.5293801771063698,-0.6125275437631839,24517.26
13, 103011.0,-1.6771014558220514,-0.03126041687022602,-0.8317460740870789,-0.6125275437631839,6581.13
7, 103012.0,-0.5989216784596382,-1.6533524450750756,0.3488170515096455,-0.6125275437631839,9696.14
13, 103013.0,-0.8145576339321208,0.09039648524513799,-0.8317460740870789,-0.6125275437631839,26685.88
18, 103014.0,1.70119517991351,0.4756433419437895,-0.8317460740870789,1.1694571646246668,27978.65
11, 103015.0,0.9105300098477405,-1.3492101897866664,0.3488170515096455,1.1694571646246668,16127.8
6, 103016.0,1.70119517991351,1.12448015322573,-0.8317460740870789,-0.6125275437631839,9231.85
6, 103017.0,0.551136750726936,0.6581286951168355,-0.8317460740870789,-0.6125275437631839,18816.1
13, 103018.0,-0.9583149375804426,-0.03126041687022602,-0.8317460740870789,-0.6125275437631839,10498.07
16, 103019.0,-0.023892463866351063,-0.13264116863302913,0.3488170515096455,-0.6125275437631839,14328.04
14, 103020.0,-1.4614655003495687,1.3475178071038971,-0.8317460740870789,-0.6125275437631839,10739.69
7, 103021.0,-1.5333441521737297,-1.1261725359084993,0.3488170515096455,-0.6125275437631839,27449.23
14, 103022.0,-1.5333441521737297,1.1853086042834111,-0.8317460740870789,-0.6125275437631839,30293.69
16, 103023.0,-0.23952841933883373,-0.3151265218060744,0.3488170515096455,-0.6125275437631839,14181.96
14, 103024.0,-1.1020722412287642,2.1788399715588813,-0.8317460740870789,-0.6125275437631839,6778.79
17, 103025.0,0.11986483978197071,-0.9639633330880142,-0.8317460740870789,-0.6125275437631839,9802.54
3, 103026.0,0.11986483978197071,0.4350910412386684,2.709943302703094,1.1694571646246668,22812.61
18, 103027.0,1.70119517991351,0.7595094468796386,0.3488170515096455,2.951441873012518,38609.99
16, 103028.0,-1.0301935894046035,0.212053387360502,0.3488170515096455,-0.6125275437631839,7560.29
13, 103029.0,-1.5333441521737297,0.3945387405335473,-0.8317460740870789,-0.6125275437631839,21106.55
17, 103030.0,-0.023892463866351063,-1.3897624904917876,-0.8317460740870789,-0.6125275437631839,10897.04
16, 103031.0,-0.4551643748113164,-1.045067934498257,0.3488170515096455,-0.6125275437631839,31261.99
0, 103032.0,-0.5989216784596382,0.4959194922963504,-0.8317460740870789,1.1694571646246668,13151.88
6, 103033.0,0.9824086616719013,0.3539864398284262,-0.8317460740870789,-0.6125275437631839,13881.93
16, 103034.0,-0.5989216784596382,-0.47733572462655954,0.3488170515096455,-0.6125275437631839,8993.91
1, 103035.0,-0.670800330283799,-0.05153656722278621,0.3488170515096455,2.951441873012518,15167.97
3, 103036.0,-0.8864362857562816,-0.25429807074839245,2.709943302703094,1.1694571646246668,17174.51
14, 103037.0,-1.1739508930529252,0.7189571461745176,-0.8317460740870789,-0.6125275437631839,27813.57
5, 103038.0,1.1261659653202232,-0.11236501828046822,-0.8317460740870789,-0.6125275437631839,29851.92
3, 103039.0,1.70119517991351,-0.5381641756842416,1.5293801771063698,1.1694571646246668,32907.19
10, 103040.0,-0.023892463866351063,-0.47733572462655954,-0.8317460740870789,-0.6125275437631839,11353.13
1, 103041.0,-0.4551643748113164,-0.923411032382893,0.3488170515096455,1.1694571646246668,15209.93
17, 103042.0,-0.16764976751467284,-1.1058963855559383,-0.8317460740870789,-0.6125275437631839,31259.6
12, 103043.0,0.8386513580235796,-0.15291731898558933,0.3488170515096455,-0.6125275437631839,30551.23
16, 103044.0,-0.8145576339321208,-0.9436871827354539,0.3488170515096455,-0.6125275437631839,11694.98
5, 103045.0,1.3418019207927057,-0.7409256792098478,-0.8317460740870789,-0.6125275437631839,25307.91
3, 103046.0,0.6230154025510969,0.6378525447642746,1.5293801771063698,1.1694571646246668,24157.81
15, 103047.0,0.9105300098477405,1.5097270099243814,0.3488170515096455,-0.6125275437631839,17800.89
16, 103048.0,-0.4551643748113164,0.5973002440591535,0.3488170515096455,-0.6125275437631839,18812.5
1, 103049.0,-1.6771014558220514,-1.5722478436648328,1.5293801771063698,1.1694571646246668,13197.01
7, 103050.0,-1.389586848525408,-1.1058963855559383,0.3488170515096455,-0.6125275437631839,17314.42
0, 103051.0,-0.670800330283799,0.2728818384181833,-0.8317460740870789,1.1694571646246668,18680.63
10, 103052.0,0.551136750726936,-0.5787164763893626,-0.8317460740870789,-0.6125275437631839,15082.68
11, 103053.0,0.19174349160613158,-0.7409256792098478,-0.8317460740870789,1.1694571646246668,15854.49
13, 103054.0,-0.670800330283799,-0.13264116863302913,-0.8317460740870789,-0.6125275437631839,7290.47
13, 103055.0,-1.6771014558220514,-0.11236501828046822,-0.8317460740870789,-0.6125275437631839,5003.04
17, 103056.0,0.40737944707861423,-1.2681055883764234,-0.8317460740870789,-0.6125275437631839,7208.32
0, 103057.0,-0.5270430266354773,1.104204002873169,-0.8317460740870789,1.1694571646246668,14570.41
0, 103058.0,-1.5333441521737297,0.4959194922963504,-0.8317460740870789,1.1694571646246668,18719.42
0, 103059.0,-0.23952841933883373,0.9217186497001237,-0.8317460740870789,1.1694571646246668,31586.37
17, 103060.0,-0.4551643748113164,-1.4911432422545905,-0.8317460740870789,-0.6125275437631839,17630.63
11, 103061.0,-0.3114070711629946,-1.7547331968378788,-0.8317460740870789,1.1694571646246668,15726.19
2, 103062.0,0.7667727061994186,-1.4911432422545905,1.5293801771063698,-0.6125275437631839,29644.4
12, 103063.0,0.551136750726936,-0.13264116863302913,0.3488170515096455,-0.6125275437631839,28045.52
12, 103064.0,0.40737944707861423,-0.923411032382893,0.3488170515096455,-0.6125275437631839,14216.75
3, 103065.0,0.9824086616719013,-1.4708670919020297,5.071069553896543,1.1694571646246668,31474.91
17, 103066.0,0.33550079525445337,-1.9169423996583632,-0.8317460740870789,-0.6125275437631839,33500.97
5, 103067.0,0.551136750726936,-0.7612018295624079,-0.8317460740870789,-0.6125275437631839,11105.68
16, 103068.0,-1.317708196701247,-0.6192687770944837,0.3488170515096455,-0.6125275437631839,10827.88
4, 103069.0,-0.8864362857562816,1.3677939574564566,1.5293801771063698,-0.6125275437631839,17360.92
14, 103070.0,-1.5333441521737297,1.2866893560462143,-0.8317460740870789,-0.6125275437631839,29778.25
3, 103071.0,0.47925809890277515,-1.045067934498257,1.5293801771063698,1.1694571646246668,35712.22
9, 103072.0,-0.4551643748113164,1.4083462581615784,-0.8317460740870789,-0.6125275437631839,10301.73
10, 103073.0,-0.09577111569051194,-0.862582581325211,-0.8317460740870789,-0.6125275437631839,6730.63
13, 103074.0,-1.1739508930529252,-0.6800972281521658,-0.8317460740870789,-0.6125275437631839,10466.34
13, 103075.0,-1.1739508930529252,0.3539864398284262,-0.8317460740870789,-0.6125275437631839,12015.86
12, 103076.0,0.9824086616719013,-0.882858731677772,0.3488170515096455,-0.6125275437631839,16359.38
15, 103077.0,1.1261659653202232,0.5973002440591535,0.3488170515096455,-0.6125275437631839,24596.2
0, 103078.0,-0.8145576339321208,-0.13264116863302913,0.3488170515096455,1.1694571646246668,32639.56
6, 103079.0,0.9824086616719013,0.4756433419437895,-0.8317460740870789,-0.6125275437631839,32262.3
3, 103080.0,-0.09577111569051194,0.7189571461745176,3.8905064282998185,1.1694571646246668,20497.9
18, 103081.0,-0.16764976751467284,1.2866893560462143,-0.8317460740870789,1.1694571646246668,18399.12
5, 103082.0,0.9105300098477405,-0.37595497286375645,-0.8317460740870789,-0.6125275437631839,13125.62
0, 103083.0,-1.2458295448770862,-0.7003733785047259,-0.8317460740870789,1.1694571646246668,29985.91
11, 103084.0,1.70119517991351,-0.15291731898558933,0.3488170515096455,1.1694571646246668,22029.51
5, 103085.0,1.198044617144384,-0.9639633330880142,-0.8317460740870789,-0.6125275437631839,28582.61
16, 103086.0,-0.09577111569051194,0.009291883834895796,0.3488170515096455,-0.6125275437631839,13770.73
5, 103087.0,1.1261659653202232,-0.7206495288572868,-0.8317460740870789,-0.6125275437631839,13086.76
17, 103088.0,-0.38328572298715546,-1.9777708507160452,-0.8317460740870789,-0.6125275437631839,13523.5
5, 103089.0,0.8386513580235796,-0.33540267215863534,-0.8317460740870789,-0.6125275437631839,8061.51
16, 103090.0,-0.23952841933883373,-0.09208886792790731,0.3488170515096455,-0.6125275437631839,12342.95
1, 103091.0,-0.9583149375804426,-0.05153656722278621,0.3488170515096455,2.951441873012518,19993.34
3, 103092.0,0.6230154025510969,-0.7003733785047259,3.8905064282998185,1.1694571646246668,43137.69
18, 103093.0,0.9105300098477405,0.6784048454693957,-0.8317460740870789,1.1694571646246668,33463.91
5, 103094.0,1.198044617144384,-1.1870009869661813,-0.8317460740870789,-0.6125275437631839,22798.73
9, 103095.0,-0.09577111569051194,0.8406140482898815,-0.8317460740870789,-0.6125275437631839,13488.96
10, 103096.0,0.19174349160613158,0.15122493630282,-0.8317460740870789,-0.6125275437631839,13593.1
5, 103097.0,1.1261659653202232,-0.4570595742739986,-0.8317460740870789,-0.6125275437631839,12593.13
4, 103098.0,-1.1020722412287642,1.0230994014629269,1.5293801771063698,-0.6125275437631839,16530.06
16, 103099.0,-1.5333441521737297,0.3742625901809864,0.3488170515096455,-0.6125275437631839,9861.49
0, 103100.0,-1.2458295448770862,0.4756433419437895,-0.8317460740870789,1.1694571646246668,21435.58
0, 103101.0,-1.389586848525408,0.19177723700794108,0.3488170515096455,1.1694571646246668,19376.33
5, 103102.0,1.3418019207927057,-0.15291731898558933,-0.8317460740870789,-0.6125275437631839,12293.19
3, 103103.0,0.551136750726936,0.6986809958219566,2.709943302703094,1.1694571646246668,26201.52
4, 103104.0,-1.6052228039978906,0.5770240937065926,0.3488170515096455,-0.6125275437631839,14098.26
12, 103105.0,0.6948940543752578,0.2728818384181833,0.3488170515096455,-0.6125275437631839,9856.46
0, 103106.0,-1.0301935894046035,1.0230994014629269,-0.8317460740870789,1.1694571646246668,19364.78
1, 103107.0,-0.3114070711629946,-0.9031348820303321,1.5293801771063698,1.1694571646246668,31713.23
13, 103108.0,-1.0301935894046035,-0.2948503714535135,-0.8317460740870789,-0.6125275437631839,8404.24
16, 103109.0,-0.670800330283799,0.212053387360502,0.3488170515096455,-0.6125275437631839,8537.67
7, 103110.0,-0.7426789821079599,-1.957494700363485,-0.8317460740870789,-0.6125275437631839,10774.81
10, 103111.0,-0.09577111569051194,0.07012033489257707,-0.8317460740870789,-0.6125275437631839,10291.98
16, 103112.0,-1.0301935894046035,0.3337102894758653,0.3488170515096455,-0.6125275437631839,14450.24
16, 103113.0,-0.8145576339321208,-0.6395449274470446,0.3488170515096455,-0.6125275437631839,17068.69
5, 103114.0,1.5574378762651884,-1.1870009869661813,-0.8317460740870789,-0.6125275437631839,8465.53
17, 103115.0,0.11986483978197071,-1.3897624904917876,-0.8317460740870789,-0.6125275437631839,25176.02
18, 103116.0,0.47925809890277515,1.225860904988533,0.3488170515096455,2.951441873012518,24071.45
14, 103117.0,-0.670800330283799,1.3880701078090174,-0.8317460740870789,-0.6125275437631839,17462.44
3, 103118.0,0.47925809890277515,-0.6800972281521658,2.709943302703094,1.1694571646246668,26869.22
14, 103119.0,-0.8145576339321208,2.3410491743793673,-0.8317460740870789,-0.6125275437631839,14288.14
11, 103120.0,1.4855592244410276,-0.6598210777996049,-0.8317460740870789,1.1694571646246668,22627.63
3, 103121.0,1.5574378762651884,-0.9842394834405751,3.8905064282998185,1.1694571646246668,31739.9
11, 103122.0,0.6948940543752578,-1.1870009869661813,-0.8317460740870789,1.1694571646246668,15693.94
16, 103123.0,-1.5333441521737297,-0.82203028062009,0.3488170515096455,-0.6125275437631839,9543.69
11, 103124.0,0.6230154025510969,-0.35567882251119554,0.3488170515096455,2.951441873012518,33783.7
4, 103125.0,0.11986483978197071,2.138287670853761,1.5293801771063698,-0.6125275437631839,16723.09
14, 103126.0,-1.6052228039978906,0.6986809958219566,-0.8317460740870789,-0.6125275437631839,12718.32
0, 103127.0,-0.8864362857562816,2.0774592197960784,0.3488170515096455,4.733426581400368,28873.19
6, 103128.0,1.269923268968545,0.7595094468796386,-0.8317460740870789,-0.6125275437631839,13632.07
12, 103129.0,0.47925809890277515,0.07012033489257707,0.3488170515096455,-0.6125275437631839,19110.71
9, 103130.0,0.2636221434302925,1.3880701078090174,-0.8317460740870789,-0.6125275437631839,16153.98
19, 103131.0,0.6948940543752578,1.1853086042834111,1.5293801771063698,-0.6125275437631839,15340.52
10, 103132.0,0.2636221434302925,0.2526056880656231,-0.8317460740870789,-0.6125275437631839,17437.7
0, 103133.0,-0.9583149375804426,0.15122493630282,0.3488170515096455,1.1694571646246668,14002.42
5, 103134.0,1.198044617144384,-0.8017541302675291,-0.8317460740870789,-0.6125275437631839,9746.01
15, 103135.0,1.4855592244410276,0.860890198642441,0.3488170515096455,-0.6125275437631839,12617.88
15, 103136.0,1.4136805726168666,0.9622709504052441,0.3488170515096455,-0.6125275437631839,16807.94
18, 103137.0,0.8386513580235796,1.7935931148602298,0.3488170515096455,2.951441873012518,22531.21
3, 103138.0,-1.1739508930529252,1.0433755518154877,1.5293801771063698,1.1694571646246668,18253.22
12, 103139.0,0.6948940543752578,0.3539864398284262,0.3488170515096455,-0.6125275437631839,16157.99
9, 103140.0,0.40737944707861423,0.7595094468796386,-0.8317460740870789,-0.6125275437631839,13704.36
4, 103141.0,-0.7426789821079599,1.3475178071038971,0.3488170515096455,-0.6125275437631839,9435.53
13, 103142.0,-0.5270430266354773,-0.21374577004327133,-0.8317460740870789,-0.6125275437631839,5782.03
16, 103143.0,-1.6052228039978906,-0.23402192039583222,0.3488170515096455,-0.6125275437631839,33008.57
5, 103144.0,0.8386513580235796,-0.43678342392143843,-0.8317460740870789,-0.6125275437631839,14853.72
3, 103145.0,-1.6771014558220514,1.104204002873169,2.709943302703094,1.1694571646246668,22464.03
5, 103146.0,0.8386513580235796,-0.35567882251119554,-0.8317460740870789,-0.6125275437631839,12580.35
4, 103147.0,-0.4551643748113164,0.7595094468796386,0.3488170515096455,-0.6125275437631839,14936.17
3, 103148.0,-0.670800330283799,-0.6395449274470446,2.709943302703094,1.1694571646246668,31055.74
11, 103149.0,-0.023892463866351063,-0.33540267215863534,0.3488170515096455,1.1694571646246668,21270.41
13, 103150.0,-1.1739508930529252,-0.7003733785047259,-0.8317460740870789,-0.6125275437631839,9926.67
7, 103151.0,-1.1020722412287642,-1.3086578890815446,-0.8317460740870789,1.1694571646246668,14034.17
3, 103152.0,0.7667727061994186,1.9760784680332752,1.5293801771063698,1.1694571646246668,29147.36
11, 103153.0,0.47925809890277515,-1.2478294380238633,-0.8317460740870789,1.1694571646246668,14231.3
0, 103154.0,-0.38328572298715546,0.4553671915912293,0.3488170515096455,1.1694571646246668,9790.48
17, 103155.0,0.04798618795780982,-1.1464486862610601,-0.8317460740870789,-0.6125275437631839,19830.4
1, 103156.0,-0.5989216784596382,-0.49761187497911974,1.5293801771063698,1.1694571646246668,19183.26
4, 103157.0,-0.670800330283799,1.2866893560462143,0.3488170515096455,-0.6125275437631839,13713.79
9, 103158.0,-0.5989216784596382,0.9622709504052441,-0.8317460740870789,-0.6125275437631839,25309.63
4, 103159.0,-0.8145576339321208,0.9419948000526847,0.3488170515096455,-0.6125275437631839,8416.17
5, 103160.0,0.9105300098477405,-1.2681055883764234,-0.8317460740870789,-0.6125275437631839,14862.67
5, 103161.0,1.3418019207927057,-1.4505909415494695,-0.8317460740870789,-0.6125275437631839,14970.35
15, 103162.0,0.9105300098477405,1.9558023176807158,1.5293801771063698,-0.6125275437631839,21648.27
2, 103163.0,1.269923268968545,-1.998047001068606,2.709943302703094,-0.6125275437631839,21137.52
19, 103164.0,1.6293165280893493,-0.33540267215863534,2.709943302703094,-0.6125275437631839,25194.48
0, 103165.0,-0.3114070711629946,0.13094878595025908,-0.8317460740870789,1.1694571646246668,16137.8
13, 103166.0,-1.317708196701247,-0.09208886792790731,-0.8317460740870789,-0.6125275437631839,16671.43
0, 103167.0,-1.0301935894046035,0.7595094468796386,-0.8317460740870789,1.1694571646246668,8990.4
2, 103168.0,0.40737944707861423,-0.923411032382893,1.5293801771063698,-0.6125275437631839,19033.56
8, 103169.0,-0.9583149375804426,0.19177723700794108,2.709943302703094,-0.6125275437631839,17099.09
7, 103170.0,-1.2458295448770862,-1.4911432422545905,-0.8317460740870789,-0.6125275437631839,8340.21
5, 103171.0,0.7667727061994186,-0.43678342392143843,-0.8317460740870789,-0.6125275437631839,12971.06
15, 103172.0,0.19174349160613158,0.8000617475847597,0.3488170515096455,-0.6125275437631839,13694.91
5, 103173.0,1.4136805726168666,-0.03126041687022602,-0.8317460740870789,-0.6125275437631839,10786.66
12, 103174.0,0.33550079525445337,-0.15291731898558933,0.3488170515096455,-0.6125275437631839,13678.68
10, 103175.0,0.04798618795780982,-0.21374577004327133,-0.8317460740870789,-0.6125275437631839,19301.51
0, 103176.0,-0.3114070711629946,0.7595094468796386,-0.8317460740870789,1.1694571646246668,15850.2
0, 103177.0,-1.4614655003495687,0.029568034187455985,0.3488170515096455,1.1694571646246668,13928.72
9, 103178.0,-0.5989216784596382,1.0839278525206082,-0.8317460740870789,-0.6125275437631839,15851.5
14, 103179.0,-0.670800330283799,0.8811663489950019,-0.8317460740870789,-0.6125275437631839,9470.64
0, 103180.0,-0.9583149375804426,0.4756433419437895,-0.8317460740870789,1.1694571646246668,9966.62
3, 103181.0,-0.3114070711629946,-0.13264116863302913,1.5293801771063698,1.1694571646246668,14791.04
15, 103182.0,0.7667727061994186,0.6175763944117144,0.3488170515096455,-0.6125275437631839,12275.97
2, 103183.0,1.269923268968545,-1.5114193926071509,0.3488170515096455,-0.6125275437631839,15183.95
14, 103184.0,-0.8145576339321208,0.8203378979373206,-0.8317460740870789,-0.6125275437631839,16511.98
18, 103185.0,1.70119517991351,0.8203378979373206,0.3488170515096455,1.1694571646246668,22189.42
5, 103186.0,1.3418019207927057,-0.82203028062009,-0.8317460740870789,-0.6125275437631839,31246.24
8, 103187.0,-0.5989216784596382,-1.2883817387289844,1.5293801771063698,-0.6125275437631839,16664.55
6, 103188.0,1.3418019207927057,0.5364717930014715,-0.8317460740870789,-0.6125275437631839,13451.2
15, 103189.0,0.9824086616719013,1.773316964507669,0.3488170515096455,-0.6125275437631839,15822.43
16, 103190.0,-0.23952841933883373,0.1106726355976989,0.3488170515096455,-0.6125275437631839,9741.47
6, 103191.0,1.4136805726168666,0.2526056880656231,-0.8317460740870789,-0.6125275437631839,9625.79
16, 103192.0,0.04798618795780982,0.2323295377130622,0.3488170515096455,-0.6125275437631839,14480.53
5, 103193.0,0.9824086616719013,-0.6800972281521658,-0.8317460740870789,-0.6125275437631839,9846.76
5, 103194.0,0.9105300098477405,-0.2745742211009533,-0.8317460740870789,-0.6125275437631839,15220.54
3, 103195.0,-0.09577111569051194,1.5300031602769424,1.5293801771063698,1.1694571646246668,28114.87
18, 103196.0,0.6230154025510969,1.3677939574564566,-0.8317460740870789,1.1694571646246668,35504.33
14, 103197.0,-0.7426789821079599,0.7595094468796386,-0.8317460740870789,-0.6125275437631839,5488.79
1, 103198.0,-1.2458295448770862,-0.7206495288572868,0.3488170515096455,1.1694571646246668,13065.05
5, 103199.0,0.8386513580235796,-0.862582581325211,-0.8317460740870789,-0.6125275437631839,7497.43
11, 103200.0,0.33550079525445337,-0.19346961969071041,0.3488170515096455,1.1694571646246668,16774.48
16, 103201.0,-0.023892463866351063,-0.11236501828046822,0.3488170515096455,-0.6125275437631839,14587.78
5, 103202.0,1.6293165280893493,-1.4100386408443477,-0.8317460740870789,-0.6125275437631839,13201.31
17, 103203.0,0.6948940543752578,-1.4505909415494695,-0.8317460740870789,-0.6125275437631839,11082.64
3, 103204.0,1.4855592244410276,-0.37595497286375645,1.5293801771063698,1.1694571646246668,21496.57
11, 103205.0,1.5574378762651884,-0.21374577004327133,0.3488170515096455,1.1694571646246668,20959.56
10, 103206.0,-0.3114070711629946,-0.5381641756842416,-0.8317460740870789,-0.6125275437631839,14060.66
17, 103207.0,-0.23952841933883373,-0.9639633330880142,-0.8317460740870789,-0.6125275437631839,7077.01
6, 103208.0,1.0542873134960622,0.13094878595025908,-0.8317460740870789,-0.6125275437631839,35491.98
18, 103209.0,1.4855592244410276,0.4553671915912293,-0.8317460740870789,1.1694571646246668,21213.98
15, 103210.0,1.269923268968545,1.246137055341094,0.3488170515096455,-0.6125275437631839,13728.15
9, 103211.0,0.40737944707861423,0.5567479433540324,-0.8317460740870789,-0.6125275437631839,17156.47
11, 103212.0,-0.5270430266354773,-1.5316955429597117,-0.8317460740870789,1.1694571646246668,15398.36
0, 103213.0,-0.4551643748113164,0.9622709504052441,0.3488170515096455,4.733426581400368,24710.11
6, 103214.0,1.1261659653202232,0.4756433419437895,-0.8317460740870789,-0.6125275437631839,16711.56
5, 103215.0,1.0542873134960622,-0.5178880253316807,-0.8317460740870789,-0.6125275437631839,18087.62
12, 103216.0,1.6293165280893493,-0.6192687770944837,0.3488170515096455,-0.6125275437631839,29663.87
17, 103217.0,-0.38328572298715546,-1.714180896132757,-0.8317460740870789,-0.6125275437631839,8667.27
8, 103218.0,-0.670800330283799,-0.2745742211009533,1.5293801771063698,-0.6125275437631839,17799.1
0, 103219.0,-0.7426789821079599,-0.4570595742739986,-0.8317460740870789,1.1694571646246668,13442.4
10, 103220.0,0.6230154025510969,-0.2745742211009533,-0.8317460740870789,-0.6125275437631839,7898.08
16, 103221.0,-1.5333441521737297,-0.17319346933815022,0.3488170515096455,-0.6125275437631839,17970.93
12, 103222.0,1.269923268968545,-0.7206495288572868,0.3488170515096455,-0.6125275437631839,15230.72
3, 103223.0,-0.09577111569051194,0.6581286951168355,2.709943302703094,2.951441873012518,20042.91
2, 103224.0,0.7667727061994186,-1.2275532876713025,1.5293801771063698,-0.6125275437631839,30859.95
17, 103225.0,-0.5270430266354773,-2.4441223088249395,-0.8317460740870789,-0.6125275437631839,7011.83
9, 103226.0,0.19174349160613158,1.0230994014629269,-0.8317460740870789,-0.6125275437631839,9117.44
11, 103227.0,0.9824086616719013,-0.37595497286375645,0.3488170515096455,1.1694571646246668,24055.99
5, 103228.0,1.269923268968545,-0.5584403260368017,-0.8317460740870789,-0.6125275437631839,10584.3
13, 103229.0,-1.5333441521737297,-0.25429807074839245,-0.8317460740870789,-0.6125275437631839,8586.15
19, 103230.0,1.1261659653202232,-1.6939047457801968,5.071069553896543,-0.6125275437631839,28902.06
3, 103231.0,0.8386513580235796,-0.882858731677772,2.709943302703094,1.1694571646246668,22327.34
14, 103232.0,-1.6052228039978906,1.5097270099243814,-0.8317460740870789,-0.6125275437631839,14877.31
0, 103233.0,-0.23952841933883373,0.07012033489257707,-0.8317460740870789,1.1694571646246668,17318.12
17, 103234.0,-0.3114070711629946,-1.3492101897866664,0.3488170515096455,-0.6125275437631839,9393.03
12, 103235.0,0.04798618795780982,-0.882858731677772,0.3488170515096455,-0.6125275437631839,15954.97
11, 103236.0,1.198044617144384,0.029568034187455985,0.3488170515096455,1.1694571646246668,15670.25
3, 103237.0,1.6293165280893493,-0.8423064309726509,1.5293801771063698,1.1694571646246668,21679.77
14, 103238.0,-1.2458295448770862,1.5908316113346237,-0.8317460740870789,-0.6125275437631839,20013.78
2, 103239.0,0.551136750726936,-1.4911432422545905,2.709943302703094,-0.6125275437631839,18322.14
13, 103240.0,-1.5333441521737297,0.1106726355976989,-0.8317460740870789,-0.6125275437631839,11105.11
3, 103241.0,1.6293165280893493,0.5567479433540324,1.5293801771063698,1.1694571646246668,19134.92
6, 103242.0,1.4855592244410276,1.5705554609820627,-0.8317460740870789,-0.6125275437631839,15514.52
6, 103243.0,1.269923268968545,0.5770240937065926,-0.8317460740870789,-0.6125275437631839,16831.86
2, 103244.0,1.70119517991351,-1.937218550010924,0.3488170515096455,-0.6125275437631839,16791.63
5, 103245.0,1.198044617144384,-0.7409256792098478,-0.8317460740870789,-0.6125275437631839,14961.69
4, 103246.0,-0.7426789821079599,0.8406140482898815,1.5293801771063698,-0.6125275437631839,13285.48
8, 103247.0,0.04798618795780982,-1.1870009869661813,1.5293801771063698,-0.6125275437631839,19900.15
7, 103248.0,-1.4614655003495687,-1.1261725359084993,-0.8317460740870789,-0.6125275437631839,10060.01
5, 103249.0,1.3418019207927057,-0.03126041687022602,-0.8317460740870789,-0.6125275437631839,16001.75
6, 103250.0,0.8386513580235796,0.6378525447642746,-0.8317460740870789,-0.6125275437631839,26962.29
12, 103251.0,0.8386513580235796,-0.21374577004327133,0.3488170515096455,-0.6125275437631839,34837.96
16, 103252.0,-0.4551643748113164,-0.03126041687022602,0.3488170515096455,-0.6125275437631839,10212.2
4, 103253.0,-1.6771014558220514,0.8000617475847597,0.3488170515096455,-0.6125275437631839,10953.02
17, 103254.0,-0.23952841933883373,-2.2616369556518943,0.3488170515096455,-0.6125275437631839,17446.0
9, 103255.0,-0.023892463866351063,0.6784048454693957,-0.8317460740870789,-0.6125275437631839,18238.8
2, 103256.0,1.5574378762651884,-1.2681055883764234,0.3488170515096455,-0.6125275437631839,13960.51
3, 103257.0,0.551136750726936,-0.82203028062009,1.5293801771063698,1.1694571646246668,37104.49
1, 103258.0,-1.389586848525408,0.6784048454693957,1.5293801771063698,1.1694571646246668,14050.88
13, 103259.0,-0.7426789821079599,0.3945387405335473,-0.8317460740870789,-0.6125275437631839,17091.52
8, 103260.0,-0.3114070711629946,-0.15291731898558933,1.5293801771063698,-0.6125275437631839,18598.67
12, 103261.0,1.4855592244410276,-0.03126041687022602,0.3488170515096455,-0.6125275437631839,23752.8
2, 103262.0,1.70119517991351,-1.0247917841456962,0.3488170515096455,-0.6125275437631839,16724.75
6, 103263.0,0.6948940543752578,0.8203378979373206,-0.8317460740870789,-0.6125275437631839,28683.3
3, 103264.0,1.70119517991351,0.7595094468796386,1.5293801771063698,1.1694571646246668,19068.48
3, 103265.0,1.70119517991351,-0.17319346933815022,1.5293801771063698,1.1694571646246668,20228.44
19, 103266.0,0.7667727061994186,-0.3151265218060744,3.8905064282998185,-0.6125275437631839,26154.25
12, 103267.0,0.33550079525445337,-0.7206495288572868,0.3488170515096455,-0.6125275437631839,11779.1
3, 103268.0,-0.8864362857562816,1.6719362127448658,1.5293801771063698,2.951441873012518,20216.8
13, 103269.0,-1.317708196701247,-0.010984266517665113,-0.8317460740870789,-0.6125275437631839,11688.98
14, 103270.0,-1.4614655003495687,0.5770240937065926,-0.8317460740870789,-0.6125275437631839,9335.85
10, 103271.0,0.04798618795780982,0.2728818384181833,-0.8317460740870789,-0.6125275437631839,12654.33
16, 103272.0,-1.0301935894046035,-0.19346961969071041,0.3488170515096455,-0.6125275437631839,17398.55
14, 103273.0,-1.0301935894046035,1.2055847546359721,-0.8317460740870789,-0.6125275437631839,18144.21
7, 103274.0,-1.2458295448770862,-1.3694863401392265,-0.8317460740870789,-0.6125275437631839,9039.09
14, 103275.0,-0.5989216784596382,1.225860904988533,-0.8317460740870789,-0.6125275437631839,25519.65
6, 103276.0,0.8386513580235796,0.29315798877074417,-0.8317460740870789,-0.6125275437631839,12808.92
15, 103277.0,0.551136750726936,1.4894508595718206,0.3488170515096455,-0.6125275437631839,16203.62
7, 103278.0,-0.7426789821079599,-2.3021892563570154,-0.8317460740870789,-0.6125275437631839,6614.84
14, 103279.0,-1.1020722412287642,0.6581286951168355,-0.8317460740870789,-0.6125275437631839,23096.38
16, 103280.0,-0.5989216784596382,-1.0653440848508173,0.3488170515096455,-0.6125275437631839,30722.0
6, 103281.0,0.6948940543752578,1.246137055341094,-0.8317460740870789,-0.6125275437631839,13734.73
9, 103282.0,-0.16764976751467284,0.6986809958219566,-0.8317460740870789,-0.6125275437631839,25192.78
10, 103283.0,0.04798618795780982,0.29315798877074417,-0.8317460740870789,-0.6125275437631839,6207.76
11, 103284.0,0.551136750726936,-0.5584403260368017,0.3488170515096455,1.1694571646246668,22744.8
17, 103285.0,0.2636221434302925,-1.3086578890815446,-0.8317460740870789,-0.6125275437631839,12225.63
2, 103286.0,0.2636221434302925,-1.0247917841456962,1.5293801771063698,-0.6125275437631839,17550.43
10, 103287.0,-0.09577111569051194,-0.3962311232163166,-0.8317460740870789,-0.6125275437631839,10580.33
18, 103288.0,1.1261659653202232,0.982547100757805,0.3488170515096455,1.1694571646246668,40722.04
7, 103289.0,-1.1020722412287642,-1.937218550010924,-0.8317460740870789,-0.6125275437631839,29049.67
6, 103290.0,0.6230154025510969,0.5973002440591535,-0.8317460740870789,-0.6125275437631839,18003.93
13, 103291.0,-0.5989216784596382,-0.07181271757534712,-0.8317460740870789,-0.6125275437631839,8286.94
15, 103292.0,-0.09577111569051194,1.0839278525206082,0.3488170515096455,-0.6125275437631839,14133.59
13, 103293.0,-0.670800330283799,-0.010984266517665113,-0.8317460740870789,-0.6125275437631839,7810.59
18, 103294.0,0.40737944707861423,0.4350910412386684,0.3488170515096455,1.1694571646246668,27875.89
1, 103295.0,-0.16764976751467284,0.029568034187455985,0.3488170515096455,4.733426581400368,22005.95
6, 103296.0,1.1261659653202232,1.773316964507669,-0.8317460740870789,-0.6125275437631839,15261.71
12, 103297.0,0.47925809890277515,0.04984418454001689,0.3488170515096455,-0.6125275437631839,15365.03
18, 103298.0,0.47925809890277515,0.5973002440591535,-0.8317460740870789,1.1694571646246668,12352.64
16, 103299.0,-0.8145576339321208,-0.07181271757534712,0.3488170515096455,-0.6125275437631839,14301.63
3, 103300.0,1.5574378762651884,-0.9639633330880142,1.5293801771063698,1.1694571646246668,40644.33
1, 103301.0,-1.1020722412287642,-0.9031348820303321,1.5293801771063698,2.951441873012518,34216.16
15, 103302.0,0.47925809890277515,0.9419948000526847,0.3488170515096455,-0.6125275437631839,17362.3
4, 103303.0,-1.5333441521737297,0.6784048454693957,0.3488170515096455,-0.6125275437631839,26030.2
5, 103304.0,0.6230154025510969,-0.6800972281521658,-0.8317460740870789,-0.6125275437631839,15386.0
6, 103305.0,1.70119517991351,0.1715010866553802,-0.8317460740870789,-0.6125275437631839,15880.43
16, 103306.0,-1.2458295448770862,0.5364717930014715,0.3488170515096455,-0.6125275437631839,12813.39
10, 103307.0,0.47925809890277515,-0.49761187497911974,-0.8317460740870789,-0.6125275437631839,8542.01
4, 103308.0,-1.6052228039978906,1.2866893560462143,1.5293801771063698,-0.6125275437631839,17777.75
7, 103309.0,-1.389586848525408,-1.3289340394341054,-0.8317460740870789,-0.6125275437631839,11546.64
9, 103310.0,0.11986483978197071,1.6516600623923063,-0.8317460740870789,-0.6125275437631839,9449.95
9, 103311.0,0.19174349160613158,2.016630768738397,-0.8317460740870789,-0.6125275437631839,17904.87
6, 103312.0,0.8386513580235796,1.0230994014629269,-0.8317460740870789,-0.6125275437631839,12429.15
18, 103313.0,1.70119517991351,0.4756433419437895,-0.8317460740870789,1.1694571646246668,21682.52
17, 103314.0,-0.16764976751467284,-1.2681055883764234,-0.8317460740870789,-0.6125275437631839,20819.02
14, 103315.0,-1.1020722412287642,0.8203378979373206,-0.8317460740870789,-0.6125275437631839,11321.24
0, 103316.0,-0.16764976751467284,0.6986809958219566,0.3488170515096455,1.1694571646246668,20412.49
16, 103317.0,-1.389586848525408,0.4553671915912293,0.3488170515096455,-0.6125275437631839,14814.45
9, 103318.0,0.04798618795780982,1.12448015322573,-0.8317460740870789,-0.6125275437631839,13953.71
10, 103319.0,0.40737944707861423,-0.3151265218060744,-0.8317460740870789,-0.6125275437631839,24947.0
3, 103320.0,0.8386513580235796,-0.21374577004327133,1.5293801771063698,1.1694571646246668,25517.07
9, 103321.0,-0.16764976751467284,0.7797855972321988,-0.8317460740870789,-0.6125275437631839,29538.74
12, 103322.0,0.19174349160613158,-0.6395449274470446,0.3488170515096455,-0.6125275437631839,10455.2
5, 103323.0,0.9105300098477405,-0.82203028062009,-0.8317460740870789,-0.6125275437631839,20360.72
15, 103324.0,1.1261659653202232,1.0433755518154877,0.3488170515096455,-0.6125275437631839,9644.3
5, 103325.0,1.198044617144384,-0.25429807074839245,-0.8317460740870789,-0.6125275437631839,11647.89
16, 103326.0,-0.16764976751467284,0.6175763944117144,0.3488170515096455,-0.6125275437631839,11150.37
0, 103327.0,-0.5270430266354773,0.9014424993475628,-0.8317460740870789,1.1694571646246668,29998.27
3, 103328.0,-0.38328572298715546,1.246137055341094,1.5293801771063698,1.1694571646246668,41073.26
2, 103329.0,1.3418019207927057,-0.7612018295624079,1.5293801771063698,-0.6125275437631839,18058.4
2, 103330.0,1.1261659653202232,-1.6128001443699538,1.5293801771063698,1.1694571646246668,28736.95
5, 103331.0,0.7667727061994186,-1.0045156337931354,-0.8317460740870789,-0.6125275437631839,19411.58
3, 103332.0,1.3418019207927057,-1.5722478436648328,1.5293801771063698,2.951441873012518,27642.93
7, 103333.0,-0.8864362857562816,-1.4911432422545905,-0.8317460740870789,-0.6125275437631839,11312.78
3, 103334.0,-0.38328572298715546,0.6175763944117144,1.5293801771063698,2.951441873012518,31513.94
16, 103335.0,-0.8145576339321208,-0.2745742211009533,0.3488170515096455,-0.6125275437631839,20953.93
6, 103336.0,1.4136805726168666,0.09039648524513799,-0.8317460740870789,-0.6125275437631839,5817.51
11, 103337.0,1.198044617144384,-0.2745742211009533,0.3488170515096455,1.1694571646246668,19486.15
10, 103338.0,-0.23952841933883373,0.2323295377130622,-0.8317460740870789,-0.6125275437631839,9134.27
8, 103339.0,-0.9583149375804426,-0.05153656722278621,1.5293801771063698,-0.6125275437631839,28491.81
15, 103340.0,0.2636221434302925,0.7595094468796386,0.3488170515096455,-0.6125275437631839,15307.0
18, 103341.0,-0.38328572298715546,1.8544215659179126,0.3488170515096455,1.1694571646246668,19403.46
7, 103342.0,-1.2458295448770862,-1.81556164789556,0.3488170515096455,-0.6125275437631839,10434.81
13, 103343.0,-1.2458295448770862,-0.3151265218060744,-0.8317460740870789,-0.6125275437631839,8988.44
11, 103344.0,1.6293165280893493,-1.5114193926071509,0.3488170515096455,1.1694571646246668,18646.1
10, 103345.0,0.6230154025510969,-0.13264116863302913,-0.8317460740870789,-0.6125275437631839,25219.28
11, 103346.0,0.19174349160613158,-0.8017541302675291,-0.8317460740870789,1.1694571646246668,10845.8
19, 103347.0,0.6948940543752578,0.3945387405335473,1.5293801771063698,-0.6125275437631839,14695.73
19, 103348.0,0.19174349160613158,-0.3962311232163166,1.5293801771063698,-0.6125275437631839,18224.72
14, 103349.0,-0.9583149375804426,1.2664132056936535,-0.8317460740870789,-0.6125275437631839,25796.7
16, 103350.0,-0.023892463866351063,0.4350910412386684,0.3488170515096455,-0.6125275437631839,25475.73
2, 103351.0,1.6293165280893493,-0.9031348820303321,1.5293801771063698,-0.6125275437631839,13427.38
15, 103352.0,1.1261659653202232,0.8203378979373206,0.3488170515096455,-0.6125275437631839,21005.73
7, 103353.0,-1.6052228039978906,-1.2275532876713025,-0.8317460740870789,1.1694571646246668,14843.18
5, 103354.0,1.198044617144384,-0.23402192039583222,-0.8317460740870789,-0.6125275437631839,7842.14
18, 103355.0,0.40737944707861423,1.2664132056936535,-0.8317460740870789,1.1694571646246668,20873.19
5, 103356.0,1.0542873134960622,-0.49761187497911974,-0.8317460740870789,-0.6125275437631839,14080.61
18, 103357.0,0.551136750726936,0.09039648524513799,0.3488170515096455,2.951441873012518,40667.24
10, 103358.0,-0.023892463866351063,0.19177723700794108,-0.8317460740870789,-0.6125275437631839,10181.15
15, 103359.0,0.33550079525445337,0.3945387405335473,0.3488170515096455,-0.6125275437631839,14373.41
13, 103360.0,-1.389586848525408,-0.6192687770944837,-0.8317460740870789,-0.6125275437631839,10808.87
2, 103361.0,0.19174349160613158,-2.099427752831409,1.5293801771063698,-0.6125275437631839,13001.09
6, 103362.0,0.551136750726936,0.7595094468796386,-0.8317460740870789,-0.6125275437631839,22209.72
10, 103363.0,-0.3114070711629946,0.3539864398284262,-0.8317460740870789,-0.6125275437631839,7570.82
11, 103364.0,0.2636221434302925,-1.3492101897866664,0.3488170515096455,1.1694571646246668,18969.83
9, 103365.0,0.11986483978197071,0.9419948000526847,-0.8317460740870789,-0.6125275437631839,10136.38
10, 103366.0,0.11986483978197071,-0.43678342392143843,-0.8317460740870789,-0.6125275437631839,11334.71
3, 103367.0,-0.5270430266354773,1.0433755518154877,1.5293801771063698,1.1694571646246668,21000.92
10, 103368.0,-0.023892463866351063,-0.2745742211009533,-0.8317460740870789,-0.6125275437631839,9429.1
10, 103369.0,-0.4551643748113164,-0.4165072735688775,-0.8317460740870789,-0.6125275437631839,8205.86
15, 103370.0,0.6230154025510969,1.4286224085141392,0.3488170515096455,-0.6125275437631839,15310.54
18, 103371.0,1.0542873134960622,1.7530408141551095,-0.8317460740870789,1.1694571646246668,14398.08
0, 103372.0,-0.8145576339321208,-0.6192687770944837,-0.8317460740870789,1.1694571646246668,18038.4
13, 103373.0,-0.7426789821079599,-0.43678342392143843,-0.8317460740870789,-0.6125275437631839,9075.84
7, 103374.0,-1.389586848525408,-1.0045156337931354,0.3488170515096455,-0.6125275437631839,10253.63
1, 103375.0,-0.38328572298715546,-1.6330762947225148,0.3488170515096455,1.1694571646246668,20711.81
16, 103376.0,-0.8864362857562816,0.2728818384181833,0.3488170515096455,-0.6125275437631839,10878.38
11, 103377.0,0.6230154025510969,-0.05153656722278621,0.3488170515096455,1.1694571646246668,32420.08
11, 103378.0,0.47925809890277515,-0.35567882251119554,-0.8317460740870789,1.1694571646246668,16444.66
18, 103379.0,0.2636221434302925,0.7392332965270777,0.3488170515096455,1.1694571646246668,26068.78
5, 103380.0,1.70119517991351,-1.1870009869661813,-0.8317460740870789,-0.6125275437631839,28172.69
10, 103381.0,0.47925809890277515,0.09039648524513799,-0.8317460740870789,-0.6125275437631839,13571.37
12, 103382.0,1.4855592244410276,-0.5381641756842416,0.3488170515096455,-0.6125275437631839,23959.88
16, 103383.0,-0.7426789821079599,0.212053387360502,0.3488170515096455,-0.6125275437631839,8630.43
11, 103384.0,1.269923268968545,-0.9031348820303321,-0.8317460740870789,1.1694571646246668,16908.39
17, 103385.0,-0.38328572298715546,-1.1261725359084993,-0.8317460740870789,-0.6125275437631839,9243.42
2, 103386.0,0.9824086616719013,-2.2008085045942125,0.3488170515096455,-0.6125275437631839,12374.89
7, 103387.0,-1.2458295448770862,-1.4505909415494695,-0.8317460740870789,-0.6125275437631839,7840.08
8, 103388.0,-1.4614655003495687,-0.7612018295624079,1.5293801771063698,-0.6125275437631839,12920.17
16, 103389.0,-1.317708196701247,-0.3962311232163166,0.3488170515096455,-0.6125275437631839,12052.2
12, 103390.0,0.11986483978197071,-0.4165072735688775,0.3488170515096455,-0.6125275437631839,11566.97
19, 103391.0,1.269923268968545,0.19177723700794108,1.5293801771063698,-0.6125275437631839,19025.48
5, 103392.0,1.198044617144384,-0.17319346933815022,-0.8317460740870789,-0.6125275437631839,9717.62
7, 103393.0,-0.9583149375804426,-1.2275532876713025,0.3488170515096455,-0.6125275437631839,17302.22
16, 103394.0,-1.1739508930529252,0.3539864398284262,0.3488170515096455,-0.6125275437631839,28352.5
9, 103395.0,0.47925809890277515,1.6111077616871845,-0.8317460740870789,-0.6125275437631839,7890.12
19, 103396.0,1.0542873134960622,0.5567479433540324,1.5293801771063698,-0.6125275437631839,17534.66
4, 103397.0,-0.5270430266354773,1.0230994014629269,1.5293801771063698,-0.6125275437631839,34955.11
10, 103398.0,0.6948940543752578,-0.05153656722278621,-0.8317460740870789,-0.6125275437631839,14027.95
9, 103399.0,0.04798618795780982,0.5161956426489113,-0.8317460740870789,-0.6125275437631839,10672.47
10, 103400.0,-0.23952841933883373,-0.5381641756842416,-0.8317460740870789,-0.6125275437631839,9149.91
3, 103401.0,0.33550079525445337,0.04984418454001689,1.5293801771063698,1.1694571646246668,34447.03
5, 103402.0,1.70119517991351,-0.862582581325211,-0.8317460740870789,-0.6125275437631839,12046.22
1, 103403.0,-0.8864362857562816,-0.9436871827354539,0.3488170515096455,2.951441873012518,17076.15
15, 103404.0,0.2636221434302925,0.4959194922963504,0.3488170515096455,-0.6125275437631839,19525.25
13, 103405.0,-0.5989216784596382,-0.010984266517665113,-0.8317460740870789,-0.6125275437631839,11246.6
16, 103406.0,-0.9583149375804426,0.1715010866553802,0.3488170515096455,-0.6125275437631839,15764.07
6, 103407.0,1.1261659653202232,0.13094878595025908,-0.8317460740870789,-0.6125275437631839,31232.2
10, 103408.0,-0.3114070711629946,-0.11236501828046822,-0.8317460740870789,-0.6125275437631839,12238.28
17, 103409.0,0.47925809890277515,-0.882858731677772,-0.8317460740870789,-0.6125275437631839,15484.51
13, 103410.0,-0.9583149375804426,0.04984418454001689,-0.8317460740870789,-0.6125275437631839,14187.17
12, 103411.0,1.6293165280893493,0.1106726355976989,0.3488170515096455,-0.6125275437631839,27242.01
16, 103412.0,-1.389586848525408,-0.21374577004327133,0.3488170515096455,-0.6125275437631839,17071.93
15, 103413.0,0.40737944707861423,1.1650324539308503,0.3488170515096455,-0.6125275437631839,30662.14
4, 103414.0,-0.9583149375804426,0.9419948000526847,0.3488170515096455,-0.6125275437631839,19595.22
6, 103415.0,0.7667727061994186,0.8203378979373206,-0.8317460740870789,-0.6125275437631839,13685.49
17, 103416.0,-0.3114070711629946,-1.1058963855559383,-0.8317460740870789,-0.6125275437631839,8734.3
9, 103417.0,0.33550079525445337,1.12448015322573,-0.8317460740870789,-0.6125275437631839,12092.72
13, 103418.0,-0.9583149375804426,-0.07181271757534712,-0.8317460740870789,-0.6125275437631839,6855.46
6, 103419.0,1.4855592244410276,1.104204002873169,-0.8317460740870789,-0.6125275437631839,18911.08
17, 103420.0,-0.16764976751467284,-1.5114193926071509,-0.8317460740870789,-0.6125275437631839,22945.16
18, 103421.0,-0.3114070711629946,1.8544215659179126,0.3488170515096455,1.1694571646246668,15077.2
3, 103422.0,-0.4551643748113164,1.225860904988533,1.5293801771063698,1.1694571646246668,21969.53
0, 103423.0,-1.4614655003495687,0.1715010866553802,-0.8317460740870789,1.1694571646246668,9475.89
12, 103424.0,0.6948940543752578,0.2526056880656231,0.3488170515096455,-0.6125275437631839,10335.18
0, 103425.0,0.11986483978197071,0.09039648524513799,-0.8317460740870789,1.1694571646246668,13785.93
13, 103426.0,-1.0301935894046035,-0.7003733785047259,-0.8317460740870789,-0.6125275437631839,13105.56
3, 103427.0,1.4855592244410276,1.4083462581615784,1.5293801771063698,1.1694571646246668,33898.12
5, 103428.0,1.198044617144384,-0.9842394834405751,-0.8317460740870789,-0.6125275437631839,30615.86
0, 103429.0,-0.5270430266354773,1.2664132056936535,-0.8317460740870789,2.951441873012518,15190.75
3, 103430.0,0.2636221434302925,-0.2745742211009533,1.5293801771063698,1.1694571646246668,15502.75
17, 103431.0,-0.023892463866351063,-0.923411032382893,-0.8317460740870789,-0.6125275437631839,10235.91
12, 103432.0,0.8386513580235796,-0.8423064309726509,0.3488170515096455,-0.6125275437631839,14463.85
0, 103433.0,-1.389586848525408,0.3945387405335473,-0.8317460740870789,1.1694571646246668,14072.49
1, 103434.0,-1.1020722412287642,-0.11236501828046822,1.5293801771063698,1.1694571646246668,13585.23
2, 103435.0,1.5574378762651884,-1.0856202352033781,1.5293801771063698,1.1694571646246668,24245.38
10, 103436.0,0.47925809890277515,-0.35567882251119554,-0.8317460740870789,-0.6125275437631839,10699.27
5, 103437.0,1.6293165280893493,-0.09208886792790731,-0.8317460740870789,-0.6125275437631839,22413.21
16, 103438.0,-0.5270430266354773,-0.49761187497911974,0.3488170515096455,-0.6125275437631839,18789.29
17, 103439.0,-0.4551643748113164,-1.4505909415494695,0.3488170515096455,-0.6125275437631839,11427.42
3, 103440.0,0.551136750726936,-0.2948503714535135,2.709943302703094,1.1694571646246668,24854.17
10, 103441.0,0.7667727061994186,-0.05153656722278621,-0.8317460740870789,-0.6125275437631839,10722.26
13, 103442.0,-1.389586848525408,0.3945387405335473,-0.8317460740870789,-0.6125275437631839,10332.92
14, 103443.0,-1.317708196701247,1.6111077616871845,-0.8317460740870789,-0.6125275437631839,20460.97
3, 103444.0,-0.4551643748113164,-0.03126041687022602,1.5293801771063698,1.1694571646246668,21763.31
11, 103445.0,0.9824086616719013,-1.3694863401392265,0.3488170515096455,1.1694571646246668,15852.66
7, 103446.0,-1.6052228039978906,-1.5925239940173936,-0.8317460740870789,-0.6125275437631839,6218.03
14, 103447.0,-1.5333441521737297,0.7595094468796386,-0.8317460740870789,-0.6125275437631839,16830.74
7, 103448.0,-0.8864362857562816,-1.3492101897866664,-0.8317460740870789,-0.6125275437631839,15492.91
3, 103449.0,-0.09577111569051194,0.212053387360502,1.5293801771063698,1.1694571646246668,13875.84
18, 103450.0,0.33550079525445337,0.4553671915912293,0.3488170515096455,1.1694571646246668,28961.62
10, 103451.0,-0.023892463866351063,-0.7003733785047259,-0.8317460740870789,-0.6125275437631839,12806.72
8, 103452.0,-0.8145576339321208,-1.4911432422545905,1.5293801771063698,-0.6125275437631839,13563.27
8, 103453.0,-0.5270430266354773,0.2526056880656231,1.5293801771063698,-0.6125275437631839,23059.76
5, 103454.0,0.6948940543752578,-1.0045156337931354,-0.8317460740870789,-0.6125275437631839,20955.24
6, 103455.0,0.9105300098477405,1.2055847546359721,-0.8317460740870789,-0.6125275437631839,29524.68
5, 103456.0,0.6230154025510969,-0.9031348820303321,-0.8317460740870789,-0.6125275437631839,12665.88
13, 103457.0,-0.5270430266354773,-0.25429807074839245,-0.8317460740870789,-0.6125275437631839,6410.25
12, 103458.0,1.6293165280893493,-0.3151265218060744,0.3488170515096455,-0.6125275437631839,18210.69
12, 103459.0,0.6948940543752578,-0.6800972281521658,0.3488170515096455,-0.6125275437631839,28788.86
18, 103460.0,1.3418019207927057,0.5567479433540324,-0.8317460740870789,2.951441873012518,15335.34
12, 103461.0,0.2636221434302925,-0.862582581325211,0.3488170515096455,-0.6125275437631839,17562.63
0, 103462.0,-1.317708196701247,0.41481489088610823,0.3488170515096455,1.1694571646246668,14378.01
6, 103463.0,1.4136805726168666,0.5364717930014715,-0.8317460740870789,-0.6125275437631839,19707.64
13, 103464.0,-1.6771014558220514,0.009291883834895796,-0.8317460740870789,-0.6125275437631839,20319.57
15, 103465.0,1.198044617144384,0.6784048454693957,0.3488170515096455,-0.6125275437631839,15759.09
4, 103466.0,-0.23952841933883373,0.7189571461745176,0.3488170515096455,-0.6125275437631839,16265.52
11, 103467.0,1.1261659653202232,-1.1261725359084993,0.3488170515096455,1.1694571646246668,18450.73
3, 103468.0,0.47925809890277515,-0.05153656722278621,1.5293801771063698,1.1694571646246668,28494.79
18, 103469.0,0.6948940543752578,1.8138692652127908,-0.8317460740870789,1.1694571646246668,20398.37
16, 103470.0,-0.8145576339321208,0.19177723700794108,0.3488170515096455,-0.6125275437631839,27774.52
14, 103471.0,-1.317708196701247,0.982547100757805,-0.8317460740870789,-0.6125275437631839,17932.6
18, 103472.0,1.4136805726168666,1.9355261673281547,0.3488170515096455,2.951441873012518,17508.98
3, 103473.0,1.3418019207927057,-0.23402192039583222,1.5293801771063698,1.1694571646246668,25567.19
3, 103474.0,0.6948940543752578,-0.37595497286375645,1.5293801771063698,1.1694571646246668,17045.48
0, 103475.0,-0.7426789821079599,0.19177723700794108,0.3488170515096455,1.1694571646246668,23867.58
11, 103476.0,1.4136805726168666,-0.21374577004327133,0.3488170515096455,1.1694571646246668,19434.18
3, 103477.0,-1.1020722412287642,-0.49761187497911974,2.709943302703094,1.1694571646246668,13535.62
10, 103478.0,0.6230154025510969,0.1106726355976989,-0.8317460740870789,-0.6125275437631839,11895.11
11, 103479.0,1.3418019207927057,-0.15291731898558933,-0.8317460740870789,1.1694571646246668,13675.04
4, 103480.0,-0.8864362857562816,2.097735370148639,0.3488170515096455,-0.6125275437631839,10669.85
14, 103481.0,-0.9583149375804426,0.6175763944117144,-0.8317460740870789,-0.6125275437631839,30255.05
2, 103482.0,0.6948940543752578,-2.2819131060044544,1.5293801771063698,-0.6125275437631839,17174.25
5, 103483.0,1.70119517991351,-0.19346961969071041,-0.8317460740870789,-0.6125275437631839,13984.05
12, 103484.0,0.40737944707861423,-0.4165072735688775,0.3488170515096455,-0.6125275437631839,22833.08
16, 103485.0,-0.670800330283799,-0.6395449274470446,0.3488170515096455,-0.6125275437631839,12392.45
16, 103486.0,-0.8864362857562816,0.07012033489257707,0.3488170515096455,-0.6125275437631839,31049.8
3, 103487.0,-0.670800330283799,0.4350910412386684,1.5293801771063698,1.1694571646246668,18533.19
9, 103488.0,0.47925809890277515,1.5097270099243814,-0.8317460740870789,-0.6125275437631839,15048.53
18, 103489.0,1.0542873134960622,1.2055847546359721,0.3488170515096455,1.1694571646246668,17590.65
19, 103490.0,1.4136805726168666,-0.8423064309726509,2.709943302703094,-0.6125275437631839,33458.81
1, 103491.0,-1.1020722412287642,-0.9639633330880142,0.3488170515096455,1.1694571646246668,12751.62
10, 103492.0,-0.16764976751467284,0.09039648524513799,-0.8317460740870789,-0.6125275437631839,16719.83
14, 103493.0,-1.4614655003495687,0.7392332965270777,-0.8317460740870789,-0.6125275437631839,9678.7
12, 103494.0,1.3418019207927057,-0.7814779799149688,0.3488170515096455,-0.6125275437631839,15053.61
9, 103495.0,-0.5989216784596382,0.6784048454693957,-0.8317460740870789,-0.6125275437631839,9543.23
14, 103496.0,-1.5333441521737297,1.12448015322573,-0.8317460740870789,-0.6125275437631839,13756.59
3, 103497.0,1.198044617144384,0.4553671915912293,1.5293801771063698,2.951441873012518,33193.69
12, 103498.0,1.70119517991351,-0.35567882251119554,0.3488170515096455,-0.6125275437631839,18388.36
17, 103499.0,-0.09577111569051194,-0.9639633330880142,-0.8317460740870789,-0.6125275437631839,14535.11
3, 103500.0,0.551136750726936,-0.05153656722278621,1.5293801771063698,1.1694571646246668,18114.36
0, 103501.0,-1.1739508930529252,-0.9842394834405751,-0.8317460740870789,1.1694571646246668,24107.89
14, 103502.0,-0.5270430266354773,1.7124885134499876,-0.8317460740870789,-0.6125275437631839,23284.59
18, 103503.0,0.11986483978197071,0.29315798877074417,0.3488170515096455,1.1694571646246668,18847.94
10, 103504.0,-0.4551643748113164,-0.4570595742739986,-0.8317460740870789,-0.6125275437631839,23663.28
13, 103505.0,-1.317708196701247,0.29315798877074417,-0.8317460740870789,-0.6125275437631839,8490.95
6, 103506.0,1.3418019207927057,0.3337102894758653,-0.8317460740870789,-0.6125275437631839,13835.35
6, 103507.0,1.5574378762651884,0.4756433419437895,-0.8317460740870789,-0.6125275437631839,17759.19
7, 103508.0,-0.8864362857562816,-1.045067934498257,-0.8317460740870789,-0.6125275437631839,14280.48
3, 103509.0,0.8386513580235796,-0.6800972281521658,2.709943302703094,1.1694571646246668,41300.28
18, 103510.0,1.3418019207927057,0.1715010866553802,0.3488170515096455,1.1694571646246668,26730.43
8, 103511.0,-0.4551643748113164,-0.5584403260368017,1.5293801771063698,-0.6125275437631839,21595.11
0, 103512.0,-0.09577111569051194,0.5770240937065926,0.3488170515096455,1.1694571646246668,14293.99
7, 103513.0,-1.4614655003495687,-1.6939047457801968,0.3488170515096455,-0.6125275437631839,11856.06
12, 103514.0,1.6293165280893493,-0.37595497286375645,0.3488170515096455,-0.6125275437631839,15796.57
3, 103515.0,-0.38328572298715546,0.2323295377130622,1.5293801771063698,1.1694571646246668,20421.9
5, 103516.0,0.9824086616719013,-1.4100386408443477,-0.8317460740870789,-0.6125275437631839,25740.02
1, 103517.0,-0.38328572298715546,-0.49761187497911974,0.3488170515096455,1.1694571646246668,20727.67
10, 103518.0,0.551136750726936,-0.5787164763893626,-0.8317460740870789,-0.6125275437631839,12742.5
0, 103519.0,-1.5333441521737297,0.5567479433540324,-0.8317460740870789,1.1694571646246668,21310.76
15, 103520.0,0.9824086616719013,0.6581286951168355,0.3488170515096455,-0.6125275437631839,16203.25
1, 103521.0,-1.6771014558220514,-1.3289340394341054,0.3488170515096455,1.1694571646246668,13854.04
11, 103522.0,-0.16764976751467284,-0.35567882251119554,-0.8317460740870789,1.1694571646246668,15666.48
10, 103523.0,0.11986483978197071,-0.3151265218060744,-0.8317460740870789,-0.6125275437631839,15644.65
16, 103524.0,-0.023892463866351063,-0.47733572462655954,0.3488170515096455,-0.6125275437631839,12380.7
0, 103525.0,-0.8145576339321208,0.5567479433540324,-0.8317460740870789,1.1694571646246668,14303.17
5, 103526.0,0.9105300098477405,-0.923411032382893,-0.8317460740870789,-0.6125275437631839,23908.99
12, 103527.0,0.6948940543752578,-0.05153656722278621,0.3488170515096455,-0.6125275437631839,10849.25
17, 103528.0,-0.16764976751467284,-1.1667248366136203,-0.8317460740870789,-0.6125275437631839,16092.55
16, 103529.0,-0.23952841933883373,-0.5381641756842416,0.3488170515096455,-0.6125275437631839,11043.99
15, 103530.0,0.04798618795780982,0.3945387405335473,0.3488170515096455,-0.6125275437631839,12848.92
10, 103531.0,0.47925809890277515,-0.6598210777996049,-0.8317460740870789,-0.6125275437631839,12790.82
8, 103532.0,-0.7426789821079599,0.29315798877074417,1.5293801771063698,-0.6125275437631839,23604.69
10, 103533.0,-0.38328572298715546,-0.82203028062009,-0.8317460740870789,-0.6125275437631839,12454.65
0, 103534.0,-0.9583149375804426,1.874697716270472,-0.8317460740870789,1.1694571646246668,28470.21
13, 103535.0,-1.6771014558220514,-0.3151265218060744,-0.8317460740870789,-0.6125275437631839,13532.35
5, 103536.0,1.6293165280893493,-1.2883817387289844,-0.8317460740870789,-0.6125275437631839,7013.86
10, 103537.0,0.11986483978197071,-0.5787164763893626,-0.8317460740870789,-0.6125275437631839,8891.01
17, 103538.0,0.2636221434302925,-1.5519716933122727,-0.8317460740870789,-0.6125275437631839,16270.05
9, 103539.0,-0.5270430266354773,0.6175763944117144,-0.8317460740870789,-0.6125275437631839,37733.63
6, 103540.0,1.6293165280893493,0.4756433419437895,-0.8317460740870789,-0.6125275437631839,23075.06
0, 103541.0,-0.8145576339321208,-0.882858731677772,-0.8317460740870789,1.1694571646246668,7924.84
6, 103542.0,1.5574378762651884,1.0230994014629269,-0.8317460740870789,-0.6125275437631839,16149.16
3, 103543.0,0.47925809890277515,-0.09208886792790731,1.5293801771063698,1.1694571646246668,20467.33
9, 103544.0,-0.09577111569051194,3.4359612934176402,-0.8317460740870789,-0.6125275437631839,11002.49
18, 103545.0,0.04798618795780982,0.3337102894758653,0.3488170515096455,1.1694571646246668,10583.21
16, 103546.0,-1.1020722412287642,0.1715010866553802,0.3488170515096455,-0.6125275437631839,13786.1
18, 103547.0,1.1261659653202232,0.2323295377130622,0.3488170515096455,1.1694571646246668,20343.89
14, 103548.0,-1.6771014558220514,1.4894508595718206,-0.8317460740870789,-0.6125275437631839,24353.36
19, 103549.0,1.198044617144384,0.8203378979373206,1.5293801771063698,-0.6125275437631839,18160.44
16, 103550.0,-0.3114070711629946,0.07012033489257707,0.3488170515096455,-0.6125275437631839,9791.34
11, 103551.0,1.6293165280893493,-1.7547331968378788,0.3488170515096455,1.1694571646246668,17552.2
16, 103552.0,-0.23952841933883373,0.009291883834895796,0.3488170515096455,-0.6125275437631839,6111.92
14, 103553.0,-1.0301935894046035,1.3069655063987753,-0.8317460740870789,-0.6125275437631839,10948.65
0, 103554.0,-0.38328572298715546,-0.15291731898558933,0.3488170515096455,1.1694571646246668,18621.7
5, 103555.0,1.4136805726168666,-0.2948503714535135,-0.8317460740870789,-0.6125275437631839,12802.6
13, 103556.0,-1.2458295448770862,0.3742625901809864,-0.8317460740870789,-0.6125275437631839,14285.08
0, 103557.0,-1.5333441521737297,0.2323295377130622,0.3488170515096455,1.1694571646246668,31552.27
17, 103558.0,-0.5270430266354773,-1.4708670919020297,-0.8317460740870789,-0.6125275437631839,23048.17
18, 103559.0,-0.16764976751467284,1.2055847546359721,0.3488170515096455,1.1694571646246668,20081.43
7, 103560.0,-1.6771014558220514,-0.9031348820303321,0.3488170515096455,-0.6125275437631839,18362.18
7, 103561.0,-1.1020722412287642,-1.3897624904917876,-0.8317460740870789,-0.6125275437631839,8053.16
11, 103562.0,0.40737944707861423,-0.2745742211009533,-0.8317460740870789,1.1694571646246668,20020.63
9, 103563.0,-0.023892463866351063,0.6175763944117144,-0.8317460740870789,-0.6125275437631839,23415.93
0, 103564.0,-1.5333441521737297,-0.010984266517665113,-0.8317460740870789,1.1694571646246668,13964.48
11, 103565.0,0.9824086616719013,-2.1197039031839693,0.3488170515096455,1.1694571646246668,22183.41
10, 103566.0,0.04798618795780982,-0.09208886792790731,-0.8317460740870789,-0.6125275437631839,10972.05
9, 103567.0,-0.38328572298715546,1.6516600623923063,-0.8317460740870789,-0.6125275437631839,26314.93
0, 103568.0,-0.8864362857562816,-0.010984266517665113,-0.8317460740870789,1.1694571646246668,10232.67
7, 103569.0,-0.9583149375804426,-0.9436871827354539,-0.8317460740870789,-0.6125275437631839,11720.94
11, 103570.0,0.551136750726936,-0.09208886792790731,-0.8317460740870789,1.1694571646246668,9317.82
11, 103571.0,0.8386513580235796,-1.1667248366136203,0.3488170515096455,1.1694571646246668,14677.16
6, 103572.0,1.5574378762651884,2.158563821206322,-0.8317460740870789,-0.6125275437631839,13502.91
13, 103573.0,-1.6771014558220514,-0.35567882251119554,-0.8317460740870789,-0.6125275437631839,6871.89
0, 103574.0,-0.23952841933883373,0.5973002440591535,-0.8317460740870789,1.1694571646246668,22042.19
7, 103575.0,-1.6771014558220514,-1.0856202352033781,-0.8317460740870789,-0.6125275437631839,13393.13
14, 103576.0,-1.2458295448770862,2.7668483317831405,-0.8317460740870789,1.1694571646246668,35264.29
15, 103577.0,0.9824086616719013,0.7797855972321988,0.3488170515096455,-0.6125275437631839,9524.75
14, 103578.0,-1.5333441521737297,1.0636517021680472,-0.8317460740870789,-0.6125275437631839,10215.61
2, 103579.0,0.40737944707861423,-1.5722478436648328,0.3488170515096455,-0.6125275437631839,16045.35
13, 103580.0,-1.6771014558220514,-0.17319346933815022,-0.8317460740870789,-0.6125275437631839,10077.65
14, 103581.0,-0.8864362857562816,1.6313839120397455,-0.8317460740870789,-0.6125275437631839,9623.31
10, 103582.0,0.11986483978197071,-0.5584403260368017,-0.8317460740870789,-0.6125275437631839,14921.11
15, 103583.0,0.11986483978197071,1.874697716270472,0.3488170515096455,-0.6125275437631839,21525.27
17, 103584.0,0.40737944707861423,-2.1197039031839693,-0.8317460740870789,-0.6125275437631839,9087.82
10, 103585.0,-0.38328572298715546,-0.4165072735688775,-0.8317460740870789,-0.6125275437631839,23925.14
13, 103586.0,-1.2458295448770862,0.2323295377130622,-0.8317460740870789,-0.6125275437631839,13935.79
0, 103587.0,-0.9583149375804426,0.5770240937065926,0.3488170515096455,1.1694571646246668,20483.77
18, 103588.0,0.9824086616719013,2.138287670853761,-0.8317460740870789,1.1694571646246668,12408.8
3, 103589.0,0.11986483978197071,0.4553671915912293,1.5293801771063698,1.1694571646246668,31127.38
1, 103590.0,-1.1739508930529252,-1.6939047457801968,0.3488170515096455,1.1694571646246668,11502.47
1, 103591.0,-0.23952841933883373,-1.2681055883764234,0.3488170515096455,2.951441873012518,39168.37
3, 103592.0,-0.5989216784596382,0.1715010866553802,1.5293801771063698,4.733426581400368,44709.66
16, 103593.0,-1.2458295448770862,-0.25429807074839245,0.3488170515096455,-0.6125275437631839,15690.55
16, 103594.0,-0.5989216784596382,-0.6800972281521658,0.3488170515096455,-0.6125275437631839,15076.09
7, 103595.0,-1.389586848525408,-1.6939047457801968,-0.8317460740870789,-0.6125275437631839,15618.96
16, 103596.0,-1.2458295448770862,-0.47733572462655954,0.3488170515096455,-0.6125275437631839,12506.99
10, 103597.0,0.40737944707861423,0.07012033489257707,-0.8317460740870789,-0.6125275437631839,20223.14
17, 103598.0,0.19174349160613158,-1.3694863401392265,-0.8317460740870789,-0.6125275437631839,30117.16
12, 103599.0,1.6293165280893493,-0.862582581325211,0.3488170515096455,-0.6125275437631839,37523.19
13, 103600.0,-1.1739508930529252,0.1715010866553802,-0.8317460740870789,-0.6125275437631839,26519.16
6, 103601.0,0.9824086616719013,0.9622709504052441,-0.8317460740870789,-0.6125275437631839,15595.56
10, 103602.0,-0.38328572298715546,-0.7612018295624079,-0.8317460740870789,-0.6125275437631839,9449.25
11, 103603.0,0.11986483978197071,-1.8358377982481209,0.3488170515096455,1.1694571646246668,32740.52
3, 103604.0,-1.1020722412287642,1.0230994014629269,1.5293801771063698,1.1694571646246668,26624.05
9, 103605.0,-0.670800330283799,0.7595094468796386,-0.8317460740870789,-0.6125275437631839,16187.66
4, 103606.0,-1.317708196701247,2.259944572969125,0.3488170515096455,-0.6125275437631839,9628.86
8, 103607.0,-1.2458295448770862,-0.43678342392143843,1.5293801771063698,-0.6125275437631839,15445.12
6, 103608.0,0.7667727061994186,0.7392332965270777,-0.8317460740870789,-0.6125275437631839,7104.04
12, 103609.0,0.2636221434302925,-0.25429807074839245,0.3488170515096455,-0.6125275437631839,21196.47
10, 103610.0,0.33550079525445337,0.15122493630282,-0.8317460740870789,-0.6125275437631839,9568.15
9, 103611.0,-0.09577111569051194,2.2802207233216847,-0.8317460740870789,-0.6125275437631839,31251.97
3, 103612.0,1.4855592244410276,-0.19346961969071041,1.5293801771063698,1.1694571646246668,19609.18
10, 103613.0,0.47925809890277515,-0.5787164763893626,-0.8317460740870789,-0.6125275437631839,9406.68
11, 103614.0,1.70119517991351,-0.2948503714535135,-0.8317460740870789,2.951441873012518,25098.25
5, 103615.0,1.70119517991351,-0.19346961969071041,-0.8317460740870789,-0.6125275437631839,24497.68
13, 103616.0,-1.1020722412287642,-0.6598210777996049,-0.8317460740870789,-0.6125275437631839,15197.17
18, 103617.0,0.551136750726936,0.5973002440591535,-0.8317460740870789,1.1694571646246668,17976.27
6, 103618.0,1.198044617144384,1.2055847546359721,-0.8317460740870789,-0.6125275437631839,25990.06
17, 103619.0,-0.3114070711629946,-1.5519716933122727,-0.8317460740870789,-0.6125275437631839,8059.52
8, 103620.0,-0.8145576339321208,0.29315798877074417,1.5293801771063698,-0.6125275437631839,17411.71
3, 103621.0,0.11986483978197071,1.0230994014629269,1.5293801771063698,2.951441873012518,28171.44
16, 103622.0,-0.5989216784596382,0.19177723700794108,0.3488170515096455,-0.6125275437631839,31065.65
5, 103623.0,1.269923268968545,-1.1464486862610601,-0.8317460740870789,-0.6125275437631839,14296.5
14, 103624.0,-1.6052228039978906,1.0230994014629269,-0.8317460740870789,-0.6125275437631839,23771.94
17, 103625.0,0.19174349160613158,-1.2478294380238633,0.3488170515096455,-0.6125275437631839,11130.11
12, 103626.0,0.47925809890277515,0.009291883834895796,0.3488170515096455,-0.6125275437631839,20060.89
7, 103627.0,-0.8864362857562816,-1.957494700363485,0.3488170515096455,-0.6125275437631839,11202.16
18, 103628.0,1.0542873134960622,1.104204002873169,-0.8317460740870789,1.1694571646246668,16437.97
1, 103629.0,0.11986483978197071,-1.5722478436648328,0.3488170515096455,2.951441873012518,32758.73
11, 103630.0,0.19174349160613158,-1.5722478436648328,0.3488170515096455,1.1694571646246668,16834.76
10, 103631.0,0.33550079525445337,0.029568034187455985,-0.8317460740870789,-0.6125275437631839,14570.86
18, 103632.0,1.6293165280893493,0.3337102894758653,-0.8317460740870789,1.1694571646246668,17275.58
16, 103633.0,-1.5333441521737297,0.5364717930014715,0.3488170515096455,-0.6125275437631839,14293.0
15, 103634.0,0.33550079525445337,1.874697716270472,0.3488170515096455,-0.6125275437631839,22484.31
10, 103635.0,0.6230154025510969,-0.5178880253316807,-0.8317460740870789,-0.6125275437631839,9221.7
0, 103636.0,-0.8864362857562816,-0.7814779799149688,-0.8317460740870789,1.1694571646246668,27625.53
14, 103637.0,-0.7426789821079599,1.4488985588667003,-0.8317460740870789,-0.6125275437631839,7092.19
0, 103638.0,-0.5270430266354773,0.5567479433540324,-0.8317460740870789,1.1694571646246668,35256.32
6, 103639.0,0.9105300098477405,1.894973866623033,-0.8317460740870789,-0.6125275437631839,12262.66
17, 103640.0,1.4855592244410276,-2.4441223088249395,-0.8317460740870789,-0.6125275437631839,13206.62
13, 103641.0,-1.6771014558220514,-0.5178880253316807,-0.8317460740870789,-0.6125275437631839,12365.43
4, 103642.0,-0.23952841933883373,0.9622709504052441,0.3488170515096455,-0.6125275437631839,11426.54
12, 103643.0,1.4136805726168666,0.15122493630282,0.3488170515096455,-0.6125275437631839,15622.3
10, 103644.0,-0.023892463866351063,-0.7206495288572868,-0.8317460740870789,-0.6125275437631839,12315.48
6, 103645.0,1.4855592244410276,0.3539864398284262,-0.8317460740870789,-0.6125275437631839,14128.59
13, 103646.0,-1.4614655003495687,0.2526056880656231,-0.8317460740870789,-0.6125275437631839,8311.89
0, 103647.0,-1.389586848525408,0.4756433419437895,0.3488170515096455,1.1694571646246668,12117.06
11, 103648.0,0.47925809890277515,-0.13264116863302913,0.3488170515096455,1.1694571646246668,22102.14
13, 103649.0,-1.1020722412287642,0.5364717930014715,-0.8317460740870789,-0.6125275437631839,17502.09
19, 103650.0,1.6293165280893493,1.4286224085141392,1.5293801771063698,-0.6125275437631839,18203.46
19, 103651.0,1.1261659653202232,-0.33540267215863534,1.5293801771063698,-0.6125275437631839,31344.92
3, 103652.0,-0.670800330283799,0.9014424993475628,1.5293801771063698,1.1694571646246668,37004.0
4, 103653.0,-1.4614655003495687,0.982547100757805,1.5293801771063698,-0.6125275437631839,19283.78
6, 103654.0,0.9824086616719013,0.3539864398284262,-0.8317460740870789,-0.6125275437631839,8246.05
16, 103655.0,-1.6052228039978906,0.5161956426489113,0.3488170515096455,-0.6125275437631839,13764.63
9, 103656.0,-0.23952841933883373,0.4959194922963504,-0.8317460740870789,-0.6125275437631839,5888.11
15, 103657.0,0.9824086616719013,0.5161956426489113,0.3488170515096455,-0.6125275437631839,29552.14
0, 103658.0,-0.4551643748113164,0.009291883834895796,-0.8317460740870789,1.1694571646246668,16065.21
0, 103659.0,-1.317708196701247,0.7595094468796386,-0.8317460740870789,1.1694571646246668,13282.38
1, 103660.0,0.33550079525445337,-1.3694863401392265,1.5293801771063698,2.951441873012518,25171.51
16, 103661.0,-0.3114070711629946,-0.862582581325211,0.3488170515096455,-0.6125275437631839,16032.29
0, 103662.0,-1.1739508930529252,0.29315798877074417,0.3488170515096455,1.1694571646246668,18842.04
3, 103663.0,-0.8145576339321208,-0.15291731898558933,2.709943302703094,1.1694571646246668,16682.86
9, 103664.0,-0.3114070711629946,1.1853086042834111,-0.8317460740870789,-0.6125275437631839,8600.89
9, 103665.0,-0.38328572298715546,1.7327646638025485,-0.8317460740870789,-0.6125275437631839,10371.09
9, 103666.0,0.04798618795780982,0.7797855972321988,-0.8317460740870789,-0.6125275437631839,18505.65
10, 103667.0,-0.23952841933883373,-0.11236501828046822,-0.8317460740870789,-0.6125275437631839,5750.73
14, 103668.0,-1.1020722412287642,1.4691747092192595,-0.8317460740870789,-0.6125275437631839,16004.92
19, 103669.0,0.6948940543752578,0.6986809958219566,1.5293801771063698,-0.6125275437631839,16700.14
0, 103670.0,-1.389586848525408,0.1715010866553802,0.3488170515096455,1.1694571646246668,17759.59
10, 103671.0,0.11986483978197071,0.029568034187455985,-0.8317460740870789,-0.6125275437631839,15595.45
6, 103672.0,1.5574378762651884,3.0709905870715497,-0.8317460740870789,-0.6125275437631839,16375.98
4, 103673.0,-0.9583149375804426,2.0571830694435187,0.3488170515096455,-0.6125275437631839,13881.75
3, 103674.0,0.6948940543752578,0.2728818384181833,1.5293801771063698,2.951441873012518,25248.5
19, 103675.0,1.0542873134960622,1.7327646638025485,2.709943302703094,-0.6125275437631839,21534.93
0, 103676.0,-0.38328572298715546,-0.15291731898558933,-0.8317460740870789,1.1694571646246668,12056.26
11, 103677.0,1.5574378762651884,-0.6800972281521658,0.3488170515096455,1.1694571646246668,20184.66
5, 103678.0,1.0542873134960622,-1.2275532876713025,-0.8317460740870789,-0.6125275437631839,7292.4
10, 103679.0,-0.023892463866351063,0.2526056880656231,-0.8317460740870789,-0.6125275437631839,28711.85
4, 103680.0,-1.6052228039978906,0.6986809958219566,0.3488170515096455,-0.6125275437631839,13115.17
16, 103681.0,-0.7426789821079599,-0.4570595742739986,0.3488170515096455,-0.6125275437631839,10518.68
11, 103682.0,0.9105300098477405,-0.5989926267419229,0.3488170515096455,1.1694571646246668,22783.69
16, 103683.0,-1.2458295448770862,-0.43678342392143843,0.3488170515096455,-0.6125275437631839,12585.19
7, 103684.0,-1.1020722412287642,-1.3492101897866664,-0.8317460740870789,1.1694571646246668,19208.84
0, 103685.0,-0.4551643748113164,1.2664132056936535,0.3488170515096455,1.1694571646246668,17449.49
9, 103686.0,-0.4551643748113164,1.2664132056936535,-0.8317460740870789,-0.6125275437631839,17509.34
13, 103687.0,-1.1739508930529252,0.04984418454001689,-0.8317460740870789,-0.6125275437631839,5950.81
15, 103688.0,0.11986483978197071,0.5364717930014715,0.3488170515096455,-0.6125275437631839,18598.62
12, 103689.0,0.7667727061994186,-0.13264116863302913,0.3488170515096455,-0.6125275437631839,18442.71
11, 103690.0,1.1261659653202232,-0.03126041687022602,0.3488170515096455,1.1694571646246668,27645.86
13, 103691.0,-1.0301935894046035,-0.21374577004327133,-0.8317460740870789,-0.6125275437631839,13103.67
15, 103692.0,0.551136750726936,2.706019880725458,1.5293801771063698,-0.6125275437631839,33440.2
18, 103693.0,0.9105300098477405,1.0433755518154877,-0.8317460740870789,1.1694571646246668,12836.32
6, 103694.0,0.7667727061994186,0.8406140482898815,-0.8317460740870789,-0.6125275437631839,15789.28
15, 103695.0,0.2636221434302925,0.6581286951168355,0.3488170515096455,-0.6125275437631839,29482.67
9, 103696.0,-0.5270430266354773,1.2055847546359721,-0.8317460740870789,-0.6125275437631839,9688.38
7, 103697.0,-0.8145576339321208,-1.3897624904917876,0.3488170515096455,-0.6125275437631839,16766.79
5, 103698.0,0.9105300098477405,-0.25429807074839245,-0.8317460740870789,-0.6125275437631839,28660.92
1, 103699.0,-0.4551643748113164,-0.862582581325211,1.5293801771063698,1.1694571646246668,15115.51
0, 103700.0,-1.4614655003495687,0.6581286951168355,0.3488170515096455,1.1694571646246668,12747.38
16, 103701.0,-0.8864362857562816,-0.4165072735688775,0.3488170515096455,-0.6125275437631839,18026.33
1, 103702.0,-0.23952841933883373,-0.8423064309726509,1.5293801771063698,4.733426581400368,24595.34
15, 103703.0,0.9105300098477405,0.8000617475847597,0.3488170515096455,-0.6125275437631839,15613.26
11, 103704.0,-0.09577111569051194,-1.1667248366136203,-0.8317460740870789,1.1694571646246668,16267.14
3, 103705.0,1.70119517991351,-0.19346961969071041,3.8905064282998185,1.1694571646246668,31783.13
5, 103706.0,1.70119517991351,-1.856113948600682,-0.8317460740870789,-0.6125275437631839,11299.52
6, 103707.0,1.6293165280893493,1.6111077616871845,-0.8317460740870789,-0.6125275437631839,23199.58
8, 103708.0,-0.16764976751467284,-0.11236501828046822,1.5293801771063698,-0.6125275437631839,27673.55
16, 103709.0,-1.2458295448770862,-0.5989926267419229,0.3488170515096455,-0.6125275437631839,7332.92
1, 103710.0,-1.2458295448770862,-1.2681055883764234,0.3488170515096455,1.1694571646246668,30868.38
1, 103711.0,-0.7426789821079599,-1.1261725359084993,1.5293801771063698,2.951441873012518,22644.86
15, 103712.0,0.40737944707861423,0.9217186497001237,0.3488170515096455,-0.6125275437631839,17456.33
10, 103713.0,-0.4551643748113164,-0.5989926267419229,-0.8317460740870789,-0.6125275437631839,12531.18
6, 103714.0,1.3418019207927057,1.0230994014629269,-0.8317460740870789,-0.6125275437631839,12036.85
1, 103715.0,-1.6052228039978906,-0.4165072735688775,0.3488170515096455,2.951441873012518,25067.52
11, 103716.0,1.4855592244410276,-2.2210846549467727,0.3488170515096455,1.1694571646246668,31069.26
5, 103717.0,0.9824086616719013,0.04984418454001689,-0.8317460740870789,-0.6125275437631839,27768.7
2, 103718.0,1.4855592244410276,-1.0247917841456962,1.5293801771063698,-0.6125275437631839,16297.05
12, 103719.0,0.11986483978197071,0.19177723700794108,0.3488170515096455,-0.6125275437631839,17585.24
9, 103720.0,0.2636221434302925,1.773316964507669,-0.8317460740870789,-0.6125275437631839,13025.26
0, 103721.0,-1.2458295448770862,0.4350910412386684,0.3488170515096455,1.1694571646246668,29234.71
12, 103722.0,1.6293165280893493,-0.11236501828046822,0.3488170515096455,-0.6125275437631839,13628.9
5, 103723.0,1.4855592244410276,-0.37595497286375645,-0.8317460740870789,-0.6125275437631839,11870.13
10, 103724.0,0.11986483978197071,0.19177723700794108,-0.8317460740870789,-0.6125275437631839,12324.27
7, 103725.0,-1.317708196701247,-1.1667248366136203,0.3488170515096455,-0.6125275437631839,9049.2
17, 103726.0,0.47925809890277515,-1.2883817387289844,-0.8317460740870789,-0.6125275437631839,29431.09
16, 103727.0,-1.1739508930529252,-0.882858731677772,0.3488170515096455,-0.6125275437631839,10364.99
7, 103728.0,-1.6052228039978906,-1.1464486862610601,-0.8317460740870789,-0.6125275437631839,9705.04
16, 103729.0,-1.4614655003495687,-0.5787164763893626,0.3488170515096455,-0.6125275437631839,11290.32
3, 103730.0,-0.670800330283799,0.4756433419437895,1.5293801771063698,1.1694571646246668,24147.67
5, 103731.0,1.269923268968545,-0.6800972281521658,-0.8317460740870789,-0.6125275437631839,11096.49
8, 103732.0,-0.9583149375804426,0.2323295377130622,1.5293801771063698,-0.6125275437631839,15935.93
5, 103733.0,1.70119517991351,-0.19346961969071041,-0.8317460740870789,-0.6125275437631839,14416.73
16, 103734.0,-0.09577111569051194,0.3134341391233051,0.3488170515096455,-0.6125275437631839,17136.58
18, 103735.0,0.6230154025510969,0.19177723700794108,0.3488170515096455,2.951441873012518,24264.69
9, 103736.0,-0.23952841933883373,0.5973002440591535,-0.8317460740870789,-0.6125275437631839,7959.16
8, 103737.0,-0.16764976751467284,0.029568034187455985,1.5293801771063698,-0.6125275437631839,21239.94
11, 103738.0,1.5574378762651884,-0.17319346933815022,-0.8317460740870789,1.1694571646246668,22894.16
7, 103739.0,-0.8864362857562816,-0.9436871827354539,-0.8317460740870789,-0.6125275437631839,16496.85
11, 103740.0,0.11986483978197071,-0.2948503714535135,0.3488170515096455,1.1694571646246668,38460.02
9, 103741.0,-0.16764976751467284,0.4756433419437895,-0.8317460740870789,-0.6125275437631839,17384.36
10, 103742.0,0.19174349160613158,0.2728818384181833,-0.8317460740870789,-0.6125275437631839,11796.41
13, 103743.0,-0.5270430266354773,0.3945387405335473,-0.8317460740870789,-0.6125275437631839,21905.1
13, 103744.0,-1.1020722412287642,-0.6800972281521658,-0.8317460740870789,-0.6125275437631839,6287.72
16, 103745.0,-0.09577111569051194,0.3945387405335473,0.3488170515096455,-0.6125275437631839,19803.23
12, 103746.0,1.6293165280893493,-0.8017541302675291,0.3488170515096455,-0.6125275437631839,20832.02
0, 103747.0,-1.389586848525408,0.5364717930014715,-0.8317460740870789,1.1694571646246668,11146.0
16, 103748.0,-1.389586848525408,-0.33540267215863534,0.3488170515096455,-0.6125275437631839,9185.28
0, 103749.0,-1.1739508930529252,0.2728818384181833,-0.8317460740870789,1.1694571646246668,18726.26
4, 103750.0,-0.023892463866351063,1.773316964507669,1.5293801771063698,-0.6125275437631839,32304.49
1, 103751.0,-0.23952841933883373,-0.7612018295624079,0.3488170515096455,1.1694571646246668,8218.01
4, 103752.0,-1.389586848525408,0.9419948000526847,0.3488170515096455,-0.6125275437631839,27404.45
10, 103753.0,-0.38328572298715546,0.19177723700794108,-0.8317460740870789,-0.6125275437631839,7293.36
17, 103754.0,0.33550079525445337,-1.3086578890815446,-0.8317460740870789,-0.6125275437631839,14971.29
10, 103755.0,-0.16764976751467284,-0.21374577004327133,-0.8317460740870789,-0.6125275437631839,24143.63
11, 103756.0,1.0542873134960622,-0.17319346933815022,0.3488170515096455,1.1694571646246668,24178.29
10, 103757.0,0.47925809890277515,-0.47733572462655954,-0.8317460740870789,-0.6125275437631839,14699.22
0, 103758.0,-1.6771014558220514,0.2728818384181833,0.3488170515096455,1.1694571646246668,29033.54
0, 103759.0,-0.38328572298715546,0.13094878595025908,-0.8317460740870789,1.1694571646246668,12980.64
13, 103760.0,-1.389586848525408,0.029568034187455985,-0.8317460740870789,-0.6125275437631839,20478.48
0, 103761.0,-1.1020722412287642,1.1650324539308503,0.3488170515096455,1.1694571646246668,16164.11
0, 103762.0,-0.9583149375804426,-0.7206495288572868,-0.8317460740870789,1.1694571646246668,10073.48
13, 103763.0,-1.0301935894046035,-0.3151265218060744,-0.8317460740870789,-0.6125275437631839,15986.06
11, 103764.0,1.4136805726168666,-1.1261725359084993,0.3488170515096455,1.1694571646246668,19930.98
2, 103765.0,0.551136750726936,-1.2883817387289844,0.3488170515096455,-0.6125275437631839,23630.92
2, 103766.0,1.70119517991351,-0.7612018295624079,1.5293801771063698,-0.6125275437631839,21129.49
9, 103767.0,-0.16764976751467284,2.0571830694435187,-0.8317460740870789,-0.6125275437631839,16931.39
16, 103768.0,-1.6771014558220514,0.13094878595025908,0.3488170515096455,-0.6125275437631839,16631.16
2, 103769.0,0.8386513580235796,-1.1870009869661813,0.3488170515096455,-0.6125275437631839,29371.34
4, 103770.0,-0.9583149375804426,1.7935931148602298,0.3488170515096455,-0.6125275437631839,14326.08
0, 103771.0,-0.670800330283799,1.2055847546359721,0.3488170515096455,1.1694571646246668,15675.2
9, 103772.0,0.11986483978197071,0.8811663489950019,-0.8317460740870789,-0.6125275437631839,11370.12
6, 103773.0,1.0542873134960622,0.6986809958219566,-0.8317460740870789,-0.6125275437631839,32224.68
10, 103774.0,0.33550079525445337,0.3742625901809864,-0.8317460740870789,-0.6125275437631839,13137.38
13, 103775.0,-0.9583149375804426,0.13094878595025908,-0.8317460740870789,-0.6125275437631839,14589.43
8, 103776.0,-1.317708196701247,-0.49761187497911974,1.5293801771063698,-0.6125275437631839,20562.95
6, 103777.0,1.4855592244410276,0.5973002440591535,-0.8317460740870789,-0.6125275437631839,13184.87
1, 103778.0,-0.9583149375804426,-0.2948503714535135,0.3488170515096455,1.1694571646246668,38465.29
17, 103779.0,-0.5989216784596382,-1.795285497543,-0.8317460740870789,-0.6125275437631839,26343.99
13, 103780.0,-1.0301935894046035,-0.2745742211009533,-0.8317460740870789,-0.6125275437631839,27074.55
10, 103781.0,0.40737944707861423,-0.47733572462655954,-0.8317460740870789,-0.6125275437631839,14598.04
11, 103782.0,0.9824086616719013,-2.4441223088249395,0.3488170515096455,1.1694571646246668,20012.79
1, 103783.0,-1.2458295448770862,-0.15291731898558933,1.5293801771063698,1.1694571646246668,23439.17
0, 103784.0,-0.8145576339321208,1.8544215659179126,-0.8317460740870789,1.1694571646246668,19267.8
11, 103785.0,0.47925809890277515,-1.4303147911969085,-0.8317460740870789,1.1694571646246668,13101.73
10, 103786.0,0.40737944707861423,-0.2948503714535135,-0.8317460740870789,-0.6125275437631839,17333.81
11, 103787.0,0.19174349160613158,-0.923411032382893,-0.8317460740870789,1.1694571646246668,12518.46
0, 103788.0,-1.1739508930529252,1.104204002873169,0.3488170515096455,1.1694571646246668,12733.34
0, 103789.0,-1.4614655003495687,-0.11236501828046822,0.3488170515096455,1.1694571646246668,14233.55
19, 103790.0,1.4136805726168666,0.6378525447642746,1.5293801771063698,-0.6125275437631839,25031.81
13, 103791.0,-0.9583149375804426,0.5567479433540324,-0.8317460740870789,-0.6125275437631839,14271.09
0, 103792.0,-0.38328572298715546,-0.09208886792790731,0.3488170515096455,1.1694571646246668,16738.07
5, 103793.0,1.3418019207927057,-0.923411032382893,-0.8317460740870789,-0.6125275437631839,24123.73
10, 103794.0,0.04798618795780982,-0.03126041687022602,-0.8317460740870789,-0.6125275437631839,5481.73
14, 103795.0,-1.6771014558220514,1.327241656751336,-0.8317460740870789,-0.6125275437631839,10832.85
17, 103796.0,0.33550079525445337,-2.4441223088249395,-0.8317460740870789,-0.6125275437631839,6717.39
5, 103797.0,1.3418019207927057,-0.2948503714535135,-0.8317460740870789,-0.6125275437631839,13843.38
12, 103798.0,0.9105300098477405,0.2323295377130622,0.3488170515096455,-0.6125275437631839,31284.58
16, 103799.0,-1.0301935894046035,0.3742625901809864,0.3488170515096455,-0.6125275437631839,30664.99
5, 103800.0,1.269923268968545,-0.3151265218060744,-0.8317460740870789,-0.6125275437631839,16210.56
4, 103801.0,-1.5333441521737297,0.6986809958219566,0.3488170515096455,-0.6125275437631839,12136.9
12, 103802.0,0.7667727061994186,-0.7814779799149688,0.3488170515096455,-0.6125275437631839,20183.54
13, 103803.0,-1.2458295448770862,-0.6395449274470446,-0.8317460740870789,-0.6125275437631839,9301.71
4, 103804.0,-1.317708196701247,1.773316964507669,0.3488170515096455,-0.6125275437631839,13497.33
6, 103805.0,0.9824086616719013,1.4488985588667003,-0.8317460740870789,-0.6125275437631839,13131.18
5, 103806.0,0.8386513580235796,-0.43678342392143843,-0.8317460740870789,-0.6125275437631839,12907.66
14, 103807.0,-0.5270430266354773,1.9558023176807158,-0.8317460740870789,-0.6125275437631839,31869.98
5, 103808.0,1.1261659653202232,-0.15291731898558933,-0.8317460740870789,-0.6125275437631839,30246.86
12, 103809.0,0.47925809890277515,-1.0247917841456962,0.3488170515096455,-0.6125275437631839,25944.5
11, 103810.0,0.19174349160613158,-1.3492101897866664,0.3488170515096455,1.1694571646246668,26010.36
9, 103811.0,-0.16764976751467284,1.1650324539308503,-0.8317460740870789,-0.6125275437631839,23516.24
0, 103812.0,-1.2458295448770862,-0.2745742211009533,-0.8317460740870789,1.1694571646246668,29278.1
0, 103813.0,-0.8864362857562816,-0.35567882251119554,-0.8317460740870789,1.1694571646246668,13330.26
8, 103814.0,-0.8145576339321208,-0.8017541302675291,1.5293801771063698,-0.6125275437631839,18185.9
3, 103815.0,1.70119517991351,-0.9031348820303321,2.709943302703094,1.1694571646246668,23787.61
13, 103816.0,-1.6771014558220514,-0.47733572462655954,-0.8317460740870789,-0.6125275437631839,8755.97
10, 103817.0,0.47925809890277515,-0.19346961969071041,-0.8317460740870789,-0.6125275437631839,6962.14
1, 103818.0,-1.1020722412287642,-2.058875452126288,2.709943302703094,2.951441873012518,17563.54
5, 103819.0,1.3418019207927057,-0.2948503714535135,-0.8317460740870789,-0.6125275437631839,18900.12
1, 103820.0,-1.2458295448770862,-0.2948503714535135,1.5293801771063698,1.1694571646246668,21088.98
12, 103821.0,0.40737944707861423,-0.9639633330880142,0.3488170515096455,-0.6125275437631839,15198.84
5, 103822.0,1.70119517991351,-1.5925239940173936,-0.8317460740870789,-0.6125275437631839,19873.41
2, 103823.0,1.4136805726168666,-1.3289340394341054,0.3488170515096455,-0.6125275437631839,21239.15
12, 103824.0,0.6948940543752578,0.212053387360502,0.3488170515096455,-0.6125275437631839,14782.22
6, 103825.0,0.7667727061994186,0.9419948000526847,-0.8317460740870789,-0.6125275437631839,25260.53
2, 103826.0,1.4855592244410276,-1.3492101897866664,0.3488170515096455,-0.6125275437631839,14695.97
12, 103827.0,0.9105300098477405,-0.7409256792098478,0.3488170515096455,-0.6125275437631839,30298.03
3, 103828.0,1.269923268968545,1.3069655063987753,2.709943302703094,2.951441873012518,28548.99
1, 103829.0,-0.5270430266354773,-2.3224654067095756,0.3488170515096455,1.1694571646246668,13398.2
11, 103830.0,1.269923268968545,-0.05153656722278621,0.3488170515096455,1.1694571646246668,19196.96
18, 103831.0,0.6230154025510969,3.152095188481792,0.3488170515096455,1.1694571646246668,23810.15
3, 103832.0,0.9824086616719013,-0.07181271757534712,2.709943302703094,2.951441873012518,32690.5
3, 103833.0,1.70119517991351,1.0839278525206082,1.5293801771063698,1.1694571646246668,19799.3
13, 103834.0,-1.317708196701247,0.3134341391233051,-0.8317460740870789,-0.6125275437631839,13779.22
10, 103835.0,-0.4551643748113164,-0.21374577004327133,-0.8317460740870789,-0.6125275437631839,9970.84
5, 103836.0,1.269923268968545,-0.21374577004327133,-0.8317460740870789,-0.6125275437631839,8410.89
12, 103837.0,0.40737944707861423,-0.3962311232163166,0.3488170515096455,-0.6125275437631839,26199.81
7, 103838.0,-0.8145576339321208,-1.0856202352033781,-0.8317460740870789,-0.6125275437631839,24707.25
10, 103839.0,0.6230154025510969,0.04984418454001689,-0.8317460740870789,-0.6125275437631839,11163.48
5, 103840.0,1.70119517991351,-0.6395449274470446,-0.8317460740870789,-0.6125275437631839,8627.74
6, 103841.0,1.3418019207927057,0.3945387405335473,-0.8317460740870789,-0.6125275437631839,16538.38
4, 103842.0,-0.5989216784596382,0.5161956426489113,1.5293801771063698,-0.6125275437631839,19961.0
14, 103843.0,-0.5989216784596382,1.3475178071038971,-0.8317460740870789,-0.6125275437631839,8692.15
9, 103844.0,0.11986483978197071,2.6249152793152155,-0.8317460740870789,-0.6125275437631839,9235.73
15, 103845.0,1.0542873134960622,0.9014424993475628,0.3488170515096455,-0.6125275437631839,18616.33
3, 103846.0,1.198044617144384,0.3134341391233051,1.5293801771063698,1.1694571646246668,27277.73
6, 103847.0,1.6293165280893493,1.4286224085141392,-0.8317460740870789,-0.6125275437631839,13063.27
16, 103848.0,-1.6771014558220514,0.4553671915912293,0.3488170515096455,-0.6125275437631839,13775.49
6, 103849.0,0.6948940543752578,0.2728818384181833,-0.8317460740870789,-0.6125275437631839,10387.2
0, 103850.0,-0.4551643748113164,0.5567479433540324,0.3488170515096455,1.1694571646246668,13826.86
3, 103851.0,-0.09577111569051194,-0.010984266517665113,1.5293801771063698,1.1694571646246668,18576.54
15, 103852.0,0.7667727061994186,0.7797855972321988,0.3488170515096455,-0.6125275437631839,19817.93
11, 103853.0,1.198044617144384,-0.03126041687022602,0.3488170515096455,1.1694571646246668,18719.86
13, 103854.0,-0.5270430266354773,0.3134341391233051,-0.8317460740870789,-0.6125275437631839,10023.86
15, 103855.0,1.4855592244410276,0.9622709504052441,0.3488170515096455,-0.6125275437631839,16757.02
15, 103856.0,1.4855592244410276,1.2664132056936535,0.3488170515096455,-0.6125275437631839,14020.95
6, 103857.0,1.4855592244410276,1.3069655063987753,-0.8317460740870789,-0.6125275437631839,14746.34
0, 103858.0,-0.7426789821079599,0.3134341391233051,-0.8317460740870789,1.1694571646246668,15092.41
0, 103859.0,-1.6771014558220514,-0.05153656722278621,-0.8317460740870789,1.1694571646246668,25628.1
0, 103860.0,-1.1739508930529252,0.3134341391233051,0.3488170515096455,1.1694571646246668,26430.16
13, 103861.0,-0.7426789821079599,0.212053387360502,-0.8317460740870789,-0.6125275437631839,7212.99
2, 103862.0,1.1261659653202232,-1.1870009869661813,0.3488170515096455,-0.6125275437631839,18012.25
6, 103863.0,1.4136805726168666,0.6378525447642746,-0.8317460740870789,-0.6125275437631839,11184.17
11, 103864.0,0.8386513580235796,-0.5787164763893626,-0.8317460740870789,1.1694571646246668,26629.74
5, 103865.0,0.9105300098477405,-0.13264116863302913,-0.8317460740870789,-0.6125275437631839,17513.83
10, 103866.0,0.19174349160613158,-0.19346961969071041,-0.8317460740870789,-0.6125275437631839,16435.61
3, 103867.0,-0.5989216784596382,1.2866893560462143,1.5293801771063698,1.1694571646246668,22078.75
18, 103868.0,0.6230154025510969,0.3539864398284262,-0.8317460740870789,1.1694571646246668,14573.16
16, 103869.0,-0.8145576339321208,0.2526056880656231,0.3488170515096455,-0.6125275437631839,17832.6
11, 103870.0,1.0542873134960622,-1.0045156337931354,0.3488170515096455,1.1694571646246668,19674.02
10, 103871.0,0.40737944707861423,0.1715010866553802,-0.8317460740870789,-0.6125275437631839,13894.49
0, 103872.0,-0.4551643748113164,0.19177723700794108,-0.8317460740870789,2.951441873012518,16008.56
10, 103873.0,-0.4551643748113164,0.009291883834895796,-0.8317460740870789,-0.6125275437631839,10625.11
10, 103874.0,0.19174349160613158,-0.2948503714535135,-0.8317460740870789,-0.6125275437631839,5482.9
11, 103875.0,0.6948940543752578,-0.4165072735688775,-0.8317460740870789,1.1694571646246668,14436.98
18, 103876.0,1.4855592244410276,2.2193922722640034,-0.8317460740870789,1.1694571646246668,22726.88
19, 103877.0,0.11986483978197071,-0.03126041687022602,1.5293801771063698,-0.6125275437631839,20695.25
11, 103878.0,0.6948940543752578,-1.1261725359084993,-0.8317460740870789,1.1694571646246668,16113.69
18, 103879.0,0.9105300098477405,0.2728818384181833,0.3488170515096455,1.1694571646246668,16541.38
17, 103880.0,-0.38328572298715546,-1.3897624904917876,-0.8317460740870789,-0.6125275437631839,17864.0
11, 103881.0,1.4136805726168666,-0.3151265218060744,0.3488170515096455,1.1694571646246668,20725.9
13, 103882.0,-1.2458295448770862,0.15122493630282,-0.8317460740870789,-0.6125275437631839,9659.36
16, 103883.0,-0.9583149375804426,-0.43678342392143843,0.3488170515096455,-0.6125275437631839,30679.59
10, 103884.0,-0.38328572298715546,-0.23402192039583222,-0.8317460740870789,-0.6125275437631839,13690.81
14, 103885.0,-0.9583149375804426,1.2055847546359721,-0.8317460740870789,-0.6125275437631839,21529.82
19, 103886.0,0.7667727061994186,-0.05153656722278621,1.5293801771063698,-0.6125275437631839,20233.29
1, 103887.0,-1.389586848525408,-1.856113948600682,0.3488170515096455,1.1694571646246668,28222.77
12, 103888.0,1.70119517991351,0.2323295377130622,0.3488170515096455,-0.6125275437631839,17463.33
18, 103889.0,0.7667727061994186,0.13094878595025908,0.3488170515096455,2.951441873012518,31059.83
12, 103890.0,1.4855592244410276,0.3539864398284262,0.3488170515096455,-0.6125275437631839,33820.37
6, 103891.0,1.3418019207927057,0.6175763944117144,-0.8317460740870789,-0.6125275437631839,24680.25
8, 103892.0,-0.23952841933883373,-1.2883817387289844,1.5293801771063698,-0.6125275437631839,24618.26
13, 103893.0,-0.7426789821079599,-0.6598210777996049,-0.8317460740870789,-0.6125275437631839,19976.06
8, 103894.0,-1.6771014558220514,0.8000617475847597,2.709943302703094,-0.6125275437631839,14090.45
16, 103895.0,-1.0301935894046035,0.2323295377130622,0.3488170515096455,-0.6125275437631839,7511.97
8, 103896.0,-1.6771014558220514,-0.5989926267419229,1.5293801771063698,-0.6125275437631839,17292.59
5, 103897.0,1.5574378762651884,-0.6395449274470446,-0.8317460740870789,-0.6125275437631839,6201.89
5, 103898.0,0.8386513580235796,-0.11236501828046822,-0.8317460740870789,-0.6125275437631839,7601.17
5, 103899.0,0.8386513580235796,-1.1667248366136203,-0.8317460740870789,-0.6125275437631839,7998.94
4, 103900.0,-0.9583149375804426,1.12448015322573,1.5293801771063698,-0.6125275437631839,16222.91
16, 103901.0,-1.1739508930529252,0.4350910412386684,0.3488170515096455,-0.6125275437631839,15255.53
3, 103902.0,0.04798618795780982,-0.37595497286375645,1.5293801771063698,1.1694571646246668,18648.54
0, 103903.0,-0.7426789821079599,0.3337102894758653,0.3488170515096455,1.1694571646246668,17770.26
10, 103904.0,0.47925809890277515,-0.6800972281521658,-0.8317460740870789,-0.6125275437631839,16600.83
11, 103905.0,-0.38328572298715546,-1.3289340394341054,-0.8317460740870789,1.1694571646246668,11412.8
5, 103906.0,1.70119517991351,-0.5584403260368017,-0.8317460740870789,-0.6125275437631839,17030.68
11, 103907.0,0.04798618795780982,-0.15291731898558933,-0.8317460740870789,1.1694571646246668,16575.47
1, 103908.0,0.2636221434302925,-1.1870009869661813,1.5293801771063698,1.1694571646246668,20146.12
9, 103909.0,0.33550079525445337,2.9290575346036247,-0.8317460740870789,-0.6125275437631839,14856.35
11, 103910.0,1.4136805726168666,-0.33540267215863534,-0.8317460740870789,1.1694571646246668,17491.72
11, 103911.0,1.269923268968545,-1.2478294380238633,0.3488170515096455,1.1694571646246668,23160.84
6, 103912.0,0.8386513580235796,0.7189571461745176,-0.8317460740870789,-0.6125275437631839,9800.4
14, 103913.0,-1.5333441521737297,1.0636517021680472,-0.8317460740870789,-0.6125275437631839,12167.65
16, 103914.0,-1.6771014558220514,-0.6800972281521658,0.3488170515096455,-0.6125275437631839,10135.91
14, 103915.0,-0.7426789821079599,0.6581286951168355,-0.8317460740870789,-0.6125275437631839,13403.91
19, 103916.0,0.47925809890277515,-0.2745742211009533,1.5293801771063698,-0.6125275437631839,20768.18
3, 103917.0,0.7667727061994186,0.4553671915912293,1.5293801771063698,1.1694571646246668,19615.91
5, 103918.0,1.6293165280893493,-0.7206495288572868,-0.8317460740870789,-0.6125275437631839,15066.85
8, 103919.0,-0.7426789821079599,0.029568034187455985,1.5293801771063698,-0.6125275437631839,23654.42
19, 103920.0,1.5574378762651884,0.3134341391233051,3.8905064282998185,-0.6125275437631839,28944.93
18, 103921.0,1.0542873134960622,1.0636517021680472,0.3488170515096455,1.1694571646246668,18578.52
19, 103922.0,1.70119517991351,-0.11236501828046822,1.5293801771063698,-0.6125275437631839,37149.06
11, 103923.0,1.3418019207927057,-0.11236501828046822,0.3488170515096455,1.1694571646246668,20793.07
4, 103924.0,-1.0301935894046035,0.6581286951168355,0.3488170515096455,-0.6125275437631839,11629.69
18, 103925.0,-0.09577111569051194,1.0433755518154877,-0.8317460740870789,1.1694571646246668,21747.35
15, 103926.0,0.40737944707861423,0.8811663489950019,0.3488170515096455,-0.6125275437631839,22693.67
18, 103927.0,0.551136750726936,1.3880701078090174,0.3488170515096455,1.1694571646246668,17994.22
7, 103928.0,-1.6771014558220514,-1.0045156337931354,-0.8317460740870789,-0.6125275437631839,9170.8
11, 103929.0,1.1261659653202232,-0.9031348820303321,0.3488170515096455,1.1694571646246668,17359.74
7, 103930.0,-1.5333441521737297,-1.2681055883764234,-0.8317460740870789,-0.6125275437631839,5902.85
15, 103931.0,0.2636221434302925,0.7797855972321988,0.3488170515096455,-0.6125275437631839,27685.83
18, 103932.0,0.551136750726936,0.4350910412386684,0.3488170515096455,1.1694571646246668,17660.39
11, 103933.0,-0.23952841933883373,-1.3086578890815446,-0.8317460740870789,1.1694571646246668,20299.1
4, 103934.0,-0.7426789821079599,1.327241656751336,0.3488170515096455,-0.6125275437631839,10043.15
13, 103935.0,-0.5989216784596382,0.3337102894758653,-0.8317460740870789,-0.6125275437631839,15985.03
0, 103936.0,-0.5989216784596382,0.2526056880656231,-0.8317460740870789,1.1694571646246668,9986.38
15, 103937.0,1.4136805726168666,0.4350910412386684,0.3488170515096455,-0.6125275437631839,12651.15
19, 103938.0,0.40737944707861423,1.0028232511103659,1.5293801771063698,-0.6125275437631839,28960.15
11, 103939.0,1.4855592244410276,-0.7003733785047259,0.3488170515096455,2.951441873012518,23725.5
17, 103940.0,-0.4551643748113164,-1.4303147911969085,-0.8317460740870789,-0.6125275437631839,7239.45
10, 103941.0,-0.09577111569051194,0.15122493630282,-0.8317460740870789,-0.6125275437631839,14350.5
0, 103942.0,-0.3114070711629946,0.8406140482898815,0.3488170515096455,1.1694571646246668,33349.13
11, 103943.0,0.6948940543752578,-0.8017541302675291,0.3488170515096455,1.1694571646246668,17582.52
9, 103944.0,-0.3114070711629946,0.6581286951168355,-0.8317460740870789,-0.6125275437631839,30400.15
0, 103945.0,-1.1739508930529252,0.19177723700794108,0.3488170515096455,1.1694571646246668,8585.08
10, 103946.0,0.19174349160613158,0.13094878595025908,-0.8317460740870789,-0.6125275437631839,27113.2
9, 103947.0,0.40737944707861423,1.0230994014629269,-0.8317460740870789,-0.6125275437631839,26138.75
5, 103948.0,1.4136805726168666,-0.09208886792790731,-0.8317460740870789,-0.6125275437631839,11941.52
15, 103949.0,1.3418019207927057,0.5364717930014715,0.3488170515096455,-0.6125275437631839,28560.03
19, 103950.0,1.70119517991351,0.3742625901809864,1.5293801771063698,-0.6125275437631839,22692.81
8, 103951.0,-0.09577111569051194,-1.1464486862610601,2.709943302703094,-0.6125275437631839,17785.89
16, 103952.0,-1.6771014558220514,-0.25429807074839245,0.3488170515096455,-0.6125275437631839,8840.54
7, 103953.0,-0.670800330283799,-1.4100386408443477,-0.8317460740870789,-0.6125275437631839,8932.59
16, 103954.0,-0.4551643748113164,-0.09208886792790731,0.3488170515096455,-0.6125275437631839,24328.32
17, 103955.0,-0.3114070711629946,-2.4441223088249395,-0.8317460740870789,-0.6125275437631839,3496.79
1, 103956.0,-0.9583149375804426,-2.0183231514211664,1.5293801771063698,1.1694571646246668,20446.37
13, 103957.0,-0.670800330283799,-0.6598210777996049,-0.8317460740870789,-0.6125275437631839,14594.59
16, 103958.0,-0.023892463866351063,-0.6192687770944837,0.3488170515096455,-0.6125275437631839,31825.89
0, 103959.0,-0.8145576339321208,0.9014424993475628,0.3488170515096455,2.951441873012518,23504.85
13, 103960.0,-1.6771014558220514,-0.09208886792790731,-0.8317460740870789,-0.6125275437631839,3676.12
16, 103961.0,-1.1020722412287642,0.212053387360502,0.3488170515096455,-0.6125275437631839,19614.8
7, 103962.0,-1.4614655003495687,-1.937218550010924,-0.8317460740870789,1.1694571646246668,14325.15
11, 103963.0,0.40737944707861423,-0.33540267215863534,0.3488170515096455,1.1694571646246668,19016.67
3, 103964.0,0.7667727061994186,1.225860904988533,1.5293801771063698,1.1694571646246668,19304.75
4, 103965.0,-0.8864362857562816,1.9558023176807158,1.5293801771063698,-0.6125275437631839,30152.47
16, 103966.0,-0.5270430266354773,0.3134341391233051,0.3488170515096455,-0.6125275437631839,14594.67
18, 103967.0,0.04798618795780982,1.9558023176807158,-0.8317460740870789,1.1694571646246668,10033.91
2, 103968.0,0.6948940543752578,-0.882858731677772,1.5293801771063698,-0.6125275437631839,31035.5
16, 103969.0,-0.3114070711629946,0.3539864398284262,0.3488170515096455,-0.6125275437631839,18058.38
19, 103970.0,-0.09577111569051194,0.7797855972321988,1.5293801771063698,-0.6125275437631839,26808.56
18, 103971.0,-0.16764976751467284,1.7935931148602298,0.3488170515096455,1.1694571646246668,40079.94
7, 103972.0,-1.0301935894046035,-1.1870009869661813,0.3488170515096455,-0.6125275437631839,25574.55
17, 103973.0,0.11986483978197071,-1.3694863401392265,0.3488170515096455,-0.6125275437631839,34227.89
10, 103974.0,-0.4551643748113164,0.2323295377130622,-0.8317460740870789,-0.6125275437631839,7762.74
6, 103975.0,1.70119517991351,0.2728818384181833,-0.8317460740870789,-0.6125275437631839,15024.05
17, 103976.0,-0.16764976751467284,-1.1870009869661813,0.3488170515096455,-0.6125275437631839,10715.45
14, 103977.0,-1.0301935894046035,0.9622709504052441,-0.8317460740870789,-0.6125275437631839,8582.25
4, 103978.0,-1.2458295448770862,1.4083462581615784,0.3488170515096455,-0.6125275437631839,26409.25
3, 103979.0,-1.1020722412287642,1.5502793106295032,1.5293801771063698,2.951441873012518,24229.11
18, 103980.0,0.40737944707861423,0.3945387405335473,-0.8317460740870789,1.1694571646246668,13799.13
7, 103981.0,-1.1020722412287642,-1.2478294380238633,-0.8317460740870789,1.1694571646246668,21171.7
11, 103982.0,0.9105300098477405,-0.15291731898558933,0.3488170515096455,2.951441873012518,23093.65
6, 103983.0,1.70119517991351,0.8406140482898815,-0.8317460740870789,-0.6125275437631839,20503.72
13, 103984.0,-0.5989216784596382,-0.07181271757534712,-0.8317460740870789,-0.6125275437631839,18687.58
10, 103985.0,-0.38328572298715546,-0.35567882251119554,-0.8317460740870789,-0.6125275437631839,8853.0
4, 103986.0,-1.317708196701247,0.8811663489950019,0.3488170515096455,-0.6125275437631839,15473.87
11, 103987.0,1.6293165280893493,-1.0247917841456962,-0.8317460740870789,1.1694571646246668,19032.96
5, 103988.0,1.0542873134960622,-0.23402192039583222,-0.8317460740870789,-0.6125275437631839,16871.29
17, 103989.0,1.198044617144384,-2.2008085045942125,-0.8317460740870789,-0.6125275437631839,9113.35
7, 103990.0,-1.2458295448770862,-1.1058963855559383,0.3488170515096455,-0.6125275437631839,13031.69
12, 103991.0,0.7667727061994186,-0.11236501828046822,0.3488170515096455,-0.6125275437631839,14731.33
14, 103992.0,-1.2458295448770862,0.8811663489950019,-0.8317460740870789,-0.6125275437631839,29263.68
19, 103993.0,1.4855592244410276,1.5097270099243814,1.5293801771063698,-0.6125275437631839,29132.05
7, 103994.0,-1.4614655003495687,-1.045067934498257,0.3488170515096455,-0.6125275437631839,6443.39
11, 103995.0,0.551136750726936,-0.03126041687022602,-0.8317460740870789,1.1694571646246668,14541.85
5, 103996.0,1.6293165280893493,-1.3694863401392265,-0.8317460740870789,-0.6125275437631839,31165.89
1, 103997.0,-1.1020722412287642,0.09039648524513799,1.5293801771063698,1.1694571646246668,16496.61
14, 103998.0,-1.389586848525408,0.6175763944117144,-0.8317460740870789,-0.6125275437631839,5732.63
0, 103999.0,-1.1020722412287642,0.3539864398284262,-0.8317460740870789,1.1694571646246668,11437.53
12, 104000.0,1.4855592244410276,-0.43678342392143843,0.3488170515096455,-0.6125275437631839,27083.95
3, 104001.0,0.9824086616719013,0.4553671915912293,1.5293801771063698,1.1694571646246668,22564.35
18, 104002.0,1.0542873134960622,1.246137055341094,-0.8317460740870789,1.1694571646246668,17645.18
13, 104003.0,-0.8864362857562816,0.5161956426489113,-0.8317460740870789,-0.6125275437631839,7969.97
18, 104004.0,0.47925809890277515,0.3337102894758653,-0.8317460740870789,1.1694571646246668,27341.2
13, 104005.0,-1.389586848525408,0.3134341391233051,-0.8317460740870789,-0.6125275437631839,18992.53
19, 104006.0,-0.3114070711629946,0.6784048454693957,2.709943302703094,-0.6125275437631839,18656.86
8, 104007.0,-0.670800330283799,-0.82203028062009,1.5293801771063698,-0.6125275437631839,33432.88
16, 104008.0,-0.09577111569051194,0.4756433419437895,0.3488170515096455,-0.6125275437631839,13390.09
13, 104009.0,-1.0301935894046035,-0.5584403260368017,-0.8317460740870789,-0.6125275437631839,6926.95
17, 104010.0,0.40737944707861423,-2.1602562038890913,-0.8317460740870789,-0.6125275437631839,12264.7
0, 104011.0,-1.0301935894046035,0.1715010866553802,0.3488170515096455,1.1694571646246668,26648.66
10, 104012.0,0.33550079525445337,-0.33540267215863534,-0.8317460740870789,-0.6125275437631839,20969.05
11, 104013.0,-0.16764976751467284,-0.37595497286375645,-0.8317460740870789,1.1694571646246668,11714.81
6, 104014.0,1.6293165280893493,1.4286224085141392,-0.8317460740870789,-0.6125275437631839,13060.92
9, 104015.0,0.33550079525445337,0.7595094468796386,-0.8317460740870789,-0.6125275437631839,12005.62
12, 104016.0,0.11986483978197071,-0.3962311232163166,0.3488170515096455,-0.6125275437631839,12166.93
11, 104017.0,0.33550079525445337,-0.5178880253316807,0.3488170515096455,1.1694571646246668,16190.11
6, 104018.0,0.6948940543752578,0.6581286951168355,-0.8317460740870789,-0.6125275437631839,15906.29
18, 104019.0,0.11986483978197071,0.3337102894758653,-0.8317460740870789,1.1694571646246668,20970.98
0, 104020.0,-0.16764976751467284,0.7189571461745176,0.3488170515096455,1.1694571646246668,37779.29
4, 104021.0,-0.8864362857562816,1.3069655063987753,0.3488170515096455,-0.6125275437631839,15967.26
3, 104022.0,0.7667727061994186,-0.2745742211009533,1.5293801771063698,1.1694571646246668,21250.65
2, 104023.0,1.1261659653202232,-1.3086578890815446,0.3488170515096455,-0.6125275437631839,14864.63
0, 104024.0,-0.5989216784596382,-0.11236501828046822,0.3488170515096455,1.1694571646246668,30744.84
0, 104025.0,-0.38328572298715546,1.1447563035782908,-0.8317460740870789,1.1694571646246668,27464.43
5, 104026.0,1.5574378762651884,-0.25429807074839245,-0.8317460740870789,-0.6125275437631839,12734.76
5, 104027.0,1.70119517991351,-0.82203028062009,-0.8317460740870789,-0.6125275437631839,8770.08
3, 104028.0,1.1261659653202232,0.1106726355976989,1.5293801771063698,1.1694571646246668,22555.67
13, 104029.0,-0.8145576339321208,-0.7206495288572868,-0.8317460740870789,-0.6125275437631839,26503.73
4, 104030.0,-1.6771014558220514,1.3677939574564566,0.3488170515096455,-0.6125275437631839,31377.72
15, 104031.0,0.04798618795780982,0.8406140482898815,0.3488170515096455,-0.6125275437631839,15870.25
15, 104032.0,0.19174349160613158,1.4286224085141392,0.3488170515096455,-0.6125275437631839,31014.17
13, 104033.0,-0.7426789821079599,-0.3151265218060744,-0.8317460740870789,-0.6125275437631839,8277.39
1, 104034.0,-0.4551643748113164,-0.9031348820303321,1.5293801771063698,1.1694571646246668,17130.38
7, 104035.0,-0.7426789821079599,-1.2072771373187414,0.3488170515096455,-0.6125275437631839,28164.27
14, 104036.0,-0.9583149375804426,0.6784048454693957,-0.8317460740870789,-0.6125275437631839,11603.97
10, 104037.0,-0.16764976751467284,-0.2745742211009533,-0.8317460740870789,-0.6125275437631839,34398.41
8, 104038.0,-0.4551643748113164,-0.4165072735688775,1.5293801771063698,-0.6125275437631839,29064.74
17, 104039.0,-0.09577111569051194,-1.795285497543,-0.8317460740870789,-0.6125275437631839,7511.93
4, 104040.0,-1.1739508930529252,2.3816014750844876,0.3488170515096455,1.1694571646246668,26461.02
16, 104041.0,-1.1739508930529252,0.4756433419437895,0.3488170515096455,-0.6125275437631839,10214.19
18, 104042.0,0.04798618795780982,0.41481489088610823,-0.8317460740870789,1.1694571646246668,30006.36
0, 104043.0,-1.1020722412287642,0.04984418454001689,0.3488170515096455,1.1694571646246668,14096.46
15, 104044.0,0.8386513580235796,2.1991161219114423,0.3488170515096455,-0.6125275437631839,24810.19
16, 104045.0,-1.6052228039978906,-0.010984266517665113,0.3488170515096455,-0.6125275437631839,8423.87
3, 104046.0,0.6230154025510969,-0.9842394834405751,1.5293801771063698,1.1694571646246668,20789.92
8, 104047.0,-0.3114070711629946,-1.1058963855559383,1.5293801771063698,-0.6125275437631839,31701.81
6, 104048.0,0.551136750726936,0.4756433419437895,-0.8317460740870789,-0.6125275437631839,26277.2
12, 104049.0,0.19174349160613158,0.2728818384181833,0.3488170515096455,-0.6125275437631839,18225.29
4, 104050.0,-0.3114070711629946,0.7392332965270777,0.3488170515096455,-0.6125275437631839,20334.23
1, 104051.0,-0.670800330283799,-1.4303147911969085,1.5293801771063698,1.1694571646246668,15900.42
0, 104052.0,-1.2458295448770862,0.29315798877074417,0.3488170515096455,1.1694571646246668,14746.82
14, 104053.0,-1.317708196701247,2.3004968736742453,-0.8317460740870789,-0.6125275437631839,9905.54
16, 104054.0,-1.2458295448770862,-0.8017541302675291,0.3488170515096455,-0.6125275437631839,30665.11
8, 104055.0,-0.5270430266354773,-0.9639633330880142,1.5293801771063698,-0.6125275437631839,32403.14
18, 104056.0,-0.16764976751467284,1.1650324539308503,0.3488170515096455,1.1694571646246668,19805.6
10, 104057.0,0.2636221434302925,-0.5178880253316807,-0.8317460740870789,-0.6125275437631839,14888.33
13, 104058.0,-0.5270430266354773,-0.25429807074839245,-0.8317460740870789,-0.6125275437631839,14639.01
15, 104059.0,0.9824086616719013,1.773316964507669,0.3488170515096455,-0.6125275437631839,32179.13
12, 104060.0,1.1261659653202232,-0.010984266517665113,0.3488170515096455,-0.6125275437631839,11856.85
2, 104061.0,0.6948940543752578,-1.3289340394341054,2.709943302703094,-0.6125275437631839,21345.98
16, 104062.0,-0.16764976751467284,-0.5381641756842416,0.3488170515096455,-0.6125275437631839,15918.34
6, 104063.0,1.6293165280893493,0.7392332965270777,-0.8317460740870789,-0.6125275437631839,16138.44
17, 104064.0,-0.23952841933883373,-1.3492101897866664,-0.8317460740870789,-0.6125275437631839,18377.3
0, 104065.0,-1.6771014558220514,0.4959194922963504,0.3488170515096455,1.1694571646246668,16445.96
0, 104066.0,-0.9583149375804426,-0.09208886792790731,-0.8317460740870789,1.1694571646246668,13862.92
15, 104067.0,1.1261659653202232,0.7392332965270777,0.3488170515096455,-0.6125275437631839,16969.96
16, 104068.0,-0.5989216784596382,-1.0653440848508173,0.3488170515096455,-0.6125275437631839,27385.89
16, 104069.0,-0.7426789821079599,0.009291883834895796,0.3488170515096455,-0.6125275437631839,18207.55
7, 104070.0,-1.4614655003495687,-0.882858731677772,-0.8317460740870789,-0.6125275437631839,10993.56
12, 104071.0,0.7667727061994186,-1.0247917841456962,0.3488170515096455,-0.6125275437631839,27264.81
16, 104072.0,-1.317708196701247,0.04984418454001689,0.3488170515096455,-0.6125275437631839,9711.65
18, 104073.0,0.2636221434302925,0.9217186497001237,-0.8317460740870789,1.1694571646246668,15980.7
19, 104074.0,0.19174349160613158,-0.35567882251119554,1.5293801771063698,-0.6125275437631839,27275.37
14, 104075.0,-1.4614655003495687,2.0571830694435187,-0.8317460740870789,-0.6125275437631839,9865.05
1, 104076.0,-1.6771014558220514,-0.6192687770944837,0.3488170515096455,1.1694571646246668,24087.34
18, 104077.0,1.198044617144384,0.9014424993475628,-0.8317460740870789,1.1694571646246668,20358.67
1, 104078.0,-1.6052228039978906,-0.7612018295624079,1.5293801771063698,1.1694571646246668,15359.55
7, 104079.0,-1.317708196701247,-1.1870009869661813,-0.8317460740870789,-0.6125275437631839,14443.94
17, 104080.0,0.2636221434302925,-1.6128001443699538,-0.8317460740870789,-0.6125275437631839,23835.01
16, 104081.0,-0.670800330283799,-0.25429807074839245,0.3488170515096455,-0.6125275437631839,17775.19
4, 104082.0,-0.3114070711629946,1.0433755518154877,0.3488170515096455,-0.6125275437631839,13303.48
1, 104083.0,-1.6052228039978906,-2.058875452126288,0.3488170515096455,1.1694571646246668,29548.72
16, 104084.0,-0.23952841933883373,-0.35567882251119554,0.3488170515096455,-0.6125275437631839,14133.03
18, 104085.0,0.04798618795780982,0.9014424993475628,0.3488170515096455,1.1694571646246668,14741.23
0, 104086.0,-0.16764976751467284,-0.25429807074839245,0.3488170515096455,1.1694571646246668,13962.04
11, 104087.0,0.6948940543752578,-0.882858731677772,0.3488170515096455,1.1694571646246668,17168.26
3, 104088.0,0.6230154025510969,-0.5989926267419229,1.5293801771063698,1.1694571646246668,33640.31
9, 104089.0,0.2636221434302925,0.9419948000526847,-0.8317460740870789,-0.6125275437631839,13266.01
4, 104090.0,-0.8145576339321208,0.8406140482898815,0.3488170515096455,-0.6125275437631839,10549.53
19, 104091.0,1.4855592244410276,0.7392332965270777,1.5293801771063698,-0.6125275437631839,18930.29
12, 104092.0,0.8386513580235796,-0.82203028062009,0.3488170515096455,-0.6125275437631839,12085.44
3, 104093.0,1.269923268968545,0.8203378979373206,2.709943302703094,1.1694571646246668,27761.89
1, 104094.0,-0.8864362857562816,-1.1870009869661813,0.3488170515096455,1.1694571646246668,21614.7
0, 104095.0,-0.8145576339321208,0.41481489088610823,0.3488170515096455,1.1694571646246668,28935.33
18, 104096.0,-0.023892463866351063,0.6581286951168355,-0.8317460740870789,1.1694571646246668,18488.11
17, 104097.0,-0.23952841933883373,-0.923411032382893,-0.8317460740870789,-0.6125275437631839,11533.6
0, 104098.0,-0.5989216784596382,-0.25429807074839245,0.3488170515096455,1.1694571646246668,16287.57
0, 104099.0,-0.670800330283799,0.5364717930014715,0.3488170515096455,1.1694571646246668,16554.02
16, 104100.0,-0.023892463866351063,0.4756433419437895,0.3488170515096455,-0.6125275437631839,25363.29
10, 104101.0,-0.09577111569051194,-0.35567882251119554,-0.8317460740870789,-0.6125275437631839,7927.1
14, 104102.0,-1.317708196701247,0.6175763944117144,-0.8317460740870789,-0.6125275437631839,6137.65
16, 104103.0,-1.6771014558220514,0.009291883834895796,0.3488170515096455,-0.6125275437631839,17449.58
4, 104104.0,-0.09577111569051194,1.225860904988533,0.3488170515096455,-0.6125275437631839,20154.18
11, 104105.0,0.33550079525445337,-1.714180896132757,0.3488170515096455,1.1694571646246668,27781.92
9, 104106.0,-0.5270430266354773,1.104204002873169,-0.8317460740870789,-0.6125275437631839,21142.72
6, 104107.0,1.1261659653202232,0.4350910412386684,-0.8317460740870789,-0.6125275437631839,19548.21
5, 104108.0,1.198044617144384,-1.5316955429597117,-0.8317460740870789,-0.6125275437631839,12570.55
17, 104109.0,-0.3114070711629946,-0.9842394834405751,-0.8317460740870789,-0.6125275437631839,13754.06
10, 104110.0,-0.38328572298715546,-0.7409256792098478,-0.8317460740870789,-0.6125275437631839,25059.2
19, 104111.0,1.3418019207927057,0.9622709504052441,1.5293801771063698,-0.6125275437631839,33872.43
13, 104112.0,-1.2458295448770862,-0.3151265218060744,-0.8317460740870789,-0.6125275437631839,12432.76
1, 104113.0,-0.670800330283799,-0.17319346933815022,1.5293801771063698,2.951441873012518,22796.14
11, 104114.0,1.3418019207927057,-0.6598210777996049,-0.8317460740870789,1.1694571646246668,26961.38
0, 104115.0,-1.6771014558220514,1.104204002873169,-0.8317460740870789,2.951441873012518,15649.06
16, 104116.0,-0.09577111569051194,-0.9436871827354539,0.3488170515096455,-0.6125275437631839,23792.66
6, 104117.0,1.5574378762651884,1.7935931148602298,-0.8317460740870789,-0.6125275437631839,28818.73
14, 104118.0,-0.8864362857562816,0.7189571461745176,-0.8317460740870789,-0.6125275437631839,8620.51
13, 104119.0,-1.0301935894046035,0.3337102894758653,-0.8317460740870789,-0.6125275437631839,27197.76
17, 104120.0,1.198044617144384,-2.3630177074146976,-0.8317460740870789,-0.6125275437631839,13893.8
18, 104121.0,1.70119517991351,0.7797855972321988,-0.8317460740870789,2.951441873012518,20111.81
18, 104122.0,0.2636221434302925,0.09039648524513799,0.3488170515096455,1.1694571646246668,14970.76
14, 104123.0,-0.8864362857562816,0.9014424993475628,-0.8317460740870789,-0.6125275437631839,18363.93
3, 104124.0,0.7667727061994186,-0.5381641756842416,2.709943302703094,1.1694571646246668,25038.92
18, 104125.0,-0.023892463866351063,0.8406140482898815,0.3488170515096455,1.1694571646246668,28185.94
12, 104126.0,0.9824086616719013,0.29315798877074417,0.3488170515096455,-0.6125275437631839,17200.82
19, 104127.0,1.3418019207927057,0.19177723700794108,2.709943302703094,-0.6125275437631839,28857.01
15, 104128.0,0.33550079525445337,2.016630768738397,1.5293801771063698,-0.6125275437631839,15745.89
5, 104129.0,1.1261659653202232,-0.2745742211009533,-0.8317460740870789,-0.6125275437631839,15761.6
0, 104130.0,-1.0301935894046035,0.5364717930014715,0.3488170515096455,1.1694571646246668,26218.05
13, 104131.0,-0.8145576339321208,0.5364717930014715,-0.8317460740870789,-0.6125275437631839,7176.65
14, 104132.0,-1.1739508930529252,2.0369069190909577,-0.8317460740870789,-0.6125275437631839,17676.05
5, 104133.0,1.5574378762651884,-0.923411032382893,-0.8317460740870789,-0.6125275437631839,18808.55
17, 104134.0,-0.023892463866351063,-2.0183231514211664,-0.8317460740870789,-0.6125275437631839,11145.21
13, 104135.0,-1.1739508930529252,-0.21374577004327133,-0.8317460740870789,-0.6125275437631839,5520.11
0, 104136.0,-1.6771014558220514,0.6175763944117144,-0.8317460740870789,1.1694571646246668,19706.77
10, 104137.0,0.19174349160613158,-0.07181271757534712,-0.8317460740870789,-0.6125275437631839,11599.85
14, 104138.0,-1.2458295448770862,0.8406140482898815,-0.8317460740870789,-0.6125275437631839,11842.59
11, 104139.0,1.198044617144384,-1.0045156337931354,-0.8317460740870789,2.951441873012518,20202.55
10, 104140.0,0.6230154025510969,0.1715010866553802,-0.8317460740870789,-0.6125275437631839,21881.86
10, 104141.0,0.33550079525445337,0.3539864398284262,-0.8317460740870789,-0.6125275437631839,16517.75
7, 104142.0,-0.8145576339321208,-1.81556164789556,-0.8317460740870789,-0.6125275437631839,7818.39
18, 104143.0,1.4136805726168666,0.3945387405335473,0.3488170515096455,1.1694571646246668,38772.08
4, 104144.0,-1.1739508930529252,3.4359612934176402,1.5293801771063698,-0.6125275437631839,23626.28
13, 104145.0,-1.5333441521737297,-0.21374577004327133,-0.8317460740870789,-0.6125275437631839,12146.32
0, 104146.0,-1.0301935894046035,-0.17319346933815022,-0.8317460740870789,1.1694571646246668,31554.47
1, 104147.0,-1.6771014558220514,0.2728818384181833,1.5293801771063698,2.951441873012518,19325.35
0, 104148.0,-1.2458295448770862,0.5567479433540324,0.3488170515096455,1.1694571646246668,14902.49
6, 104149.0,1.0542873134960622,0.13094878595025908,-0.8317460740870789,-0.6125275437631839,13722.79
13, 104150.0,-1.317708196701247,-0.6598210777996049,-0.8317460740870789,-0.6125275437631839,11084.16
11, 104151.0,1.1261659653202232,-0.25429807074839245,0.3488170515096455,1.1694571646246668,21367.25
10, 104152.0,0.19174349160613158,-0.33540267215863534,-0.8317460740870789,-0.6125275437631839,9493.23
12, 104153.0,1.6293165280893493,0.2526056880656231,0.3488170515096455,-0.6125275437631839,19735.97
3, 104154.0,0.551136750726936,0.8000617475847597,1.5293801771063698,1.1694571646246668,22017.79
10, 104155.0,0.2636221434302925,0.3134341391233051,-0.8317460740870789,-0.6125275437631839,14806.31
16, 104156.0,-0.09577111569051194,0.1715010866553802,0.3488170515096455,-0.6125275437631839,16230.57
0, 104157.0,-0.3114070711629946,0.29315798877074417,0.3488170515096455,1.1694571646246668,23683.79
6, 104158.0,1.0542873134960622,0.4959194922963504,-0.8317460740870789,-0.6125275437631839,18064.68
11, 104159.0,1.4136805726168666,-0.4570595742739986,0.3488170515096455,2.951441873012518,15667.56
13, 104160.0,-1.317708196701247,-0.21374577004327133,-0.8317460740870789,-0.6125275437631839,6061.82
7, 104161.0,-1.1020722412287642,-0.9639633330880142,-0.8317460740870789,-0.6125275437631839,22353.99
12, 104162.0,0.40737944707861423,-0.882858731677772,0.3488170515096455,-0.6125275437631839,16406.48
10, 104163.0,0.8386513580235796,0.04984418454001689,-0.8317460740870789,-0.6125275437631839,13243.89
13, 104164.0,-0.7426789821079599,-0.13264116863302913,-0.8317460740870789,-0.6125275437631839,19576.21
6, 104165.0,0.8386513580235796,0.9014424993475628,-0.8317460740870789,-0.6125275437631839,11822.33
2, 104166.0,1.5574378762651884,-1.734457046485318,0.3488170515096455,-0.6125275437631839,32675.09
3, 104167.0,0.8386513580235796,-0.11236501828046822,1.5293801771063698,1.1694571646246668,24017.48
9, 104168.0,-0.23952841933883373,0.982547100757805,-0.8317460740870789,-0.6125275437631839,3853.69
5, 104169.0,1.0542873134960622,-0.7409256792098478,-0.8317460740870789,-0.6125275437631839,11708.81
9, 104170.0,0.551136750726936,2.158563821206322,-0.8317460740870789,-0.6125275437631839,29078.41
8, 104171.0,-1.389586848525408,-0.9031348820303321,1.5293801771063698,-0.6125275437631839,24036.95
6, 104172.0,1.269923268968545,0.3134341391233051,-0.8317460740870789,-0.6125275437631839,16413.28
16, 104173.0,-0.670800330283799,-0.9639633330880142,0.3488170515096455,-0.6125275437631839,7224.47
10, 104174.0,0.19174349160613158,-0.4165072735688775,-0.8317460740870789,-0.6125275437631839,7580.67
19, 104175.0,1.4855592244410276,-0.11236501828046822,1.5293801771063698,-0.6125275437631839,17183.11
14, 104176.0,-1.6771014558220514,0.7797855972321988,-0.8317460740870789,-0.6125275437631839,10956.67
13, 104177.0,-0.670800330283799,0.41481489088610823,-0.8317460740870789,-0.6125275437631839,10199.25
4, 104178.0,-0.38328572298715546,1.5097270099243814,1.5293801771063698,-0.6125275437631839,21879.75
5, 104179.0,1.1261659653202232,-0.9842394834405751,-0.8317460740870789,-0.6125275437631839,25843.22
11, 104180.0,1.4136805726168666,-0.2948503714535135,-0.8317460740870789,1.1694571646246668,14312.64
0, 104181.0,-1.6052228039978906,0.8406140482898815,-0.8317460740870789,1.1694571646246668,24434.48
15, 104182.0,0.11986483978197071,0.860890198642441,0.3488170515096455,-0.6125275437631839,23986.12
14, 104183.0,-0.7426789821079599,2.1991161219114423,-0.8317460740870789,-0.6125275437631839,11193.53
18, 104184.0,0.551136750726936,0.9217186497001237,-0.8317460740870789,1.1694571646246668,14788.32
1, 104185.0,-0.3114070711629946,-1.714180896132757,1.5293801771063698,1.1694571646246668,15706.29
1, 104186.0,-1.1739508930529252,-0.5787164763893626,1.5293801771063698,1.1694571646246668,21627.01
17, 104187.0,-0.4551643748113164,-1.3086578890815446,-0.8317460740870789,-0.6125275437631839,8193.18
16, 104188.0,-0.8145576339321208,-0.7003733785047259,0.3488170515096455,-0.6125275437631839,21360.29
15, 104189.0,0.6948940543752578,0.7797855972321988,0.3488170515096455,-0.6125275437631839,15215.25
14, 104190.0,-1.317708196701247,1.1650324539308503,-0.8317460740870789,-0.6125275437631839,8350.66
12, 104191.0,0.6230154025510969,-0.3151265218060744,0.3488170515096455,-0.6125275437631839,16731.32
12, 104192.0,1.0542873134960622,-0.6192687770944837,0.3488170515096455,-0.6125275437631839,9867.12
7, 104193.0,-0.8864362857562816,-1.2275532876713025,-0.8317460740870789,1.1694571646246668,16616.7
0, 104194.0,-0.09577111569051194,0.7189571461745176,-0.8317460740870789,1.1694571646246668,10722.82
15, 104195.0,1.5574378762651884,0.5161956426489113,0.3488170515096455,-0.6125275437631839,22328.73
0, 104196.0,-0.5989216784596382,-0.5787164763893626,-0.8317460740870789,2.951441873012518,21421.2
0, 104197.0,-1.6052228039978906,0.4350910412386684,-0.8317460740870789,1.1694571646246668,16269.07
3, 104198.0,-0.5270430266354773,0.04984418454001689,1.5293801771063698,1.1694571646246668,23204.84
0, 104199.0,-1.6771014558220514,-0.19346961969071041,-0.8317460740870789,1.1694571646246668,13036.45
18, 104200.0,1.4136805726168666,1.9558023176807158,-0.8317460740870789,1.1694571646246668,20466.05
9, 104201.0,0.40737944707861423,0.7797855972321988,-0.8317460740870789,-0.6125275437631839,17824.89
11, 104202.0,1.198044617144384,-0.882858731677772,0.3488170515096455,2.951441873012518,24940.1
14, 104203.0,-1.5333441521737297,1.12448015322573,-0.8317460740870789,-0.6125275437631839,11016.31
4, 104204.0,-1.317708196701247,0.7797855972321988,1.5293801771063698,-0.6125275437631839,13994.54
3, 104205.0,0.11986483978197071,-0.35567882251119554,1.5293801771063698,1.1694571646246668,20133.85
1, 104206.0,-1.6052228039978906,-0.6192687770944837,2.709943302703094,1.1694571646246668,20307.9
6, 104207.0,1.5574378762651884,1.0230994014629269,-0.8317460740870789,-0.6125275437631839,16580.06
18, 104208.0,1.269923268968545,0.13094878595025908,0.3488170515096455,1.1694571646246668,17942.94
5, 104209.0,1.3418019207927057,-0.3962311232163166,-0.8317460740870789,-0.6125275437631839,21693.15
12, 104210.0,1.4855592244410276,0.1715010866553802,0.3488170515096455,-0.6125275437631839,10024.92
4, 104211.0,-1.389586848525408,1.12448015322573,1.5293801771063698,1.1694571646246668,30957.61
16, 104212.0,-1.6052228039978906,-0.8423064309726509,0.3488170515096455,-0.6125275437631839,15379.71
16, 104213.0,-0.8864362857562816,-0.09208886792790731,0.3488170515096455,-0.6125275437631839,16807.41
11, 104214.0,0.551136750726936,-0.19346961969071041,-0.8317460740870789,1.1694571646246668,9785.96
5, 104215.0,0.9105300098477405,-1.0045156337931354,-0.8317460740870789,-0.6125275437631839,24890.2
16, 104216.0,-1.389586848525408,0.4350910412386684,0.3488170515096455,-0.6125275437631839,25020.49
1, 104217.0,-1.6771014558220514,0.41481489088610823,1.5293801771063698,2.951441873012518,20817.92
3, 104218.0,1.198044617144384,0.7595094468796386,1.5293801771063698,1.1694571646246668,38799.33
17, 104219.0,-0.09577111569051194,-1.0856202352033781,-0.8317460740870789,-0.6125275437631839,15559.14
15, 104220.0,1.269923268968545,2.361325324731928,1.5293801771063698,-0.6125275437631839,33411.5
0, 104221.0,-1.1020722412287642,1.327241656751336,0.3488170515096455,1.1694571646246668,13720.89
5, 104222.0,0.6230154025510969,-1.0653440848508173,-0.8317460740870789,-0.6125275437631839,12751.11
11, 104223.0,-0.4551643748113164,-0.8423064309726509,-0.8317460740870789,1.1694571646246668,12767.36
17, 104224.0,-0.023892463866351063,-2.2616369556518943,-0.8317460740870789,-0.6125275437631839,1637.03
1, 104225.0,-0.7426789821079599,-0.4165072735688775,0.3488170515096455,1.1694571646246668,15860.61
19, 104226.0,0.8386513580235796,-0.5787164763893626,2.709943302703094,-0.6125275437631839,18441.62
19, 104227.0,0.6230154025510969,-0.2745742211009533,2.709943302703094,-0.6125275437631839,17903.2
3, 104228.0,0.9824086616719013,0.3539864398284262,1.5293801771063698,1.1694571646246668,20100.34
6, 104229.0,1.4855592244410276,0.09039648524513799,-0.8317460740870789,-0.6125275437631839,13200.93
12, 104230.0,0.40737944707861423,0.3539864398284262,0.3488170515096455,-0.6125275437631839,11718.03
11, 104231.0,0.11986483978197071,0.04984418454001689,-0.8317460740870789,1.1694571646246668,17767.66
11, 104232.0,0.8386513580235796,-2.2210846549467727,0.3488170515096455,1.1694571646246668,16553.53
18, 104233.0,-0.023892463866351063,1.0433755518154877,-0.8317460740870789,1.1694571646246668,14647.87
16, 104234.0,-0.5989216784596382,0.4756433419437895,0.3488170515096455,-0.6125275437631839,28060.67
5, 104235.0,1.4136805726168666,0.07012033489257707,-0.8317460740870789,-0.6125275437631839,11569.64
18, 104236.0,0.7667727061994186,0.212053387360502,0.3488170515096455,1.1694571646246668,19563.62
5, 104237.0,1.6293165280893493,-0.47733572462655954,-0.8317460740870789,-0.6125275437631839,11099.76
12, 104238.0,1.269923268968545,-0.17319346933815022,0.3488170515096455,-0.6125275437631839,17802.76
8, 104239.0,-1.4614655003495687,-1.1058963855559383,1.5293801771063698,-0.6125275437631839,23398.6
17, 104240.0,0.11986483978197071,-1.5925239940173936,0.3488170515096455,-0.6125275437631839,13082.77
3, 104241.0,1.6293165280893493,-0.49761187497911974,1.5293801771063698,1.1694571646246668,20897.56
1, 104242.0,-1.1020722412287642,-0.6598210777996049,1.5293801771063698,1.1694571646246668,19996.35
13, 104243.0,-1.1020722412287642,-0.33540267215863534,-0.8317460740870789,-0.6125275437631839,11061.99
17, 104244.0,-0.3114070711629946,-2.4441223088249395,-0.8317460740870789,-0.6125275437631839,7524.95
3, 104245.0,-0.23952841933883373,0.6986809958219566,2.709943302703094,1.1694571646246668,19689.87
17, 104246.0,-0.023892463866351063,-1.045067934498257,-0.8317460740870789,-0.6125275437631839,7339.99
1, 104247.0,-0.5989216784596382,-0.5381641756842416,0.3488170515096455,1.1694571646246668,25822.69
6, 104248.0,1.269923268968545,1.5300031602769424,-0.8317460740870789,-0.6125275437631839,18485.19
16, 104249.0,-0.23952841933883373,-0.862582581325211,0.3488170515096455,-0.6125275437631839,26680.37
15, 104250.0,0.551136750726936,2.0774592197960784,1.5293801771063698,-0.6125275437631839,22195.57
14, 104251.0,-1.2458295448770862,1.4894508595718206,-0.8317460740870789,-0.6125275437631839,12067.36
11, 104252.0,1.198044617144384,-1.3897624904917876,-0.8317460740870789,1.1694571646246668,37685.7
1, 104253.0,-1.317708196701247,-0.6800972281521658,0.3488170515096455,1.1694571646246668,32714.62
9, 104254.0,0.04798618795780982,1.104204002873169,-0.8317460740870789,-0.6125275437631839,15153.75
6, 104255.0,1.0542873134960622,0.860890198642441,-0.8317460740870789,-0.6125275437631839,30509.34
19, 104256.0,-0.09577111569051194,0.09039648524513799,1.5293801771063698,-0.6125275437631839,15522.34
14, 104257.0,-1.0301935894046035,1.4894508595718206,-0.8317460740870789,-0.6125275437631839,11909.52
2, 104258.0,1.70119517991351,-2.4441223088249395,0.3488170515096455,-0.6125275437631839,22085.73
10, 104259.0,0.6230154025510969,-0.3962311232163166,-0.8317460740870789,-0.6125275437631839,9704.43
10, 104260.0,0.19174349160613158,0.029568034187455985,-0.8317460740870789,-0.6125275437631839,12514.49
9, 104261.0,-0.3114070711629946,0.5770240937065926,-0.8317460740870789,-0.6125275437631839,16581.52
18, 104262.0,1.1261659653202232,1.3069655063987753,0.3488170515096455,1.1694571646246668,24226.05
2, 104263.0,0.7667727061994186,-2.058875452126288,0.3488170515096455,-0.6125275437631839,15684.41
19, 104264.0,0.6230154025510969,1.4083462581615784,1.5293801771063698,-0.6125275437631839,19998.28
17, 104265.0,-0.23952841933883373,-1.0856202352033781,-0.8317460740870789,-0.6125275437631839,8875.58
6, 104266.0,1.269923268968545,0.4553671915912293,-0.8317460740870789,-0.6125275437631839,16618.5
6, 104267.0,0.8386513580235796,1.5300031602769424,-0.8317460740870789,-0.6125275437631839,11931.02
13, 104268.0,-0.9583149375804426,-0.82203028062009,-0.8317460740870789,-0.6125275437631839,16080.74
4, 104269.0,-0.8145576339321208,0.5567479433540324,1.5293801771063698,-0.6125275437631839,23486.36
15, 104270.0,1.198044617144384,0.860890198642441,0.3488170515096455,-0.6125275437631839,16718.81
7, 104271.0,-1.1739508930529252,-1.2478294380238633,0.3488170515096455,-0.6125275437631839,15929.39
1, 104272.0,-1.2458295448770862,-2.1805323542416515,1.5293801771063698,1.1694571646246668,15361.27
9, 104273.0,0.551136750726936,1.0839278525206082,-0.8317460740870789,-0.6125275437631839,16173.33
10, 104274.0,0.33550079525445337,-0.11236501828046822,-0.8317460740870789,-0.6125275437631839,23376.62
8, 104275.0,0.11986483978197071,-0.82203028062009,1.5293801771063698,-0.6125275437631839,13807.74
19, 104276.0,0.19174349160613158,0.9014424993475628,1.5293801771063698,-0.6125275437631839,17834.97
6, 104277.0,1.3418019207927057,0.9217186497001237,-0.8317460740870789,-0.6125275437631839,12279.43
11, 104278.0,-0.5270430266354773,-1.0247917841456962,-0.8317460740870789,1.1694571646246668,18063.63
15, 104279.0,0.9105300098477405,0.9622709504052441,0.3488170515096455,-0.6125275437631839,13110.48
18, 104280.0,1.269923268968545,2.9493336849561858,-0.8317460740870789,1.1694571646246668,33065.6
5, 104281.0,1.70119517991351,-0.19346961969071041,-0.8317460740870789,-0.6125275437631839,26561.87
13, 104282.0,-0.9583149375804426,-0.35567882251119554,-0.8317460740870789,-0.6125275437631839,20065.9
15, 104283.0,1.70119517991351,1.7124885134499876,1.5293801771063698,-0.6125275437631839,32988.15
9, 104284.0,-0.023892463866351063,2.6046391289626545,-0.8317460740870789,-0.6125275437631839,37037.62
4, 104285.0,-0.9583149375804426,1.0636517021680472,0.3488170515096455,-0.6125275437631839,21972.39
11, 104286.0,0.9105300098477405,-0.21374577004327133,-0.8317460740870789,1.1694571646246668,16442.16
9, 104287.0,0.11986483978197071,0.8811663489950019,-0.8317460740870789,-0.6125275437631839,24775.97
9, 104288.0,-0.23952841933883373,0.4350910412386684,-0.8317460740870789,-0.6125275437631839,33626.33
0, 104289.0,-1.5333441521737297,0.2728818384181833,-0.8317460740870789,1.1694571646246668,13816.49
7, 104290.0,-1.317708196701247,-1.4100386408443477,0.3488170515096455,-0.6125275437631839,16516.74
11, 104291.0,0.2636221434302925,-1.3492101897866664,-0.8317460740870789,1.1694571646246668,21871.58
16, 104292.0,-0.8145576339321208,-0.2948503714535135,0.3488170515096455,-0.6125275437631839,15932.34
11, 104293.0,0.8386513580235796,-0.4165072735688775,-0.8317460740870789,1.1694571646246668,18650.81
3, 104294.0,-0.38328572298715546,-0.010984266517665113,1.5293801771063698,1.1694571646246668,27821.21
10, 104295.0,0.40737944707861423,-0.2745742211009533,-0.8317460740870789,-0.6125275437631839,17897.21
18, 104296.0,0.6948940543752578,0.29315798877074417,-0.8317460740870789,1.1694571646246668,13977.3
10, 104297.0,0.19174349160613158,0.3337102894758653,-0.8317460740870789,-0.6125275437631839,5191.22
1, 104298.0,-1.389586848525408,-2.4441223088249395,0.3488170515096455,1.1694571646246668,16136.17
15, 104299.0,1.269923268968545,0.4350910412386684,0.3488170515096455,-0.6125275437631839,16493.46
3, 104300.0,0.6948940543752578,-0.23402192039583222,1.5293801771063698,2.951441873012518,19661.92
12, 104301.0,0.33550079525445337,-0.7206495288572868,0.3488170515096455,-0.6125275437631839,23330.59
12, 104302.0,0.9105300098477405,-0.37595497286375645,0.3488170515096455,-0.6125275437631839,15880.81
18, 104303.0,0.9105300098477405,1.2055847546359721,0.3488170515096455,1.1694571646246668,38564.44
8, 104304.0,-1.2458295448770862,-0.7814779799149688,1.5293801771063698,-0.6125275437631839,30436.8
16, 104305.0,-0.5989216784596382,-0.03126041687022602,0.3488170515096455,-0.6125275437631839,12356.71
5, 104306.0,1.70119517991351,-1.6330762947225148,-0.8317460740870789,-0.6125275437631839,13934.63
5, 104307.0,0.8386513580235796,-1.2681055883764234,-0.8317460740870789,-0.6125275437631839,13474.4
4, 104308.0,-0.8864362857562816,0.7797855972321988,0.3488170515096455,-0.6125275437631839,13291.34
8, 104309.0,-1.6771014558220514,-0.11236501828046822,1.5293801771063698,-0.6125275437631839,18055.86
3, 104310.0,1.198044617144384,0.3742625901809864,1.5293801771063698,1.1694571646246668,24972.23
8, 104311.0,-1.389586848525408,-1.4100386408443477,1.5293801771063698,-0.6125275437631839,22787.04
10, 104312.0,-0.09577111569051194,-0.25429807074839245,-0.8317460740870789,-0.6125275437631839,9421.59
14, 104313.0,-1.1020722412287642,0.8406140482898815,-0.8317460740870789,-0.6125275437631839,8502.14
1, 104314.0,-0.09577111569051194,-1.0856202352033781,0.3488170515096455,1.1694571646246668,10165.77
0, 104315.0,-0.3114070711629946,0.5770240937065926,-0.8317460740870789,1.1694571646246668,15333.29
11, 104316.0,0.9824086616719013,-1.5316955429597117,-0.8317460740870789,1.1694571646246668,34624.52
10, 104317.0,-0.023892463866351063,-0.19346961969071041,-0.8317460740870789,-0.6125275437631839,14091.87
10, 104318.0,0.04798618795780982,-0.862582581325211,-0.8317460740870789,-0.6125275437631839,25743.14
9, 104319.0,-0.09577111569051194,0.8203378979373206,-0.8317460740870789,-0.6125275437631839,11821.17
7, 104320.0,-1.317708196701247,-1.5519716933122727,-0.8317460740870789,-0.6125275437631839,13107.75
10, 104321.0,-0.3114070711629946,-0.5178880253316807,-0.8317460740870789,-0.6125275437631839,11184.79
0, 104322.0,-0.670800330283799,-0.2745742211009533,0.3488170515096455,1.1694571646246668,16916.72
4, 104323.0,-0.5270430266354773,0.6378525447642746,0.3488170515096455,-0.6125275437631839,18515.53
0, 104324.0,-0.16764976751467284,0.5567479433540324,0.3488170515096455,1.1694571646246668,15591.04
18, 104325.0,0.33550079525445337,0.7595094468796386,0.3488170515096455,1.1694571646246668,14829.88
5, 104326.0,0.9105300098477405,-1.3289340394341054,-0.8317460740870789,-0.6125275437631839,12032.04
14, 104327.0,-0.670800330283799,0.9014424993475628,-0.8317460740870789,-0.6125275437631839,12187.81
3, 104328.0,0.6948940543752578,-0.33540267215863534,2.709943302703094,2.951441873012518,30521.26
4, 104329.0,-1.4614655003495687,2.4627060764947313,0.3488170515096455,-0.6125275437631839,20530.29
10, 104330.0,-0.4551643748113164,-0.05153656722278621,-0.8317460740870789,-0.6125275437631839,8109.74
12, 104331.0,0.9824086616719013,-0.43678342392143843,0.3488170515096455,-0.6125275437631839,30371.2
3, 104332.0,-1.317708196701247,1.6111077616871845,1.5293801771063698,2.951441873012518,24138.18
18, 104333.0,1.4855592244410276,0.8406140482898815,-0.8317460740870789,1.1694571646246668,17041.36
17, 104334.0,0.33550079525445337,-0.882858731677772,-0.8317460740870789,-0.6125275437631839,6730.06
16, 104335.0,-0.23952841933883373,0.3539864398284262,0.3488170515096455,-0.6125275437631839,18281.34
18, 104336.0,0.2636221434302925,0.15122493630282,0.3488170515096455,1.1694571646246668,18492.63
19, 104337.0,1.1261659653202232,2.5235345275524126,3.8905064282998185,-0.6125275437631839,24865.07
10, 104338.0,-0.38328572298715546,0.009291883834895796,-0.8317460740870789,-0.6125275437631839,15782.38
11, 104339.0,0.551136750726936,-0.49761187497911974,-0.8317460740870789,1.1694571646246668,15895.18
11, 104340.0,0.7667727061994186,-0.5178880253316807,0.3488170515096455,1.1694571646246668,18087.94
12, 104341.0,1.6293165280893493,0.41481489088610823,0.3488170515096455,-0.6125275437631839,15002.63
2, 104342.0,1.70119517991351,-1.0653440848508173,0.3488170515096455,-0.6125275437631839,33145.36
3, 104343.0,-1.389586848525408,0.6378525447642746,2.709943302703094,1.1694571646246668,24091.62
2, 104344.0,1.4855592244410276,-1.3694863401392265,1.5293801771063698,-0.6125275437631839,15599.62
5, 104345.0,1.1261659653202232,-0.5989926267419229,-0.8317460740870789,-0.6125275437631839,16844.68
12, 104346.0,0.6230154025510969,-0.17319346933815022,0.3488170515096455,-0.6125275437631839,12009.41
16, 104347.0,-1.4614655003495687,-0.6800972281521658,0.3488170515096455,-0.6125275437631839,12387.12
15, 104348.0,0.551136750726936,1.7935931148602298,0.3488170515096455,-0.6125275437631839,16596.02
16, 104349.0,-0.38328572298715546,0.41481489088610823,0.3488170515096455,-0.6125275437631839,18178.59
16, 104350.0,-0.16764976751467284,-0.010984266517665113,0.3488170515096455,-0.6125275437631839,35649.27
15, 104351.0,0.11986483978197071,0.5364717930014715,0.3488170515096455,-0.6125275437631839,32536.91
3, 104352.0,-1.1020722412287642,-0.9031348820303321,3.8905064282998185,1.1694571646246668,37776.29
13, 104353.0,-1.6052228039978906,-0.05153656722278621,-0.8317460740870789,-0.6125275437631839,10460.03
18, 104354.0,0.9824086616719013,0.5364717930014715,0.3488170515096455,4.733426581400368,19948.59
9, 104355.0,-0.16764976751467284,0.7797855972321988,-0.8317460740870789,-0.6125275437631839,27674.82
11, 104356.0,0.9824086616719013,-0.07181271757534712,-0.8317460740870789,1.1694571646246668,30258.41
9, 104357.0,-0.3114070711629946,0.7797855972321988,-0.8317460740870789,-0.6125275437631839,7488.16
19, 104358.0,0.11986483978197071,0.7189571461745176,1.5293801771063698,-0.6125275437631839,17263.99
6, 104359.0,1.6293165280893493,0.860890198642441,-0.8317460740870789,-0.6125275437631839,12290.92
16, 104360.0,-0.4551643748113164,-0.43678342392143843,0.3488170515096455,-0.6125275437631839,17733.48
1, 104361.0,-1.6771014558220514,-0.3151265218060744,0.3488170515096455,2.951441873012518,31586.26
0, 104362.0,-0.670800330283799,0.982547100757805,-0.8317460740870789,1.1694571646246668,16290.81
2, 104363.0,1.4855592244410276,-1.1870009869661813,0.3488170515096455,-0.6125275437631839,15949.65
3, 104364.0,-0.09577111569051194,-0.8017541302675291,2.709943302703094,1.1694571646246668,27095.13
7, 104365.0,-1.1739508930529252,-1.2478294380238633,0.3488170515096455,-0.6125275437631839,10902.88
0, 104366.0,-1.4614655003495687,0.13094878595025908,0.3488170515096455,1.1694571646246668,23342.33
7, 104367.0,-0.8145576339321208,-1.714180896132757,0.3488170515096455,-0.6125275437631839,16688.68
3, 104368.0,0.551136750726936,0.009291883834895796,1.5293801771063698,1.1694571646246668,33183.05
11, 104369.0,1.0542873134960622,-1.3086578890815446,0.3488170515096455,1.1694571646246668,16888.46
3, 104370.0,0.551136750726936,-0.09208886792790731,1.5293801771063698,1.1694571646246668,37945.36
11, 104371.0,-0.09577111569051194,-0.3962311232163166,0.3488170515096455,1.1694571646246668,17703.59
0, 104372.0,-1.2458295448770862,0.3742625901809864,0.3488170515096455,1.1694571646246668,11143.79
18, 104373.0,0.2636221434302925,2.0774592197960784,0.3488170515096455,2.951441873012518,22561.91
0, 104374.0,-1.1020722412287642,0.6175763944117144,-0.8317460740870789,1.1694571646246668,6386.03
18, 104375.0,0.40737944707861423,0.9014424993475628,0.3488170515096455,1.1694571646246668,15707.77
4, 104376.0,-1.317708196701247,1.225860904988533,0.3488170515096455,-0.6125275437631839,10121.19
6, 104377.0,1.6293165280893493,1.246137055341094,-0.8317460740870789,-0.6125275437631839,18654.13
13, 104378.0,-1.2458295448770862,-0.25429807074839245,-0.8317460740870789,-0.6125275437631839,6373.37
5, 104379.0,1.6293165280893493,-0.09208886792790731,-0.8317460740870789,-0.6125275437631839,10346.86
10, 104380.0,-0.4551643748113164,-0.6192687770944837,-0.8317460740870789,-0.6125275437631839,8995.93
17, 104381.0,0.11986483978197071,-0.9842394834405751,-0.8317460740870789,-0.6125275437631839,12568.69
12, 104382.0,1.269923268968545,0.1106726355976989,0.3488170515096455,-0.6125275437631839,12057.9
12, 104383.0,0.7667727061994186,-0.6800972281521658,0.3488170515096455,-0.6125275437631839,35528.09
16, 104384.0,-0.38328572298715546,-0.47733572462655954,0.3488170515096455,-0.6125275437631839,33272.34
2, 104385.0,0.33550079525445337,-0.9639633330880142,1.5293801771063698,-0.6125275437631839,11568.3
11, 104386.0,0.9105300098477405,-0.8017541302675291,-0.8317460740870789,1.1694571646246668,8633.44
3, 104387.0,0.9105300098477405,0.4959194922963504,1.5293801771063698,1.1694571646246668,22379.16
10, 104388.0,0.19174349160613158,-0.5584403260368017,-0.8317460740870789,-0.6125275437631839,20493.5
10, 104389.0,-0.23952841933883373,-0.6192687770944837,-0.8317460740870789,-0.6125275437631839,9048.9
18, 104390.0,1.3418019207927057,0.860890198642441,0.3488170515096455,2.951441873012518,24279.94
16, 104391.0,-0.8145576339321208,-1.1261725359084993,0.3488170515096455,-0.6125275437631839,18691.75
11, 104392.0,0.6230154025510969,-0.3151265218060744,-0.8317460740870789,1.1694571646246668,39602.73
13, 104393.0,-1.389586848525408,-0.25429807074839245,-0.8317460740870789,-0.6125275437631839,8197.58
13, 104394.0,-0.9583149375804426,-0.010984266517665113,-0.8317460740870789,-0.6125275437631839,6977.96
10, 104395.0,0.40737944707861423,0.009291883834895796,-0.8317460740870789,-0.6125275437631839,22674.86
17, 104396.0,-0.16764976751467284,-0.9436871827354539,-0.8317460740870789,-0.6125275437631839,16568.06
13, 104397.0,-1.4614655003495687,0.41481489088610823,-0.8317460740870789,-0.6125275437631839,20060.3
13, 104398.0,-1.389586848525408,-0.5584403260368017,-0.8317460740870789,-0.6125275437631839,14289.59
18, 104399.0,1.1261659653202232,0.7595094468796386,0.3488170515096455,1.1694571646246668,18676.03
9, 104400.0,0.2636221434302925,2.7871244821357,-0.8317460740870789,-0.6125275437631839,12647.34
9, 104401.0,0.47925809890277515,2.097735370148639,-0.8317460740870789,-0.6125275437631839,15373.17
9, 104402.0,0.04798618795780982,0.7797855972321988,-0.8317460740870789,-0.6125275437631839,12483.3
7, 104403.0,-1.6771014558220514,-1.3492101897866664,-0.8317460740870789,1.1694571646246668,9241.62
4, 104404.0,-0.8145576339321208,0.9217186497001237,0.3488170515096455,-0.6125275437631839,12192.08
6, 104405.0,0.9824086616719013,0.07012033489257707,-0.8317460740870789,-0.6125275437631839,10165.49
19, 104406.0,1.6293165280893493,0.009291883834895796,1.5293801771063698,-0.6125275437631839,20844.15
1, 104407.0,-0.7426789821079599,-2.099427752831409,0.3488170515096455,1.1694571646246668,22436.85
5, 104408.0,0.551136750726936,-0.7409256792098478,-0.8317460740870789,-0.6125275437631839,7742.48
10, 104409.0,-0.023892463866351063,0.04984418454001689,-0.8317460740870789,-0.6125275437631839,14866.73
14, 104410.0,-0.8145576339321208,0.860890198642441,-0.8317460740870789,-0.6125275437631839,16458.05
10, 104411.0,0.04798618795780982,-0.35567882251119554,-0.8317460740870789,-0.6125275437631839,12596.96
15, 104412.0,0.551136750726936,1.4083462581615784,0.3488170515096455,-0.6125275437631839,14023.0
10, 104413.0,0.11986483978197071,-0.3962311232163166,-0.8317460740870789,-0.6125275437631839,8400.39
9, 104414.0,-0.023892463866351063,0.5770240937065926,-0.8317460740870789,-0.6125275437631839,12417.6
18, 104415.0,1.70119517991351,1.5908316113346237,0.3488170515096455,1.1694571646246668,20200.03
16, 104416.0,-0.38328572298715546,-1.1058963855559383,0.3488170515096455,-0.6125275437631839,22988.76
18, 104417.0,-0.16764976751467284,1.4691747092192595,-0.8317460740870789,1.1694571646246668,19549.1
13, 104418.0,-1.2458295448770862,-0.47733572462655954,-0.8317460740870789,-0.6125275437631839,7049.85
7, 104419.0,-0.8864362857562816,-1.1667248366136203,-0.8317460740870789,-0.6125275437631839,19934.84
17, 104420.0,0.11986483978197071,-1.2478294380238633,-0.8317460740870789,-0.6125275437631839,8879.16
14, 104421.0,-0.8864362857562816,1.4083462581615784,-0.8317460740870789,-0.6125275437631839,16013.52
19, 104422.0,-0.09577111569051194,0.5770240937065926,1.5293801771063698,-0.6125275437631839,15610.4
13, 104423.0,-1.6052228039978906,0.029568034187455985,-0.8317460740870789,-0.6125275437631839,14033.84
9, 104424.0,-0.4551643748113164,1.4083462581615784,-0.8317460740870789,-0.6125275437631839,11514.91
11, 104425.0,1.269923268968545,-1.045067934498257,0.3488170515096455,1.1694571646246668,11758.46
7, 104426.0,-1.5333441521737297,-2.1805323542416515,0.3488170515096455,-0.6125275437631839,10881.15
7, 104427.0,-1.4614655003495687,-1.2883817387289844,-0.8317460740870789,-0.6125275437631839,18306.83
2, 104428.0,0.47925809890277515,-1.045067934498257,1.5293801771063698,-0.6125275437631839,16772.33
11, 104429.0,1.70119517991351,-0.47733572462655954,-0.8317460740870789,1.1694571646246668,28636.81
3, 104430.0,0.40737944707861423,-0.2745742211009533,2.709943302703094,1.1694571646246668,29040.84
2, 104431.0,1.3418019207927057,-1.4303147911969085,1.5293801771063698,-0.6125275437631839,37352.52
11, 104432.0,0.6948940543752578,-0.6395449274470446,-0.8317460740870789,1.1694571646246668,13794.53
13, 104433.0,-0.670800330283799,-0.05153656722278621,-0.8317460740870789,-0.6125275437631839,12307.48
5, 104434.0,1.3418019207927057,0.07012033489257707,-0.8317460740870789,-0.6125275437631839,28947.53
4, 104435.0,-1.2458295448770862,1.225860904988533,0.3488170515096455,-0.6125275437631839,14312.11
11, 104436.0,0.6948940543752578,-2.058875452126288,0.3488170515096455,1.1694571646246668,37398.42
5, 104437.0,1.269923268968545,-1.2072771373187414,-0.8317460740870789,-0.6125275437631839,25756.74
4, 104438.0,-0.4551643748113164,0.6581286951168355,0.3488170515096455,-0.6125275437631839,14346.22
18, 104439.0,1.0542873134960622,1.0028232511103659,0.3488170515096455,2.951441873012518,22033.84
3, 104440.0,0.6230154025510969,0.5973002440591535,1.5293801771063698,1.1694571646246668,33041.49
0, 104441.0,-0.7426789821079599,-0.13264116863302913,-0.8317460740870789,1.1694571646246668,23981.19
10, 104442.0,-0.09577111569051194,-0.2948503714535135,-0.8317460740870789,-0.6125275437631839,23554.88
16, 104443.0,-0.670800330283799,-0.3962311232163166,0.3488170515096455,-0.6125275437631839,24744.54
18, 104444.0,0.40737944707861423,0.4553671915912293,0.3488170515096455,1.1694571646246668,13682.08
6, 104445.0,0.7667727061994186,0.3134341391233051,-0.8317460740870789,-0.6125275437631839,12031.76
3, 104446.0,1.198044617144384,0.4553671915912293,1.5293801771063698,1.1694571646246668,21926.44
13, 104447.0,-1.1020722412287642,-0.13264116863302913,-0.8317460740870789,-0.6125275437631839,14079.6
16, 104448.0,-0.7426789821079599,-0.17319346933815022,0.3488170515096455,-0.6125275437631839,15690.6
19, 104449.0,1.4136805726168666,0.4959194922963504,1.5293801771063698,-0.6125275437631839,23004.34
2, 104450.0,0.47925809890277515,-1.876390098953242,0.3488170515096455,-0.6125275437631839,33570.27
10, 104451.0,0.33550079525445337,-0.15291731898558933,-0.8317460740870789,-0.6125275437631839,9048.66
15, 104452.0,1.70119517991351,0.6175763944117144,0.3488170515096455,-0.6125275437631839,18874.37
3, 104453.0,1.3418019207927057,1.3475178071038971,1.5293801771063698,1.1694571646246668,23435.59
18, 104454.0,1.1261659653202232,1.7124885134499876,0.3488170515096455,1.1694571646246668,22669.34
0, 104455.0,-0.670800330283799,0.6986809958219566,-0.8317460740870789,1.1694571646246668,28869.35
7, 104456.0,-0.8145576339321208,-2.0183231514211664,-0.8317460740870789,-0.6125275437631839,13335.83
4, 104457.0,-1.389586848525408,1.7530408141551095,0.3488170515096455,-0.6125275437631839,29249.93
3, 104458.0,1.5574378762651884,0.7797855972321988,1.5293801771063698,1.1694571646246668,23740.26
13, 104459.0,-1.6052228039978906,0.029568034187455985,-0.8317460740870789,-0.6125275437631839,7002.17
2, 104460.0,1.5574378762651884,-0.6192687770944837,1.5293801771063698,-0.6125275437631839,19245.46
4, 104461.0,-0.38328572298715546,1.996354618385836,1.5293801771063698,-0.6125275437631839,22365.32
5, 104462.0,1.70119517991351,-2.2008085045942125,-0.8317460740870789,-0.6125275437631839,22610.05
19, 104463.0,0.551136750726936,0.982547100757805,1.5293801771063698,-0.6125275437631839,24835.8
19, 104464.0,0.04798618795780982,0.1106726355976989,1.5293801771063698,-0.6125275437631839,15457.86
15, 104465.0,1.70119517991351,1.0636517021680472,0.3488170515096455,-0.6125275437631839,23343.27
2, 104466.0,1.70119517991351,-1.0045156337931354,0.3488170515096455,-0.6125275437631839,19739.55
0, 104467.0,-1.1739508930529252,1.3677939574564566,-0.8317460740870789,1.1694571646246668,29689.68
1, 104468.0,-1.1739508930529252,-1.856113948600682,0.3488170515096455,1.1694571646246668,29631.55
18, 104469.0,1.70119517991351,0.15122493630282,0.3488170515096455,1.1694571646246668,19553.42
13, 104470.0,-0.8864362857562816,-0.3151265218060744,-0.8317460740870789,-0.6125275437631839,8790.21
15, 104471.0,-0.023892463866351063,1.246137055341094,0.3488170515096455,-0.6125275437631839,16825.13
15, 104472.0,1.0542873134960622,1.225860904988533,0.3488170515096455,-0.6125275437631839,17337.6
12, 104473.0,1.4136805726168666,0.3134341391233051,0.3488170515096455,-0.6125275437631839,18748.51
14, 104474.0,-1.4614655003495687,0.9217186497001237,-0.8317460740870789,-0.6125275437631839,6831.82
11, 104475.0,1.4855592244410276,-0.05153656722278621,-0.8317460740870789,1.1694571646246668,15594.75
19, 104476.0,0.8386513580235796,0.4959194922963504,2.709943302703094,-0.6125275437631839,19635.46
4, 104477.0,-0.5989216784596382,1.0839278525206082,0.3488170515096455,-0.6125275437631839,17028.49
7, 104478.0,-1.1020722412287642,-1.1464486862610601,-0.8317460740870789,-0.6125275437631839,15096.9
0, 104479.0,-0.4551643748113164,-0.6395449274470446,-0.8317460740870789,1.1694571646246668,21172.97
1, 104480.0,-1.1020722412287642,-0.82203028062009,0.3488170515096455,1.1694571646246668,17950.96
14, 104481.0,-1.389586848525408,0.7797855972321988,-0.8317460740870789,-0.6125275437631839,7068.98
11, 104482.0,0.19174349160613158,-0.923411032382893,-0.8317460740870789,1.1694571646246668,17452.55
7, 104483.0,-1.1020722412287642,-1.4505909415494695,0.3488170515096455,-0.6125275437631839,13125.03
5, 104484.0,1.70119517991351,-0.882858731677772,-0.8317460740870789,-0.6125275437631839,25425.67
11, 104485.0,1.0542873134960622,-0.3962311232163166,-0.8317460740870789,2.951441873012518,16094.6
11, 104486.0,0.33550079525445337,0.09039648524513799,-0.8317460740870789,1.1694571646246668,14440.24
9, 104487.0,-0.023892463866351063,0.9014424993475628,-0.8317460740870789,-0.6125275437631839,12387.77
16, 104488.0,-1.2458295448770862,-0.05153656722278621,0.3488170515096455,-0.6125275437631839,18846.68
9, 104489.0,-0.5270430266354773,1.2866893560462143,-0.8317460740870789,-0.6125275437631839,23073.22
19, 104490.0,0.551136750726936,-0.13264116863302913,1.5293801771063698,-0.6125275437631839,18830.69
13, 104491.0,-1.317708196701247,-0.21374577004327133,-0.8317460740870789,-0.6125275437631839,8473.03
9, 104492.0,-0.23952841933883373,0.5364717930014715,-0.8317460740870789,-0.6125275437631839,5581.52
11, 104493.0,1.4855592244410276,-0.8017541302675291,-0.8317460740870789,1.1694571646246668,14515.24
19, 104494.0,0.7667727061994186,0.8000617475847597,1.5293801771063698,-0.6125275437631839,21499.34
17, 104495.0,0.551136750726936,-1.1261725359084993,-0.8317460740870789,-0.6125275437631839,13714.43
16, 104496.0,-0.5270430266354773,0.5161956426489113,0.3488170515096455,-0.6125275437631839,24224.5
15, 104497.0,1.198044617144384,0.5161956426489113,0.3488170515096455,-0.6125275437631839,12662.29
0, 104498.0,-1.389586848525408,1.2866893560462143,0.3488170515096455,1.1694571646246668,16568.5
13, 104499.0,-1.4614655003495687,-0.19346961969071041,-0.8317460740870789,-0.6125275437631839,17362.17
18, 104500.0,1.3418019207927057,0.1715010866553802,-0.8317460740870789,1.1694571646246668,20542.65
0, 104501.0,-1.0301935894046035,-0.9842394834405751,-0.8317460740870789,1.1694571646246668,16312.16
7, 104502.0,-1.389586848525408,-0.882858731677772,-0.8317460740870789,-0.6125275437631839,9788.63
3, 104503.0,-0.4551643748113164,0.3134341391233051,1.5293801771063698,1.1694571646246668,27627.8
4, 104504.0,-0.16764976751467284,1.5300031602769424,0.3488170515096455,-0.6125275437631839,16077.21
19, 104505.0,0.19174349160613158,0.982547100757805,1.5293801771063698,-0.6125275437631839,31611.59
5, 104506.0,1.1261659653202232,-0.33540267215863534,-0.8317460740870789,-0.6125275437631839,17834.68
4, 104507.0,-1.4614655003495687,1.327241656751336,0.3488170515096455,-0.6125275437631839,18177.3
3, 104508.0,-0.7426789821079599,0.3134341391233051,1.5293801771063698,2.951441873012518,19903.11
16, 104509.0,-0.5989216784596382,-0.11236501828046822,0.3488170515096455,-0.6125275437631839,9188.55
18, 104510.0,0.04798618795780982,2.2802207233216847,-0.8317460740870789,1.1694571646246668,12693.41
13, 104511.0,-1.317708196701247,-0.8017541302675291,-0.8317460740870789,-0.6125275437631839,11846.54
12, 104512.0,1.70119517991351,-0.03126041687022602,0.3488170515096455,-0.6125275437631839,31280.32
5, 104513.0,1.5574378762651884,-0.82203028062009,-0.8317460740870789,-0.6125275437631839,11614.06
11, 104514.0,1.6293165280893493,-0.6800972281521658,-0.8317460740870789,1.1694571646246668,15764.12
1, 104515.0,-0.5270430266354773,-1.1667248366136203,0.3488170515096455,1.1694571646246668,15345.61
0, 104516.0,-1.6052228039978906,0.4959194922963504,0.3488170515096455,1.1694571646246668,12198.43
5, 104517.0,0.9105300098477405,-0.2745742211009533,-0.8317460740870789,-0.6125275437631839,13429.65
9, 104518.0,0.33550079525445337,1.0230994014629269,-0.8317460740870789,-0.6125275437631839,25585.16
11, 104519.0,1.3418019207927057,-0.010984266517665113,0.3488170515096455,1.1694571646246668,31593.55
2, 104520.0,1.269923268968545,-0.6395449274470446,1.5293801771063698,-0.6125275437631839,14429.33
12, 104521.0,0.47925809890277515,-0.35567882251119554,0.3488170515096455,-0.6125275437631839,15904.02
11, 104522.0,0.9105300098477405,-1.6533524450750756,-0.8317460740870789,2.951441873012518,16324.7
5, 104523.0,1.6293165280893493,-0.05153656722278621,-0.8317460740870789,-0.6125275437631839,17207.05
8, 104524.0,-0.5270430266354773,-0.19346961969071041,1.5293801771063698,-0.6125275437631839,18049.95
15, 104525.0,1.1261659653202232,1.0433755518154877,0.3488170515096455,-0.6125275437631839,17346.81
9, 104526.0,-0.09577111569051194,0.860890198642441,-0.8317460740870789,-0.6125275437631839,12156.07
3, 104527.0,0.6230154025510969,0.29315798877074417,1.5293801771063698,2.951441873012518,24827.86
1, 104528.0,-0.16764976751467284,-0.49761187497911974,0.3488170515096455,1.1694571646246668,16039.17
0, 104529.0,-0.5270430266354773,1.5097270099243814,-0.8317460740870789,1.1694571646246668,9142.6
1, 104530.0,-1.6052228039978906,0.9419948000526847,1.5293801771063698,2.951441873012518,24399.95
16, 104531.0,-0.09577111569051194,-0.8017541302675291,0.3488170515096455,-0.6125275437631839,12684.75
17, 104532.0,0.40737944707861423,-1.1464486862610601,-0.8317460740870789,-0.6125275437631839,14068.7
7, 104533.0,-1.1739508930529252,-1.673628595427636,-0.8317460740870789,-0.6125275437631839,23770.09
11, 104534.0,1.70119517991351,-1.0247917841456962,-0.8317460740870789,2.951441873012518,23267.97
12, 104535.0,0.551136750726936,-0.11236501828046822,0.3488170515096455,-0.6125275437631839,25552.85
18, 104536.0,0.33550079525445337,1.7327646638025485,0.3488170515096455,1.1694571646246668,17377.9
16, 104537.0,-0.8864362857562816,0.5973002440591535,0.3488170515096455,-0.6125275437631839,17662.39
9, 104538.0,-0.3114070711629946,0.6175763944117144,-0.8317460740870789,-0.6125275437631839,4767.6
15, 104539.0,-0.09577111569051194,1.0028232511103659,0.3488170515096455,-0.6125275437631839,26808.17
17, 104540.0,-0.5270430266354773,-0.862582581325211,-0.8317460740870789,-0.6125275437631839,24875.53
0, 104541.0,-1.4614655003495687,-0.010984266517665113,0.3488170515096455,1.1694571646246668,15008.32
0, 104542.0,-1.5333441521737297,0.07012033489257707,0.3488170515096455,2.951441873012518,25903.28
11, 104543.0,1.198044617144384,-0.6395449274470446,-0.8317460740870789,1.1694571646246668,26643.18
18, 104544.0,1.3418019207927057,0.4959194922963504,0.3488170515096455,1.1694571646246668,20005.64
3, 104545.0,1.1261659653202232,1.3880701078090174,2.709943302703094,1.1694571646246668,28927.76
13, 104546.0,-0.670800330283799,-0.2948503714535135,-0.8317460740870789,-0.6125275437631839,9893.76
19, 104547.0,0.6230154025510969,-0.19346961969071041,1.5293801771063698,-0.6125275437631839,20232.18
9, 104548.0,0.2636221434302925,1.327241656751336,-0.8317460740870789,-0.6125275437631839,12475.76
10, 104549.0,-0.09577111569051194,-0.5787164763893626,-0.8317460740870789,-0.6125275437631839,11344.25
16, 104550.0,-1.5333441521737297,0.07012033489257707,0.3488170515096455,-0.6125275437631839,32956.07
15, 104551.0,0.9824086616719013,0.7595094468796386,0.3488170515096455,-0.6125275437631839,10264.35
4, 104552.0,-0.5989216784596382,1.1853086042834111,1.5293801771063698,-0.6125275437631839,20233.41
5, 104553.0,0.9105300098477405,-1.0653440848508173,-0.8317460740870789,-0.6125275437631839,28424.04
6, 104554.0,1.70119517991351,1.9355261673281547,-0.8317460740870789,-0.6125275437631839,14749.13
10, 104555.0,0.33550079525445337,-0.37595497286375645,-0.8317460740870789,-0.6125275437631839,12163.62
6, 104556.0,1.0542873134960622,0.29315798877074417,-0.8317460740870789,-0.6125275437631839,16899.1
8, 104557.0,-0.09577111569051194,-2.099427752831409,2.709943302703094,-0.6125275437631839,17462.98
15, 104558.0,0.7667727061994186,0.982547100757805,0.3488170515096455,-0.6125275437631839,12450.41
4, 104559.0,-1.4614655003495687,1.6516600623923063,0.3488170515096455,-0.6125275437631839,8419.74
2, 104560.0,1.198044617144384,-1.2681055883764234,1.5293801771063698,-0.6125275437631839,16193.21
9, 104561.0,-0.023892463866351063,2.1788399715588813,-0.8317460740870789,-0.6125275437631839,20620.18
5, 104562.0,1.70119517991351,-0.6598210777996049,-0.8317460740870789,-0.6125275437631839,18134.63
0, 104563.0,-1.2458295448770862,-0.05153656722278621,0.3488170515096455,1.1694571646246668,16997.54
11, 104564.0,1.0542873134960622,-0.47733572462655954,0.3488170515096455,1.1694571646246668,15695.13
3, 104565.0,-0.670800330283799,0.2728818384181833,1.5293801771063698,1.1694571646246668,21490.67
5, 104566.0,1.4855592244410276,0.07012033489257707,-0.8317460740870789,-0.6125275437631839,19053.37
13, 104567.0,-0.5989216784596382,-0.2948503714535135,-0.8317460740870789,-0.6125275437631839,24304.5
0, 104568.0,-1.6771014558220514,-0.03126041687022602,-0.8317460740870789,1.1694571646246668,13878.06
17, 104569.0,0.19174349160613158,-0.9031348820303321,-0.8317460740870789,-0.6125275437631839,10375.82
14, 104570.0,-1.317708196701247,2.7465721814305795,-0.8317460740870789,1.1694571646246668,33427.55
1, 104571.0,-0.3114070711629946,-0.9842394834405751,0.3488170515096455,1.1694571646246668,30209.56
19, 104572.0,0.8386513580235796,1.1447563035782908,1.5293801771063698,-0.6125275437631839,17433.75
18, 104573.0,0.47925809890277515,1.4083462581615784,-0.8317460740870789,1.1694571646246668,18976.46
14, 104574.0,-1.1020722412287642,1.4083462581615784,-0.8317460740870789,-0.6125275437631839,23168.85
19, 104575.0,0.47925809890277515,0.1715010866553802,2.709943302703094,-0.6125275437631839,18408.63
16, 104576.0,-0.8864362857562816,-0.82203028062009,0.3488170515096455,-0.6125275437631839,10640.32
8, 104577.0,-1.6052228039978906,-1.0045156337931354,1.5293801771063698,-0.6125275437631839,16294.86
3, 104578.0,0.9105300098477405,1.225860904988533,1.5293801771063698,1.1694571646246668,23797.16
15, 104579.0,1.0542873134960622,0.5364717930014715,0.3488170515096455,-0.6125275437631839,27145.23
0, 104580.0,-1.317708196701247,-0.9031348820303321,-0.8317460740870789,1.1694571646246668,16180.98
15, 104581.0,0.2636221434302925,1.9558023176807158,0.3488170515096455,-0.6125275437631839,17523.29
6, 104582.0,0.8386513580235796,0.3945387405335473,-0.8317460740870789,-0.6125275437631839,13423.75
16, 104583.0,-0.5270430266354773,-0.43678342392143843,0.3488170515096455,-0.6125275437631839,15584.53
0, 104584.0,-0.670800330283799,-0.8423064309726509,-0.8317460740870789,1.1694571646246668,28507.19
10, 104585.0,0.11986483978197071,0.212053387360502,-0.8317460740870789,-0.6125275437631839,7538.42
15, 104586.0,1.70119517991351,0.6581286951168355,0.3488170515096455,-0.6125275437631839,34657.52
18, 104587.0,1.70119517991351,0.1715010866553802,-0.8317460740870789,1.1694571646246668,15966.78
9, 104588.0,0.2636221434302925,0.8203378979373206,-0.8317460740870789,-0.6125275437631839,13735.69
13, 104589.0,-0.9583149375804426,-0.5178880253316807,-0.8317460740870789,-0.6125275437631839,12056.64
16, 104590.0,-0.23952841933883373,-0.33540267215863534,0.3488170515096455,-0.6125275437631839,25652.62
12, 104591.0,0.8386513580235796,-0.8423064309726509,0.3488170515096455,-0.6125275437631839,22297.1
7, 104592.0,-1.317708196701247,-2.2819131060044544,0.3488170515096455,-0.6125275437631839,11777.56
12, 104593.0,0.6948940543752578,-0.9436871827354539,0.3488170515096455,-0.6125275437631839,9009.03
2, 104594.0,0.9105300098477405,-0.5989926267419229,1.5293801771063698,-0.6125275437631839,22825.23
14, 104595.0,-0.670800330283799,1.6922123630974268,-0.8317460740870789,-0.6125275437631839,14218.57
14, 104596.0,-1.2458295448770862,0.6784048454693957,-0.8317460740870789,-0.6125275437631839,8491.11
5, 104597.0,1.4136805726168666,-0.13264116863302913,-0.8317460740870789,-0.6125275437631839,28855.09
10, 104598.0,0.2636221434302925,-0.8423064309726509,-0.8317460740870789,-0.6125275437631839,9812.23
13, 104599.0,-1.0301935894046035,0.5161956426489113,-0.8317460740870789,-0.6125275437631839,5449.15
3, 104600.0,-0.09577111569051194,-1.3492101897866664,2.709943302703094,2.951441873012518,28564.81
18, 104601.0,0.8386513580235796,0.1106726355976989,-0.8317460740870789,1.1694571646246668,19407.91
13, 104602.0,-1.5333441521737297,-0.7206495288572868,-0.8317460740870789,-0.6125275437631839,13432.17
18, 104603.0,1.3418019207927057,0.1106726355976989,0.3488170515096455,1.1694571646246668,21220.71
8, 104604.0,-1.6052228039978906,0.3337102894758653,1.5293801771063698,-0.6125275437631839,16622.66
12, 104605.0,1.6293165280893493,-0.43678342392143843,0.3488170515096455,-0.6125275437631839,7473.89
2, 104606.0,0.40737944707861423,-1.1870009869661813,1.5293801771063698,-0.6125275437631839,19604.42
13, 104607.0,-0.670800330283799,-0.3962311232163166,-0.8317460740870789,-0.6125275437631839,22963.82
4, 104608.0,-0.670800330283799,0.7392332965270777,1.5293801771063698,-0.6125275437631839,21303.91
18, 104609.0,0.47925809890277515,1.7530408141551095,-0.8317460740870789,1.1694571646246668,19846.43
15, 104610.0,1.6293165280893493,1.225860904988533,0.3488170515096455,-0.6125275437631839,27576.31
18, 104611.0,0.33550079525445337,1.0636517021680472,0.3488170515096455,1.1694571646246668,23506.93
11, 104612.0,0.33550079525445337,-1.2681055883764234,-0.8317460740870789,1.1694571646246668,20482.22
10, 104613.0,0.2636221434302925,0.1715010866553802,-0.8317460740870789,-0.6125275437631839,31899.08
6, 104614.0,0.8386513580235796,0.2728818384181833,-0.8317460740870789,-0.6125275437631839,23225.48
1, 104615.0,-0.9583149375804426,-1.5925239940173936,0.3488170515096455,1.1694571646246668,15665.25
19, 104616.0,0.11986483978197071,0.3134341391233051,1.5293801771063698,-0.6125275437631839,17881.13
16, 104617.0,-1.5333441521737297,-0.5787164763893626,0.3488170515096455,-0.6125275437631839,6802.67
9, 104618.0,-0.23952841933883373,0.8203378979373206,-0.8317460740870789,-0.6125275437631839,30145.17
17, 104619.0,0.6230154025510969,-1.5722478436648328,-0.8317460740870789,-0.6125275437631839,11228.69
0, 104620.0,-1.6771014558220514,0.5161956426489113,0.3488170515096455,1.1694571646246668,28258.22
8, 104621.0,-1.1739508930529252,-0.15291731898558933,1.5293801771063698,-0.6125275437631839,30525.39
11, 104622.0,0.8386513580235796,-1.876390098953242,0.3488170515096455,1.1694571646246668,24421.86
0, 104623.0,-1.0301935894046035,1.1447563035782908,0.3488170515096455,1.1694571646246668,17709.77
10, 104624.0,0.6230154025510969,0.04984418454001689,-0.8317460740870789,-0.6125275437631839,4836.63
16, 104625.0,-1.1020722412287642,0.1106726355976989,0.3488170515096455,-0.6125275437631839,12873.6
0, 104626.0,-1.6771014558220514,0.5770240937065926,-0.8317460740870789,2.951441873012518,15510.71
3, 104627.0,-0.5270430266354773,-0.47733572462655954,2.709943302703094,1.1694571646246668,20675.39
16, 104628.0,-0.23952841933883373,0.09039648524513799,0.3488170515096455,-0.6125275437631839,15273.2
12, 104629.0,1.198044617144384,0.1715010866553802,0.3488170515096455,-0.6125275437631839,30619.13
18, 104630.0,1.6293165280893493,1.6111077616871845,-0.8317460740870789,1.1694571646246668,14606.65
12, 104631.0,1.269923268968545,0.029568034187455985,0.3488170515096455,-0.6125275437631839,34532.48
2, 104632.0,0.9105300098477405,-0.9639633330880142,1.5293801771063698,-0.6125275437631839,18850.47
2, 104633.0,1.4855592244410276,-0.7206495288572868,1.5293801771063698,-0.6125275437631839,21101.79
18, 104634.0,1.6293165280893493,0.4350910412386684,-0.8317460740870789,1.1694571646246668,29696.83
12, 104635.0,0.2636221434302925,-0.33540267215863534,0.3488170515096455,-0.6125275437631839,19232.06
1, 104636.0,-0.38328572298715546,-0.43678342392143843,1.5293801771063698,1.1694571646246668,15847.85
17, 104637.0,0.11986483978197071,-1.673628595427636,-0.8317460740870789,-0.6125275437631839,12543.58
6, 104638.0,1.269923268968545,0.6784048454693957,-0.8317460740870789,-0.6125275437631839,28368.04
13, 104639.0,-0.670800330283799,0.4756433419437895,-0.8317460740870789,-0.6125275437631839,7750.47
6, 104640.0,1.1261659653202232,1.4691747092192595,-0.8317460740870789,-0.6125275437631839,26828.53
13, 104641.0,-1.1739508930529252,-0.21374577004327133,-0.8317460740870789,-0.6125275437631839,10098.53
15, 104642.0,1.3418019207927057,1.327241656751336,0.3488170515096455,-0.6125275437631839,14326.34
3, 104643.0,0.8386513580235796,0.5161956426489113,1.5293801771063698,2.951441873012518,35340.13
0, 104644.0,-0.8864362857562816,-0.19346961969071041,0.3488170515096455,1.1694571646246668,20008.12
13, 104645.0,-1.6052228039978906,-0.5989926267419229,-0.8317460740870789,-0.6125275437631839,5429.35
6, 104646.0,1.3418019207927057,0.7189571461745176,-0.8317460740870789,-0.6125275437631839,12384.69
0, 104647.0,-1.6771014558220514,-0.17319346933815022,-0.8317460740870789,1.1694571646246668,6443.42
16, 104648.0,-0.5270430266354773,0.2728818384181833,0.3488170515096455,-0.6125275437631839,16513.81
17, 104649.0,0.47925809890277515,-1.6330762947225148,-0.8317460740870789,-0.6125275437631839,9205.46
17, 104650.0,0.04798618795780982,-1.2478294380238633,0.3488170515096455,-0.6125275437631839,11894.47
13, 104651.0,-1.2458295448770862,0.029568034187455985,-0.8317460740870789,-0.6125275437631839,10719.79
10, 104652.0,0.19174349160613158,0.2526056880656231,-0.8317460740870789,-0.6125275437631839,13101.96
3, 104653.0,-0.9583149375804426,-0.33540267215863534,3.8905064282998185,1.1694571646246668,24322.13
4, 104654.0,-0.9583149375804426,1.3475178071038971,0.3488170515096455,-0.6125275437631839,17555.78
0, 104655.0,-1.4614655003495687,-0.09208886792790731,-0.8317460740870789,1.1694571646246668,15071.31
5, 104656.0,0.9105300098477405,-0.9436871827354539,-0.8317460740870789,-0.6125275437631839,32753.61
15, 104657.0,0.8386513580235796,2.847952933193383,1.5293801771063698,-0.6125275437631839,24434.59
17, 104658.0,0.47925809890277515,-1.1870009869661813,-0.8317460740870789,-0.6125275437631839,11917.88
5, 104659.0,0.8386513580235796,-0.862582581325211,-0.8317460740870789,-0.6125275437631839,8224.71
1, 104660.0,-0.4551643748113164,-0.7003733785047259,0.3488170515096455,1.1694571646246668,13655.15
5, 104661.0,1.70119517991351,-0.6395449274470446,-0.8317460740870789,-0.6125275437631839,15185.24
12, 104662.0,0.9824086616719013,0.2728818384181833,0.3488170515096455,-0.6125275437631839,25056.74
13, 104663.0,-0.9583149375804426,0.3337102894758653,-0.8317460740870789,-0.6125275437631839,12269.24
5, 104664.0,1.70119517991351,-0.19346961969071041,-0.8317460740870789,-0.6125275437631839,10413.44
10, 104665.0,0.2636221434302925,-0.05153656722278621,-0.8317460740870789,-0.6125275437631839,32151.68
4, 104666.0,-0.38328572298715546,1.2866893560462143,0.3488170515096455,-0.6125275437631839,15034.74
9, 104667.0,0.47925809890277515,1.2866893560462143,-0.8317460740870789,-0.6125275437631839,14262.31
16, 104668.0,-0.7426789821079599,-0.7814779799149688,0.3488170515096455,-0.6125275437631839,19758.55
5, 104669.0,1.70119517991351,-0.11236501828046822,-0.8317460740870789,-0.6125275437631839,28228.86
13, 104670.0,-1.6771014558220514,0.1715010866553802,-0.8317460740870789,-0.6125275437631839,11685.65
4, 104671.0,-0.16764976751467284,0.6986809958219566,0.3488170515096455,-0.6125275437631839,16517.49
3, 104672.0,-0.8145576339321208,0.7595094468796386,1.5293801771063698,1.1694571646246668,17691.6
16, 104673.0,-1.389586848525408,-0.21374577004327133,0.3488170515096455,-0.6125275437631839,16279.05
16, 104674.0,-0.5989216784596382,0.3134341391233051,0.3488170515096455,-0.6125275437631839,17803.16
17, 104675.0,-0.4551643748113164,-1.4303147911969085,-0.8317460740870789,-0.6125275437631839,7108.8
12, 104676.0,0.33550079525445337,-0.2948503714535135,0.3488170515096455,-0.6125275437631839,15376.88
0, 104677.0,-0.38328572298715546,0.9014424993475628,0.3488170515096455,1.1694571646246668,15125.95
18, 104678.0,0.9105300098477405,0.6581286951168355,-0.8317460740870789,1.1694571646246668,29830.4
12, 104679.0,1.4136805726168666,-0.33540267215863534,0.3488170515096455,-0.6125275437631839,22762.26
0, 104680.0,-1.6052228039978906,0.860890198642441,0.3488170515096455,2.951441873012518,13955.64
16, 104681.0,-1.1739508930529252,-0.923411032382893,0.3488170515096455,-0.6125275437631839,11330.26
9, 104682.0,-0.09577111569051194,0.4553671915912293,-0.8317460740870789,-0.6125275437631839,6570.86
17, 104683.0,0.6948940543752578,-1.2883817387289844,-0.8317460740870789,-0.6125275437631839,13842.44
15, 104684.0,0.2636221434302925,1.7530408141551095,1.5293801771063698,-0.6125275437631839,32508.4
17, 104685.0,0.6230154025510969,-2.2210846549467727,-0.8317460740870789,-0.6125275437631839,12474.27
19, 104686.0,-0.023892463866351063,-0.15291731898558933,3.8905064282998185,-0.6125275437631839,22619.27
13, 104687.0,-0.5270430266354773,0.3539864398284262,-0.8317460740870789,-0.6125275437631839,7833.46
6, 104688.0,1.4136805726168666,0.6581286951168355,-0.8317460740870789,-0.6125275437631839,25331.71
5, 104689.0,0.9824086616719013,-0.6395449274470446,-0.8317460740870789,-0.6125275437631839,12107.16
18, 104690.0,0.2636221434302925,0.1715010866553802,-0.8317460740870789,1.1694571646246668,30458.62
7, 104691.0,-0.7426789821079599,-0.9842394834405751,-0.8317460740870789,-0.6125275437631839,7121.29
18, 104692.0,0.47925809890277515,0.4553671915912293,-0.8317460740870789,1.1694571646246668,15490.7
8, 104693.0,0.04798618795780982,-0.6395449274470446,1.5293801771063698,-0.6125275437631839,12993.94
10, 104694.0,0.33550079525445337,0.4553671915912293,-0.8317460740870789,-0.6125275437631839,7196.72
2, 104695.0,1.4855592244410276,-2.2413608052993332,0.3488170515096455,-0.6125275437631839,15526.73
12, 104696.0,1.1261659653202232,-0.3962311232163166,0.3488170515096455,-0.6125275437631839,14392.33
6, 104697.0,1.1261659653202232,1.0433755518154877,-0.8317460740870789,-0.6125275437631839,17335.27
0, 104698.0,-0.7426789821079599,-0.010984266517665113,0.3488170515096455,1.1694571646246668,26454.64
3, 104699.0,1.5574378762651884,0.7189571461745176,1.5293801771063698,1.1694571646246668,13152.43
5, 104700.0,0.9824086616719013,-0.17319346933815022,-0.8317460740870789,-0.6125275437631839,7743.03
4, 104701.0,-1.4614655003495687,0.9014424993475628,1.5293801771063698,-0.6125275437631839,26456.45
17, 104702.0,0.9105300098477405,-2.079151602478848,-0.8317460740870789,-0.6125275437631839,10351.0
1, 104703.0,-0.3114070711629946,-1.2072771373187414,0.3488170515096455,1.1694571646246668,16317.7
12, 104704.0,0.9824086616719013,-0.6800972281521658,0.3488170515096455,-0.6125275437631839,14177.3
1, 104705.0,-1.1739508930529252,-2.4441223088249395,0.3488170515096455,2.951441873012518,15978.47
9, 104706.0,0.2636221434302925,1.2866893560462143,-0.8317460740870789,-0.6125275437631839,29047.55
7, 104707.0,-0.8864362857562816,-1.3086578890815446,-0.8317460740870789,-0.6125275437631839,15038.61
0, 104708.0,-0.670800330283799,0.19177723700794108,-0.8317460740870789,1.1694571646246668,12409.57
6, 104709.0,1.4855592244410276,0.15122493630282,-0.8317460740870789,-0.6125275437631839,18171.69
0, 104710.0,-0.09577111569051194,0.1106726355976989,-0.8317460740870789,1.1694571646246668,27257.24
15, 104711.0,1.198044617144384,2.158563821206322,1.5293801771063698,-0.6125275437631839,16833.9
6, 104712.0,0.9105300098477405,1.3475178071038971,-0.8317460740870789,-0.6125275437631839,11124.78
18, 104713.0,0.33550079525445337,0.6378525447642746,0.3488170515096455,1.1694571646246668,19588.64
3, 104714.0,0.9105300098477405,1.5502793106295032,1.5293801771063698,1.1694571646246668,23565.07
7, 104715.0,-1.2458295448770862,-1.4303147911969085,0.3488170515096455,-0.6125275437631839,12595.61
3, 104716.0,-0.3114070711629946,0.15122493630282,1.5293801771063698,2.951441873012518,21505.8
14, 104717.0,-1.0301935894046035,0.8406140482898815,-0.8317460740870789,-0.6125275437631839,12704.3
3, 104718.0,-0.8864362857562816,0.6378525447642746,1.5293801771063698,2.951441873012518,37128.16
15, 104719.0,0.8386513580235796,1.6313839120397455,0.3488170515096455,-0.6125275437631839,10464.49
17, 104720.0,-0.3114070711629946,-2.4441223088249395,0.3488170515096455,-0.6125275437631839,12492.86
7, 104721.0,-0.7426789821079599,-1.2883817387289844,0.3488170515096455,-0.6125275437631839,25239.63
11, 104722.0,1.70119517991351,-1.0247917841456962,-0.8317460740870789,1.1694571646246668,11624.04
6, 104723.0,1.4855592244410276,0.4553671915912293,-0.8317460740870789,-0.6125275437631839,29139.94
5, 104724.0,1.4136805726168666,-0.3962311232163166,-0.8317460740870789,-0.6125275437631839,12281.18
10, 104725.0,0.551136750726936,0.3134341391233051,-0.8317460740870789,-0.6125275437631839,12352.2
11, 104726.0,1.4136805726168666,-2.2819131060044544,0.3488170515096455,1.1694571646246668,31550.86
7, 104727.0,-0.8145576339321208,-1.0856202352033781,-0.8317460740870789,-0.6125275437631839,24604.3
0, 104728.0,-1.389586848525408,0.4959194922963504,0.3488170515096455,2.951441873012518,27261.97
17, 104729.0,-0.3114070711629946,-1.0045156337931354,-0.8317460740870789,-0.6125275437631839,11235.79
0, 104730.0,-0.7426789821079599,0.982547100757805,0.3488170515096455,1.1694571646246668,13644.97
15, 104731.0,0.33550079525445337,1.7935931148602298,0.3488170515096455,-0.6125275437631839,9994.74
12, 104732.0,1.70119517991351,-0.35567882251119554,0.3488170515096455,-0.6125275437631839,17819.46
7, 104733.0,-0.8145576339321208,-2.4441223088249395,-0.8317460740870789,-0.6125275437631839,9766.19
16, 104734.0,-1.1739508930529252,0.19177723700794108,0.3488170515096455,-0.6125275437631839,10433.02
1, 104735.0,-0.8864362857562816,-0.35567882251119554,1.5293801771063698,1.1694571646246668,22761.3
6, 104736.0,1.198044617144384,2.1991161219114423,-0.8317460740870789,-0.6125275437631839,14125.83
16, 104737.0,-0.16764976751467284,0.4350910412386684,0.3488170515096455,-0.6125275437631839,11647.54
5, 104738.0,1.5574378762651884,-1.1261725359084993,-0.8317460740870789,-0.6125275437631839,15982.55
10, 104739.0,-0.38328572298715546,-0.13264116863302913,-0.8317460740870789,-0.6125275437631839,14106.49
4, 104740.0,-0.9583149375804426,0.4959194922963504,1.5293801771063698,-0.6125275437631839,17970.42
0, 104741.0,-0.9583149375804426,0.212053387360502,0.3488170515096455,1.1694571646246668,16485.72
4, 104742.0,-0.3114070711629946,0.982547100757805,1.5293801771063698,-0.6125275437631839,16168.12
3, 104743.0,-1.4614655003495687,1.9760784680332752,1.5293801771063698,2.951441873012518,37752.44
3, 104744.0,-1.0301935894046035,0.6986809958219566,1.5293801771063698,1.1694571646246668,17649.84
15, 104745.0,1.6293165280893493,0.8811663489950019,0.3488170515096455,-0.6125275437631839,24584.0
15, 104746.0,0.9824086616719013,1.1853086042834111,0.3488170515096455,-0.6125275437631839,12910.02
13, 104747.0,-1.6052228039978906,0.5567479433540324,-0.8317460740870789,-0.6125275437631839,6102.11
1, 104748.0,-1.317708196701247,-0.05153656722278621,0.3488170515096455,2.951441873012518,21403.86
17, 104749.0,-0.4551643748113164,-1.0045156337931354,-0.8317460740870789,-0.6125275437631839,12589.73
4, 104750.0,-1.1739508930529252,1.246137055341094,0.3488170515096455,-0.6125275437631839,31374.54
0, 104751.0,-0.7426789821079599,0.4350910412386684,-0.8317460740870789,1.1694571646246668,13816.03
18, 104752.0,0.9105300098477405,0.41481489088610823,-0.8317460740870789,1.1694571646246668,19981.46
9, 104753.0,0.2636221434302925,0.6581286951168355,-0.8317460740870789,-0.6125275437631839,12946.01
18, 104754.0,-0.16764976751467284,2.3816014750844876,-0.8317460740870789,1.1694571646246668,17664.38
17, 104755.0,-0.5270430266354773,-1.3492101897866664,-0.8317460740870789,-0.6125275437631839,12374.42
6, 104756.0,0.7667727061994186,0.7189571461745176,-0.8317460740870789,-0.6125275437631839,21542.13
13, 104757.0,-1.1020722412287642,0.1715010866553802,-0.8317460740870789,-0.6125275437631839,8387.69
11, 104758.0,-0.3114070711629946,-0.82203028062009,-0.8317460740870789,2.951441873012518,11013.13
5, 104759.0,1.1261659653202232,-1.5722478436648328,-0.8317460740870789,-0.6125275437631839,9078.55
5, 104760.0,0.9824086616719013,-0.9436871827354539,-0.8317460740870789,-0.6125275437631839,13389.52
3, 104761.0,0.2636221434302925,0.860890198642441,2.709943302703094,1.1694571646246668,26516.84
2, 104762.0,0.6948940543752578,-1.1667248366136203,0.3488170515096455,-0.6125275437631839,31578.85
6, 104763.0,1.4855592244410276,0.4350910412386684,-0.8317460740870789,-0.6125275437631839,13425.57
15, 104764.0,0.9105300098477405,1.0433755518154877,0.3488170515096455,-0.6125275437631839,17161.55
16, 104765.0,-1.1020722412287642,-0.19346961969071041,0.3488170515096455,-0.6125275437631839,14888.57
2, 104766.0,1.269923268968545,-1.3694863401392265,0.3488170515096455,-0.6125275437631839,22175.41
18, 104767.0,0.33550079525445337,2.1180115205012,-0.8317460740870789,1.1694571646246668,18763.62
12, 104768.0,0.40737944707861423,-0.9639633330880142,0.3488170515096455,-0.6125275437631839,17267.89
18, 104769.0,0.40737944707861423,1.246137055341094,-0.8317460740870789,1.1694571646246668,13544.1
13, 104770.0,-1.1020722412287642,-0.13264116863302913,-0.8317460740870789,-0.6125275437631839,13131.99
2, 104771.0,1.269923268968545,-1.734457046485318,0.3488170515096455,-0.6125275437631839,29373.67
13, 104772.0,-1.2458295448770862,0.3539864398284262,-0.8317460740870789,-0.6125275437631839,15611.42
5, 104773.0,1.70119517991351,-0.9436871827354539,-0.8317460740870789,-0.6125275437631839,8492.12
15, 104774.0,0.47925809890277515,0.8203378979373206,0.3488170515096455,-0.6125275437631839,11222.55
17, 104775.0,0.9824086616719013,-1.5925239940173936,-0.8317460740870789,-0.6125275437631839,15791.96
7, 104776.0,-1.317708196701247,-1.0653440848508173,0.3488170515096455,-0.6125275437631839,14005.33
3, 104777.0,0.19174349160613158,0.6175763944117144,1.5293801771063698,1.1694571646246668,17491.73
9, 104778.0,-0.09577111569051194,0.8811663489950019,-0.8317460740870789,-0.6125275437631839,12935.47
6, 104779.0,1.1261659653202232,0.212053387360502,-0.8317460740870789,-0.6125275437631839,12169.73
5, 104780.0,0.9105300098477405,-0.4165072735688775,-0.8317460740870789,-0.6125275437631839,23914.63
0, 104781.0,-0.7426789821079599,0.5364717930014715,0.3488170515096455,1.1694571646246668,15053.95
9, 104782.0,-0.3114070711629946,0.5567479433540324,-0.8317460740870789,-0.6125275437631839,14211.5
15, 104783.0,1.1261659653202232,0.8000617475847597,0.3488170515096455,-0.6125275437631839,13176.76
1, 104784.0,-0.5989216784596382,-0.6598210777996049,1.5293801771063698,1.1694571646246668,33088.08
13, 104785.0,-1.2458295448770862,0.04984418454001689,-0.8317460740870789,-0.6125275437631839,8539.23
11, 104786.0,0.47925809890277515,-1.4911432422545905,0.3488170515096455,1.1694571646246668,20040.29
5, 104787.0,1.5574378762651884,-0.882858731677772,-0.8317460740870789,-0.6125275437631839,15875.24
0, 104788.0,-0.23952841933883373,0.5567479433540324,-0.8317460740870789,1.1694571646246668,16927.36
1, 104789.0,-0.8864362857562816,-0.8423064309726509,1.5293801771063698,2.951441873012518,17798.52
12, 104790.0,0.33550079525445337,-0.6395449274470446,0.3488170515096455,-0.6125275437631839,10759.26
14, 104791.0,-0.8864362857562816,0.6175763944117144,-0.8317460740870789,-0.6125275437631839,24274.74
13, 104792.0,-1.4614655003495687,0.19177723700794108,-0.8317460740870789,-0.6125275437631839,16398.79
3, 104793.0,0.40737944707861423,0.1106726355976989,1.5293801771063698,1.1694571646246668,26079.9
13, 104794.0,-1.1739508930529252,-0.5178880253316807,-0.8317460740870789,-0.6125275437631839,16688.69
11, 104795.0,0.40737944707861423,-0.37595497286375645,-0.8317460740870789,1.1694571646246668,24945.68
17, 104796.0,0.19174349160613158,-1.937218550010924,0.3488170515096455,-0.6125275437631839,20757.96
12, 104797.0,1.5574378762651884,0.13094878595025908,0.3488170515096455,-0.6125275437631839,21321.14
9, 104798.0,0.551136750726936,1.12448015322573,-0.8317460740870789,-0.6125275437631839,28580.05
16, 104799.0,-0.7426789821079599,-0.9436871827354539,0.3488170515096455,-0.6125275437631839,15897.99
6, 104800.0,1.70119517991351,0.15122493630282,-0.8317460740870789,-0.6125275437631839,9382.3
16, 104801.0,-0.5270430266354773,-0.21374577004327133,0.3488170515096455,-0.6125275437631839,10575.52
7, 104802.0,-0.7426789821079599,-0.923411032382893,-0.8317460740870789,-0.6125275437631839,12112.22
16, 104803.0,-0.16764976751467284,-0.23402192039583222,0.3488170515096455,-0.6125275437631839,16339.43
5, 104804.0,1.70119517991351,-0.2745742211009533,-0.8317460740870789,-0.6125275437631839,14933.34
1, 104805.0,-1.317708196701247,-0.13264116863302913,1.5293801771063698,1.1694571646246668,17339.42
2, 104806.0,0.33550079525445337,-0.9639633330880142,1.5293801771063698,-0.6125275437631839,19659.12
11, 104807.0,0.11986483978197071,-0.7003733785047259,0.3488170515096455,1.1694571646246668,13200.49
15, 104808.0,1.269923268968545,0.8000617475847597,0.3488170515096455,-0.6125275437631839,23820.03
0, 104809.0,-1.6052228039978906,0.3134341391233051,0.3488170515096455,1.1694571646246668,34432.6
10, 104810.0,-0.38328572298715546,-0.25429807074839245,-0.8317460740870789,-0.6125275437631839,8704.44
14, 104811.0,-1.389586848525408,0.7392332965270777,-0.8317460740870789,-0.6125275437631839,28222.34
2, 104812.0,1.5574378762651884,-1.4911432422545905,1.5293801771063698,-0.6125275437631839,15666.42
12, 104813.0,0.33550079525445337,0.3337102894758653,0.3488170515096455,-0.6125275437631839,33236.42
8, 104814.0,0.33550079525445337,-1.0856202352033781,2.709943302703094,-0.6125275437631839,19625.02
15, 104815.0,0.9105300098477405,1.0839278525206082,0.3488170515096455,-0.6125275437631839,14494.25
0, 104816.0,-0.8864362857562816,1.894973866623033,-0.8317460740870789,1.1694571646246668,12515.14
17, 104817.0,-0.3114070711629946,-1.1870009869661813,-0.8317460740870789,-0.6125275437631839,11063.16
13, 104818.0,-1.4614655003495687,-0.09208886792790731,-0.8317460740870789,-0.6125275437631839,6518.18
6, 104819.0,1.4855592244410276,0.7189571461745176,-0.8317460740870789,-0.6125275437631839,29345.56
3, 104820.0,-0.8145576339321208,0.5364717930014715,2.709943302703094,4.733426581400368,30400.28
13, 104821.0,-0.8864362857562816,-0.6395449274470446,-0.8317460740870789,-0.6125275437631839,11996.39
1, 104822.0,-0.7426789821079599,-1.1464486862610601,1.5293801771063698,1.1694571646246668,16305.4
15, 104823.0,0.9824086616719013,1.0636517021680472,0.3488170515096455,-0.6125275437631839,12347.58
17, 104824.0,-0.23952841933883373,-1.7547331968378788,0.3488170515096455,-0.6125275437631839,10852.75
11, 104825.0,0.6948940543752578,-0.07181271757534712,-0.8317460740870789,1.1694571646246668,14491.69
2, 104826.0,1.198044617144384,-1.0856202352033781,0.3488170515096455,-0.6125275437631839,23089.8
9, 104827.0,-0.38328572298715546,1.1650324539308503,-0.8317460740870789,-0.6125275437631839,11703.95
12, 104828.0,0.9105300098477405,-0.47733572462655954,0.3488170515096455,-0.6125275437631839,12205.48
13, 104829.0,-0.5270430266354773,-0.19346961969071041,-0.8317460740870789,-0.6125275437631839,10230.78
13, 104830.0,-0.8864362857562816,0.2323295377130622,-0.8317460740870789,-0.6125275437631839,12024.85
13, 104831.0,-1.6052228039978906,0.3539864398284262,-0.8317460740870789,-0.6125275437631839,10065.96
6, 104832.0,0.7667727061994186,0.7595094468796386,-0.8317460740870789,-0.6125275437631839,11657.84
18, 104833.0,0.9824086616719013,0.4350910412386684,-0.8317460740870789,1.1694571646246668,21755.82
3, 104834.0,-1.0301935894046035,1.2055847546359721,2.709943302703094,2.951441873012518,35342.38
3, 104835.0,0.47925809890277515,0.2323295377130622,1.5293801771063698,1.1694571646246668,22462.74
4, 104836.0,-0.670800330283799,2.0369069190909577,0.3488170515096455,-0.6125275437631839,16832.16
17, 104837.0,-0.09577111569051194,-1.734457046485318,0.3488170515096455,-0.6125275437631839,13388.02
13, 104838.0,-1.6052228039978906,0.029568034187455985,-0.8317460740870789,-0.6125275437631839,28218.57
5, 104839.0,1.1261659653202232,-0.7409256792098478,-0.8317460740870789,-0.6125275437631839,24853.42
16, 104840.0,-1.1739508930529252,0.029568034187455985,0.3488170515096455,-0.6125275437631839,29382.96
16, 104841.0,-0.3114070711629946,-0.82203028062009,0.3488170515096455,-0.6125275437631839,10166.67
18, 104842.0,1.3418019207927057,1.874697716270472,-0.8317460740870789,1.1694571646246668,25736.49
16, 104843.0,-0.3114070711629946,0.2526056880656231,0.3488170515096455,-0.6125275437631839,15270.68
16, 104844.0,-1.2458295448770862,0.13094878595025908,0.3488170515096455,-0.6125275437631839,5628.21
0, 104845.0,-0.670800330283799,-0.17319346933815022,0.3488170515096455,1.1694571646246668,17418.42
9, 104846.0,-0.09577111569051194,1.0230994014629269,-0.8317460740870789,-0.6125275437631839,13106.37
0, 104847.0,-0.5989216784596382,0.4553671915912293,-0.8317460740870789,1.1694571646246668,15192.87
0, 104848.0,-0.5270430266354773,0.3134341391233051,0.3488170515096455,2.951441873012518,13595.22
18, 104849.0,0.6230154025510969,0.2323295377130622,0.3488170515096455,1.1694571646246668,15997.82
9, 104850.0,0.551136750726936,1.1650324539308503,-0.8317460740870789,-0.6125275437631839,10458.82
1, 104851.0,-1.1020722412287642,-1.673628595427636,-0.8317460740870789,2.951441873012518,19922.43
5, 104852.0,0.8386513580235796,-0.47733572462655954,-0.8317460740870789,-0.6125275437631839,9877.15
1, 104853.0,-1.389586848525408,-0.8017541302675291,0.3488170515096455,1.1694571646246668,14758.67
9, 104854.0,-0.5270430266354773,0.7189571461745176,-0.8317460740870789,-0.6125275437631839,9860.04
18, 104855.0,0.9105300098477405,0.4756433419437895,0.3488170515096455,1.1694571646246668,15286.56
12, 104856.0,0.2636221434302925,0.04984418454001689,0.3488170515096455,-0.6125275437631839,25332.85
10, 104857.0,0.40737944707861423,-0.4165072735688775,-0.8317460740870789,-0.6125275437631839,7966.17
17, 104858.0,0.6948940543752578,-1.795285497543,-0.8317460740870789,-0.6125275437631839,21021.08
8, 104859.0,-0.16764976751467284,-0.7814779799149688,1.5293801771063698,-0.6125275437631839,17911.85
16, 104860.0,-0.5270430266354773,-0.5178880253316807,0.3488170515096455,-0.6125275437631839,14726.18
15, 104861.0,1.70119517991351,1.1447563035782908,0.3488170515096455,-0.6125275437631839,20109.65
0, 104862.0,-0.4551643748113164,-0.25429807074839245,0.3488170515096455,1.1694571646246668,12064.3
14, 104863.0,-1.6771014558220514,0.860890198642441,-0.8317460740870789,-0.6125275437631839,11886.35
1, 104864.0,-1.1020722412287642,-0.5787164763893626,1.5293801771063698,2.951441873012518,26783.81
18, 104865.0,1.198044617144384,1.6313839120397455,-0.8317460740870789,1.1694571646246668,20988.02
1, 104866.0,0.19174349160613158,-1.876390098953242,1.5293801771063698,1.1694571646246668,28354.34
10, 104867.0,0.33550079525445337,-0.7814779799149688,-0.8317460740870789,-0.6125275437631839,9778.3
1, 104868.0,-1.389586848525408,-2.0385993017737274,2.709943302703094,1.1694571646246668,19140.24
12, 104869.0,0.6230154025510969,-0.4570595742739986,0.3488170515096455,-0.6125275437631839,19051.28
12, 104870.0,1.4855592244410276,-0.6192687770944837,0.3488170515096455,-0.6125275437631839,13627.57
5, 104871.0,1.4136805726168666,-1.4911432422545905,-0.8317460740870789,-0.6125275437631839,14791.61
15, 104872.0,1.0542873134960622,2.0571830694435187,1.5293801771063698,-0.6125275437631839,18983.19
11, 104873.0,0.19174349160613158,-0.19346961969071041,-0.8317460740870789,1.1694571646246668,20008.19
3, 104874.0,-0.7426789821079599,0.9217186497001237,1.5293801771063698,1.1694571646246668,15894.38
5, 104875.0,0.6948940543752578,-1.1261725359084993,-0.8317460740870789,-0.6125275437631839,17858.02
0, 104876.0,-0.09577111569051194,0.19177723700794108,0.3488170515096455,1.1694571646246668,23303.66
4, 104877.0,-0.9583149375804426,1.6719362127448658,1.5293801771063698,1.1694571646246668,21484.13
15, 104878.0,0.9105300098477405,0.6581286951168355,0.3488170515096455,-0.6125275437631839,23506.86
4, 104879.0,-1.389586848525408,1.327241656751336,0.3488170515096455,-0.6125275437631839,10949.65
1, 104880.0,-0.670800330283799,-1.0247917841456962,0.3488170515096455,1.1694571646246668,31192.47
18, 104881.0,0.9105300098477405,1.2664132056936535,0.3488170515096455,2.951441873012518,17793.36
16, 104882.0,-1.6052228039978906,-0.25429807074839245,0.3488170515096455,-0.6125275437631839,23124.5
15, 104883.0,0.19174349160613158,0.8811663489950019,0.3488170515096455,-0.6125275437631839,10749.62
9, 104884.0,-0.5270430266354773,0.4553671915912293,-0.8317460740870789,-0.6125275437631839,11647.31
9, 104885.0,0.47925809890277515,1.5502793106295032,-0.8317460740870789,-0.6125275437631839,9300.28
13, 104886.0,-0.7426789821079599,0.4350910412386684,-0.8317460740870789,-0.6125275437631839,8871.63
15, 104887.0,1.269923268968545,1.6922123630974268,1.5293801771063698,-0.6125275437631839,20105.36
14, 104888.0,-0.670800330283799,1.5097270099243814,-0.8317460740870789,-0.6125275437631839,23983.01
0, 104889.0,-1.6771014558220514,0.41481489088610823,0.3488170515096455,1.1694571646246668,18542.74
3, 104890.0,1.269923268968545,-0.13264116863302913,1.5293801771063698,1.1694571646246668,33493.58
11, 104891.0,0.8386513580235796,-0.21374577004327133,-0.8317460740870789,1.1694571646246668,21137.38
1, 104892.0,-0.9583149375804426,-0.8017541302675291,1.5293801771063698,2.951441873012518,17989.93
14, 104893.0,-1.2458295448770862,2.6654675800203376,-0.8317460740870789,-0.6125275437631839,8577.1
17, 104894.0,0.551136750726936,-1.0856202352033781,-0.8317460740870789,-0.6125275437631839,2485.37
16, 104895.0,-1.5333441521737297,-0.13264116863302913,0.3488170515096455,-0.6125275437631839,14190.18
11, 104896.0,1.6293165280893493,-0.7206495288572868,0.3488170515096455,2.951441873012518,17824.21
5, 104897.0,1.269923268968545,-0.11236501828046822,-0.8317460740870789,-0.6125275437631839,13940.73
13, 104898.0,-0.5270430266354773,-0.35567882251119554,-0.8317460740870789,-0.6125275437631839,9778.19
4, 104899.0,-0.8864362857562816,0.6581286951168355,0.3488170515096455,-0.6125275437631839,13895.61
16, 104900.0,-0.670800330283799,-0.862582581325211,0.3488170515096455,-0.6125275437631839,12249.17
5, 104901.0,0.7667727061994186,-1.0247917841456962,-0.8317460740870789,-0.6125275437631839,12265.33
10, 104902.0,-0.23952841933883373,0.15122493630282,-0.8317460740870789,-0.6125275437631839,10219.74
10, 104903.0,0.40737944707861423,-0.82203028062009,-0.8317460740870789,-0.6125275437631839,12158.85
0, 104904.0,-1.6771014558220514,-0.9639633330880142,-0.8317460740870789,1.1694571646246668,13899.21
6, 104905.0,1.4136805726168666,0.860890198642441,-0.8317460740870789,-0.6125275437631839,16161.33
16, 104906.0,-1.2458295448770862,-0.2745742211009533,0.3488170515096455,-0.6125275437631839,12791.0
10, 104907.0,-0.16764976751467284,-0.4165072735688775,-0.8317460740870789,-0.6125275437631839,3950.69
11, 104908.0,0.11986483978197071,-1.0045156337931354,0.3488170515096455,1.1694571646246668,17041.76
16, 104909.0,-0.023892463866351063,-0.6395449274470446,0.3488170515096455,-0.6125275437631839,14892.73
5, 104910.0,0.8386513580235796,-0.37595497286375645,-0.8317460740870789,-0.6125275437631839,6692.4
0, 104911.0,-1.5333441521737297,0.4959194922963504,-0.8317460740870789,1.1694571646246668,10628.46
5, 104912.0,1.5574378762651884,-1.5722478436648328,-0.8317460740870789,-0.6125275437631839,10909.19
8, 104913.0,-1.5333441521737297,0.41481489088610823,2.709943302703094,-0.6125275437631839,18606.29
16, 104914.0,-0.8864362857562816,0.3742625901809864,0.3488170515096455,-0.6125275437631839,10386.38
0, 104915.0,-0.38328572298715546,0.04984418454001689,0.3488170515096455,1.1694571646246668,24549.83
0, 104916.0,-0.5989216784596382,-0.2745742211009533,-0.8317460740870789,1.1694571646246668,14410.5
5, 104917.0,1.198044617144384,-0.6800972281521658,-0.8317460740870789,-0.6125275437631839,13968.2
10, 104918.0,-0.16764976751467284,0.07012033489257707,-0.8317460740870789,-0.6125275437631839,9850.83
6, 104919.0,0.7667727061994186,0.4756433419437895,-0.8317460740870789,-0.6125275437631839,18688.0
18, 104920.0,0.6230154025510969,1.6516600623923063,-0.8317460740870789,1.1694571646246668,15701.52
18, 104921.0,0.9105300098477405,0.4350910412386684,0.3488170515096455,1.1694571646246668,33056.62
4, 104922.0,-0.8145576339321208,1.3069655063987753,0.3488170515096455,-0.6125275437631839,9931.51
3, 104923.0,1.5574378762651884,-0.6192687770944837,2.709943302703094,2.951441873012518,24933.79
7, 104924.0,-0.8145576339321208,-1.673628595427636,-0.8317460740870789,-0.6125275437631839,29602.32
12, 104925.0,1.70119517991351,-0.3151265218060744,0.3488170515096455,-0.6125275437631839,26209.66
17, 104926.0,0.9105300098477405,-2.0183231514211664,-0.8317460740870789,-0.6125275437631839,12035.36
4, 104927.0,-1.317708196701247,1.0839278525206082,0.3488170515096455,-0.6125275437631839,7179.21
9, 104928.0,0.47925809890277515,1.1447563035782908,-0.8317460740870789,-0.6125275437631839,8182.88
16, 104929.0,-0.9583149375804426,-0.7206495288572868,0.3488170515096455,-0.6125275437631839,7534.51
4, 104930.0,-1.4614655003495687,1.0028232511103659,0.3488170515096455,-0.6125275437631839,8519.02
8, 104931.0,-0.5270430266354773,-0.5584403260368017,1.5293801771063698,-0.6125275437631839,27976.58
0, 104932.0,-0.8864362857562816,-0.19346961969071041,-0.8317460740870789,1.1694571646246668,16394.57
5, 104933.0,1.198044617144384,-1.045067934498257,-0.8317460740870789,-0.6125275437631839,17275.75
18, 104934.0,1.4136805726168666,0.6581286951168355,0.3488170515096455,1.1694571646246668,15596.76
13, 104935.0,-1.317708196701247,0.5567479433540324,-0.8317460740870789,-0.6125275437631839,10740.14
16, 104936.0,-1.5333441521737297,-0.923411032382893,0.3488170515096455,-0.6125275437631839,12925.93
0, 104937.0,-1.6771014558220514,0.4350910412386684,0.3488170515096455,1.1694571646246668,28442.48
1, 104938.0,-1.317708196701247,-0.9842394834405751,0.3488170515096455,1.1694571646246668,29328.0
7, 104939.0,-1.6052228039978906,-1.2072771373187414,-0.8317460740870789,-0.6125275437631839,12744.29
18, 104940.0,1.4136805726168666,2.2802207233216847,0.3488170515096455,1.1694571646246668,20573.05
0, 104941.0,-1.1020722412287642,-0.9436871827354539,-0.8317460740870789,1.1694571646246668,16091.72
10, 104942.0,0.47925809890277515,-0.33540267215863534,-0.8317460740870789,-0.6125275437631839,12693.7
5, 104943.0,1.269923268968545,0.04984418454001689,-0.8317460740870789,-0.6125275437631839,14709.54
3, 104944.0,1.3418019207927057,-0.3962311232163166,1.5293801771063698,2.951441873012518,20517.59
0, 104945.0,-1.317708196701247,-0.5178880253316807,-0.8317460740870789,2.951441873012518,18705.03
3, 104946.0,1.1261659653202232,0.6986809958219566,1.5293801771063698,1.1694571646246668,31343.59
13, 104947.0,-1.1020722412287642,0.19177723700794108,-0.8317460740870789,-0.6125275437631839,13976.95
10, 104948.0,0.04798618795780982,-0.8423064309726509,-0.8317460740870789,-0.6125275437631839,6713.02
13, 104949.0,-1.6052228039978906,-0.11236501828046822,-0.8317460740870789,-0.6125275437631839,7937.78
9, 104950.0,-0.5270430266354773,0.860890198642441,-0.8317460740870789,-0.6125275437631839,20696.97
0, 104951.0,-0.5270430266354773,-0.4165072735688775,-0.8317460740870789,1.1694571646246668,19698.95
13, 104952.0,-0.9583149375804426,-0.33540267215863534,-0.8317460740870789,-0.6125275437631839,8492.91
5, 104953.0,1.3418019207927057,-0.6192687770944837,-0.8317460740870789,-0.6125275437631839,21824.61
2, 104954.0,1.6293165280893493,-0.6800972281521658,1.5293801771063698,-0.6125275437631839,24188.29
12, 104955.0,0.47925809890277515,0.1715010866553802,0.3488170515096455,-0.6125275437631839,33253.52
1, 104956.0,-0.5270430266354773,-2.4441223088249395,1.5293801771063698,2.951441873012518,36271.04
11, 104957.0,1.6293165280893493,-1.2275532876713025,-0.8317460740870789,1.1694571646246668,17592.71
4, 104958.0,-0.4551643748113164,0.7392332965270777,0.3488170515096455,-0.6125275437631839,16365.72
4, 104959.0,-0.9583149375804426,1.8138692652127908,1.5293801771063698,-0.6125275437631839,35838.0
15, 104960.0,1.3418019207927057,0.5973002440591535,0.3488170515096455,-0.6125275437631839,17559.14
10, 104961.0,0.6948940543752578,0.212053387360502,-0.8317460740870789,-0.6125275437631839,10245.18
12, 104962.0,0.8386513580235796,0.1106726355976989,0.3488170515096455,-0.6125275437631839,19591.2
13, 104963.0,-0.8864362857562816,0.5567479433540324,-0.8317460740870789,-0.6125275437631839,10986.66
12, 104964.0,1.198044617144384,0.2728818384181833,0.3488170515096455,-0.6125275437631839,10269.8
4, 104965.0,-1.6771014558220514,0.6986809958219566,1.5293801771063698,-0.6125275437631839,17280.15
8, 104966.0,-1.6052228039978906,-0.8423064309726509,1.5293801771063698,-0.6125275437631839,31466.98
6, 104967.0,1.4136805726168666,0.860890198642441,-0.8317460740870789,-0.6125275437631839,11321.82
7, 104968.0,-1.6052228039978906,-2.079151602478848,0.3488170515096455,-0.6125275437631839,18964.68
12, 104969.0,0.19174349160613158,-0.05153656722278621,0.3488170515096455,-0.6125275437631839,21935.8
15, 104970.0,0.6948940543752578,0.3945387405335473,0.3488170515096455,-0.6125275437631839,16460.57
7, 104971.0,-1.0301935894046035,-1.4100386408443477,-0.8317460740870789,-0.6125275437631839,7723.43
3, 104972.0,-0.670800330283799,0.4959194922963504,2.709943302703094,1.1694571646246668,24779.64
19, 104973.0,0.19174349160613158,0.04984418454001689,1.5293801771063698,-0.6125275437631839,30360.38
0, 104974.0,-0.8145576339321208,0.2526056880656231,-0.8317460740870789,1.1694571646246668,16255.12
1, 104975.0,-1.0301935894046035,-0.7612018295624079,1.5293801771063698,1.1694571646246668,27289.53
6, 104976.0,0.6230154025510969,0.8203378979373206,-0.8317460740870789,-0.6125275437631839,12305.56
17, 104977.0,0.19174349160613158,-1.3492101897866664,-0.8317460740870789,-0.6125275437631839,9634.09
9, 104978.0,0.19174349160613158,1.0028232511103659,-0.8317460740870789,-0.6125275437631839,19411.58
15, 104979.0,0.11986483978197071,1.0839278525206082,0.3488170515096455,-0.6125275437631839,14986.79
14, 104980.0,-1.6052228039978906,1.3069655063987753,-0.8317460740870789,-0.6125275437631839,13540.05
10, 104981.0,0.6230154025510969,-0.3962311232163166,-0.8317460740870789,-0.6125275437631839,9646.41
9, 104982.0,-0.5989216784596382,1.1447563035782908,-0.8317460740870789,-0.6125275437631839,10635.91
0, 104983.0,-1.6771014558220514,0.6581286951168355,0.3488170515096455,1.1694571646246668,12081.51
7, 104984.0,-0.670800330283799,-1.3694863401392265,0.3488170515096455,-0.6125275437631839,13022.07
3, 104985.0,-0.8145576339321208,0.5973002440591535,1.5293801771063698,1.1694571646246668,20477.39
13, 104986.0,-1.6771014558220514,-0.3151265218060744,-0.8317460740870789,-0.6125275437631839,30288.36
16, 104987.0,-0.8864362857562816,-0.47733572462655954,0.3488170515096455,-0.6125275437631839,11518.95
0, 104988.0,-1.0301935894046035,-0.05153656722278621,0.3488170515096455,1.1694571646246668,17003.53
6, 104989.0,0.9105300098477405,1.2664132056936535,-0.8317460740870789,-0.6125275437631839,10353.91
13, 104990.0,-1.5333441521737297,-0.3151265218060744,-0.8317460740870789,-0.6125275437631839,10206.49
3, 104991.0,0.2636221434302925,-0.7612018295624079,1.5293801771063698,2.951441873012518,28074.9
4, 104992.0,-1.1739508930529252,0.8203378979373206,0.3488170515096455,-0.6125275437631839,18417.1
11, 104993.0,0.7667727061994186,-0.35567882251119554,0.3488170515096455,1.1694571646246668,16159.77
14, 104994.0,-0.8864362857562816,1.2664132056936535,-0.8317460740870789,-0.6125275437631839,13858.27
7, 104995.0,-1.1020722412287642,-2.4441223088249395,0.3488170515096455,-0.6125275437631839,24615.91
6, 104996.0,1.6293165280893493,0.3945387405335473,-0.8317460740870789,-0.6125275437631839,14992.05
0, 104997.0,-0.4551643748113164,0.9014424993475628,0.3488170515096455,1.1694571646246668,24168.9
13, 104998.0,-0.8145576339321208,0.5364717930014715,-0.8317460740870789,-0.6125275437631839,11370.16
1, 104999.0,-0.16764976751467284,-1.3086578890815446,1.5293801771063698,1.1694571646246668,34624.81
13, 105000.0,-0.7426789821079599,-0.82203028062009,-0.8317460740870789,-0.6125275437631839,11202.24
10, 105001.0,0.04798618795780982,0.3945387405335473,-0.8317460740870789,-0.6125275437631839,25638.01
5, 105002.0,0.9824086616719013,-1.3897624904917876,-0.8317460740870789,-0.6125275437631839,10305.83
13, 105003.0,-1.6052228039978906,0.09039648524513799,-0.8317460740870789,-0.6125275437631839,8098.97
6, 105004.0,1.198044617144384,0.8811663489950019,-0.8317460740870789,-0.6125275437631839,31399.21
10, 105005.0,-0.3114070711629946,-0.5381641756842416,-0.8317460740870789,-0.6125275437631839,24755.89
17, 105006.0,-0.09577111569051194,-1.3289340394341054,-0.8317460740870789,-0.6125275437631839,7654.49
0, 105007.0,-1.317708196701247,-0.010984266517665113,-0.8317460740870789,1.1694571646246668,11410.72
0, 105008.0,-0.7426789821079599,0.3337102894758653,0.3488170515096455,1.1694571646246668,9737.43
18, 105009.0,0.47925809890277515,2.706019880725458,-0.8317460740870789,1.1694571646246668,17765.75
1, 105010.0,-0.23952841933883373,-1.1667248366136203,0.3488170515096455,1.1694571646246668,26576.63
4, 105011.0,-0.38328572298715546,1.8138692652127908,0.3488170515096455,-0.6125275437631839,9260.24
18, 105012.0,1.4136805726168666,0.2526056880656231,-0.8317460740870789,1.1694571646246668,18734.1
6, 105013.0,0.6948940543752578,0.3337102894758653,-0.8317460740870789,-0.6125275437631839,21804.19
6, 105014.0,1.4855592244410276,0.4553671915912293,-0.8317460740870789,-0.6125275437631839,11252.28
15, 105015.0,0.9824086616719013,0.9419948000526847,0.3488170515096455,-0.6125275437631839,12449.89
10, 105016.0,-0.4551643748113164,0.1715010866553802,-0.8317460740870789,-0.6125275437631839,11966.37
11, 105017.0,0.11986483978197071,-0.13264116863302913,0.3488170515096455,1.1694571646246668,34032.65
15, 105018.0,0.47925809890277515,0.982547100757805,0.3488170515096455,-0.6125275437631839,15042.68
16, 105019.0,-0.09577111569051194,0.1106726355976989,0.3488170515096455,-0.6125275437631839,13007.56
16, 105020.0,-1.5333441521737297,0.4756433419437895,0.3488170515096455,-0.6125275437631839,24553.0
3, 105021.0,-0.8864362857562816,-0.09208886792790731,2.709943302703094,2.951441873012518,30086.89
4, 105022.0,-0.3114070711629946,1.104204002873169,0.3488170515096455,-0.6125275437631839,15603.8
1, 105023.0,-0.23952841933883373,-1.3289340394341054,0.3488170515096455,1.1694571646246668,37355.93
3, 105024.0,-0.8864362857562816,1.3880701078090174,3.8905064282998185,2.951441873012518,34317.66
0, 105025.0,-0.5989216784596382,0.13094878595025908,-0.8317460740870789,1.1694571646246668,14114.45
12, 105026.0,0.7667727061994186,0.2728818384181833,0.3488170515096455,-0.6125275437631839,13014.75
1, 105027.0,-1.1020722412287642,-0.13264116863302913,1.5293801771063698,2.951441873012518,20705.15
15, 105028.0,-0.023892463866351063,0.860890198642441,0.3488170515096455,-0.6125275437631839,19432.99
17, 105029.0,0.40737944707861423,-0.923411032382893,-0.8317460740870789,-0.6125275437631839,30124.71
19, 105030.0,0.11986483978197071,1.3880701078090174,2.709943302703094,-0.6125275437631839,28746.77
19, 105031.0,0.6948940543752578,-0.33540267215863534,1.5293801771063698,-0.6125275437631839,15788.82
1, 105032.0,-1.6052228039978906,-1.2478294380238633,0.3488170515096455,1.1694571646246668,14799.59
7, 105033.0,-1.4614655003495687,-1.0653440848508173,-0.8317460740870789,-0.6125275437631839,9521.48
3, 105034.0,0.9105300098477405,0.19177723700794108,1.5293801771063698,1.1694571646246668,23964.08
1, 105035.0,-0.023892463866351063,-1.0653440848508173,1.5293801771063698,1.1694571646246668,20575.23
10, 105036.0,0.11986483978197071,-0.49761187497911974,-0.8317460740870789,-0.6125275437631839,9957.64
0, 105037.0,-1.5333441521737297,0.41481489088610823,-0.8317460740870789,1.1694571646246668,9734.45
10, 105038.0,-0.09577111569051194,-0.7003733785047259,-0.8317460740870789,-0.6125275437631839,8705.23
6, 105039.0,1.70119517991351,0.4959194922963504,-0.8317460740870789,-0.6125275437631839,11651.55
12, 105040.0,1.5574378762651884,-0.21374577004327133,0.3488170515096455,-0.6125275437631839,20953.3
9, 105041.0,-0.3114070711629946,1.7935931148602298,-0.8317460740870789,-0.6125275437631839,26977.59
12, 105042.0,-0.023892463866351063,-0.9436871827354539,0.3488170515096455,-0.6125275437631839,24135.3
17, 105043.0,-0.5270430266354773,-1.0653440848508173,-0.8317460740870789,-0.6125275437631839,9547.6
12, 105044.0,0.6230154025510969,-0.5989926267419229,0.3488170515096455,-0.6125275437631839,12450.25
7, 105045.0,-1.389586848525408,-1.7547331968378788,-0.8317460740870789,1.1694571646246668,28793.4
5, 105046.0,0.9824086616719013,-0.05153656722278621,-0.8317460740870789,-0.6125275437631839,14010.02
13, 105047.0,-0.7426789821079599,0.5770240937065926,-0.8317460740870789,-0.6125275437631839,27074.89
17, 105048.0,0.47925809890277515,-0.9031348820303321,-0.8317460740870789,-0.6125275437631839,10160.75
12, 105049.0,0.19174349160613158,-0.923411032382893,0.3488170515096455,-0.6125275437631839,8446.29
15, 105050.0,1.198044617144384,0.9419948000526847,0.3488170515096455,-0.6125275437631839,33023.54
0, 105051.0,-0.3114070711629946,0.1106726355976989,-0.8317460740870789,1.1694571646246668,12747.57
5, 105052.0,1.198044617144384,-0.7409256792098478,-0.8317460740870789,-0.6125275437631839,15671.46
7, 105053.0,-0.9583149375804426,-2.4441223088249395,-0.8317460740870789,-0.6125275437631839,24118.26
18, 105054.0,-0.16764976751467284,1.1853086042834111,0.3488170515096455,1.1694571646246668,16701.94
7, 105055.0,-0.9583149375804426,-2.1399800535365303,-0.8317460740870789,-0.6125275437631839,12775.36
3, 105056.0,0.6948940543752578,0.13094878595025908,1.5293801771063698,1.1694571646246668,43302.8
17, 105057.0,-0.3114070711629946,-1.4303147911969085,0.3488170515096455,-0.6125275437631839,14767.87
18, 105058.0,1.1261659653202232,0.2323295377130622,-0.8317460740870789,1.1694571646246668,32020.14
5, 105059.0,1.269923268968545,-0.9842394834405751,-0.8317460740870789,-0.6125275437631839,8558.98
13, 105060.0,-0.8145576339321208,-0.03126041687022602,-0.8317460740870789,-0.6125275437631839,11475.51
5, 105061.0,1.3418019207927057,-1.1667248366136203,-0.8317460740870789,-0.6125275437631839,15608.84
7, 105062.0,-0.670800330283799,-1.795285497543,-0.8317460740870789,-0.6125275437631839,17179.54
0, 105063.0,-0.23952841933883373,-0.2745742211009533,-0.8317460740870789,1.1694571646246668,18768.1
16, 105064.0,-1.6052228039978906,-0.3151265218060744,0.3488170515096455,-0.6125275437631839,9558.39
9, 105065.0,-0.5270430266354773,1.0433755518154877,-0.8317460740870789,-0.6125275437631839,14815.88
4, 105066.0,-0.4551643748113164,1.5705554609820627,0.3488170515096455,-0.6125275437631839,32300.6
5, 105067.0,1.198044617144384,-1.0045156337931354,-0.8317460740870789,-0.6125275437631839,24292.16
0, 105068.0,-0.670800330283799,-0.010984266517665113,-0.8317460740870789,1.1694571646246668,8575.14
13, 105069.0,-0.9583149375804426,0.19177723700794108,-0.8317460740870789,-0.6125275437631839,6804.23
6, 105070.0,1.4855592244410276,0.1106726355976989,-0.8317460740870789,-0.6125275437631839,14767.29
9, 105071.0,-0.5270430266354773,0.7392332965270777,-0.8317460740870789,-0.6125275437631839,22539.77
1, 105072.0,-1.389586848525408,-0.4165072735688775,1.5293801771063698,1.1694571646246668,39874.02
12, 105073.0,0.7667727061994186,-0.23402192039583222,0.3488170515096455,-0.6125275437631839,12892.02
0, 105074.0,-0.38328572298715546,0.19177723700794108,-0.8317460740870789,2.951441873012518,18193.2
15, 105075.0,1.3418019207927057,1.0433755518154877,0.3488170515096455,-0.6125275437631839,12832.18
0, 105076.0,-1.2458295448770862,0.3945387405335473,0.3488170515096455,1.1694571646246668,19236.12
1, 105077.0,-0.9583149375804426,-0.33540267215863534,0.3488170515096455,1.1694571646246668,17025.04
10, 105078.0,0.19174349160613158,-0.47733572462655954,-0.8317460740870789,-0.6125275437631839,12779.59
9, 105079.0,0.04798618795780982,0.6175763944117144,-0.8317460740870789,-0.6125275437631839,11327.96
11, 105080.0,0.19174349160613158,-0.25429807074839245,-0.8317460740870789,1.1694571646246668,13218.09
10, 105081.0,-0.23952841933883373,0.3134341391233051,-0.8317460740870789,-0.6125275437631839,29726.65
18, 105082.0,0.2636221434302925,1.2664132056936535,0.3488170515096455,1.1694571646246668,15768.66
14, 105083.0,-1.2458295448770862,0.9622709504052441,-0.8317460740870789,-0.6125275437631839,29936.35
7, 105084.0,-1.1020722412287642,-1.2681055883764234,-0.8317460740870789,-0.6125275437631839,8122.37
10, 105085.0,0.11986483978197071,-0.05153656722278621,-0.8317460740870789,-0.6125275437631839,11311.23
9, 105086.0,-0.38328572298715546,0.5567479433540324,-0.8317460740870789,-0.6125275437631839,9651.07
6, 105087.0,0.8386513580235796,0.3539864398284262,-0.8317460740870789,-0.6125275437631839,12912.34
0, 105088.0,-1.317708196701247,0.1106726355976989,0.3488170515096455,1.1694571646246668,24313.04
7, 105089.0,-0.8145576339321208,-1.1058963855559383,-0.8317460740870789,-0.6125275437631839,2735.59
0, 105090.0,-1.1739508930529252,1.6719362127448658,0.3488170515096455,1.1694571646246668,19195.68
18, 105091.0,0.2636221434302925,2.564086828257534,0.3488170515096455,1.1694571646246668,17894.88
13, 105092.0,-0.8145576339321208,0.5770240937065926,-0.8317460740870789,-0.6125275437631839,13473.89
0, 105093.0,-1.5333441521737297,1.5097270099243814,-0.8317460740870789,1.1694571646246668,28631.96
17, 105094.0,-0.5270430266354773,-1.4100386408443477,-0.8317460740870789,-0.6125275437631839,24524.85
18, 105095.0,1.70119517991351,2.016630768738397,0.3488170515096455,1.1694571646246668,24395.69
16, 105096.0,-0.8145576339321208,-0.6800972281521658,0.3488170515096455,-0.6125275437631839,31924.54
13, 105097.0,-0.5270430266354773,0.13094878595025908,-0.8317460740870789,-0.6125275437631839,10162.85
17, 105098.0,-0.5270430266354773,-1.2883817387289844,-0.8317460740870789,-0.6125275437631839,13596.33
11, 105099.0,0.11986483978197071,-1.2072771373187414,-0.8317460740870789,1.1694571646246668,18229.72
3, 105100.0,1.3418019207927057,0.04984418454001689,1.5293801771063698,1.1694571646246668,40328.32
1, 105101.0,-1.1739508930529252,-0.19346961969071041,0.3488170515096455,2.951441873012518,27271.22
15, 105102.0,0.04798618795780982,2.016630768738397,0.3488170515096455,-0.6125275437631839,13784.39
5, 105103.0,0.7667727061994186,-0.8017541302675291,-0.8317460740870789,-0.6125275437631839,11944.06
11, 105104.0,1.6293165280893493,-1.1870009869661813,-0.8317460740870789,1.1694571646246668,29560.34
18, 105105.0,1.4855592244410276,0.5364717930014715,-0.8317460740870789,1.1694571646246668,15561.08
18, 105106.0,1.1261659653202232,1.0433755518154877,-0.8317460740870789,1.1694571646246668,16972.67
3, 105107.0,1.70119517991351,-1.1667248366136203,2.709943302703094,1.1694571646246668,49332.68
16, 105108.0,-0.9583149375804426,0.4756433419437895,0.3488170515096455,-0.6125275437631839,17258.04
16, 105109.0,-0.7426789821079599,-0.17319346933815022,0.3488170515096455,-0.6125275437631839,16478.37
15, 105110.0,1.4136805726168666,0.860890198642441,0.3488170515096455,-0.6125275437631839,34365.6
12, 105111.0,0.2636221434302925,-0.5787164763893626,0.3488170515096455,-0.6125275437631839,11072.23
3, 105112.0,0.8386513580235796,-0.49761187497911974,1.5293801771063698,1.1694571646246668,21892.69
1, 105113.0,-0.3114070711629946,-1.2072771373187414,0.3488170515096455,1.1694571646246668,25931.72
0, 105114.0,-0.5989216784596382,-0.17319346933815022,-0.8317460740870789,1.1694571646246668,20825.99
9, 105115.0,-0.5989216784596382,0.8203378979373206,-0.8317460740870789,-0.6125275437631839,23860.1
2, 105116.0,0.8386513580235796,-1.9777708507160452,1.5293801771063698,-0.6125275437631839,16428.09
6, 105117.0,1.4136805726168666,0.7392332965270777,-0.8317460740870789,-0.6125275437631839,16566.9
6, 105118.0,0.551136750726936,0.6986809958219566,-0.8317460740870789,-0.6125275437631839,10609.61
16, 105119.0,-1.2458295448770862,0.029568034187455985,0.3488170515096455,-0.6125275437631839,13700.53
13, 105120.0,-0.8145576339321208,0.4350910412386684,-0.8317460740870789,-0.6125275437631839,16158.54
17, 105121.0,-0.09577111569051194,-2.4441223088249395,0.3488170515096455,-0.6125275437631839,31792.15
5, 105122.0,0.6230154025510969,-0.9031348820303321,-0.8317460740870789,-0.6125275437631839,17563.14
12, 105123.0,0.9105300098477405,-0.923411032382893,0.3488170515096455,-0.6125275437631839,14749.9
13, 105124.0,-1.6052228039978906,-0.09208886792790731,-0.8317460740870789,-0.6125275437631839,9357.09
4, 105125.0,-1.0301935894046035,1.4488985588667003,0.3488170515096455,-0.6125275437631839,12170.47
18, 105126.0,1.4136805726168666,1.5705554609820627,-0.8317460740870789,1.1694571646246668,14345.32
10, 105127.0,0.2636221434302925,-0.4165072735688775,-0.8317460740870789,-0.6125275437631839,11193.44
6, 105128.0,1.1261659653202232,0.6986809958219566,-0.8317460740870789,-0.6125275437631839,32205.99
7, 105129.0,-0.7426789821079599,-1.4505909415494695,-0.8317460740870789,1.1694571646246668,17189.75
9, 105130.0,0.47925809890277515,0.8000617475847597,-0.8317460740870789,-0.6125275437631839,13381.57
2, 105131.0,-0.16764976751467284,-2.4441223088249395,1.5293801771063698,-0.6125275437631839,32750.24
13, 105132.0,-1.389586848525408,-0.37595497286375645,-0.8317460740870789,-0.6125275437631839,14406.52
13, 105133.0,-1.1020722412287642,-0.03126041687022602,-0.8317460740870789,-0.6125275437631839,6014.94
6, 105134.0,1.198044617144384,0.3539864398284262,-0.8317460740870789,-0.6125275437631839,13943.84
6, 105135.0,0.551136750726936,0.7797855972321988,-0.8317460740870789,-0.6125275437631839,11826.29
12, 105136.0,0.40737944707861423,-0.21374577004327133,0.3488170515096455,-0.6125275437631839,12804.0
3, 105137.0,-0.4551643748113164,1.104204002873169,3.8905064282998185,1.1694571646246668,20048.3
4, 105138.0,-1.2458295448770862,0.6175763944117144,1.5293801771063698,-0.6125275437631839,12638.36
18, 105139.0,0.7667727061994186,1.0230994014629269,-0.8317460740870789,1.1694571646246668,10746.61
15, 105140.0,1.198044617144384,1.5097270099243814,0.3488170515096455,-0.6125275437631839,23633.74
5, 105141.0,1.198044617144384,0.07012033489257707,-0.8317460740870789,-0.6125275437631839,21757.39
2, 105142.0,1.0542873134960622,-1.5722478436648328,0.3488170515096455,-0.6125275437631839,15766.38
6, 105143.0,1.198044617144384,1.3475178071038971,-0.8317460740870789,-0.6125275437631839,14037.66
1, 105144.0,-1.0301935894046035,-0.35567882251119554,1.5293801771063698,1.1694571646246668,17021.09
8, 105145.0,-0.023892463866351063,-0.6800972281521658,1.5293801771063698,-0.6125275437631839,31208.59
18, 105146.0,0.9824086616719013,0.3945387405335473,-0.8317460740870789,1.1694571646246668,31362.71
2, 105147.0,0.7667727061994186,-1.6330762947225148,0.3488170515096455,-0.6125275437631839,29183.43
18, 105148.0,0.551136750726936,1.4691747092192595,0.3488170515096455,1.1694571646246668,14549.97
16, 105149.0,-0.8864362857562816,-0.4165072735688775,0.3488170515096455,-0.6125275437631839,14816.86
12, 105150.0,0.11986483978197071,-0.5787164763893626,0.3488170515096455,-0.6125275437631839,25068.82
3, 105151.0,-0.5270430266354773,0.7392332965270777,1.5293801771063698,1.1694571646246668,22072.74
16, 105152.0,-1.317708196701247,0.212053387360502,0.3488170515096455,-0.6125275437631839,8879.9
9, 105153.0,0.47925809890277515,1.9760784680332752,-0.8317460740870789,-0.6125275437631839,22636.89
15, 105154.0,0.9105300098477405,1.894973866623033,0.3488170515096455,-0.6125275437631839,18188.98
5, 105155.0,1.4136805726168666,-0.49761187497911974,-0.8317460740870789,-0.6125275437631839,16454.22
11, 105156.0,1.5574378762651884,-0.3151265218060744,-0.8317460740870789,1.1694571646246668,10568.17
4, 105157.0,-1.2458295448770862,1.3677939574564566,0.3488170515096455,-0.6125275437631839,17612.44
8, 105158.0,-1.4614655003495687,-0.9639633330880142,3.8905064282998185,-0.6125275437631839,17506.08
1, 105159.0,-1.317708196701247,-1.876390098953242,0.3488170515096455,1.1694571646246668,26635.01
13, 105160.0,-1.6052228039978906,-0.7206495288572868,-0.8317460740870789,-0.6125275437631839,6214.19
13, 105161.0,-0.670800330283799,0.5364717930014715,-0.8317460740870789,-0.6125275437631839,16513.86
18, 105162.0,-0.023892463866351063,1.1650324539308503,0.3488170515096455,1.1694571646246668,30969.33
3, 105163.0,1.4855592244410276,-0.2948503714535135,1.5293801771063698,2.951441873012518,39423.53
4, 105164.0,-0.8145576339321208,0.5567479433540324,1.5293801771063698,-0.6125275437631839,16441.3
10, 105165.0,0.19174349160613158,0.4553671915912293,-0.8317460740870789,-0.6125275437631839,15227.33
12, 105166.0,0.47925809890277515,-0.8423064309726509,0.3488170515096455,-0.6125275437631839,10402.91
19, 105167.0,0.7667727061994186,1.5097270099243814,1.5293801771063698,-0.6125275437631839,18174.7
1, 105168.0,-0.023892463866351063,-0.7206495288572868,0.3488170515096455,2.951441873012518,17396.8
12, 105169.0,0.6948940543752578,-0.7409256792098478,0.3488170515096455,-0.6125275437631839,19087.39
4, 105170.0,-1.6771014558220514,1.12448015322573,1.5293801771063698,-0.6125275437631839,27013.85
1, 105171.0,-0.9583149375804426,-1.6533524450750756,0.3488170515096455,1.1694571646246668,13376.89
15, 105172.0,0.7667727061994186,0.9622709504052441,0.3488170515096455,-0.6125275437631839,17693.95
7, 105173.0,-1.5333441521737297,-2.4238461584723785,0.3488170515096455,-0.6125275437631839,11633.12
17, 105174.0,0.2636221434302925,-1.4100386408443477,-0.8317460740870789,-0.6125275437631839,6701.03
9, 105175.0,-0.38328572298715546,1.1447563035782908,-0.8317460740870789,-0.6125275437631839,29897.58
16, 105176.0,-0.8145576339321208,0.5770240937065926,0.3488170515096455,-0.6125275437631839,31383.65
17, 105177.0,0.6230154025510969,-1.775009347190439,-0.8317460740870789,-0.6125275437631839,22387.86
6, 105178.0,0.6230154025510969,0.860890198642441,-0.8317460740870789,-0.6125275437631839,13074.16
12, 105179.0,1.5574378762651884,0.1715010866553802,0.3488170515096455,-0.6125275437631839,13132.65
0, 105180.0,-1.317708196701247,-0.7612018295624079,-0.8317460740870789,1.1694571646246668,11531.8
9, 105181.0,-0.5989216784596382,0.982547100757805,-0.8317460740870789,-0.6125275437631839,6707.72
5, 105182.0,1.3418019207927057,-1.2478294380238633,-0.8317460740870789,-0.6125275437631839,5894.25
13, 105183.0,-1.389586848525408,-0.4570595742739986,-0.8317460740870789,-0.6125275437631839,22748.0
11, 105184.0,0.33550079525445337,0.04984418454001689,-0.8317460740870789,1.1694571646246668,20543.21
9, 105185.0,-0.23952841933883373,1.0230994014629269,-0.8317460740870789,-0.6125275437631839,26328.82
11, 105186.0,0.551136750726936,-1.3086578890815446,0.3488170515096455,2.951441873012518,20731.51
6, 105187.0,1.1261659653202232,0.9622709504052441,-0.8317460740870789,-0.6125275437631839,16350.2
17, 105188.0,-0.3114070711629946,-1.856113948600682,-0.8317460740870789,-0.6125275437631839,15323.85
4, 105189.0,-1.1739508930529252,1.0636517021680472,1.5293801771063698,-0.6125275437631839,25800.35
10, 105190.0,-0.23952841933883373,0.3742625901809864,-0.8317460740870789,-0.6125275437631839,16490.07
13, 105191.0,-1.0301935894046035,-0.6800972281521658,-0.8317460740870789,-0.6125275437631839,9897.0
14, 105192.0,-1.5333441521737297,1.0433755518154877,-0.8317460740870789,-0.6125275437631839,7455.79
5, 105193.0,0.9105300098477405,-0.6598210777996049,-0.8317460740870789,-0.6125275437631839,24256.54
3, 105194.0,-0.09577111569051194,0.2323295377130622,2.709943302703094,1.1694571646246668,27788.57
6, 105195.0,1.3418019207927057,0.8000617475847597,-0.8317460740870789,-0.6125275437631839,15096.17
9, 105196.0,-0.16764976751467284,0.8203378979373206,-0.8317460740870789,-0.6125275437631839,30759.36
12, 105197.0,0.11986483978197071,-0.6395449274470446,0.3488170515096455,-0.6125275437631839,6413.86
2, 105198.0,1.4136805726168666,-1.795285497543,0.3488170515096455,-0.6125275437631839,11160.22
6, 105199.0,1.5574378762651884,0.2728818384181833,-0.8317460740870789,-0.6125275437631839,15216.46
3, 105200.0,0.9824086616719013,1.7530408141551095,1.5293801771063698,2.951441873012518,21944.03
19, 105201.0,0.33550079525445337,1.0028232511103659,1.5293801771063698,-0.6125275437631839,23337.07
4, 105202.0,-0.09577111569051194,1.3069655063987753,1.5293801771063698,-0.6125275437631839,20646.58
5, 105203.0,1.269923268968545,-1.3289340394341054,-0.8317460740870789,-0.6125275437631839,13555.53
13, 105204.0,-1.6771014558220514,-0.7206495288572868,-0.8317460740870789,-0.6125275437631839,11493.63
18, 105205.0,1.0542873134960622,0.19177723700794108,-0.8317460740870789,1.1694571646246668,19461.77
1, 105206.0,-1.4614655003495687,0.5364717930014715,1.5293801771063698,1.1694571646246668,18437.9
4, 105207.0,-1.1020722412287642,0.9014424993475628,1.5293801771063698,-0.6125275437631839,13416.52
16, 105208.0,-0.8145576339321208,0.09039648524513799,0.3488170515096455,-0.6125275437631839,12865.82
0, 105209.0,-0.9583149375804426,-0.25429807074839245,0.3488170515096455,1.1694571646246668,15562.27
13, 105210.0,-1.6771014558220514,-0.5381641756842416,-0.8317460740870789,-0.6125275437631839,16599.5
4, 105211.0,-0.670800330283799,1.9558023176807158,1.5293801771063698,-0.6125275437631839,18031.45
16, 105212.0,-0.5270430266354773,-0.7814779799149688,0.3488170515096455,-0.6125275437631839,12440.35
16, 105213.0,-1.6771014558220514,-0.23402192039583222,0.3488170515096455,-0.6125275437631839,10482.87
19, 105214.0,0.9824086616719013,1.3475178071038971,2.709943302703094,-0.6125275437631839,25040.76
13, 105215.0,-1.5333441521737297,-0.4165072735688775,-0.8317460740870789,-0.6125275437631839,9086.6
16, 105216.0,-1.317708196701247,0.19177723700794108,0.3488170515096455,-0.6125275437631839,13155.48
2, 105217.0,1.6293165280893493,-1.1667248366136203,1.5293801771063698,1.1694571646246668,25698.09
12, 105218.0,0.9824086616719013,-0.2948503714535135,0.3488170515096455,-0.6125275437631839,27023.29
8, 105219.0,-1.1739508930529252,0.41481489088610823,1.5293801771063698,-0.6125275437631839,18987.72
10, 105220.0,0.19174349160613158,0.19177723700794108,-0.8317460740870789,-0.6125275437631839,10377.45
15, 105221.0,0.6948940543752578,1.2664132056936535,0.3488170515096455,-0.6125275437631839,10010.65
5, 105222.0,0.9105300098477405,-0.7003733785047259,-0.8317460740870789,-0.6125275437631839,24148.94
0, 105223.0,-0.5989216784596382,0.6378525447642746,0.3488170515096455,1.1694571646246668,15267.29
12, 105224.0,0.47925809890277515,-0.3151265218060744,0.3488170515096455,-0.6125275437631839,19958.87
4, 105225.0,-1.2458295448770862,1.6516600623923063,0.3488170515096455,-0.6125275437631839,12701.09
0, 105226.0,-1.6771014558220514,0.8811663489950019,0.3488170515096455,1.1694571646246668,12419.59
17, 105227.0,0.11986483978197071,-1.3492101897866664,-0.8317460740870789,-0.6125275437631839,6069.94
16, 105228.0,-0.3114070711629946,0.3742625901809864,0.3488170515096455,-0.6125275437631839,12112.77
15, 105229.0,1.1261659653202232,0.4350910412386684,0.3488170515096455,-0.6125275437631839,11036.32
18, 105230.0,1.269923268968545,0.1715010866553802,0.3488170515096455,1.1694571646246668,18748.57
11, 105231.0,0.33550079525445337,-0.9842394834405751,0.3488170515096455,1.1694571646246668,12783.65
18, 105232.0,1.5574378762651884,0.8203378979373206,-0.8317460740870789,1.1694571646246668,14763.62
12, 105233.0,0.11986483978197071,-1.045067934498257,0.3488170515096455,-0.6125275437631839,20098.17
7, 105234.0,-1.0301935894046035,-0.923411032382893,-0.8317460740870789,-0.6125275437631839,7512.38
17, 105235.0,0.7667727061994186,-1.4303147911969085,-0.8317460740870789,-0.6125275437631839,19073.71
16, 105236.0,-0.38328572298715546,-0.7409256792098478,0.3488170515096455,-0.6125275437631839,10976.08
18, 105237.0,1.269923268968545,1.3475178071038971,-0.8317460740870789,1.1694571646246668,19182.05
10, 105238.0,-0.16764976751467284,0.4350910412386684,-0.8317460740870789,-0.6125275437631839,9884.19
7, 105239.0,-1.1739508930529252,-1.1058963855559383,-0.8317460740870789,-0.6125275437631839,28642.94
14, 105240.0,-1.4614655003495687,0.6986809958219566,-0.8317460740870789,-0.6125275437631839,10704.52
8, 105241.0,-0.9583149375804426,0.212053387360502,1.5293801771063698,-0.6125275437631839,16683.52
16, 105242.0,-0.023892463866351063,-0.11236501828046822,0.3488170515096455,-0.6125275437631839,14901.64
8, 105243.0,-0.4551643748113164,-1.734457046485318,1.5293801771063698,-0.6125275437631839,12435.8
16, 105244.0,-0.8145576339321208,0.07012033489257707,0.3488170515096455,-0.6125275437631839,12266.39
12, 105245.0,0.8386513580235796,-0.862582581325211,0.3488170515096455,-0.6125275437631839,13384.85
4, 105246.0,-0.23952841933883373,1.8341454155653516,1.5293801771063698,-0.6125275437631839,31745.63
6, 105247.0,1.4136805726168666,0.4756433419437895,-0.8317460740870789,-0.6125275437631839,19146.05
5, 105248.0,1.6293165280893493,-1.2275532876713025,-0.8317460740870789,-0.6125275437631839,12072.3
17, 105249.0,0.8386513580235796,-1.5114193926071509,-0.8317460740870789,-0.6125275437631839,8294.58
15, 105250.0,1.269923268968545,0.4756433419437895,0.3488170515096455,-0.6125275437631839,37031.02
16, 105251.0,-0.4551643748113164,-0.5787164763893626,0.3488170515096455,-0.6125275437631839,10391.48
13, 105252.0,-1.0301935894046035,-0.43678342392143843,-0.8317460740870789,-0.6125275437631839,10709.05
9, 105253.0,-0.09577111569051194,1.9558023176807158,-0.8317460740870789,-0.6125275437631839,10315.0
0, 105254.0,-1.2458295448770862,1.12448015322573,-0.8317460740870789,1.1694571646246668,32020.2
3, 105255.0,0.7667727061994186,-1.1261725359084993,3.8905064282998185,1.1694571646246668,21909.44
13, 105256.0,-1.1739508930529252,0.3945387405335473,-0.8317460740870789,-0.6125275437631839,12017.6
16, 105257.0,-0.9583149375804426,-0.11236501828046822,0.3488170515096455,-0.6125275437631839,10625.84
19, 105258.0,0.6948940543752578,0.1715010866553802,1.5293801771063698,-0.6125275437631839,15650.89
13, 105259.0,-1.5333441521737297,-0.33540267215863534,-0.8317460740870789,-0.6125275437631839,12396.49
14, 105260.0,-1.1020722412287642,0.8406140482898815,-0.8317460740870789,-0.6125275437631839,12254.21
14, 105261.0,-1.1020722412287642,0.8811663489950019,-0.8317460740870789,-0.6125275437631839,14505.6
7, 105262.0,-0.9583149375804426,-0.9639633330880142,-0.8317460740870789,-0.6125275437631839,22136.79
10, 105263.0,0.19174349160613158,-0.09208886792790731,-0.8317460740870789,-0.6125275437631839,11516.25
2, 105264.0,0.2636221434302925,-1.2681055883764234,0.3488170515096455,-0.6125275437631839,10886.79
19, 105265.0,0.47925809890277515,-0.47733572462655954,2.709943302703094,-0.6125275437631839,17622.94
15, 105266.0,1.70119517991351,0.8203378979373206,0.3488170515096455,-0.6125275437631839,13404.74
13, 105267.0,-1.4614655003495687,0.2526056880656231,-0.8317460740870789,-0.6125275437631839,10354.07
10, 105268.0,0.19174349160613158,0.3337102894758653,-0.8317460740870789,-0.6125275437631839,15801.19
6, 105269.0,0.9105300098477405,1.0433755518154877,-0.8317460740870789,-0.6125275437631839,9487.42
3, 105270.0,-1.1020722412287642,0.1715010866553802,3.8905064282998185,1.1694571646246668,23409.93
12, 105271.0,1.5574378762651884,-0.3962311232163166,0.3488170515096455,-0.6125275437631839,29835.42
16, 105272.0,-1.1739508930529252,-0.010984266517665113,0.3488170515096455,-0.6125275437631839,28358.96
11, 105273.0,1.5574378762651884,-1.3289340394341054,0.3488170515096455,1.1694571646246668,16172.51
5, 105274.0,1.5574378762651884,-0.4570595742739986,-0.8317460740870789,-0.6125275437631839,25753.57
1, 105275.0,-1.0301935894046035,-2.2210846549467727,0.3488170515096455,2.951441873012518,20310.65
3, 105276.0,0.9105300098477405,0.009291883834895796,1.5293801771063698,1.1694571646246668,38131.17
16, 105277.0,-1.4614655003495687,-0.07181271757534712,0.3488170515096455,-0.6125275437631839,11695.39
3, 105278.0,-1.4614655003495687,1.0433755518154877,2.709943302703094,1.1694571646246668,17387.57
7, 105279.0,-1.2458295448770862,-1.896666249305803,-0.8317460740870789,1.1694571646246668,8941.27
19, 105280.0,-0.5989216784596382,0.9014424993475628,2.709943302703094,-0.6125275437631839,24176.84
12, 105281.0,0.7667727061994186,-0.11236501828046822,0.3488170515096455,-0.6125275437631839,11725.65
4, 105282.0,-0.4551643748113164,0.8000617475847597,0.3488170515096455,-0.6125275437631839,15732.93
17, 105283.0,-0.16764976751467284,-2.3832938577672578,-0.8317460740870789,-0.6125275437631839,11624.2
0, 105284.0,-1.6052228039978906,0.04984418454001689,0.3488170515096455,1.1694571646246668,11357.42
16, 105285.0,-0.3114070711629946,-0.7814779799149688,0.3488170515096455,-0.6125275437631839,16380.42
7, 105286.0,-1.2458295448770862,-1.4708670919020297,0.3488170515096455,-0.6125275437631839,17888.66
3, 105287.0,0.47925809890277515,0.1106726355976989,1.5293801771063698,1.1694571646246668,29374.72
3, 105288.0,-0.4551643748113164,0.2323295377130622,2.709943302703094,2.951441873012518,29015.62
13, 105289.0,-1.6052228039978906,-0.21374577004327133,-0.8317460740870789,-0.6125275437631839,8096.65
4, 105290.0,-0.8864362857562816,1.0839278525206082,0.3488170515096455,-0.6125275437631839,13190.93
16, 105291.0,-0.23952841933883373,-0.19346961969071041,0.3488170515096455,-0.6125275437631839,26944.63
11, 105292.0,1.4855592244410276,-0.15291731898558933,-0.8317460740870789,1.1694571646246668,27976.37
0, 105293.0,-0.8145576339321208,-0.11236501828046822,-0.8317460740870789,1.1694571646246668,13367.89
10, 105294.0,0.40737944707861423,-0.3151265218060744,-0.8317460740870789,-0.6125275437631839,23239.56
1, 105295.0,0.04798618795780982,-1.2072771373187414,1.5293801771063698,1.1694571646246668,28085.48
16, 105296.0,-0.4551643748113164,0.029568034187455985,0.3488170515096455,-0.6125275437631839,28141.84
13, 105297.0,-0.8864362857562816,-0.7814779799149688,-0.8317460740870789,-0.6125275437631839,7744.02
12, 105298.0,0.551136750726936,-0.6192687770944837,0.3488170515096455,-0.6125275437631839,14322.84
0, 105299.0,0.04798618795780982,0.09039648524513799,0.3488170515096455,1.1694571646246668,34997.24
10, 105300.0,0.6230154025510969,-0.11236501828046822,-0.8317460740870789,-0.6125275437631839,9990.62
13, 105301.0,-0.5270430266354773,0.15122493630282,-0.8317460740870789,-0.6125275437631839,9812.09
8, 105302.0,-0.23952841933883373,-0.5381641756842416,2.709943302703094,-0.6125275437631839,29313.09
17, 105303.0,-0.4551643748113164,-1.3897624904917876,-0.8317460740870789,-0.6125275437631839,15860.45
1, 105304.0,-1.1020722412287642,-0.8423064309726509,0.3488170515096455,1.1694571646246668,16632.39
16, 105305.0,-1.2458295448770862,-0.6598210777996049,0.3488170515096455,-0.6125275437631839,13197.83
19, 105306.0,0.6948940543752578,-1.0045156337931354,2.709943302703094,-0.6125275437631839,30497.18
5, 105307.0,1.4136805726168666,-1.4505909415494695,-0.8317460740870789,-0.6125275437631839,14036.06
10, 105308.0,-0.09577111569051194,-0.3151265218060744,-0.8317460740870789,-0.6125275437631839,13342.62
13, 105309.0,-0.5989216784596382,-0.6598210777996049,-0.8317460740870789,-0.6125275437631839,24718.83
1, 105310.0,-1.6052228039978906,-1.9777708507160452,0.3488170515096455,1.1694571646246668,9655.78
8, 105311.0,-1.4614655003495687,0.3337102894758653,1.5293801771063698,-0.6125275437631839,12158.11
18, 105312.0,-0.23952841933883373,2.0774592197960784,0.3488170515096455,1.1694571646246668,37812.15
3, 105313.0,1.4855592244410276,1.5705554609820627,1.5293801771063698,2.951441873012518,32232.48
15, 105314.0,0.551136750726936,0.6986809958219566,0.3488170515096455,-0.6125275437631839,10778.64
13, 105315.0,-1.4614655003495687,-0.35567882251119554,-0.8317460740870789,-0.6125275437631839,10749.75
15, 105316.0,1.5574378762651884,0.9014424993475628,0.3488170515096455,-0.6125275437631839,29363.2
11, 105317.0,0.551136750726936,-0.05153656722278621,0.3488170515096455,1.1694571646246668,17776.73
18, 105318.0,1.70119517991351,0.7797855972321988,-0.8317460740870789,1.1694571646246668,15853.59
5, 105319.0,1.0542873134960622,-0.15291731898558933,-0.8317460740870789,-0.6125275437631839,8132.7
7, 105320.0,-1.6052228039978906,-2.4441223088249395,-0.8317460740870789,1.1694571646246668,13548.44
1, 105321.0,-0.7426789821079599,-0.5584403260368017,1.5293801771063698,1.1694571646246668,16599.35
3, 105322.0,0.19174349160613158,-0.19346961969071041,1.5293801771063698,2.951441873012518,45392.01
7, 105323.0,-0.8864362857562816,-1.3897624904917876,0.3488170515096455,-0.6125275437631839,35482.8
14, 105324.0,-1.0301935894046035,1.9760784680332752,-0.8317460740870789,-0.6125275437631839,23862.39
1, 105325.0,-0.3114070711629946,-0.6598210777996049,0.3488170515096455,1.1694571646246668,28456.57
0, 105326.0,-0.4551643748113164,0.4350910412386684,-0.8317460740870789,1.1694571646246668,11457.97
19, 105327.0,0.11986483978197071,0.009291883834895796,2.709943302703094,-0.6125275437631839,39190.84
17, 105328.0,0.6948940543752578,-2.2616369556518943,-0.8317460740870789,-0.6125275437631839,23415.31
9, 105329.0,0.2636221434302925,2.706019880725458,-0.8317460740870789,-0.6125275437631839,10507.39
11, 105330.0,0.33550079525445337,-0.33540267215863534,-0.8317460740870789,1.1694571646246668,16646.74
6, 105331.0,1.4855592244410276,1.2664132056936535,-0.8317460740870789,-0.6125275437631839,16491.24
6, 105332.0,1.6293165280893493,1.4894508595718206,-0.8317460740870789,-0.6125275437631839,12179.92
16, 105333.0,-1.0301935894046035,-0.23402192039583222,0.3488170515096455,-0.6125275437631839,30850.3
4, 105334.0,-0.5270430266354773,0.9419948000526847,0.3488170515096455,-0.6125275437631839,13934.97
9, 105335.0,-0.3114070711629946,1.1853086042834111,-0.8317460740870789,-0.6125275437631839,12252.5
18, 105336.0,1.269923268968545,0.8000617475847597,0.3488170515096455,1.1694571646246668,16816.1
7, 105337.0,-0.7426789821079599,-1.3086578890815446,0.3488170515096455,-0.6125275437631839,20441.63
12, 105338.0,0.9105300098477405,-0.07181271757534712,0.3488170515096455,-0.6125275437631839,27269.35
17, 105339.0,1.1261659653202232,-2.2616369556518943,-0.8317460740870789,-0.6125275437631839,12059.96
10, 105340.0,-0.4551643748113164,0.04984418454001689,-0.8317460740870789,-0.6125275437631839,22506.38
13, 105341.0,-0.5989216784596382,-0.6800972281521658,-0.8317460740870789,-0.6125275437631839,8058.88
13, 105342.0,-0.5270430266354773,0.2526056880656231,-0.8317460740870789,-0.6125275437631839,13184.44
4, 105343.0,-1.5333441521737297,0.7392332965270777,0.3488170515096455,-0.6125275437631839,30359.45
7, 105344.0,-1.2458295448770862,-1.0247917841456962,0.3488170515096455,-0.6125275437631839,16866.36
6, 105345.0,1.3418019207927057,1.0028232511103659,-0.8317460740870789,-0.6125275437631839,12535.49
16, 105346.0,-0.7426789821079599,-0.23402192039583222,0.3488170515096455,-0.6125275437631839,26818.09
18, 105347.0,0.11986483978197071,2.7668483317831405,0.3488170515096455,1.1694571646246668,28463.78
18, 105348.0,1.3418019207927057,0.3742625901809864,-0.8317460740870789,1.1694571646246668,25133.8
9, 105349.0,0.11986483978197071,0.8000617475847597,-0.8317460740870789,-0.6125275437631839,30268.46
19, 105350.0,0.6948940543752578,1.0230994014629269,1.5293801771063698,-0.6125275437631839,23810.96
11, 105351.0,1.5574378762651884,-0.05153656722278621,-0.8317460740870789,1.1694571646246668,21177.19
19, 105352.0,1.4855592244410276,1.1650324539308503,1.5293801771063698,-0.6125275437631839,20227.81
14, 105353.0,-1.2458295448770862,1.5705554609820627,-0.8317460740870789,-0.6125275437631839,14347.18
10, 105354.0,0.47925809890277515,-0.82203028062009,-0.8317460740870789,-0.6125275437631839,24590.61
4, 105355.0,-0.7426789821079599,0.5973002440591535,1.5293801771063698,-0.6125275437631839,18049.87
19, 105356.0,0.551136750726936,-0.4165072735688775,1.5293801771063698,-0.6125275437631839,17918.1
3, 105357.0,0.9105300098477405,0.3945387405335473,2.709943302703094,1.1694571646246668,25768.48
9, 105358.0,-0.3114070711629946,1.0636517021680472,-0.8317460740870789,-0.6125275437631839,15273.31
0, 105359.0,-0.7426789821079599,1.327241656751336,-0.8317460740870789,1.1694571646246668,25512.28
16, 105360.0,-0.8145576339321208,-0.25429807074839245,0.3488170515096455,-0.6125275437631839,11075.87
13, 105361.0,-1.6052228039978906,0.15122493630282,-0.8317460740870789,-0.6125275437631839,24561.95
15, 105362.0,1.5574378762651884,1.104204002873169,0.3488170515096455,-0.6125275437631839,32715.55
1, 105363.0,-0.23952841933883373,-0.9842394834405751,0.3488170515096455,1.1694571646246668,15071.35
13, 105364.0,-1.317708196701247,0.5161956426489113,-0.8317460740870789,-0.6125275437631839,8147.42
18, 105365.0,-0.16764976751467284,1.0839278525206082,0.3488170515096455,1.1694571646246668,13023.04
6, 105366.0,1.5574378762651884,1.773316964507669,-0.8317460740870789,-0.6125275437631839,13598.37
12, 105367.0,0.04798618795780982,-0.9639633330880142,0.3488170515096455,-0.6125275437631839,12512.26
3, 105368.0,-0.8864362857562816,-0.7814779799149688,3.8905064282998185,1.1694571646246668,28701.47
11, 105369.0,1.1261659653202232,-0.010984266517665113,-0.8317460740870789,1.1694571646246668,17157.11
11, 105370.0,1.0542873134960622,-2.4441223088249395,0.3488170515096455,2.951441873012518,34261.59
0, 105371.0,-1.4614655003495687,1.2664132056936535,-0.8317460740870789,1.1694571646246668,23981.14
0, 105372.0,-0.16764976751467284,0.5567479433540324,0.3488170515096455,1.1694571646246668,16093.62
5, 105373.0,1.269923268968545,-0.6598210777996049,-0.8317460740870789,-0.6125275437631839,27346.79
11, 105374.0,0.7667727061994186,-0.882858731677772,0.3488170515096455,1.1694571646246668,31017.61
16, 105375.0,-0.5989216784596382,-0.37595497286375645,0.3488170515096455,-0.6125275437631839,19418.14
16, 105376.0,-0.9583149375804426,0.5161956426489113,0.3488170515096455,-0.6125275437631839,13471.48
11, 105377.0,1.5574378762651884,-0.5787164763893626,-0.8317460740870789,2.951441873012518,39038.67
11, 105378.0,0.47925809890277515,-1.2883817387289844,0.3488170515096455,1.1694571646246668,12227.66
9, 105379.0,-0.16764976751467284,0.982547100757805,-0.8317460740870789,-0.6125275437631839,29237.01
5, 105380.0,1.0542873134960622,-0.7612018295624079,-0.8317460740870789,-0.6125275437631839,28903.06
5, 105381.0,1.1261659653202232,-0.5584403260368017,-0.8317460740870789,-0.6125275437631839,13867.5
13, 105382.0,-0.8145576339321208,-0.15291731898558933,-0.8317460740870789,-0.6125275437631839,12296.62
0, 105383.0,-0.4551643748113164,0.5770240937065926,-0.8317460740870789,1.1694571646246668,12218.08
18, 105384.0,-0.4551643748113164,1.7124885134499876,0.3488170515096455,1.1694571646246668,21546.79
1, 105385.0,-0.670800330283799,-2.4441223088249395,0.3488170515096455,1.1694571646246668,12537.45
3, 105386.0,-0.023892463866351063,0.3945387405335473,1.5293801771063698,2.951441873012518,25096.68
13, 105387.0,-0.9583149375804426,-0.47733572462655954,-0.8317460740870789,-0.6125275437631839,5758.12
10, 105388.0,0.551136750726936,-0.4570595742739986,-0.8317460740870789,-0.6125275437631839,12876.33
11, 105389.0,0.9105300098477405,-0.7612018295624079,-0.8317460740870789,1.1694571646246668,22733.21
13, 105390.0,-1.1739508930529252,-0.25429807074839245,-0.8317460740870789,-0.6125275437631839,3352.49
12, 105391.0,0.11986483978197071,-0.03126041687022602,0.3488170515096455,-0.6125275437631839,17480.11
19, 105392.0,-0.5270430266354773,0.8811663489950019,2.709943302703094,-0.6125275437631839,17505.58
6, 105393.0,0.8386513580235796,1.104204002873169,-0.8317460740870789,-0.6125275437631839,18469.6
6, 105394.0,1.70119517991351,0.09039648524513799,-0.8317460740870789,-0.6125275437631839,14218.51
17, 105395.0,-0.16764976751467284,-1.0653440848508173,0.3488170515096455,-0.6125275437631839,31945.79
3, 105396.0,0.551136750726936,0.2728818384181833,1.5293801771063698,1.1694571646246668,19130.52
13, 105397.0,-1.4614655003495687,-0.2948503714535135,-0.8317460740870789,-0.6125275437631839,29566.83
17, 105398.0,-0.4551643748113164,-2.3427415570621366,-0.8317460740870789,-0.6125275437631839,24721.34
17, 105399.0,0.8386513580235796,-2.1197039031839693,-0.8317460740870789,-0.6125275437631839,21776.79
11, 105400.0,0.19174349160613158,-0.5584403260368017,0.3488170515096455,1.1694571646246668,16947.65
19, 105401.0,1.4855592244410276,0.3134341391233051,1.5293801771063698,-0.6125275437631839,41019.06
3, 105402.0,-1.5333441521737297,1.3475178071038971,2.709943302703094,1.1694571646246668,28891.85
13, 105403.0,-1.1739508930529252,-0.7612018295624079,-0.8317460740870789,-0.6125275437631839,9270.58
9, 105404.0,0.04798618795780982,2.0774592197960784,-0.8317460740870789,-0.6125275437631839,12144.3
17, 105405.0,0.04798618795780982,-1.3492101897866664,0.3488170515096455,-0.6125275437631839,20080.46
10, 105406.0,0.40737944707861423,0.3134341391233051,-0.8317460740870789,-0.6125275437631839,9983.03
4, 105407.0,-1.1020722412287642,1.3069655063987753,1.5293801771063698,-0.6125275437631839,14543.23
11, 105408.0,-0.16764976751467284,-2.4441223088249395,-0.8317460740870789,1.1694571646246668,10885.64
7, 105409.0,-1.389586848525408,-1.998047001068606,0.3488170515096455,-0.6125275437631839,9355.28
6, 105410.0,0.6230154025510969,0.4553671915912293,-0.8317460740870789,-0.6125275437631839,17374.02
0, 105411.0,-0.16764976751467284,-0.25429807074839245,-0.8317460740870789,1.1694571646246668,14601.51
13, 105412.0,-1.6771014558220514,0.009291883834895796,-0.8317460740870789,-0.6125275437631839,11926.36
14, 105413.0,-0.8145576339321208,1.5097270099243814,-0.8317460740870789,-0.6125275437631839,19645.12
5, 105414.0,0.9105300098477405,-0.4570595742739986,-0.8317460740870789,-0.6125275437631839,11399.83
1, 105415.0,-1.1020722412287642,-0.8017541302675291,0.3488170515096455,2.951441873012518,31689.66
4, 105416.0,-1.317708196701247,1.1650324539308503,0.3488170515096455,-0.6125275437631839,29632.03
1, 105417.0,-1.2458295448770862,-0.5178880253316807,0.3488170515096455,2.951441873012518,19264.86
3, 105418.0,0.6230154025510969,1.6922123630974268,3.8905064282998185,1.1694571646246668,31489.87
0, 105419.0,-1.317708196701247,0.212053387360502,0.3488170515096455,1.1694571646246668,28673.16
16, 105420.0,-1.317708196701247,-0.8017541302675291,0.3488170515096455,-0.6125275437631839,13900.91
10, 105421.0,0.551136750726936,-0.5584403260368017,-0.8317460740870789,-0.6125275437631839,10270.49
10, 105422.0,-0.23952841933883373,-0.4165072735688775,-0.8317460740870789,-0.6125275437631839,18423.19
15, 105423.0,1.4136805726168666,1.6719362127448658,0.3488170515096455,-0.6125275437631839,21357.02
6, 105424.0,0.9824086616719013,0.5770240937065926,-0.8317460740870789,-0.6125275437631839,22710.11
8, 105425.0,-0.9583149375804426,-1.4911432422545905,1.5293801771063698,-0.6125275437631839,25560.33
12, 105426.0,0.40737944707861423,0.3337102894758653,0.3488170515096455,-0.6125275437631839,16258.59
6, 105427.0,0.6230154025510969,0.4959194922963504,-0.8317460740870789,-0.6125275437631839,13749.93
18, 105428.0,1.1261659653202232,0.9419948000526847,0.3488170515096455,1.1694571646246668,24195.23
11, 105429.0,1.1261659653202232,-0.09208886792790731,-0.8317460740870789,1.1694571646246668,17334.41
1, 105430.0,-0.5270430266354773,-1.1667248366136203,0.3488170515096455,1.1694571646246668,29991.3
12, 105431.0,0.9105300098477405,0.29315798877074417,0.3488170515096455,-0.6125275437631839,10765.76
8, 105432.0,-0.7426789821079599,0.41481489088610823,1.5293801771063698,-0.6125275437631839,31569.91
6, 105433.0,1.4136805726168666,1.4691747092192595,-0.8317460740870789,-0.6125275437631839,19696.9
7, 105434.0,-1.5333441521737297,-1.2883817387289844,-0.8317460740870789,-0.6125275437631839,9100.59
0, 105435.0,-0.7426789821079599,0.5567479433540324,0.3488170515096455,1.1694571646246668,31696.44
10, 105436.0,0.6948940543752578,-0.2948503714535135,-0.8317460740870789,-0.6125275437631839,10204.0
18, 105437.0,1.5574378762651884,1.6313839120397455,-0.8317460740870789,1.1694571646246668,22581.11
6, 105438.0,1.70119517991351,0.4553671915912293,-0.8317460740870789,-0.6125275437631839,32539.17
3, 105439.0,-0.670800330283799,0.8000617475847597,1.5293801771063698,1.1694571646246668,30258.11
13, 105440.0,-1.0301935894046035,-0.010984266517665113,-0.8317460740870789,-0.6125275437631839,8072.47
10, 105441.0,-0.4551643748113164,-0.6598210777996049,-0.8317460740870789,-0.6125275437631839,4501.06
1, 105442.0,-0.8145576339321208,-0.47733572462655954,1.5293801771063698,1.1694571646246668,20609.93
17, 105443.0,0.6948940543752578,-1.795285497543,-0.8317460740870789,-0.6125275437631839,8233.69
6, 105444.0,1.4136805726168666,0.8406140482898815,-0.8317460740870789,-0.6125275437631839,20149.36
1, 105445.0,-1.2458295448770862,-0.37595497286375645,0.3488170515096455,1.1694571646246668,16711.44
3, 105446.0,0.6230154025510969,1.4083462581615784,1.5293801771063698,2.951441873012518,21374.16
12, 105447.0,0.8386513580235796,0.029568034187455985,0.3488170515096455,-0.6125275437631839,13395.15
3, 105448.0,0.9105300098477405,0.7392332965270777,1.5293801771063698,1.1694571646246668,19786.05
14, 105449.0,-1.1020722412287642,1.0230994014629269,-0.8317460740870789,-0.6125275437631839,8886.09
15, 105450.0,0.9824086616719013,0.9622709504052441,0.3488170515096455,-0.6125275437631839,18874.24
1, 105451.0,-1.1739508930529252,-2.2413608052993332,0.3488170515096455,1.1694571646246668,12917.7
18, 105452.0,-0.09577111569051194,1.0433755518154877,-0.8317460740870789,1.1694571646246668,16955.11
10, 105453.0,0.11986483978197071,0.3134341391233051,-0.8317460740870789,-0.6125275437631839,12197.27
4, 105454.0,-1.1020722412287642,1.996354618385836,0.3488170515096455,-0.6125275437631839,7051.85
13, 105455.0,-0.7426789821079599,-0.862582581325211,-0.8317460740870789,-0.6125275437631839,23079.59
3, 105456.0,0.40737944707861423,1.2866893560462143,1.5293801771063698,1.1694571646246668,21739.96
17, 105457.0,0.19174349160613158,-0.9842394834405751,-0.8317460740870789,-0.6125275437631839,7594.38
6, 105458.0,0.8386513580235796,0.3742625901809864,-0.8317460740870789,-0.6125275437631839,9747.41
18, 105459.0,0.40737944707861423,2.4627060764947313,-0.8317460740870789,1.1694571646246668,18900.43
10, 105460.0,0.47925809890277515,-0.11236501828046822,-0.8317460740870789,-0.6125275437631839,7143.77
2, 105461.0,1.0542873134960622,-0.8017541302675291,1.5293801771063698,-0.6125275437631839,14571.32
17, 105462.0,0.2636221434302925,-1.5722478436648328,0.3488170515096455,-0.6125275437631839,11831.62
6, 105463.0,0.7667727061994186,1.0839278525206082,-0.8317460740870789,-0.6125275437631839,21336.03
6, 105464.0,1.1261659653202232,0.212053387360502,-0.8317460740870789,-0.6125275437631839,26008.55
18, 105465.0,-0.4551643748113164,1.773316964507669,0.3488170515096455,1.1694571646246668,15381.53
4, 105466.0,-0.8864362857562816,1.8138692652127908,0.3488170515096455,-0.6125275437631839,16523.19
17, 105467.0,0.04798618795780982,-1.4100386408443477,0.3488170515096455,-0.6125275437631839,8143.27
11, 105468.0,0.2636221434302925,-1.4911432422545905,0.3488170515096455,1.1694571646246668,30502.83
6, 105469.0,1.5574378762651884,0.7189571461745176,-0.8317460740870789,-0.6125275437631839,16305.72
5, 105470.0,1.6293165280893493,-0.49761187497911974,-0.8317460740870789,-0.6125275437631839,17444.68
5, 105471.0,1.4136805726168666,-0.4165072735688775,-0.8317460740870789,-0.6125275437631839,29521.35
5, 105472.0,0.6948940543752578,-0.9436871827354539,-0.8317460740870789,-0.6125275437631839,11991.02
18, 105473.0,1.70119517991351,0.19177723700794108,0.3488170515096455,1.1694571646246668,21695.98
17, 105474.0,0.2636221434302925,-0.923411032382893,-0.8317460740870789,-0.6125275437631839,13126.18
14, 105475.0,-0.9583149375804426,1.6922123630974268,-0.8317460740870789,-0.6125275437631839,27116.49
5, 105476.0,1.4855592244410276,-0.4570595742739986,-0.8317460740870789,-0.6125275437631839,10751.09
10, 105477.0,0.6948940543752578,0.15122493630282,-0.8317460740870789,-0.6125275437631839,10712.31
1, 105478.0,-1.5333441521737297,-1.045067934498257,0.3488170515096455,1.1694571646246668,17862.82
18, 105479.0,1.6293165280893493,1.104204002873169,0.3488170515096455,4.733426581400368,31977.42
11, 105480.0,0.2636221434302925,-1.1261725359084993,0.3488170515096455,1.1694571646246668,26642.15
4, 105481.0,-1.0301935894046035,0.6581286951168355,0.3488170515096455,-0.6125275437631839,10399.7
7, 105482.0,-1.6771014558220514,-1.81556164789556,-0.8317460740870789,-0.6125275437631839,9823.58
18, 105483.0,0.9105300098477405,0.19177723700794108,-0.8317460740870789,1.1694571646246668,12867.28
5, 105484.0,1.6293165280893493,-0.13264116863302913,-0.8317460740870789,-0.6125275437631839,14876.94
5, 105485.0,1.6293165280893493,-0.6800972281521658,-0.8317460740870789,-0.6125275437631839,15812.6
16, 105486.0,-0.23952841933883373,0.2526056880656231,0.3488170515096455,-0.6125275437631839,15921.97
9, 105487.0,0.9105300098477405,2.4018776254370486,-0.8317460740870789,-0.6125275437631839,12624.94
9, 105488.0,0.19174349160613158,1.2055847546359721,-0.8317460740870789,-0.6125275437631839,23168.2
0, 105489.0,-0.16764976751467284,0.6378525447642746,0.3488170515096455,1.1694571646246668,29079.78
11, 105490.0,1.3418019207927057,-0.09208886792790731,-0.8317460740870789,1.1694571646246668,20370.97
18, 105491.0,0.47925809890277515,0.29315798877074417,0.3488170515096455,1.1694571646246668,25297.77
11, 105492.0,1.1261659653202232,-0.6395449274470446,-0.8317460740870789,1.1694571646246668,13771.49
3, 105493.0,-0.3114070711629946,0.4959194922963504,2.709943302703094,1.1694571646246668,27308.5
12, 105494.0,0.6230154025510969,0.04984418454001689,0.3488170515096455,-0.6125275437631839,12127.09
2, 105495.0,1.3418019207927057,-1.1667248366136203,1.5293801771063698,-0.6125275437631839,19285.86
0, 105496.0,-1.6052228039978906,0.6784048454693957,0.3488170515096455,1.1694571646246668,27555.43
7, 105497.0,-1.0301935894046035,-1.9169423996583632,0.3488170515096455,-0.6125275437631839,11070.42
6, 105498.0,0.9824086616719013,0.212053387360502,-0.8317460740870789,-0.6125275437631839,14482.41
14, 105499.0,-0.8864362857562816,0.982547100757805,-0.8317460740870789,-0.6125275437631839,12682.84
12, 105500.0,0.6230154025510969,0.3337102894758653,0.3488170515096455,-0.6125275437631839,14659.65
4, 105501.0,-1.6771014558220514,1.3069655063987753,0.3488170515096455,-0.6125275437631839,15188.03
11, 105502.0,1.6293165280893493,-1.795285497543,-0.8317460740870789,1.1694571646246668,27130.25
18, 105503.0,1.1261659653202232,2.4627060764947313,0.3488170515096455,1.1694571646246668,22542.44
13, 105504.0,-0.5989216784596382,0.009291883834895796,-0.8317460740870789,-0.6125275437631839,9034.53
8, 105505.0,-1.4614655003495687,0.2526056880656231,1.5293801771063698,-0.6125275437631839,14913.89
17, 105506.0,0.33550079525445337,-0.882858731677772,-0.8317460740870789,-0.6125275437631839,14368.79
5, 105507.0,1.269923268968545,-0.7612018295624079,-0.8317460740870789,-0.6125275437631839,19048.53
15, 105508.0,1.4855592244410276,1.5300031602769424,0.3488170515096455,-0.6125275437631839,18275.7
0, 105509.0,-1.1739508930529252,-0.49761187497911974,-0.8317460740870789,1.1694571646246668,14011.6
16, 105510.0,-0.3114070711629946,0.5161956426489113,0.3488170515096455,-0.6125275437631839,16816.01
13, 105511.0,-0.5270430266354773,-0.11236501828046822,-0.8317460740870789,-0.6125275437631839,17710.14
5, 105512.0,1.70119517991351,-0.35567882251119554,-0.8317460740870789,-0.6125275437631839,10884.54
10, 105513.0,0.40737944707861423,0.4756433419437895,-0.8317460740870789,-0.6125275437631839,13488.7
11, 105514.0,1.70119517991351,-0.19346961969071041,-0.8317460740870789,2.951441873012518,20917.64
18, 105515.0,1.70119517991351,0.2526056880656231,-0.8317460740870789,1.1694571646246668,19373.42
10, 105516.0,0.2636221434302925,0.19177723700794108,-0.8317460740870789,-0.6125275437631839,15153.2
1, 105517.0,-1.0301935894046035,-0.6192687770944837,0.3488170515096455,1.1694571646246668,15392.92
13, 105518.0,-1.2458295448770862,0.41481489088610823,-0.8317460740870789,-0.6125275437631839,8431.77
7, 105519.0,-0.7426789821079599,-1.0247917841456962,-0.8317460740870789,-0.6125275437631839,14923.07
16, 105520.0,-1.1739508930529252,-0.7206495288572868,0.3488170515096455,-0.6125275437631839,11379.57
18, 105521.0,0.04798618795780982,0.5364717930014715,-0.8317460740870789,1.1694571646246668,29087.87
11, 105522.0,-0.23952841933883373,-1.6128001443699538,-0.8317460740870789,1.1694571646246668,10978.08
11, 105523.0,0.33550079525445337,-0.15291731898558933,0.3488170515096455,1.1694571646246668,24608.75
11, 105524.0,1.4136805726168666,-0.8423064309726509,-0.8317460740870789,1.1694571646246668,15505.56
0, 105525.0,-0.9583149375804426,0.029568034187455985,-0.8317460740870789,1.1694571646246668,12533.59
8, 105526.0,-1.5333441521737297,-1.1667248366136203,2.709943302703094,-0.6125275437631839,17213.57
17, 105527.0,-0.38328572298715546,-1.1667248366136203,-0.8317460740870789,-0.6125275437631839,17518.85
17, 105528.0,0.11986483978197071,-1.4911432422545905,-0.8317460740870789,-0.6125275437631839,8158.7
6, 105529.0,0.7667727061994186,0.3539864398284262,-0.8317460740870789,-0.6125275437631839,25742.54
6, 105530.0,1.6293165280893493,0.8811663489950019,-0.8317460740870789,-0.6125275437631839,29075.38
16, 105531.0,-1.6771014558220514,0.15122493630282,0.3488170515096455,-0.6125275437631839,14257.06
10, 105532.0,-0.38328572298715546,0.2526056880656231,-0.8317460740870789,-0.6125275437631839,10275.26
13, 105533.0,-0.670800330283799,-0.8423064309726509,-0.8317460740870789,-0.6125275437631839,8693.38
18, 105534.0,0.47925809890277515,1.4488985588667003,-0.8317460740870789,1.1694571646246668,14302.24
11, 105535.0,1.3418019207927057,-0.7612018295624079,-0.8317460740870789,1.1694571646246668,14366.55
6, 105536.0,1.1261659653202232,0.4350910412386684,-0.8317460740870789,-0.6125275437631839,14954.49
4, 105537.0,-1.0301935894046035,0.6378525447642746,0.3488170515096455,-0.6125275437631839,11389.73
15, 105538.0,0.47925809890277515,1.12448015322573,0.3488170515096455,-0.6125275437631839,17912.36
5, 105539.0,1.4136805726168666,-1.896666249305803,-0.8317460740870789,-0.6125275437631839,12831.97
5, 105540.0,1.4855592244410276,-0.2745742211009533,-0.8317460740870789,-0.6125275437631839,10817.26
1, 105541.0,-1.1020722412287642,-0.862582581325211,0.3488170515096455,2.951441873012518,16765.38
10, 105542.0,-0.3114070711629946,0.04984418454001689,-0.8317460740870789,-0.6125275437631839,36946.89
15, 105543.0,1.4136805726168666,0.7392332965270777,0.3488170515096455,-0.6125275437631839,15292.12
12, 105544.0,0.6230154025510969,-0.19346961969071041,0.3488170515096455,-0.6125275437631839,24616.85
5, 105545.0,1.198044617144384,-0.35567882251119554,-0.8317460740870789,-0.6125275437631839,12046.05
13, 105546.0,-1.6771014558220514,-0.47733572462655954,-0.8317460740870789,-0.6125275437631839,15334.69
6, 105547.0,0.6230154025510969,1.0230994014629269,-0.8317460740870789,-0.6125275437631839,17944.3
3, 105548.0,1.1261659653202232,0.2728818384181833,2.709943302703094,1.1694571646246668,30725.79
10, 105549.0,0.6948940543752578,-0.2948503714535135,-0.8317460740870789,-0.6125275437631839,10350.41
18, 105550.0,1.3418019207927057,0.2728818384181833,-0.8317460740870789,1.1694571646246668,13624.16
19, 105551.0,0.2636221434302925,0.3337102894758653,1.5293801771063698,-0.6125275437631839,18067.23
4, 105552.0,-0.670800330283799,1.1853086042834111,0.3488170515096455,-0.6125275437631839,29969.11
10, 105553.0,0.47925809890277515,-0.3962311232163166,-0.8317460740870789,-0.6125275437631839,9646.46
16, 105554.0,-1.1739508930529252,-0.19346961969071041,0.3488170515096455,-0.6125275437631839,12796.43
1, 105555.0,-0.8145576339321208,-1.2072771373187414,0.3488170515096455,1.1694571646246668,13077.63
10, 105556.0,-0.3114070711629946,-0.15291731898558933,-0.8317460740870789,-0.6125275437631839,10085.92
10, 105557.0,0.11986483978197071,0.13094878595025908,-0.8317460740870789,-0.6125275437631839,12009.35
8, 105558.0,0.04798618795780982,-0.2948503714535135,1.5293801771063698,-0.6125275437631839,17215.21
1, 105559.0,-1.6771014558220514,-0.9436871827354539,0.3488170515096455,1.1694571646246668,22484.29
18, 105560.0,1.0542873134960622,0.6378525447642746,0.3488170515096455,1.1694571646246668,36275.36
9, 105561.0,-0.5989216784596382,0.6378525447642746,-0.8317460740870789,-0.6125275437631839,5240.71
5, 105562.0,1.5574378762651884,0.04984418454001689,-0.8317460740870789,-0.6125275437631839,7514.69
4, 105563.0,-0.38328572298715546,0.8000617475847597,0.3488170515096455,-0.6125275437631839,34486.16
4, 105564.0,-0.7426789821079599,0.9014424993475628,0.3488170515096455,-0.6125275437631839,10217.96
7, 105565.0,-1.1739508930529252,-1.1058963855559383,-0.8317460740870789,-0.6125275437631839,21271.75
3, 105566.0,-1.0301935894046035,0.5973002440591535,1.5293801771063698,1.1694571646246668,13325.61
1, 105567.0,-1.1020722412287642,-0.8423064309726509,0.3488170515096455,1.1694571646246668,15972.41
16, 105568.0,-1.1020722412287642,-0.4570595742739986,0.3488170515096455,-0.6125275437631839,13045.03
5, 105569.0,0.7667727061994186,-0.5381641756842416,-0.8317460740870789,-0.6125275437631839,11099.26
16, 105570.0,-0.16764976751467284,-0.923411032382893,0.3488170515096455,-0.6125275437631839,21251.05
11, 105571.0,0.47925809890277515,-0.5178880253316807,-0.8317460740870789,1.1694571646246668,12939.98
17, 105572.0,0.19174349160613158,-1.045067934498257,-0.8317460740870789,-0.6125275437631839,7799.23
14, 105573.0,-1.1020722412287642,0.982547100757805,-0.8317460740870789,-0.6125275437631839,22430.13
6, 105574.0,1.5574378762651884,2.138287670853761,-0.8317460740870789,-0.6125275437631839,15448.18
18, 105575.0,1.4855592244410276,0.860890198642441,-0.8317460740870789,1.1694571646246668,23929.09
5, 105576.0,0.8386513580235796,-0.43678342392143843,-0.8317460740870789,-0.6125275437631839,15674.77
14, 105577.0,-1.1739508930529252,2.138287670853761,-0.8317460740870789,-0.6125275437631839,12626.15
14, 105578.0,-1.389586848525408,0.8406140482898815,-0.8317460740870789,-0.6125275437631839,11240.0
1, 105579.0,-1.6052228039978906,-1.045067934498257,1.5293801771063698,1.1694571646246668,13036.23
1, 105580.0,-0.5989216784596382,-0.4570595742739986,0.3488170515096455,1.1694571646246668,16586.47
17, 105581.0,0.551136750726936,-1.896666249305803,-0.8317460740870789,-0.6125275437631839,22931.06
16, 105582.0,-0.16764976751467284,0.4756433419437895,0.3488170515096455,-0.6125275437631839,14466.12
17, 105583.0,0.47925809890277515,-0.9842394834405751,-0.8317460740870789,-0.6125275437631839,9359.79
6, 105584.0,1.5574378762651884,0.6175763944117144,-0.8317460740870789,-0.6125275437631839,13486.94
16, 105585.0,-1.6771014558220514,-0.3962311232163166,0.3488170515096455,-0.6125275437631839,23200.59
8, 105586.0,-1.2458295448770862,-0.9842394834405751,2.709943302703094,-0.6125275437631839,26868.7
13, 105587.0,-0.9583149375804426,0.19177723700794108,-0.8317460740870789,-0.6125275437631839,5584.99
11, 105588.0,0.40737944707861423,-1.3897624904917876,-0.8317460740870789,1.1694571646246668,12929.96
7, 105589.0,-0.7426789821079599,-1.0856202352033781,-0.8317460740870789,-0.6125275437631839,3676.59
18, 105590.0,0.9824086616719013,0.9014424993475628,0.3488170515096455,1.1694571646246668,24876.25
4, 105591.0,-0.16764976751467284,1.1853086042834111,0.3488170515096455,-0.6125275437631839,17220.29
12, 105592.0,1.70119517991351,-0.37595497286375645,0.3488170515096455,-0.6125275437631839,14738.59
7, 105593.0,-1.1739508930529252,-1.734457046485318,-0.8317460740870789,-0.6125275437631839,23112.07
6, 105594.0,0.8386513580235796,0.8406140482898815,-0.8317460740870789,-0.6125275437631839,31916.34
4, 105595.0,-1.6771014558220514,1.1853086042834111,0.3488170515096455,-0.6125275437631839,15228.97
18, 105596.0,0.8386513580235796,1.5908316113346237,0.3488170515096455,2.951441873012518,18647.52
11, 105597.0,0.6230154025510969,-0.4570595742739986,-0.8317460740870789,1.1694571646246668,20398.59
0, 105598.0,-1.389586848525408,1.4691747092192595,0.3488170515096455,1.1694571646246668,21958.65
13, 105599.0,-1.317708196701247,0.41481489088610823,-0.8317460740870789,-0.6125275437631839,7966.13
8, 105600.0,-0.8864362857562816,-0.25429807074839245,1.5293801771063698,-0.6125275437631839,16117.3
17, 105601.0,-0.09577111569051194,-1.4303147911969085,0.3488170515096455,-0.6125275437631839,12726.42
18, 105602.0,1.4136805726168666,1.6313839120397455,0.3488170515096455,1.1694571646246668,15709.44
9, 105603.0,0.40737944707861423,0.5364717930014715,-0.8317460740870789,-0.6125275437631839,8062.12
18, 105604.0,0.11986483978197071,0.4553671915912293,-0.8317460740870789,1.1694571646246668,11435.19
11, 105605.0,0.8386513580235796,0.009291883834895796,0.3488170515096455,1.1694571646246668,28198.75
4, 105606.0,-1.389586848525408,1.225860904988533,0.3488170515096455,-0.6125275437631839,13447.44
13, 105607.0,-1.2458295448770862,0.4959194922963504,-0.8317460740870789,-0.6125275437631839,21409.71
14, 105608.0,-0.5270430266354773,2.3816014750844876,-0.8317460740870789,-0.6125275437631839,12138.71
4, 105609.0,-0.38328572298715546,1.8138692652127908,1.5293801771063698,-0.6125275437631839,14828.19
8, 105610.0,-0.4551643748113164,-0.5381641756842416,1.5293801771063698,-0.6125275437631839,17494.6
13, 105611.0,-1.5333441521737297,0.029568034187455985,-0.8317460740870789,-0.6125275437631839,7731.33
0, 105612.0,-0.09577111569051194,0.5973002440591535,-0.8317460740870789,1.1694571646246668,18241.53
11, 105613.0,0.6948940543752578,-2.0385993017737274,0.3488170515096455,1.1694571646246668,20591.73
4, 105614.0,-0.4551643748113164,1.1853086042834111,0.3488170515096455,-0.6125275437631839,27760.29
6, 105615.0,1.5574378762651884,1.1650324539308503,-0.8317460740870789,-0.6125275437631839,12585.87
1, 105616.0,-1.6052228039978906,-1.3897624904917876,1.5293801771063698,1.1694571646246668,14548.9
16, 105617.0,-0.3114070711629946,-0.33540267215863534,0.3488170515096455,-0.6125275437631839,14092.69
9, 105618.0,-0.16764976751467284,1.3880701078090174,-0.8317460740870789,-0.6125275437631839,22950.22
17, 105619.0,0.19174349160613158,-1.896666249305803,-0.8317460740870789,-0.6125275437631839,6520.34
19, 105620.0,1.4136805726168666,0.07012033489257707,1.5293801771063698,-0.6125275437631839,19375.43
4, 105621.0,-0.9583149375804426,1.2664132056936535,0.3488170515096455,-0.6125275437631839,17030.68
0, 105622.0,-1.389586848525408,1.2055847546359721,0.3488170515096455,1.1694571646246668,18123.76
12, 105623.0,0.9824086616719013,-0.7814779799149688,0.3488170515096455,-0.6125275437631839,16379.04
16, 105624.0,-1.389586848525408,-0.37595497286375645,0.3488170515096455,-0.6125275437631839,7436.3
10, 105625.0,0.47925809890277515,0.212053387360502,-0.8317460740870789,-0.6125275437631839,15941.51
12, 105626.0,0.9105300098477405,0.3742625901809864,0.3488170515096455,-0.6125275437631839,31446.85
18, 105627.0,0.6230154025510969,1.2866893560462143,0.3488170515096455,1.1694571646246668,26185.79
15, 105628.0,0.33550079525445337,1.3880701078090174,0.3488170515096455,-0.6125275437631839,13101.15
7, 105629.0,-1.6052228039978906,-1.8358377982481209,-0.8317460740870789,1.1694571646246668,15034.61
17, 105630.0,-0.3114070711629946,-2.4441223088249395,-0.8317460740870789,-0.6125275437631839,25683.17
10, 105631.0,-0.023892463866351063,-0.05153656722278621,-0.8317460740870789,-0.6125275437631839,18699.9
13, 105632.0,-0.8145576339321208,-0.5381641756842416,-0.8317460740870789,-0.6125275437631839,12789.92
12, 105633.0,1.5574378762651884,-0.47733572462655954,0.3488170515096455,-0.6125275437631839,15259.94
7, 105634.0,-0.9583149375804426,-1.673628595427636,0.3488170515096455,-0.6125275437631839,11842.18
16, 105635.0,-1.5333441521737297,0.09039648524513799,0.3488170515096455,-0.6125275437631839,13421.29
16, 105636.0,-1.317708196701247,-0.8423064309726509,0.3488170515096455,-0.6125275437631839,14569.88
18, 105637.0,1.4855592244410276,0.2728818384181833,-0.8317460740870789,1.1694571646246668,14648.52
10, 105638.0,0.40737944707861423,-0.05153656722278621,-0.8317460740870789,-0.6125275437631839,17126.18
0, 105639.0,-1.2458295448770862,-0.7206495288572868,-0.8317460740870789,1.1694571646246668,18291.4
0, 105640.0,-0.5270430266354773,0.3742625901809864,-0.8317460740870789,1.1694571646246668,31304.14
9, 105641.0,-0.16764976751467284,0.6175763944117144,-0.8317460740870789,-0.6125275437631839,15077.01
0, 105642.0,-0.8145576339321208,0.3134341391233051,0.3488170515096455,1.1694571646246668,15714.76
0, 105643.0,-0.9583149375804426,-0.4165072735688775,-0.8317460740870789,1.1694571646246668,9971.32
13, 105644.0,-1.1739508930529252,0.3337102894758653,-0.8317460740870789,-0.6125275437631839,17456.15
5, 105645.0,1.6293165280893493,-0.882858731677772,-0.8317460740870789,-0.6125275437631839,6223.45
18, 105646.0,0.2636221434302925,0.9217186497001237,0.3488170515096455,1.1694571646246668,18363.61
2, 105647.0,1.0542873134960622,-1.673628595427636,0.3488170515096455,-0.6125275437631839,23991.35
2, 105648.0,0.9824086616719013,-1.3086578890815446,1.5293801771063698,-0.6125275437631839,19013.62
14, 105649.0,-1.317708196701247,1.874697716270472,-0.8317460740870789,-0.6125275437631839,8714.43
17, 105650.0,-0.23952841933883373,-1.673628595427636,-0.8317460740870789,-0.6125275437631839,8959.02
6, 105651.0,1.4136805726168666,0.982547100757805,-0.8317460740870789,-0.6125275437631839,18188.62
16, 105652.0,-0.8864362857562816,-1.0247917841456962,0.3488170515096455,-0.6125275437631839,11404.61
18, 105653.0,0.33550079525445337,0.982547100757805,-0.8317460740870789,1.1694571646246668,16476.92
10, 105654.0,0.7667727061994186,-0.010984266517665113,-0.8317460740870789,-0.6125275437631839,15424.16
0, 105655.0,-0.09577111569051194,0.5161956426489113,0.3488170515096455,1.1694571646246668,18195.93
15, 105656.0,0.40737944707861423,0.8000617475847597,0.3488170515096455,-0.6125275437631839,14671.44
0, 105657.0,-1.4614655003495687,-0.2745742211009533,0.3488170515096455,1.1694571646246668,15782.23
11, 105658.0,0.2636221434302925,-1.1261725359084993,-0.8317460740870789,1.1694571646246668,36629.71
14, 105659.0,-1.1739508930529252,1.3677939574564566,-0.8317460740870789,-0.6125275437631839,26662.48
3, 105660.0,-0.5989216784596382,1.0636517021680472,3.8905064282998185,1.1694571646246668,23399.27
4, 105661.0,-0.670800330283799,2.4018776254370486,1.5293801771063698,-0.6125275437631839,21797.51
17, 105662.0,-0.3114070711629946,-1.2072771373187414,-0.8317460740870789,-0.6125275437631839,11982.59
5, 105663.0,1.6293165280893493,-0.21374577004327133,-0.8317460740870789,-0.6125275437631839,14529.58
18, 105664.0,1.70119517991351,1.4691747092192595,0.3488170515096455,1.1694571646246668,14964.45
9, 105665.0,0.04798618795780982,0.6581286951168355,-0.8317460740870789,-0.6125275437631839,17703.97
3, 105666.0,1.269923268968545,-0.8423064309726509,2.709943302703094,2.951441873012518,48706.14
5, 105667.0,1.6293165280893493,-0.15291731898558933,-0.8317460740870789,-0.6125275437631839,17735.75
11, 105668.0,1.6293165280893493,-1.6533524450750756,0.3488170515096455,1.1694571646246668,14627.18
5, 105669.0,1.198044617144384,-1.3086578890815446,-0.8317460740870789,-0.6125275437631839,13723.26
6, 105670.0,1.198044617144384,0.4553671915912293,-0.8317460740870789,-0.6125275437631839,13000.74
18, 105671.0,0.9105300098477405,1.3880701078090174,-0.8317460740870789,1.1694571646246668,14673.25
14, 105672.0,-0.670800330283799,2.5438106779049736,-0.8317460740870789,-0.6125275437631839,12699.27
1, 105673.0,-0.5989216784596382,-0.15291731898558933,1.5293801771063698,1.1694571646246668,16608.61
11, 105674.0,-0.670800330283799,-1.2681055883764234,-0.8317460740870789,1.1694571646246668,15253.93
15, 105675.0,1.198044617144384,0.5161956426489113,0.3488170515096455,-0.6125275437631839,15277.07
10, 105676.0,-0.023892463866351063,-0.43678342392143843,-0.8317460740870789,-0.6125275437631839,19303.84
1, 105677.0,-0.16764976751467284,-2.0385993017737274,0.3488170515096455,1.1694571646246668,26246.09
7, 105678.0,-1.6052228039978906,-0.9436871827354539,-0.8317460740870789,-0.6125275437631839,11428.69
11, 105679.0,1.5574378762651884,-0.07181271757534712,0.3488170515096455,1.1694571646246668,18571.1
9, 105680.0,0.40737944707861423,0.6581286951168355,-0.8317460740870789,-0.6125275437631839,23478.01
10, 105681.0,-0.23952841933883373,-0.25429807074839245,-0.8317460740870789,-0.6125275437631839,5754.87
13, 105682.0,-1.1739508930529252,-0.13264116863302913,-0.8317460740870789,-0.6125275437631839,15140.12
4, 105683.0,-0.5270430266354773,2.3410491743793673,1.5293801771063698,-0.6125275437631839,14181.93
11, 105684.0,-0.09577111569051194,-0.4570595742739986,-0.8317460740870789,1.1694571646246668,11117.34
12, 105685.0,0.6230154025510969,0.13094878595025908,0.3488170515096455,-0.6125275437631839,20829.56
10, 105686.0,0.6948940543752578,0.07012033489257707,-0.8317460740870789,-0.6125275437631839,12592.09
4, 105687.0,-0.5989216784596382,0.7392332965270777,1.5293801771063698,-0.6125275437631839,23976.95
14, 105688.0,-1.5333441521737297,0.9014424993475628,-0.8317460740870789,-0.6125275437631839,8800.61
19, 105689.0,0.8386513580235796,1.12448015322573,2.709943302703094,-0.6125275437631839,21398.49
11, 105690.0,0.9105300098477405,-0.2948503714535135,-0.8317460740870789,1.1694571646246668,20167.41
11, 105691.0,0.04798618795780982,-1.1058963855559383,0.3488170515096455,1.1694571646246668,19234.9
6, 105692.0,0.6230154025510969,0.7189571461745176,-0.8317460740870789,-0.6125275437631839,8316.31
16, 105693.0,-0.7426789821079599,-0.07181271757534712,0.3488170515096455,-0.6125275437631839,18616.92
8, 105694.0,-0.5270430266354773,-0.15291731898558933,2.709943302703094,-0.6125275437631839,30930.23
18, 105695.0,1.4136805726168666,0.2526056880656231,-0.8317460740870789,1.1694571646246668,14895.66
12, 105696.0,0.7667727061994186,0.2323295377130622,0.3488170515096455,-0.6125275437631839,20982.76
18, 105697.0,0.9105300098477405,1.3069655063987753,-0.8317460740870789,1.1694571646246668,11148.48
17, 105698.0,-0.38328572298715546,-1.775009347190439,-0.8317460740870789,-0.6125275437631839,26778.12
6, 105699.0,0.9105300098477405,1.0230994014629269,-0.8317460740870789,-0.6125275437631839,20030.83
19, 105700.0,1.5574378762651884,-0.05153656722278621,2.709943302703094,-0.6125275437631839,36256.32
1, 105701.0,-0.9583149375804426,0.2728818384181833,1.5293801771063698,2.951441873012518,32648.55
18, 105702.0,0.04798618795780982,0.4756433419437895,0.3488170515096455,1.1694571646246668,16936.76
5, 105703.0,0.9824086616719013,-1.3694863401392265,-0.8317460740870789,-0.6125275437631839,18411.84
18, 105704.0,1.1261659653202232,1.0230994014629269,0.3488170515096455,2.951441873012518,17911.27
5, 105705.0,0.7667727061994186,-0.9842394834405751,-0.8317460740870789,-0.6125275437631839,12712.07
7, 105706.0,-1.2458295448770862,-1.1058963855559383,-0.8317460740870789,-0.6125275437631839,18649.26
11, 105707.0,0.551136750726936,-0.15291731898558933,0.3488170515096455,1.1694571646246668,16724.67
15, 105708.0,1.4136805726168666,1.0636517021680472,0.3488170515096455,-0.6125275437631839,25096.88
14, 105709.0,-0.7426789821079599,1.8341454155653516,-0.8317460740870789,-0.6125275437631839,8180.24
16, 105710.0,-0.8145576339321208,-0.9436871827354539,0.3488170515096455,-0.6125275437631839,11340.05
18, 105711.0,-0.023892463866351063,0.7189571461745176,0.3488170515096455,2.951441873012518,21407.48
19, 105712.0,0.7667727061994186,1.104204002873169,1.5293801771063698,-0.6125275437631839,34088.16
19, 105713.0,1.1261659653202232,-0.21374577004327133,1.5293801771063698,-0.6125275437631839,19622.85
3, 105714.0,-0.23952841933883373,0.860890198642441,1.5293801771063698,1.1694571646246668,16280.06
17, 105715.0,-0.5270430266354773,-1.1058963855559383,-0.8317460740870789,-0.6125275437631839,10872.18
17, 105716.0,0.11986483978197071,-1.0045156337931354,-0.8317460740870789,-0.6125275437631839,8332.31
10, 105717.0,-0.23952841933883373,-0.09208886792790731,-0.8317460740870789,-0.6125275437631839,13373.16
5, 105718.0,1.4855592244410276,-0.5787164763893626,-0.8317460740870789,-0.6125275437631839,15499.74
2, 105719.0,1.5574378762651884,-2.3427415570621366,0.3488170515096455,-0.6125275437631839,22816.3
6, 105720.0,1.1261659653202232,0.3539864398284262,-0.8317460740870789,-0.6125275437631839,20211.82
5, 105721.0,1.70119517991351,-0.03126041687022602,-0.8317460740870789,-0.6125275437631839,13036.69
13, 105722.0,-1.389586848525408,-0.25429807074839245,-0.8317460740870789,-0.6125275437631839,12593.58
16, 105723.0,-0.8145576339321208,0.3134341391233051,0.3488170515096455,-0.6125275437631839,16617.98
3, 105724.0,0.8386513580235796,0.1715010866553802,2.709943302703094,2.951441873012518,44303.43
13, 105725.0,-1.1739508930529252,0.212053387360502,-0.8317460740870789,-0.6125275437631839,8902.35
11, 105726.0,0.9105300098477405,-0.6800972281521658,0.3488170515096455,1.1694571646246668,16959.06
3, 105727.0,-0.23952841933883373,-1.2275532876713025,2.709943302703094,1.1694571646246668,24488.47
16, 105728.0,-0.8864362857562816,-0.25429807074839245,0.3488170515096455,-0.6125275437631839,27686.51
11, 105729.0,0.6948940543752578,-0.8017541302675291,0.3488170515096455,1.1694571646246668,13870.56
5, 105730.0,1.0542873134960622,-0.8423064309726509,-0.8317460740870789,-0.6125275437631839,19597.31
16, 105731.0,-1.6052228039978906,-0.6800972281521658,0.3488170515096455,-0.6125275437631839,23492.57
14, 105732.0,-1.389586848525408,1.6719362127448658,-0.8317460740870789,-0.6125275437631839,6998.18
6, 105733.0,1.3418019207927057,1.0636517021680472,-0.8317460740870789,-0.6125275437631839,28711.27
10, 105734.0,-0.09577111569051194,-0.7206495288572868,-0.8317460740870789,-0.6125275437631839,16406.81
7, 105735.0,-0.670800330283799,-1.6533524450750756,0.3488170515096455,-0.6125275437631839,7190.89
13, 105736.0,-0.7426789821079599,-0.6598210777996049,-0.8317460740870789,-0.6125275437631839,8421.42
0, 105737.0,-0.3114070711629946,0.9014424993475628,-0.8317460740870789,1.1694571646246668,20204.72
7, 105738.0,-1.2458295448770862,-1.714180896132757,-0.8317460740870789,-0.6125275437631839,24262.07
6, 105739.0,1.3418019207927057,1.0028232511103659,-0.8317460740870789,-0.6125275437631839,14816.61
19, 105740.0,1.4136805726168666,-0.15291731898558933,2.709943302703094,-0.6125275437631839,18571.98
18, 105741.0,0.11986483978197071,0.04984418454001689,0.3488170515096455,1.1694571646246668,19291.9
14, 105742.0,-0.9583149375804426,2.726296031078019,-0.8317460740870789,-0.6125275437631839,10938.82
5, 105743.0,0.6230154025510969,-0.5989926267419229,-0.8317460740870789,-0.6125275437631839,11244.79
12, 105744.0,1.4136805726168666,-0.2745742211009533,0.3488170515096455,-0.6125275437631839,21082.21
19, 105745.0,0.19174349160613158,0.3742625901809864,1.5293801771063698,-0.6125275437631839,21568.72
11, 105746.0,0.8386513580235796,-1.876390098953242,-0.8317460740870789,1.1694571646246668,12843.51
10, 105747.0,-0.16764976751467284,-0.82203028062009,-0.8317460740870789,-0.6125275437631839,16881.62
16, 105748.0,-1.4614655003495687,0.4553671915912293,0.3488170515096455,-0.6125275437631839,16565.75
16, 105749.0,-1.1020722412287642,0.029568034187455985,0.3488170515096455,-0.6125275437631839,27382.99
19, 105750.0,0.04798618795780982,0.5567479433540324,1.5293801771063698,-0.6125275437631839,22546.56
4, 105751.0,-0.8864362857562816,0.6784048454693957,1.5293801771063698,-0.6125275437631839,14205.31
6, 105752.0,1.70119517991351,0.13094878595025908,-0.8317460740870789,-0.6125275437631839,7460.02
17, 105753.0,0.7667727061994186,-1.3694863401392265,-0.8317460740870789,-0.6125275437631839,22228.1
0, 105754.0,-1.2458295448770862,-0.6800972281521658,-0.8317460740870789,1.1694571646246668,27712.29
18, 105755.0,1.1261659653202232,0.3134341391233051,-0.8317460740870789,1.1694571646246668,16075.37
6, 105756.0,1.4136805726168666,0.7797855972321988,-0.8317460740870789,-0.6125275437631839,25635.69
17, 105757.0,-0.16764976751467284,-2.4441223088249395,-0.8317460740870789,-0.6125275437631839,5705.55
12, 105758.0,1.3418019207927057,-0.09208886792790731,0.3488170515096455,-0.6125275437631839,13804.13
11, 105759.0,0.33550079525445337,-0.862582581325211,-0.8317460740870789,1.1694571646246668,17323.55
12, 105760.0,0.6948940543752578,-0.15291731898558933,0.3488170515096455,-0.6125275437631839,14155.85
3, 105761.0,0.47925809890277515,-0.6598210777996049,1.5293801771063698,1.1694571646246668,41983.03
18, 105762.0,1.4855592244410276,0.9014424993475628,0.3488170515096455,1.1694571646246668,15579.38
2, 105763.0,1.70119517991351,-2.2616369556518943,0.3488170515096455,-0.6125275437631839,13689.18
5, 105764.0,1.198044617144384,-0.862582581325211,-0.8317460740870789,-0.6125275437631839,14014.88
6, 105765.0,1.4136805726168666,0.41481489088610823,-0.8317460740870789,-0.6125275437631839,12039.87
15, 105766.0,0.33550079525445337,1.3880701078090174,0.3488170515096455,-0.6125275437631839,28291.49
6, 105767.0,1.5574378762651884,0.9217186497001237,-0.8317460740870789,-0.6125275437631839,14416.07
5, 105768.0,1.4855592244410276,-0.49761187497911974,-0.8317460740870789,-0.6125275437631839,24695.94
14, 105769.0,-1.1739508930529252,0.6986809958219566,-0.8317460740870789,-0.6125275437631839,12704.61
1, 105770.0,-0.23952841933883373,-0.37595497286375645,0.3488170515096455,1.1694571646246668,15202.64
8, 105771.0,-1.389586848525408,-1.1464486862610601,1.5293801771063698,-0.6125275437631839,17587.95
13, 105772.0,-1.1020722412287642,0.04984418454001689,-0.8317460740870789,-0.6125275437631839,9554.2
0, 105773.0,-0.16764976751467284,0.4553671915912293,-0.8317460740870789,1.1694571646246668,34899.43
17, 105774.0,-0.09577111569051194,-0.882858731677772,-0.8317460740870789,-0.6125275437631839,16112.79
15, 105775.0,0.40737944707861423,0.7595094468796386,0.3488170515096455,-0.6125275437631839,30635.03
13, 105776.0,-1.389586848525408,-0.49761187497911974,-0.8317460740870789,-0.6125275437631839,10343.75
1, 105777.0,-1.6052228039978906,-0.6192687770944837,0.3488170515096455,1.1694571646246668,27537.25
18, 105778.0,1.269923268968545,0.3742625901809864,0.3488170515096455,1.1694571646246668,15716.82
5, 105779.0,1.198044617144384,-0.5787164763893626,-0.8317460740870789,-0.6125275437631839,17649.02
13, 105780.0,-0.8864362857562816,-0.6598210777996049,-0.8317460740870789,-0.6125275437631839,29985.54
2, 105781.0,1.70119517991351,-1.3086578890815446,0.3488170515096455,-0.6125275437631839,31840.19
5, 105782.0,0.9824086616719013,-0.5178880253316807,-0.8317460740870789,-0.6125275437631839,23850.32
18, 105783.0,0.7667727061994186,0.6784048454693957,-0.8317460740870789,1.1694571646246668,17322.23
5, 105784.0,1.4136805726168666,-1.2275532876713025,-0.8317460740870789,-0.6125275437631839,10798.43
7, 105785.0,-0.8145576339321208,-1.4911432422545905,-0.8317460740870789,-0.6125275437631839,6221.89
8, 105786.0,-1.2458295448770862,0.1106726355976989,2.709943302703094,-0.6125275437631839,18892.89
12, 105787.0,0.9105300098477405,-0.11236501828046822,0.3488170515096455,-0.6125275437631839,16532.6
0, 105788.0,-1.4614655003495687,2.1180115205012,-0.8317460740870789,1.1694571646246668,35465.47
14, 105789.0,-1.4614655003495687,0.8203378979373206,-0.8317460740870789,-0.6125275437631839,30721.45
6, 105790.0,1.6293165280893493,0.19177723700794108,-0.8317460740870789,-0.6125275437631839,17107.79
4, 105791.0,-1.1020722412287642,1.0839278525206082,0.3488170515096455,-0.6125275437631839,17092.89
18, 105792.0,0.9105300098477405,0.3337102894758653,-0.8317460740870789,1.1694571646246668,15941.96
5, 105793.0,0.9824086616719013,-0.862582581325211,-0.8317460740870789,-0.6125275437631839,29126.66
1, 105794.0,-1.1739508930529252,-1.4911432422545905,1.5293801771063698,1.1694571646246668,16682.75
6, 105795.0,0.9105300098477405,1.2866893560462143,-0.8317460740870789,-0.6125275437631839,14909.4
11, 105796.0,0.8386513580235796,-0.4570595742739986,-0.8317460740870789,1.1694571646246668,28823.14
10, 105797.0,-0.4551643748113164,0.3945387405335473,-0.8317460740870789,-0.6125275437631839,15795.12
3, 105798.0,0.2636221434302925,1.7935931148602298,2.709943302703094,1.1694571646246668,21860.24
3, 105799.0,1.198044617144384,0.9217186497001237,1.5293801771063698,1.1694571646246668,29912.15
16, 105800.0,-0.5270430266354773,0.41481489088610823,0.3488170515096455,-0.6125275437631839,30377.06
5, 105801.0,0.8386513580235796,-1.3694863401392265,-0.8317460740870789,-0.6125275437631839,16001.36
16, 105802.0,-1.1739508930529252,-0.923411032382893,0.3488170515096455,-0.6125275437631839,16355.53
10, 105803.0,0.19174349160613158,-0.010984266517665113,-0.8317460740870789,-0.6125275437631839,14363.14
7, 105804.0,-1.5333441521737297,-1.0856202352033781,-0.8317460740870789,-0.6125275437631839,6242.27
16, 105805.0,-1.6052228039978906,0.5161956426489113,0.3488170515096455,-0.6125275437631839,12235.26
15, 105806.0,0.8386513580235796,0.4959194922963504,0.3488170515096455,-0.6125275437631839,26181.0
2, 105807.0,0.9824086616719013,-1.5316955429597117,2.709943302703094,-0.6125275437631839,25752.43
15, 105808.0,0.8386513580235796,0.7797855972321988,0.3488170515096455,-0.6125275437631839,30944.68
0, 105809.0,-0.3114070711629946,-0.15291731898558933,0.3488170515096455,1.1694571646246668,19581.51
16, 105810.0,-1.6771014558220514,0.29315798877074417,0.3488170515096455,-0.6125275437631839,11399.13
15, 105811.0,1.6293165280893493,1.5097270099243814,0.3488170515096455,-0.6125275437631839,17270.3
11, 105812.0,0.04798618795780982,-0.82203028062009,-0.8317460740870789,1.1694571646246668,11428.66
14, 105813.0,-1.1020722412287642,0.6986809958219566,-0.8317460740870789,-0.6125275437631839,13619.96
2, 105814.0,1.3418019207927057,-1.2478294380238633,0.3488170515096455,-0.6125275437631839,14543.8
0, 105815.0,-1.317708196701247,0.4959194922963504,0.3488170515096455,1.1694571646246668,17436.28
3, 105816.0,-0.38328572298715546,1.4488985588667003,2.709943302703094,2.951441873012518,46694.76
7, 105817.0,-1.1020722412287642,-1.045067934498257,-0.8317460740870789,-0.6125275437631839,12142.68
0, 105818.0,-1.4614655003495687,0.09039648524513799,-0.8317460740870789,1.1694571646246668,28697.74
1, 105819.0,-0.16764976751467284,-1.3694863401392265,0.3488170515096455,1.1694571646246668,19892.05
6, 105820.0,0.8386513580235796,0.41481489088610823,-0.8317460740870789,-0.6125275437631839,20561.98
16, 105821.0,-0.23952841933883373,-0.2745742211009533,0.3488170515096455,-0.6125275437631839,23874.72
3, 105822.0,-0.09577111569051194,0.4553671915912293,2.709943302703094,1.1694571646246668,21159.5
0, 105823.0,-1.6052228039978906,0.7189571461745176,0.3488170515096455,1.1694571646246668,20008.41
12, 105824.0,1.4855592244410276,-0.15291731898558933,0.3488170515096455,-0.6125275437631839,14355.17
6, 105825.0,1.269923268968545,1.1853086042834111,-0.8317460740870789,-0.6125275437631839,11390.68
5, 105826.0,1.198044617144384,-0.882858731677772,-0.8317460740870789,-0.6125275437631839,10270.04
5, 105827.0,1.3418019207927057,-0.6598210777996049,-0.8317460740870789,-0.6125275437631839,8851.46
13, 105828.0,-0.7426789821079599,0.15122493630282,-0.8317460740870789,-0.6125275437631839,10016.48
0, 105829.0,-0.16764976751467284,-0.09208886792790731,0.3488170515096455,1.1694571646246668,32259.2
7, 105830.0,-1.317708196701247,-2.4441223088249395,-0.8317460740870789,-0.6125275437631839,11161.71
0, 105831.0,-0.4551643748113164,0.7595094468796386,0.3488170515096455,1.1694571646246668,15554.5
9, 105832.0,-0.3114070711629946,0.9014424993475628,-0.8317460740870789,-0.6125275437631839,18437.15
7, 105833.0,-1.317708196701247,-0.923411032382893,-0.8317460740870789,-0.6125275437631839,5645.94
0, 105834.0,-0.5270430266354773,-0.5381641756842416,-0.8317460740870789,1.1694571646246668,10384.12
17, 105835.0,0.33550079525445337,-1.3897624904917876,-0.8317460740870789,-0.6125275437631839,12908.25
5, 105836.0,0.551136750726936,-0.82203028062009,-0.8317460740870789,-0.6125275437631839,13247.74
10, 105837.0,0.7667727061994186,-0.17319346933815022,-0.8317460740870789,-0.6125275437631839,15181.3
0, 105838.0,-0.670800330283799,0.4756433419437895,-0.8317460740870789,1.1694571646246668,7305.63
1, 105839.0,-1.1739508930529252,-0.6395449274470446,0.3488170515096455,1.1694571646246668,12241.66
0, 105840.0,-0.8864362857562816,0.7595094468796386,-0.8317460740870789,1.1694571646246668,11037.12
6, 105841.0,0.8386513580235796,0.9217186497001237,-0.8317460740870789,-0.6125275437631839,17070.68
18, 105842.0,0.11986483978197071,0.04984418454001689,0.3488170515096455,1.1694571646246668,17194.18
5, 105843.0,1.0542873134960622,-0.5381641756842416,-0.8317460740870789,-0.6125275437631839,9770.54
14, 105844.0,-0.9583149375804426,1.0230994014629269,-0.8317460740870789,-0.6125275437631839,7645.94
6, 105845.0,1.0542873134960622,1.4083462581615784,-0.8317460740870789,-0.6125275437631839,13494.89
10, 105846.0,-0.38328572298715546,0.15122493630282,-0.8317460740870789,-0.6125275437631839,9449.86
12, 105847.0,0.6948940543752578,0.15122493630282,0.3488170515096455,-0.6125275437631839,14016.9
14, 105848.0,-1.6771014558220514,1.8341454155653516,-0.8317460740870789,-0.6125275437631839,6090.48
15, 105849.0,1.269923268968545,0.8203378979373206,0.3488170515096455,-0.6125275437631839,14973.12
10, 105850.0,-0.3114070711629946,-0.010984266517665113,-0.8317460740870789,-0.6125275437631839,5923.01
13, 105851.0,-0.8864362857562816,0.13094878595025908,-0.8317460740870789,-0.6125275437631839,6742.6
16, 105852.0,-0.5270430266354773,-0.19346961969071041,0.3488170515096455,-0.6125275437631839,13415.23
19, 105853.0,0.19174349160613158,1.327241656751336,1.5293801771063698,-0.6125275437631839,16883.68
13, 105854.0,-1.6771014558220514,0.4959194922963504,-0.8317460740870789,-0.6125275437631839,20061.2
13, 105855.0,-1.4614655003495687,-0.4165072735688775,-0.8317460740870789,-0.6125275437631839,24399.91
1, 105856.0,-1.0301935894046035,-0.3151265218060744,1.5293801771063698,1.1694571646246668,25338.69
6, 105857.0,0.9105300098477405,0.4350910412386684,-0.8317460740870789,-0.6125275437631839,14187.6
16, 105858.0,-0.4551643748113164,0.5973002440591535,0.3488170515096455,-0.6125275437631839,18336.69
18, 105859.0,0.8386513580235796,0.6784048454693957,0.3488170515096455,1.1694571646246668,15592.68
3, 105860.0,0.11986483978197071,0.5973002440591535,1.5293801771063698,1.1694571646246668,18140.58
6, 105861.0,1.3418019207927057,0.29315798877074417,-0.8317460740870789,-0.6125275437631839,15849.13
15, 105862.0,1.70119517991351,1.12448015322573,0.3488170515096455,-0.6125275437631839,28613.71
13, 105863.0,-1.1739508930529252,0.15122493630282,-0.8317460740870789,-0.6125275437631839,8996.77
4, 105864.0,-0.16764976751467284,1.996354618385836,1.5293801771063698,-0.6125275437631839,17185.72
12, 105865.0,1.269923268968545,-0.7612018295624079,0.3488170515096455,-0.6125275437631839,14195.7
11, 105866.0,0.19174349160613158,-0.010984266517665113,0.3488170515096455,1.1694571646246668,14955.08
15, 105867.0,0.551136750726936,0.4350910412386684,0.3488170515096455,-0.6125275437631839,15467.51
15, 105868.0,0.11986483978197071,0.5770240937065926,0.3488170515096455,-0.6125275437631839,20001.06
6, 105869.0,1.5574378762651884,0.5770240937065926,-0.8317460740870789,-0.6125275437631839,28576.01
16, 105870.0,-1.1739508930529252,-0.862582581325211,0.3488170515096455,-0.6125275437631839,15902.37
3, 105871.0,-0.4551643748113164,0.7189571461745176,3.8905064282998185,2.951441873012518,25640.93
8, 105872.0,-1.6052228039978906,0.6581286951168355,2.709943302703094,-0.6125275437631839,21918.31
10, 105873.0,0.19174349160613158,-0.7003733785047259,-0.8317460740870789,-0.6125275437631839,9337.16
3, 105874.0,0.19174349160613158,-0.6192687770944837,1.5293801771063698,1.1694571646246668,27074.52
2, 105875.0,-0.38328572298715546,-2.3021892563570154,1.5293801771063698,-0.6125275437631839,11197.6
1, 105876.0,-0.8145576339321208,-0.33540267215863534,0.3488170515096455,1.1694571646246668,32368.79
0, 105877.0,-0.5270430266354773,0.4553671915912293,-0.8317460740870789,1.1694571646246668,23748.28
15, 105878.0,1.4855592244410276,1.327241656751336,0.3488170515096455,-0.6125275437631839,22564.7
5, 105879.0,1.5574378762651884,-0.03126041687022602,-0.8317460740870789,-0.6125275437631839,13446.86
6, 105880.0,1.1261659653202232,0.09039648524513799,-0.8317460740870789,-0.6125275437631839,36541.95
9, 105881.0,-0.5270430266354773,1.3677939574564566,-0.8317460740870789,-0.6125275437631839,8311.75
14, 105882.0,-0.9583149375804426,0.7189571461745176,-0.8317460740870789,-0.6125275437631839,25274.97
18, 105883.0,0.11986483978197071,1.0230994014629269,-0.8317460740870789,1.1694571646246668,13290.58
18, 105884.0,0.6948940543752578,0.29315798877074417,-0.8317460740870789,1.1694571646246668,14769.64
13, 105885.0,-1.1739508930529252,0.1106726355976989,-0.8317460740870789,-0.6125275437631839,10201.21
12, 105886.0,0.33550079525445337,-0.37595497286375645,0.3488170515096455,-0.6125275437631839,19566.85
6, 105887.0,1.3418019207927057,0.9622709504052441,-0.8317460740870789,-0.6125275437631839,16576.35
4, 105888.0,-0.09577111569051194,1.246137055341094,0.3488170515096455,-0.6125275437631839,20739.1
13, 105889.0,-1.6052228039978906,-0.33540267215863534,-0.8317460740870789,-0.6125275437631839,25925.84
16, 105890.0,-1.1739508930529252,-0.5787164763893626,0.3488170515096455,-0.6125275437631839,22137.69
11, 105891.0,0.6230154025510969,-0.03126041687022602,0.3488170515096455,1.1694571646246668,15266.45
10, 105892.0,0.7667727061994186,-0.15291731898558933,-0.8317460740870789,-0.6125275437631839,25579.66
0, 105893.0,-1.1739508930529252,-0.09208886792790731,-0.8317460740870789,1.1694571646246668,16545.48
16, 105894.0,-0.09577111569051194,-0.47733572462655954,0.3488170515096455,-0.6125275437631839,14314.57
5, 105895.0,1.4136805726168666,-0.03126041687022602,-0.8317460740870789,-0.6125275437631839,28614.66
13, 105896.0,-0.5989216784596382,0.04984418454001689,-0.8317460740870789,-0.6125275437631839,12344.64
4, 105897.0,-0.38328572298715546,1.2866893560462143,0.3488170515096455,-0.6125275437631839,16754.1
19, 105898.0,0.8386513580235796,-0.7814779799149688,2.709943302703094,-0.6125275437631839,27785.99
0, 105899.0,-1.389586848525408,-0.3151265218060744,-0.8317460740870789,1.1694571646246668,12034.57
4, 105900.0,-1.5333441521737297,0.7797855972321988,0.3488170515096455,-0.6125275437631839,6814.58
9, 105901.0,-0.16764976751467284,1.1853086042834111,-0.8317460740870789,-0.6125275437631839,14992.23
12, 105902.0,0.551136750726936,-0.49761187497911974,0.3488170515096455,-0.6125275437631839,10979.36
12, 105903.0,0.8386513580235796,0.09039648524513799,0.3488170515096455,-0.6125275437631839,20487.76
17, 105904.0,-0.16764976751467284,-1.2681055883764234,-0.8317460740870789,-0.6125275437631839,13148.87
18, 105905.0,0.9105300098477405,0.13094878595025908,-0.8317460740870789,1.1694571646246668,14109.86
15, 105906.0,-0.09577111569051194,0.6175763944117144,0.3488170515096455,-0.6125275437631839,16963.76
11, 105907.0,1.1261659653202232,-0.37595497286375645,-0.8317460740870789,1.1694571646246668,14477.53
18, 105908.0,-0.23952841933883373,1.2664132056936535,-0.8317460740870789,1.1694571646246668,15764.46
19, 105909.0,1.6293165280893493,0.29315798877074417,2.709943302703094,-0.6125275437631839,22056.23
6, 105910.0,1.1261659653202232,1.225860904988533,-0.8317460740870789,-0.6125275437631839,13372.23
16, 105911.0,-1.1020722412287642,-0.47733572462655954,0.3488170515096455,-0.6125275437631839,28132.52
11, 105912.0,0.47925809890277515,-0.2948503714535135,-0.8317460740870789,1.1694571646246668,17165.65
5, 105913.0,1.5574378762651884,-0.07181271757534712,-0.8317460740870789,-0.6125275437631839,13091.8
6, 105914.0,0.6230154025510969,0.860890198642441,-0.8317460740870789,-0.6125275437631839,16984.46
7, 105915.0,-1.6052228039978906,-1.6330762947225148,-0.8317460740870789,1.1694571646246668,11174.66
4, 105916.0,-0.8864362857562816,2.1788399715588813,0.3488170515096455,-0.6125275437631839,26027.37
4, 105917.0,-0.8145576339321208,1.7327646638025485,1.5293801771063698,-0.6125275437631839,16289.82
15, 105918.0,0.19174349160613158,0.6175763944117144,0.3488170515096455,-0.6125275437631839,16164.27
14, 105919.0,-1.2458295448770862,0.8203378979373206,-0.8317460740870789,-0.6125275437631839,9634.4
10, 105920.0,0.47925809890277515,-0.3151265218060744,-0.8317460740870789,-0.6125275437631839,11912.66
10, 105921.0,0.33550079525445337,-0.5381641756842416,-0.8317460740870789,-0.6125275437631839,29478.43
16, 105922.0,-0.8864362857562816,-0.35567882251119554,0.3488170515096455,-0.6125275437631839,9647.55
6, 105923.0,0.9824086616719013,1.6111077616871845,-0.8317460740870789,-0.6125275437631839,13740.2
8, 105924.0,-0.5989216784596382,-0.4165072735688775,1.5293801771063698,-0.6125275437631839,11431.48
6, 105925.0,1.1261659653202232,0.3337102894758653,-0.8317460740870789,-0.6125275437631839,9819.8
6, 105926.0,1.70119517991351,1.1853086042834111,-0.8317460740870789,-0.6125275437631839,31034.57
4, 105927.0,-0.7426789821079599,0.6378525447642746,1.5293801771063698,-0.6125275437631839,13758.2
13, 105928.0,-0.9583149375804426,-0.05153656722278621,-0.8317460740870789,-0.6125275437631839,10500.34
9, 105929.0,-0.09577111569051194,1.327241656751336,-0.8317460740870789,-0.6125275437631839,8765.08
4, 105930.0,-1.6052228039978906,1.2866893560462143,0.3488170515096455,-0.6125275437631839,12974.06
7, 105931.0,-1.1739508930529252,-1.5925239940173936,-0.8317460740870789,-0.6125275437631839,4839.1
19, 105932.0,1.1261659653202232,-0.49761187497911974,1.5293801771063698,-0.6125275437631839,24351.37
5, 105933.0,0.551136750726936,-0.7814779799149688,-0.8317460740870789,-0.6125275437631839,13832.26
11, 105934.0,0.9824086616719013,-0.82203028062009,0.3488170515096455,1.1694571646246668,16857.82
0, 105935.0,-0.7426789821079599,-0.2745742211009533,0.3488170515096455,1.1694571646246668,15974.79
0, 105936.0,-1.1739508930529252,0.8406140482898815,0.3488170515096455,2.951441873012518,35487.17
1, 105937.0,-1.5333441521737297,-0.7409256792098478,2.709943302703094,2.951441873012518,40549.63
7, 105938.0,-1.1739508930529252,-1.3289340394341054,-0.8317460740870789,-0.6125275437631839,5660.43
3, 105939.0,1.0542873134960622,-1.0247917841456962,3.8905064282998185,1.1694571646246668,25310.56
12, 105940.0,0.19174349160613158,-0.882858731677772,0.3488170515096455,-0.6125275437631839,18114.85
1, 105941.0,-0.38328572298715546,-0.7612018295624079,1.5293801771063698,1.1694571646246668,27170.4
6, 105942.0,1.0542873134960622,0.2323295377130622,-0.8317460740870789,-0.6125275437631839,9730.3
6, 105943.0,0.6948940543752578,0.5364717930014715,-0.8317460740870789,-0.6125275437631839,14784.9
5, 105944.0,0.9824086616719013,-0.25429807074839245,-0.8317460740870789,-0.6125275437631839,9012.85
7, 105945.0,-0.7426789821079599,-1.734457046485318,-0.8317460740870789,1.1694571646246668,8728.79
13, 105946.0,-1.6771014558220514,-0.37595497286375645,-0.8317460740870789,-0.6125275437631839,15166.16
13, 105947.0,-1.0301935894046035,0.3539864398284262,-0.8317460740870789,-0.6125275437631839,7175.09
6, 105948.0,1.1261659653202232,0.6784048454693957,-0.8317460740870789,-0.6125275437631839,12114.81
17, 105949.0,-0.5989216784596382,-2.1805323542416515,-0.8317460740870789,-0.6125275437631839,9282.1
2, 105950.0,1.5574378762651884,-1.1667248366136203,1.5293801771063698,-0.6125275437631839,19152.81
3, 105951.0,1.70119517991351,1.5705554609820627,1.5293801771063698,1.1694571646246668,23619.18
6, 105952.0,1.6293165280893493,0.9419948000526847,-0.8317460740870789,-0.6125275437631839,17544.32
1, 105953.0,-1.6052228039978906,-1.2478294380238633,0.3488170515096455,1.1694571646246668,16829.23
8, 105954.0,-0.670800330283799,-0.05153656722278621,1.5293801771063698,-0.6125275437631839,32005.23
16, 105955.0,-0.5270430266354773,0.3337102894758653,0.3488170515096455,-0.6125275437631839,15303.75
4, 105956.0,-0.3114070711629946,1.4286224085141392,0.3488170515096455,-0.6125275437631839,12413.44
10, 105957.0,-0.4551643748113164,-0.8423064309726509,-0.8317460740870789,-0.6125275437631839,21860.52
18, 105958.0,0.04798618795780982,1.6922123630974268,-0.8317460740870789,1.1694571646246668,9040.58
0, 105959.0,-0.5270430266354773,-0.6800972281521658,-0.8317460740870789,1.1694571646246668,10939.17
4, 105960.0,-0.16764976751467284,1.0028232511103659,0.3488170515096455,-0.6125275437631839,16179.88
9, 105961.0,-0.09577111569051194,0.5973002440591535,-0.8317460740870789,-0.6125275437631839,15296.79
9, 105962.0,-0.4551643748113164,0.4350910412386684,-0.8317460740870789,-0.6125275437631839,15036.15
10, 105963.0,-0.3114070711629946,0.04984418454001689,-0.8317460740870789,-0.6125275437631839,21298.92
1, 105964.0,-1.4614655003495687,-1.5519716933122727,1.5293801771063698,1.1694571646246668,22258.72
6, 105965.0,1.5574378762651884,1.5300031602769424,-0.8317460740870789,-0.6125275437631839,11973.36
12, 105966.0,0.47925809890277515,-0.8423064309726509,0.3488170515096455,-0.6125275437631839,14153.52
5, 105967.0,1.70119517991351,0.009291883834895796,-0.8317460740870789,-0.6125275437631839,26862.81
14, 105968.0,-0.9583149375804426,0.5973002440591535,-0.8317460740870789,-0.6125275437631839,11064.75
9, 105969.0,0.04798618795780982,0.9419948000526847,-0.8317460740870789,-0.6125275437631839,12285.0
11, 105970.0,0.19174349160613158,-0.2745742211009533,-0.8317460740870789,2.951441873012518,18145.73
8, 105971.0,-0.5270430266354773,-0.21374577004327133,1.5293801771063698,-0.6125275437631839,13704.19
6, 105972.0,1.5574378762651884,1.327241656751336,-0.8317460740870789,-0.6125275437631839,16425.64
16, 105973.0,-0.4551643748113164,-1.1261725359084993,0.3488170515096455,-0.6125275437631839,13312.2
17, 105974.0,-0.3114070711629946,-1.896666249305803,0.3488170515096455,-0.6125275437631839,7352.31
8, 105975.0,-0.5270430266354773,-0.7814779799149688,1.5293801771063698,-0.6125275437631839,14012.2
11, 105976.0,1.4855592244410276,-0.13264116863302913,0.3488170515096455,1.1694571646246668,16169.95
19, 105977.0,0.11986483978197071,1.0028232511103659,1.5293801771063698,-0.6125275437631839,28970.12
11, 105978.0,-0.09577111569051194,-1.856113948600682,-0.8317460740870789,1.1694571646246668,14141.0
10, 105979.0,0.6948940543752578,-0.11236501828046822,-0.8317460740870789,-0.6125275437631839,30763.51
12, 105980.0,0.47925809890277515,0.04984418454001689,0.3488170515096455,-0.6125275437631839,17413.57
13, 105981.0,-0.7426789821079599,-0.09208886792790731,-0.8317460740870789,-0.6125275437631839,16827.76
8, 105982.0,-0.8145576339321208,-0.6192687770944837,1.5293801771063698,-0.6125275437631839,17673.64
7, 105983.0,-1.1020722412287642,-1.2275532876713025,-0.8317460740870789,-0.6125275437631839,25360.91
10, 105984.0,0.04798618795780982,-0.33540267215863534,-0.8317460740870789,-0.6125275437631839,12672.08
1, 105985.0,-1.6771014558220514,-0.09208886792790731,1.5293801771063698,1.1694571646246668,17787.07
12, 105986.0,0.40737944707861423,-1.0247917841456962,0.3488170515096455,-0.6125275437631839,13351.72
14, 105987.0,-1.4614655003495687,2.097735370148639,-0.8317460740870789,-0.6125275437631839,10260.26
1, 105988.0,-1.2458295448770862,-0.5787164763893626,0.3488170515096455,2.951441873012518,20605.94
10, 105989.0,-0.4551643748113164,-0.3151265218060744,-0.8317460740870789,-0.6125275437631839,26714.84
10, 105990.0,-0.38328572298715546,-0.010984266517665113,-0.8317460740870789,-0.6125275437631839,12453.01
10, 105991.0,-0.3114070711629946,-0.6598210777996049,-0.8317460740870789,-0.6125275437631839,28198.99
19, 105992.0,1.70119517991351,0.5567479433540324,1.5293801771063698,-0.6125275437631839,22945.34
6, 105993.0,0.7667727061994186,1.327241656751336,-0.8317460740870789,-0.6125275437631839,15040.52
16, 105994.0,-1.6052228039978906,0.5567479433540324,0.3488170515096455,-0.6125275437631839,12476.6
3, 105995.0,1.269923268968545,0.212053387360502,1.5293801771063698,1.1694571646246668,34609.57
9, 105996.0,-0.09577111569051194,2.239668422616564,-0.8317460740870789,-0.6125275437631839,14917.0
2, 105997.0,1.4855592244410276,-0.9639633330880142,0.3488170515096455,-0.6125275437631839,25303.98
18, 105998.0,0.47925809890277515,0.5161956426489113,0.3488170515096455,1.1694571646246668,22704.13
10, 105999.0,-0.38328572298715546,0.2323295377130622,-0.8317460740870789,-0.6125275437631839,8133.84
8, 106000.0,-1.6771014558220514,-1.2275532876713025,1.5293801771063698,-0.6125275437631839,12096.72
11, 106001.0,1.6293165280893493,-0.11236501828046822,-0.8317460740870789,1.1694571646246668,21616.74
6, 106002.0,1.0542873134960622,0.9622709504052441,-0.8317460740870789,-0.6125275437631839,15243.42
12, 106003.0,0.9105300098477405,-0.7409256792098478,0.3488170515096455,-0.6125275437631839,19209.32
16, 106004.0,-0.09577111569051194,0.07012033489257707,0.3488170515096455,-0.6125275437631839,14727.78
4, 106005.0,-1.5333441521737297,1.7327646638025485,0.3488170515096455,-0.6125275437631839,14376.36
18, 106006.0,0.551136750726936,1.12448015322573,0.3488170515096455,1.1694571646246668,13134.53
13, 106007.0,-1.4614655003495687,-0.8423064309726509,-0.8317460740870789,-0.6125275437631839,11545.85
6, 106008.0,1.198044617144384,0.5973002440591535,-0.8317460740870789,-0.6125275437631839,18962.75
2, 106009.0,0.33550079525445337,-1.2681055883764234,0.3488170515096455,-0.6125275437631839,16855.63
11, 106010.0,0.47925809890277515,-1.1667248366136203,-0.8317460740870789,1.1694571646246668,30134.89
10, 106011.0,-0.23952841933883373,-0.3962311232163166,-0.8317460740870789,-0.6125275437631839,5102.6
18, 106012.0,-0.023892463866351063,0.6581286951168355,-0.8317460740870789,1.1694571646246668,14405.1
9, 106013.0,-0.3114070711629946,0.5973002440591535,-0.8317460740870789,-0.6125275437631839,6813.33
15, 106014.0,0.40737944707861423,0.6378525447642746,0.3488170515096455,-0.6125275437631839,16165.79
19, 106015.0,0.7667727061994186,-0.5178880253316807,1.5293801771063698,-0.6125275437631839,21142.14
17, 106016.0,-0.5270430266354773,-1.4303147911969085,-0.8317460740870789,-0.6125275437631839,8806.11
9, 106017.0,0.11986483978197071,1.0028232511103659,-0.8317460740870789,-0.6125275437631839,12334.95
3, 106018.0,0.7667727061994186,0.9622709504052441,1.5293801771063698,1.1694571646246668,25939.34
6, 106019.0,1.0542873134960622,0.3134341391233051,-0.8317460740870789,-0.6125275437631839,17139.86
12, 106020.0,1.6293165280893493,-0.19346961969071041,0.3488170515096455,-0.6125275437631839,19439.18
6, 106021.0,1.198044617144384,0.9014424993475628,-0.8317460740870789,-0.6125275437631839,9617.14
11, 106022.0,0.6948940543752578,-1.6330762947225148,-0.8317460740870789,1.1694571646246668,16067.76
7, 106023.0,-1.6771014558220514,-1.714180896132757,0.3488170515096455,-0.6125275437631839,14720.08
5, 106024.0,1.269923268968545,-1.714180896132757,-0.8317460740870789,-0.6125275437631839,11591.23
10, 106025.0,-0.16764976751467284,-0.5584403260368017,-0.8317460740870789,-0.6125275437631839,9057.72
17, 106026.0,-0.3114070711629946,-1.795285497543,-0.8317460740870789,-0.6125275437631839,13516.88
11, 106027.0,1.4855592244410276,-1.7547331968378788,-0.8317460740870789,1.1694571646246668,32811.31
18, 106028.0,0.7667727061994186,0.982547100757805,0.3488170515096455,1.1694571646246668,18578.76
10, 106029.0,0.11986483978197071,-0.6395449274470446,-0.8317460740870789,-0.6125275437631839,21752.8
13, 106030.0,-0.8145576339321208,0.5567479433540324,-0.8317460740870789,-0.6125275437631839,4337.15
2, 106031.0,0.7667727061994186,-1.1667248366136203,0.3488170515096455,-0.6125275437631839,9290.58
13, 106032.0,-0.8145576339321208,0.3134341391233051,-0.8317460740870789,-0.6125275437631839,18259.52
5, 106033.0,1.5574378762651884,-0.8017541302675291,-0.8317460740870789,-0.6125275437631839,11800.21
11, 106034.0,0.19174349160613158,-2.4441223088249395,-0.8317460740870789,1.1694571646246668,12325.71
8, 106035.0,-1.317708196701247,0.13094878595025908,1.5293801771063698,-0.6125275437631839,32416.54
9, 106036.0,-0.09577111569051194,2.259944572969125,-0.8317460740870789,-0.6125275437631839,20127.08
6, 106037.0,0.6948940543752578,0.6581286951168355,-0.8317460740870789,-0.6125275437631839,14270.82
6, 106038.0,1.3418019207927057,0.3945387405335473,-0.8317460740870789,-0.6125275437631839,17854.06
0, 106039.0,-1.6052228039978906,-0.7206495288572868,-0.8317460740870789,1.1694571646246668,10364.55
8, 106040.0,0.04798618795780982,-0.9436871827354539,1.5293801771063698,-0.6125275437631839,15943.44
16, 106041.0,-1.1020722412287642,0.009291883834895796,0.3488170515096455,-0.6125275437631839,10688.73
0, 106042.0,-0.23952841933883373,0.9622709504052441,0.3488170515096455,1.1694571646246668,34782.72
12, 106043.0,0.19174349160613158,-0.07181271757534712,0.3488170515096455,-0.6125275437631839,13241.31
10, 106044.0,-0.23952841933883373,-0.35567882251119554,-0.8317460740870789,-0.6125275437631839,7105.75
2, 106045.0,1.269923268968545,-2.079151602478848,0.3488170515096455,-0.6125275437631839,17706.47
6, 106046.0,1.198044617144384,0.19177723700794108,-0.8317460740870789,-0.6125275437631839,11021.25
12, 106047.0,0.9105300098477405,0.1715010866553802,0.3488170515096455,-0.6125275437631839,31454.47
18, 106048.0,0.2636221434302925,0.9217186497001237,0.3488170515096455,1.1694571646246668,11034.98
9, 106049.0,0.40737944707861423,2.7668483317831405,-0.8317460740870789,-0.6125275437631839,9859.34
15, 106050.0,0.2636221434302925,0.8406140482898815,0.3488170515096455,-0.6125275437631839,16662.0
6, 106051.0,0.6230154025510969,1.0230994014629269,-0.8317460740870789,-0.6125275437631839,11410.29
0, 106052.0,-0.23952841933883373,-0.35567882251119554,-0.8317460740870789,1.1694571646246668,13325.86
7, 106053.0,-0.9583149375804426,-1.896666249305803,-0.8317460740870789,1.1694571646246668,10385.26
14, 106054.0,-1.4614655003495687,1.225860904988533,-0.8317460740870789,-0.6125275437631839,13112.91
4, 106055.0,-1.4614655003495687,0.7392332965270777,0.3488170515096455,-0.6125275437631839,15239.07
4, 106056.0,-1.1739508930529252,0.8203378979373206,0.3488170515096455,-0.6125275437631839,11012.27
18, 106057.0,1.198044617144384,1.6922123630974268,0.3488170515096455,1.1694571646246668,13124.85
0, 106058.0,-0.9583149375804426,0.3539864398284262,0.3488170515096455,1.1694571646246668,31490.36
2, 106059.0,0.7667727061994186,-0.7003733785047259,1.5293801771063698,-0.6125275437631839,22276.39
10, 106060.0,-0.023892463866351063,0.13094878595025908,-0.8317460740870789,-0.6125275437631839,6198.22
1, 106061.0,-1.6052228039978906,-0.6192687770944837,0.3488170515096455,1.1694571646246668,18076.56
7, 106062.0,-1.2458295448770862,-1.4911432422545905,0.3488170515096455,-0.6125275437631839,17014.78
16, 106063.0,-0.38328572298715546,-0.9842394834405751,0.3488170515096455,-0.6125275437631839,11076.08
0, 106064.0,-0.7426789821079599,-0.7206495288572868,-0.8317460740870789,1.1694571646246668,14762.17
4, 106065.0,-0.8145576339321208,1.104204002873169,0.3488170515096455,-0.6125275437631839,13343.22
1, 106066.0,-0.8145576339321208,-0.6192687770944837,1.5293801771063698,1.1694571646246668,30834.38
9, 106067.0,-0.09577111569051194,0.7392332965270777,-0.8317460740870789,-0.6125275437631839,9324.71
10, 106068.0,-0.3114070711629946,0.029568034187455985,-0.8317460740870789,-0.6125275437631839,12349.8
4, 106069.0,-1.317708196701247,0.7392332965270777,0.3488170515096455,-0.6125275437631839,14664.82
13, 106070.0,-1.1020722412287642,0.2728818384181833,-0.8317460740870789,-0.6125275437631839,10170.6
8, 106071.0,-0.023892463866351063,-0.6192687770944837,1.5293801771063698,-0.6125275437631839,15187.19
10, 106072.0,-0.38328572298715546,-0.7814779799149688,-0.8317460740870789,-0.6125275437631839,21589.91
12, 106073.0,1.4855592244410276,-0.010984266517665113,0.3488170515096455,-0.6125275437631839,29926.77
13, 106074.0,-1.5333441521737297,0.13094878595025908,-0.8317460740870789,-0.6125275437631839,9585.45
9, 106075.0,-0.23952841933883373,1.2866893560462143,-0.8317460740870789,-0.6125275437631839,15821.72
11, 106076.0,1.1261659653202232,-0.4165072735688775,0.3488170515096455,1.1694571646246668,12990.73
5, 106077.0,1.6293165280893493,-2.2819131060044544,-0.8317460740870789,-0.6125275437631839,8183.99
11, 106078.0,1.0542873134960622,-1.0045156337931354,-0.8317460740870789,1.1694571646246668,14788.88
4, 106079.0,-1.0301935894046035,2.2193922722640034,0.3488170515096455,-0.6125275437631839,11734.35
2, 106080.0,0.6948940543752578,-1.4708670919020297,0.3488170515096455,-0.6125275437631839,16634.35
13, 106081.0,-1.6052228039978906,0.04984418454001689,-0.8317460740870789,-0.6125275437631839,7497.85
14, 106082.0,-1.6052228039978906,2.0369069190909577,-0.8317460740870789,-0.6125275437631839,8053.27
6, 106083.0,1.1261659653202232,1.7327646638025485,-0.8317460740870789,-0.6125275437631839,17846.39
15, 106084.0,0.6230154025510969,2.1991161219114423,0.3488170515096455,-0.6125275437631839,20220.38
4, 106085.0,-1.389586848525408,0.8203378979373206,1.5293801771063698,-0.6125275437631839,15696.45
0, 106086.0,-0.4551643748113164,0.2728818384181833,0.3488170515096455,1.1694571646246668,30005.22
17, 106087.0,-0.09577111569051194,-1.7547331968378788,-0.8317460740870789,-0.6125275437631839,15460.49
12, 106088.0,1.0542873134960622,-0.37595497286375645,0.3488170515096455,-0.6125275437631839,21140.28
10, 106089.0,0.11986483978197071,0.009291883834895796,-0.8317460740870789,-0.6125275437631839,29238.09
6, 106090.0,0.551136750726936,0.4959194922963504,-0.8317460740870789,-0.6125275437631839,12567.81
13, 106091.0,-1.2458295448770862,-0.2948503714535135,-0.8317460740870789,-0.6125275437631839,12343.28
0, 106092.0,-0.23952841933883373,0.7797855972321988,-0.8317460740870789,2.951441873012518,16107.08
11, 106093.0,1.198044617144384,-0.07181271757534712,-0.8317460740870789,1.1694571646246668,17750.36
12, 106094.0,0.8386513580235796,-0.11236501828046822,0.3488170515096455,-0.6125275437631839,15077.28
10, 106095.0,0.8386513580235796,0.07012033489257707,-0.8317460740870789,-0.6125275437631839,23237.71
1, 106096.0,-0.4551643748113164,-0.7206495288572868,0.3488170515096455,1.1694571646246668,32762.52
1, 106097.0,-1.6052228039978906,-0.6800972281521658,1.5293801771063698,1.1694571646246668,34650.02
6, 106098.0,1.4855592244410276,0.4959194922963504,-0.8317460740870789,-0.6125275437631839,16779.19
13, 106099.0,-1.1020722412287642,-0.4165072735688775,-0.8317460740870789,-0.6125275437631839,14981.81
3, 106100.0,0.40737944707861423,1.6111077616871845,1.5293801771063698,1.1694571646246668,22805.03
1, 106101.0,-0.8864362857562816,-0.7612018295624079,0.3488170515096455,1.1694571646246668,31677.68
13, 106102.0,-0.8864362857562816,-0.5381641756842416,-0.8317460740870789,-0.6125275437631839,17093.4
3, 106103.0,0.7667727061994186,-1.3289340394341054,3.8905064282998185,2.951441873012518,30542.47
13, 106104.0,-1.2458295448770862,-0.7409256792098478,-0.8317460740870789,-0.6125275437631839,11739.72
16, 106105.0,-0.5270430266354773,-0.6192687770944837,0.3488170515096455,-0.6125275437631839,16838.01
13, 106106.0,-1.5333441521737297,0.3742625901809864,-0.8317460740870789,-0.6125275437631839,17147.56
16, 106107.0,-1.5333441521737297,-0.82203028062009,0.3488170515096455,-0.6125275437631839,25646.69
19, 106108.0,0.47925809890277515,-0.35567882251119554,1.5293801771063698,-0.6125275437631839,30579.26
9, 106109.0,0.47925809890277515,0.7797855972321988,-0.8317460740870789,-0.6125275437631839,15242.2
9, 106110.0,-0.4551643748113164,0.7392332965270777,-0.8317460740870789,-0.6125275437631839,13511.11
10, 106111.0,-0.38328572298715546,-0.15291731898558933,-0.8317460740870789,-0.6125275437631839,9198.56
10, 106112.0,0.04798618795780982,-0.5381641756842416,-0.8317460740870789,-0.6125275437631839,10881.67
2, 106113.0,1.5574378762651884,-1.1261725359084993,0.3488170515096455,-0.6125275437631839,18129.45
12, 106114.0,1.4136805726168666,-0.2745742211009533,0.3488170515096455,-0.6125275437631839,22629.17
12, 106115.0,0.40737944707861423,-0.23402192039583222,0.3488170515096455,-0.6125275437631839,26946.03
18, 106116.0,0.9105300098477405,0.2526056880656231,-0.8317460740870789,1.1694571646246668,21897.45
11, 106117.0,0.04798618795780982,-2.4441223088249395,0.3488170515096455,1.1694571646246668,15511.46
7, 106118.0,-1.389586848525408,-1.2275532876713025,-0.8317460740870789,-0.6125275437631839,11282.24
13, 106119.0,-1.6771014558220514,0.15122493630282,-0.8317460740870789,-0.6125275437631839,12444.75
13, 106120.0,-1.2458295448770862,-0.4570595742739986,-0.8317460740870789,-0.6125275437631839,9745.15
14, 106121.0,-1.6771014558220514,1.104204002873169,-0.8317460740870789,-0.6125275437631839,4854.58
13, 106122.0,-0.5989216784596382,-0.03126041687022602,-0.8317460740870789,-0.6125275437631839,14420.82
16, 106123.0,-1.1020722412287642,-0.2948503714535135,0.3488170515096455,-0.6125275437631839,22311.22
13, 106124.0,-0.8145576339321208,0.212053387360502,-0.8317460740870789,-0.6125275437631839,8521.81
13, 106125.0,-1.389586848525408,0.4553671915912293,-0.8317460740870789,-0.6125275437631839,12244.92
7, 106126.0,-1.6771014558220514,-0.9031348820303321,0.3488170515096455,-0.6125275437631839,20913.8
9, 106127.0,0.04798618795780982,1.4083462581615784,-0.8317460740870789,-0.6125275437631839,18077.77
18, 106128.0,0.40737944707861423,1.4488985588667003,0.3488170515096455,1.1694571646246668,17254.08
9, 106129.0,-0.023892463866351063,1.3475178071038971,-0.8317460740870789,-0.6125275437631839,37706.36
6, 106130.0,0.9824086616719013,0.3337102894758653,-0.8317460740870789,-0.6125275437631839,8812.08
6, 106131.0,1.4855592244410276,1.4691747092192595,-0.8317460740870789,-0.6125275437631839,24382.94
13, 106132.0,-1.1739508930529252,0.29315798877074417,-0.8317460740870789,-0.6125275437631839,11387.77
2, 106133.0,1.3418019207927057,-1.1667248366136203,0.3488170515096455,-0.6125275437631839,9819.56
19, 106134.0,0.2636221434302925,1.0433755518154877,1.5293801771063698,-0.6125275437631839,16213.03
9, 106135.0,-0.16764976751467284,1.874697716270472,-0.8317460740870789,-0.6125275437631839,13319.17
18, 106136.0,1.269923268968545,1.104204002873169,0.3488170515096455,1.1694571646246668,21359.64
15, 106137.0,0.9105300098477405,1.1853086042834111,0.3488170515096455,-0.6125275437631839,37169.81
12, 106138.0,0.04798618795780982,0.009291883834895796,0.3488170515096455,-0.6125275437631839,14675.45
4, 106139.0,-1.4614655003495687,2.016630768738397,0.3488170515096455,-0.6125275437631839,15085.25
10, 106140.0,0.551136750726936,-0.07181271757534712,-0.8317460740870789,-0.6125275437631839,9369.72
11, 106141.0,1.1261659653202232,-0.33540267215863534,0.3488170515096455,1.1694571646246668,32873.08
17, 106142.0,-0.38328572298715546,-0.882858731677772,-0.8317460740870789,-0.6125275437631839,11174.61
2, 106143.0,1.198044617144384,-1.0045156337931354,0.3488170515096455,-0.6125275437631839,15136.92
8, 106144.0,-0.5989216784596382,-0.5584403260368017,1.5293801771063698,-0.6125275437631839,15364.42
17, 106145.0,-0.023892463866351063,-1.7547331968378788,0.3488170515096455,-0.6125275437631839,21721.34
18, 106146.0,0.551136750726936,0.4756433419437895,-0.8317460740870789,1.1694571646246668,11619.06
6, 106147.0,1.1261659653202232,0.4553671915912293,-0.8317460740870789,-0.6125275437631839,6729.64
14, 106148.0,-1.1020722412287642,1.5097270099243814,-0.8317460740870789,-0.6125275437631839,10789.67
3, 106149.0,0.551136750726936,0.9014424993475628,2.709943302703094,1.1694571646246668,30724.24
17, 106150.0,-0.38328572298715546,-1.3897624904917876,-0.8317460740870789,-0.6125275437631839,8281.1
13, 106151.0,-1.1739508930529252,-0.25429807074839245,-0.8317460740870789,-0.6125275437631839,12436.83
6, 106152.0,1.0542873134960622,1.0433755518154877,-0.8317460740870789,-0.6125275437631839,11279.64
15, 106153.0,-0.023892463866351063,1.6516600623923063,0.3488170515096455,-0.6125275437631839,15977.76
10, 106154.0,-0.23952841933883373,-0.7612018295624079,-0.8317460740870789,-0.6125275437631839,17748.89
9, 106155.0,-0.16764976751467284,0.860890198642441,-0.8317460740870789,-0.6125275437631839,22058.18
11, 106156.0,0.47925809890277515,0.029568034187455985,-0.8317460740870789,1.1694571646246668,26786.11
11, 106157.0,0.9105300098477405,-0.47733572462655954,-0.8317460740870789,1.1694571646246668,14496.06
16, 106158.0,-0.16764976751467284,0.3742625901809864,0.3488170515096455,-0.6125275437631839,10586.15
12, 106159.0,0.6948940543752578,0.3337102894758653,0.3488170515096455,-0.6125275437631839,11686.44
17, 106160.0,0.04798618795780982,-1.4708670919020297,-0.8317460740870789,-0.6125275437631839,31271.9
18, 106161.0,0.6230154025510969,0.5364717930014715,-0.8317460740870789,1.1694571646246668,23449.05
11, 106162.0,-0.3114070711629946,-1.734457046485318,-0.8317460740870789,1.1694571646246668,34461.78
8, 106163.0,-1.4614655003495687,-0.7206495288572868,1.5293801771063698,-0.6125275437631839,14235.78
6, 106164.0,1.269923268968545,1.5300031602769424,-0.8317460740870789,-0.6125275437631839,11804.53
5, 106165.0,1.269923268968545,-0.35567882251119554,-0.8317460740870789,-0.6125275437631839,29189.43
12, 106166.0,0.2636221434302925,-0.3151265218060744,0.3488170515096455,-0.6125275437631839,34692.21
5, 106167.0,0.6948940543752578,-0.7814779799149688,-0.8317460740870789,-0.6125275437631839,6059.31
11, 106168.0,1.3418019207927057,-0.21374577004327133,0.3488170515096455,1.1694571646246668,16761.18
9, 106169.0,-0.38328572298715546,0.5161956426489113,-0.8317460740870789,-0.6125275437631839,16097.07
5, 106170.0,1.4855592244410276,-0.4165072735688775,-0.8317460740870789,-0.6125275437631839,11573.81
16, 106171.0,-0.4551643748113164,-0.7612018295624079,0.3488170515096455,-0.6125275437631839,14563.4
13, 106172.0,-1.6052228039978906,-0.5989926267419229,-0.8317460740870789,-0.6125275437631839,7239.35
13, 106173.0,-0.670800330283799,-0.09208886792790731,-0.8317460740870789,-0.6125275437631839,16043.43
16, 106174.0,-0.23952841933883373,0.5973002440591535,0.3488170515096455,-0.6125275437631839,16503.78
1, 106175.0,-0.7426789821079599,-0.5787164763893626,1.5293801771063698,1.1694571646246668,29841.17
12, 106176.0,0.11986483978197071,0.1106726355976989,0.3488170515096455,-0.6125275437631839,26831.93
16, 106177.0,-0.7426789821079599,-0.4570595742739986,0.3488170515096455,-0.6125275437631839,12217.24
18, 106178.0,0.6230154025510969,1.3880701078090174,0.3488170515096455,1.1694571646246668,34431.65
7, 106179.0,-0.7426789821079599,-1.4303147911969085,-0.8317460740870789,-0.6125275437631839,4453.94
7, 106180.0,-1.4614655003495687,-2.4441223088249395,-0.8317460740870789,-0.6125275437631839,9914.2
3, 106181.0,0.2636221434302925,0.15122493630282,1.5293801771063698,1.1694571646246668,19784.06
15, 106182.0,1.269923268968545,1.5097270099243814,0.3488170515096455,-0.6125275437631839,18266.03
8, 106183.0,-1.6052228039978906,-2.0385993017737274,2.709943302703094,-0.6125275437631839,11899.27
3, 106184.0,-0.5270430266354773,-0.9639633330880142,2.709943302703094,2.951441873012518,24625.45
0, 106185.0,-1.389586848525408,0.41481489088610823,-0.8317460740870789,2.951441873012518,18203.08
1, 106186.0,-1.2458295448770862,-0.5381641756842416,0.3488170515096455,1.1694571646246668,18113.51
4, 106187.0,-0.5270430266354773,0.6175763944117144,1.5293801771063698,-0.6125275437631839,16501.45
9, 106188.0,-0.3114070711629946,0.7595094468796386,-0.8317460740870789,-0.6125275437631839,25627.71
13, 106189.0,-1.317708196701247,0.19177723700794108,-0.8317460740870789,-0.6125275437631839,15630.44
3, 106190.0,1.269923268968545,0.13094878595025908,2.709943302703094,1.1694571646246668,31169.3
13, 106191.0,-1.6771014558220514,-0.5787164763893626,-0.8317460740870789,-0.6125275437631839,7989.92
5, 106192.0,0.9824086616719013,-0.47733572462655954,-0.8317460740870789,-0.6125275437631839,7947.46
10, 106193.0,0.47925809890277515,-0.4570595742739986,-0.8317460740870789,-0.6125275437631839,10461.39
18, 106194.0,-0.16764976751467284,2.0369069190909577,-0.8317460740870789,1.1694571646246668,20404.63
16, 106195.0,-0.8145576339321208,-0.3151265218060744,0.3488170515096455,-0.6125275437631839,15524.36
11, 106196.0,-0.023892463866351063,-1.5925239940173936,0.3488170515096455,1.1694571646246668,15876.4
6, 106197.0,1.70119517991351,1.104204002873169,-0.8317460740870789,-0.6125275437631839,13085.28
8, 106198.0,-1.1020722412287642,-0.82203028062009,1.5293801771063698,-0.6125275437631839,28567.48
18, 106199.0,0.551136750726936,0.6175763944117144,-0.8317460740870789,1.1694571646246668,12921.77
19, 106200.0,0.8386513580235796,0.3539864398284262,1.5293801771063698,-0.6125275437631839,19527.67
12, 106201.0,1.70119517991351,0.3539864398284262,0.3488170515096455,-0.6125275437631839,17618.03
7, 106202.0,-1.389586848525408,-1.6330762947225148,0.3488170515096455,-0.6125275437631839,13238.28
13, 106203.0,-0.5989216784596382,0.3134341391233051,-0.8317460740870789,-0.6125275437631839,14958.14
5, 106204.0,1.70119517991351,-1.1464486862610601,-0.8317460740870789,-0.6125275437631839,14646.31
8, 106205.0,-1.5333441521737297,-1.3492101897866664,1.5293801771063698,-0.6125275437631839,10978.12
16, 106206.0,-0.09577111569051194,0.2323295377130622,0.3488170515096455,-0.6125275437631839,16206.54
6, 106207.0,1.5574378762651884,1.7530408141551095,-0.8317460740870789,-0.6125275437631839,13794.5
6, 106208.0,0.9824086616719013,0.9014424993475628,-0.8317460740870789,-0.6125275437631839,15438.91
13, 106209.0,-1.5333441521737297,-0.4165072735688775,-0.8317460740870789,-0.6125275437631839,15290.07
8, 106210.0,-0.9583149375804426,-1.5722478436648328,1.5293801771063698,-0.6125275437631839,12579.85
1, 106211.0,-0.7426789821079599,-1.876390098953242,1.5293801771063698,1.1694571646246668,34656.55
4, 106212.0,-1.1020722412287642,1.1447563035782908,0.3488170515096455,-0.6125275437631839,17934.35
6, 106213.0,1.4855592244410276,1.246137055341094,-0.8317460740870789,-0.6125275437631839,14764.53
13, 106214.0,-1.4614655003495687,0.3539864398284262,-0.8317460740870789,-0.6125275437631839,18553.41
19, 106215.0,1.0542873134960622,0.3134341391233051,1.5293801771063698,-0.6125275437631839,14064.39
4, 106216.0,-1.0301935894046035,1.3475178071038971,0.3488170515096455,-0.6125275437631839,12397.39
0, 106217.0,-0.8864362857562816,-0.17319346933815022,0.3488170515096455,1.1694571646246668,22126.87
8, 106218.0,-0.3114070711629946,-0.03126041687022602,1.5293801771063698,-0.6125275437631839,20104.11
1, 106219.0,-0.8145576339321208,-1.5316955429597117,0.3488170515096455,1.1694571646246668,39190.97
8, 106220.0,-0.5989216784596382,-1.3086578890815446,2.709943302703094,-0.6125275437631839,15933.84
4, 106221.0,-0.16764976751467284,1.327241656751336,0.3488170515096455,-0.6125275437631839,28373.84
15, 106222.0,0.40737944707861423,0.8811663489950019,0.3488170515096455,-0.6125275437631839,26411.16
1, 106223.0,-1.317708196701247,0.8811663489950019,1.5293801771063698,2.951441873012518,24318.83
5, 106224.0,1.70119517991351,-1.1058963855559383,-0.8317460740870789,-0.6125275437631839,11355.63
9, 106225.0,0.33550079525445337,1.0636517021680472,-0.8317460740870789,-0.6125275437631839,31412.56
4, 106226.0,-1.317708196701247,0.5973002440591535,0.3488170515096455,-0.6125275437631839,11551.42
18, 106227.0,1.0542873134960622,0.4350910412386684,-0.8317460740870789,1.1694571646246668,16976.78
3, 106228.0,0.7667727061994186,0.8203378979373206,1.5293801771063698,1.1694571646246668,31441.78
4, 106229.0,-1.6052228039978906,0.9014424993475628,0.3488170515096455,-0.6125275437631839,15961.37
11, 106230.0,0.9105300098477405,-0.4570595742739986,0.3488170515096455,1.1694571646246668,17044.31
11, 106231.0,1.1261659653202232,-0.7206495288572868,-0.8317460740870789,1.1694571646246668,18250.2
13, 106232.0,-0.8864362857562816,0.029568034187455985,-0.8317460740870789,-0.6125275437631839,7702.83
19, 106233.0,0.7667727061994186,0.3945387405335473,1.5293801771063698,-0.6125275437631839,21219.48
10, 106234.0,-0.23952841933883373,0.2728818384181833,-0.8317460740870789,-0.6125275437631839,25587.5
7, 106235.0,-1.4614655003495687,-1.714180896132757,0.3488170515096455,-0.6125275437631839,31754.63
16, 106236.0,-0.8864362857562816,0.4553671915912293,0.3488170515096455,-0.6125275437631839,17798.89
16, 106237.0,-0.38328572298715546,0.4959194922963504,0.3488170515096455,-0.6125275437631839,12342.57
0, 106238.0,-0.670800330283799,0.07012033489257707,-0.8317460740870789,2.951441873012518,22027.67
18, 106239.0,1.1261659653202232,1.327241656751336,-0.8317460740870789,1.1694571646246668,22526.57
12, 106240.0,1.198044617144384,-0.17319346933815022,0.3488170515096455,-0.6125275437631839,11434.78
3, 106241.0,-0.8864362857562816,-0.2745742211009533,2.709943302703094,2.951441873012518,34365.85
5, 106242.0,0.6230154025510969,-0.7612018295624079,-0.8317460740870789,-0.6125275437631839,14357.59
16, 106243.0,-0.670800330283799,-0.9639633330880142,0.3488170515096455,-0.6125275437631839,17483.99
9, 106244.0,0.47925809890277515,1.0230994014629269,-0.8317460740870789,-0.6125275437631839,11424.82
12, 106245.0,0.551136750726936,-0.07181271757534712,0.3488170515096455,-0.6125275437631839,11867.17
0, 106246.0,-1.4614655003495687,-0.6800972281521658,-0.8317460740870789,1.1694571646246668,8037.93
18, 106247.0,0.7667727061994186,0.41481489088610823,0.3488170515096455,1.1694571646246668,29916.83
6, 106248.0,1.6293165280893493,0.13094878595025908,-0.8317460740870789,-0.6125275437631839,11058.17
11, 106249.0,1.0542873134960622,-0.3962311232163166,-0.8317460740870789,1.1694571646246668,15371.99
16, 106250.0,-0.5989216784596382,-0.49761187497911974,0.3488170515096455,-0.6125275437631839,6916.55
6, 106251.0,1.4136805726168666,1.9355261673281547,-0.8317460740870789,-0.6125275437631839,11387.54
12, 106252.0,0.6948940543752578,0.13094878595025908,0.3488170515096455,-0.6125275437631839,14052.27
8, 106253.0,-1.6771014558220514,0.5364717930014715,2.709943302703094,-0.6125275437631839,20394.1
5, 106254.0,1.269923268968545,-1.6533524450750756,-0.8317460740870789,-0.6125275437631839,23647.59
14, 106255.0,-0.8145576339321208,2.1788399715588813,-0.8317460740870789,-0.6125275437631839,14804.18
19, 106256.0,0.7667727061994186,0.15122493630282,1.5293801771063698,-0.6125275437631839,18346.97
3, 106257.0,1.0542873134960622,0.8000617475847597,1.5293801771063698,1.1694571646246668,26284.22
10, 106258.0,-0.09577111569051194,0.3742625901809864,-0.8317460740870789,-0.6125275437631839,9513.7
12, 106259.0,1.1261659653202232,0.04984418454001689,0.3488170515096455,-0.6125275437631839,15742.27
10, 106260.0,0.40737944707861423,0.41481489088610823,-0.8317460740870789,-0.6125275437631839,25472.79
6, 106261.0,1.4855592244410276,0.5364717930014715,-0.8317460740870789,-0.6125275437631839,8613.77
7, 106262.0,-1.317708196701247,-2.2616369556518943,0.3488170515096455,-0.6125275437631839,17161.46
15, 106263.0,0.8386513580235796,0.4553671915912293,0.3488170515096455,-0.6125275437631839,18190.7
15, 106264.0,0.2636221434302925,1.3475178071038971,0.3488170515096455,-0.6125275437631839,18304.45
10, 106265.0,0.33550079525445337,-0.3962311232163166,-0.8317460740870789,-0.6125275437631839,25073.83
19, 106266.0,0.6230154025510969,-0.47733572462655954,1.5293801771063698,-0.6125275437631839,19119.09
11, 106267.0,1.198044617144384,-0.3151265218060744,0.3488170515096455,1.1694571646246668,16804.18
18, 106268.0,0.40737944707861423,0.982547100757805,-0.8317460740870789,1.1694571646246668,15230.31
4, 106269.0,-0.09577111569051194,1.4488985588667003,0.3488170515096455,-0.6125275437631839,20595.5
12, 106270.0,0.6230154025510969,-0.33540267215863534,0.3488170515096455,-0.6125275437631839,16241.87
4, 106271.0,-0.7426789821079599,0.5364717930014715,1.5293801771063698,-0.6125275437631839,16407.61
11, 106272.0,0.6948940543752578,-0.11236501828046822,-0.8317460740870789,1.1694571646246668,17657.35
12, 106273.0,0.6948940543752578,-0.35567882251119554,0.3488170515096455,-0.6125275437631839,13519.59
10, 106274.0,0.551136750726936,-0.5989926267419229,-0.8317460740870789,-0.6125275437631839,23341.7
12, 106275.0,0.04798618795780982,-0.82203028062009,0.3488170515096455,-0.6125275437631839,19579.26
9, 106276.0,-0.023892463866351063,1.5705554609820627,-0.8317460740870789,-0.6125275437631839,14566.84
9, 106277.0,0.2636221434302925,1.246137055341094,-0.8317460740870789,-0.6125275437631839,15474.04
16, 106278.0,-0.8864362857562816,-1.1058963855559383,0.3488170515096455,-0.6125275437631839,16263.26
18, 106279.0,0.33550079525445337,0.9014424993475628,0.3488170515096455,1.1694571646246668,16025.59
6, 106280.0,1.4136805726168666,0.8000617475847597,-0.8317460740870789,-0.6125275437631839,14999.14
13, 106281.0,-1.5333441521737297,0.29315798877074417,-0.8317460740870789,-0.6125275437631839,19542.17
8, 106282.0,-1.4614655003495687,-0.05153656722278621,1.5293801771063698,-0.6125275437631839,29130.77
10, 106283.0,-0.23952841933883373,0.15122493630282,-0.8317460740870789,-0.6125275437631839,6921.57
4, 106284.0,-1.6052228039978906,1.1853086042834111,0.3488170515096455,-0.6125275437631839,8003.2
0, 106285.0,-1.1739508930529252,-0.05153656722278621,0.3488170515096455,1.1694571646246668,16016.9
2, 106286.0,0.33550079525445337,-0.9031348820303321,1.5293801771063698,-0.6125275437631839,30950.87
18, 106287.0,0.9105300098477405,0.13094878595025908,0.3488170515096455,1.1694571646246668,18129.81
11, 106288.0,0.7667727061994186,-1.3289340394341054,-0.8317460740870789,1.1694571646246668,15481.85
5, 106289.0,0.6948940543752578,-1.1261725359084993,-0.8317460740870789,-0.6125275437631839,17425.34
9, 106290.0,-0.4551643748113164,0.8000617475847597,-0.8317460740870789,-0.6125275437631839,23331.07
15, 106291.0,0.9105300098477405,1.6313839120397455,0.3488170515096455,-0.6125275437631839,18259.43
6, 106292.0,0.7667727061994186,0.7595094468796386,-0.8317460740870789,-0.6125275437631839,11697.02
2, 106293.0,1.4855592244410276,-1.4911432422545905,0.3488170515096455,-0.6125275437631839,15911.57
11, 106294.0,-0.09577111569051194,-1.2883817387289844,-0.8317460740870789,2.951441873012518,30977.81
15, 106295.0,0.19174349160613158,1.1447563035782908,0.3488170515096455,-0.6125275437631839,21786.48
16, 106296.0,-0.5989216784596382,-0.03126041687022602,0.3488170515096455,-0.6125275437631839,12846.53
14, 106297.0,-1.6771014558220514,1.5908316113346237,-0.8317460740870789,-0.6125275437631839,7011.58
8, 106298.0,-0.9583149375804426,-1.2275532876713025,1.5293801771063698,-0.6125275437631839,12975.57
19, 106299.0,1.198044617144384,0.4553671915912293,1.5293801771063698,-0.6125275437631839,26001.2
6, 106300.0,0.9824086616719013,0.1106726355976989,-0.8317460740870789,-0.6125275437631839,11541.16
13, 106301.0,-1.1020722412287642,0.3945387405335473,-0.8317460740870789,-0.6125275437631839,9113.87
1, 106302.0,-1.1020722412287642,-0.21374577004327133,1.5293801771063698,1.1694571646246668,17372.15
14, 106303.0,-0.8864362857562816,1.0230994014629269,-0.8317460740870789,-0.6125275437631839,23366.79
10, 106304.0,-0.023892463866351063,0.3539864398284262,-0.8317460740870789,-0.6125275437631839,11675.31
0, 106305.0,-1.1739508930529252,0.6986809958219566,-0.8317460740870789,1.1694571646246668,19717.91
19, 106306.0,0.40737944707861423,1.104204002873169,3.8905064282998185,-0.6125275437631839,41144.58
10, 106307.0,0.40737944707861423,0.41481489088610823,-0.8317460740870789,-0.6125275437631839,26795.98
18, 106308.0,0.6230154025510969,1.915250016975594,-0.8317460740870789,1.1694571646246668,16871.29
8, 106309.0,-1.1020722412287642,0.3337102894758653,1.5293801771063698,-0.6125275437631839,17803.47
11, 106310.0,0.6230154025510969,-1.6533524450750756,0.3488170515096455,2.951441873012518,20343.56
11, 106311.0,0.04798618795780982,-0.19346961969071041,0.3488170515096455,1.1694571646246668,14559.45
18, 106312.0,0.8386513580235796,1.1853086042834111,0.3488170515096455,1.1694571646246668,16434.52
12, 106313.0,0.11986483978197071,-0.5381641756842416,0.3488170515096455,-0.6125275437631839,14468.74
16, 106314.0,-1.389586848525408,-0.6192687770944837,0.3488170515096455,-0.6125275437631839,10918.2
5, 106315.0,1.4136805726168666,-1.3492101897866664,-0.8317460740870789,-0.6125275437631839,13843.42
13, 106316.0,-0.8864362857562816,-0.03126041687022602,-0.8317460740870789,-0.6125275437631839,19222.58
16, 106317.0,-0.7426789821079599,-0.43678342392143843,0.3488170515096455,-0.6125275437631839,11381.88
0, 106318.0,-0.670800330283799,0.4959194922963504,0.3488170515096455,1.1694571646246668,14933.66
8, 106319.0,-1.0301935894046035,0.212053387360502,1.5293801771063698,-0.6125275437631839,15289.49
11, 106320.0,0.11986483978197071,0.009291883834895796,-0.8317460740870789,1.1694571646246668,11209.78
14, 106321.0,-1.5333441521737297,1.4894508595718206,-0.8317460740870789,-0.6125275437631839,22610.56
11, 106322.0,-0.16764976751467284,-1.045067934498257,-0.8317460740870789,1.1694571646246668,28562.74
14, 106323.0,-1.1739508930529252,1.5705554609820627,-0.8317460740870789,-0.6125275437631839,17470.07
3, 106324.0,0.551136750726936,0.5973002440591535,2.709943302703094,1.1694571646246668,24179.23
9, 106325.0,-0.3114070711629946,1.104204002873169,-0.8317460740870789,-0.6125275437631839,27104.73
18, 106326.0,0.9824086616719013,0.8203378979373206,-0.8317460740870789,1.1694571646246668,14417.66
0, 106327.0,-1.5333441521737297,0.7392332965270777,-0.8317460740870789,1.1694571646246668,25180.93
0, 106328.0,-0.5989216784596382,0.6986809958219566,-0.8317460740870789,1.1694571646246668,22789.72
8, 106329.0,-1.0301935894046035,-0.23402192039583222,1.5293801771063698,-0.6125275437631839,15117.7
2, 106330.0,1.269923268968545,-1.2883817387289844,1.5293801771063698,-0.6125275437631839,18069.16
0, 106331.0,-1.2458295448770862,0.3742625901809864,-0.8317460740870789,1.1694571646246668,11663.25
9, 106332.0,-0.4551643748113164,0.7595094468796386,-0.8317460740870789,-0.6125275437631839,25074.87
19, 106333.0,0.2636221434302925,-0.33540267215863534,2.709943302703094,-0.6125275437631839,19926.05
1, 106334.0,-0.38328572298715546,-1.4100386408443477,0.3488170515096455,4.733426581400368,29223.9
3, 106335.0,1.198044617144384,1.0636517021680472,1.5293801771063698,1.1694571646246668,28199.78
3, 106336.0,1.4855592244410276,0.29315798877074417,1.5293801771063698,2.951441873012518,31940.85
6, 106337.0,1.198044617144384,0.4959194922963504,-0.8317460740870789,-0.6125275437631839,11930.92
13, 106338.0,-0.5270430266354773,-0.6598210777996049,-0.8317460740870789,-0.6125275437631839,26386.08
18, 106339.0,0.19174349160613158,0.09039648524513799,0.3488170515096455,1.1694571646246668,13686.96
1, 106340.0,-1.5333441521737297,-1.6128001443699538,0.3488170515096455,1.1694571646246668,25375.97
18, 106341.0,0.40737944707861423,0.7797855972321988,0.3488170515096455,1.1694571646246668,17984.67
12, 106342.0,1.269923268968545,0.029568034187455985,0.3488170515096455,-0.6125275437631839,16234.94
17, 106343.0,0.33550079525445337,-2.4441223088249395,0.3488170515096455,-0.6125275437631839,17345.13
17, 106344.0,-0.16764976751467284,-1.2681055883764234,-0.8317460740870789,-0.6125275437631839,12724.0
7, 106345.0,-0.670800330283799,-1.2883817387289844,0.3488170515096455,-0.6125275437631839,11953.89
7, 106346.0,-0.8145576339321208,-1.9777708507160452,-0.8317460740870789,1.1694571646246668,11278.9
6, 106347.0,1.70119517991351,1.773316964507669,-0.8317460740870789,-0.6125275437631839,14039.95
16, 106348.0,-0.9583149375804426,-0.5989926267419229,0.3488170515096455,-0.6125275437631839,19911.15
0, 106349.0,-0.5270430266354773,0.5161956426489113,-0.8317460740870789,1.1694571646246668,15388.34
19, 106350.0,-0.023892463866351063,-0.07181271757534712,2.709943302703094,-0.6125275437631839,13026.88
18, 106351.0,1.198044617144384,0.9622709504052441,0.3488170515096455,1.1694571646246668,31606.52
6, 106352.0,0.8386513580235796,0.2526056880656231,-0.8317460740870789,-0.6125275437631839,10133.75
12, 106353.0,0.6230154025510969,-0.35567882251119554,0.3488170515096455,-0.6125275437631839,22133.91
3, 106354.0,-0.23952841933883373,0.6986809958219566,1.5293801771063698,1.1694571646246668,36456.73
2, 106355.0,0.47925809890277515,-0.923411032382893,1.5293801771063698,-0.6125275437631839,26391.9
16, 106356.0,-0.3114070711629946,0.212053387360502,0.3488170515096455,-0.6125275437631839,14947.4
11, 106357.0,-0.3114070711629946,-1.3086578890815446,-0.8317460740870789,1.1694571646246668,24965.99
13, 106358.0,-0.5270430266354773,-0.4570595742739986,-0.8317460740870789,-0.6125275437631839,13870.64
13, 106359.0,-0.5270430266354773,-0.6192687770944837,-0.8317460740870789,-0.6125275437631839,5949.79
14, 106360.0,-0.8145576339321208,0.860890198642441,-0.8317460740870789,-0.6125275437631839,12500.22
0, 106361.0,-1.1739508930529252,0.3742625901809864,0.3488170515096455,1.1694571646246668,14361.39
12, 106362.0,0.11986483978197071,-1.0247917841456962,0.3488170515096455,-0.6125275437631839,21347.1
7, 106363.0,-1.4614655003495687,-1.1667248366136203,0.3488170515096455,-0.6125275437631839,12078.51
1, 106364.0,-0.8145576339321208,-0.9842394834405751,1.5293801771063698,1.1694571646246668,23936.83
16, 106365.0,-0.8145576339321208,-0.3151265218060744,0.3488170515096455,-0.6125275437631839,11980.32
16, 106366.0,-0.8864362857562816,-0.4570595742739986,0.3488170515096455,-0.6125275437631839,11588.87
10, 106367.0,0.551136750726936,0.07012033489257707,-0.8317460740870789,-0.6125275437631839,9549.33
17, 106368.0,0.6948940543752578,-1.856113948600682,-0.8317460740870789,-0.6125275437631839,14828.39
10, 106369.0,0.19174349160613158,-0.2948503714535135,-0.8317460740870789,-0.6125275437631839,7860.73
4, 106370.0,-1.317708196701247,0.9419948000526847,1.5293801771063698,1.1694571646246668,14342.32
5, 106371.0,0.6948940543752578,-0.9639633330880142,-0.8317460740870789,-0.6125275437631839,8548.02
17, 106372.0,-0.23952841933883373,-1.8358377982481209,-0.8317460740870789,-0.6125275437631839,11982.49
1, 106373.0,-0.023892463866351063,-0.5381641756842416,0.3488170515096455,2.951441873012518,16325.32
2, 106374.0,1.6293165280893493,-1.1870009869661813,0.3488170515096455,-0.6125275437631839,11569.29
13, 106375.0,-1.6771014558220514,-0.5381641756842416,-0.8317460740870789,-0.6125275437631839,3952.41
8, 106376.0,-1.1020722412287642,-0.05153656722278621,1.5293801771063698,-0.6125275437631839,18542.02
15, 106377.0,0.6230154025510969,0.5161956426489113,0.3488170515096455,-0.6125275437631839,15963.89
0, 106378.0,-1.6771014558220514,0.2728818384181833,-0.8317460740870789,1.1694571646246668,11056.09
4, 106379.0,-1.4614655003495687,2.4018776254370486,0.3488170515096455,-0.6125275437631839,14623.73
16, 106380.0,-0.5989216784596382,-0.8423064309726509,0.3488170515096455,-0.6125275437631839,18075.93
16, 106381.0,-1.317708196701247,0.2728818384181833,0.3488170515096455,-0.6125275437631839,17909.04
13, 106382.0,-0.9583149375804426,-0.09208886792790731,-0.8317460740870789,-0.6125275437631839,6303.71
6, 106383.0,0.7667727061994186,0.212053387360502,-0.8317460740870789,-0.6125275437631839,26756.73
9, 106384.0,-0.023892463866351063,1.0636517021680472,-0.8317460740870789,-0.6125275437631839,4695.51
2, 106385.0,1.1261659653202232,-1.4911432422545905,1.5293801771063698,1.1694571646246668,18579.06
4, 106386.0,-1.1020722412287642,1.9558023176807158,0.3488170515096455,-0.6125275437631839,23727.36
17, 106387.0,-0.3114070711629946,-1.4100386408443477,-0.8317460740870789,-0.6125275437631839,11270.17
15, 106388.0,0.47925809890277515,1.4894508595718206,0.3488170515096455,-0.6125275437631839,19834.39
13, 106389.0,-1.1020722412287642,-0.17319346933815022,-0.8317460740870789,-0.6125275437631839,10286.3
2, 106390.0,1.4855592244410276,-1.734457046485318,0.3488170515096455,-0.6125275437631839,16861.24
16, 106391.0,-0.38328572298715546,0.29315798877074417,0.3488170515096455,-0.6125275437631839,18443.51
0, 106392.0,-1.389586848525408,-0.35567882251119554,-0.8317460740870789,1.1694571646246668,8675.9
13, 106393.0,-0.9583149375804426,0.5161956426489113,-0.8317460740870789,-0.6125275437631839,9141.95
8, 106394.0,-0.8864362857562816,-0.9842394834405751,3.8905064282998185,-0.6125275437631839,38117.34
15, 106395.0,0.19174349160613158,0.3945387405335473,0.3488170515096455,-0.6125275437631839,14174.38
1, 106396.0,-1.0301935894046035,-0.8017541302675291,0.3488170515096455,1.1694571646246668,13262.37
18, 106397.0,0.551136750726936,0.9014424993475628,-0.8317460740870789,2.951441873012518,19162.97
13, 106398.0,-1.0301935894046035,-0.11236501828046822,-0.8317460740870789,-0.6125275437631839,7803.22
13, 106399.0,-0.9583149375804426,-0.5787164763893626,-0.8317460740870789,-0.6125275437631839,12475.93
13, 106400.0,-0.9583149375804426,-0.47733572462655954,-0.8317460740870789,-0.6125275437631839,12359.48
16, 106401.0,-0.9583149375804426,-0.9639633330880142,0.3488170515096455,-0.6125275437631839,17056.25
4, 106402.0,-1.1739508930529252,0.6378525447642746,0.3488170515096455,-0.6125275437631839,15772.85
17, 106403.0,-0.23952841933883373,-1.3492101897866664,0.3488170515096455,-0.6125275437631839,5333.22
0, 106404.0,-1.6052228039978906,0.6378525447642746,-0.8317460740870789,1.1694571646246668,16380.82
19, 106405.0,0.11986483978197071,0.7797855972321988,1.5293801771063698,-0.6125275437631839,19732.01
7, 106406.0,-1.0301935894046035,-0.9031348820303321,-0.8317460740870789,-0.6125275437631839,9533.31
18, 106407.0,1.269923268968545,0.3539864398284262,0.3488170515096455,1.1694571646246668,16562.17
4, 106408.0,-0.3114070711629946,1.0636517021680472,1.5293801771063698,-0.6125275437631839,20836.34
15, 106409.0,1.269923268968545,0.5973002440591535,0.3488170515096455,-0.6125275437631839,9717.2
11, 106410.0,1.198044617144384,-0.23402192039583222,-0.8317460740870789,1.1694571646246668,39595.97
9, 106411.0,-0.23952841933883373,0.9419948000526847,-0.8317460740870789,-0.6125275437631839,11343.59
6, 106412.0,0.6948940543752578,0.4959194922963504,-0.8317460740870789,-0.6125275437631839,18989.49
13, 106413.0,-1.0301935894046035,-0.4165072735688775,-0.8317460740870789,-0.6125275437631839,7330.81
5, 106414.0,0.6230154025510969,-0.9436871827354539,-0.8317460740870789,-0.6125275437631839,10138.93
5, 106415.0,1.0542873134960622,-0.82203028062009,-0.8317460740870789,-0.6125275437631839,32737.0
10, 106416.0,0.40737944707861423,-0.11236501828046822,-0.8317460740870789,-0.6125275437631839,7894.9
9, 106417.0,-0.23952841933883373,1.4488985588667003,-0.8317460740870789,-0.6125275437631839,8108.35
14, 106418.0,-0.8864362857562816,0.8406140482898815,-0.8317460740870789,-0.6125275437631839,6563.0
4, 106419.0,-1.1739508930529252,0.6986809958219566,0.3488170515096455,-0.6125275437631839,36008.74
13, 106420.0,-0.9583149375804426,-0.5584403260368017,-0.8317460740870789,-0.6125275437631839,6585.47
2, 106421.0,0.7667727061994186,-2.1197039031839693,0.3488170515096455,-0.6125275437631839,27540.55
4, 106422.0,-1.2458295448770862,2.9290575346036247,0.3488170515096455,1.1694571646246668,15913.57
11, 106423.0,-0.023892463866351063,-0.5584403260368017,-0.8317460740870789,2.951441873012518,17257.13
0, 106424.0,-1.317708196701247,0.04984418454001689,0.3488170515096455,1.1694571646246668,18302.16
17, 106425.0,0.19174349160613158,-1.0653440848508173,-0.8317460740870789,-0.6125275437631839,15095.78
10, 106426.0,0.33550079525445337,-0.33540267215863534,-0.8317460740870789,-0.6125275437631839,20687.39
10, 106427.0,-0.3114070711629946,-0.37595497286375645,-0.8317460740870789,-0.6125275437631839,12702.7
19, 106428.0,0.551136750726936,-0.4165072735688775,1.5293801771063698,-0.6125275437631839,30777.59
2, 106429.0,0.8386513580235796,-2.058875452126288,1.5293801771063698,1.1694571646246668,21123.95
6, 106430.0,1.70119517991351,0.41481489088610823,-0.8317460740870789,-0.6125275437631839,14541.97
14, 106431.0,-1.6052228039978906,0.6175763944117144,-0.8317460740870789,-0.6125275437631839,7266.93
14, 106432.0,-0.670800330283799,1.12448015322573,-0.8317460740870789,-0.6125275437631839,17193.5
9, 106433.0,0.19174349160613158,0.7595094468796386,-0.8317460740870789,-0.6125275437631839,14727.83
5, 106434.0,1.5574378762651884,-0.6800972281521658,-0.8317460740870789,-0.6125275437631839,20991.95
14, 106435.0,-1.6771014558220514,0.7189571461745176,-0.8317460740870789,-0.6125275437631839,7605.02
15, 106436.0,0.6230154025510969,1.9558023176807158,0.3488170515096455,-0.6125275437631839,17087.09
0, 106437.0,-1.0301935894046035,0.19177723700794108,-0.8317460740870789,1.1694571646246668,9511.28
1, 106438.0,-0.5270430266354773,-1.734457046485318,0.3488170515096455,1.1694571646246668,15006.27
12, 106439.0,1.4136805726168666,0.09039648524513799,0.3488170515096455,-0.6125275437631839,36360.61
13, 106440.0,-1.5333441521737297,-0.37595497286375645,-0.8317460740870789,-0.6125275437631839,7920.22
16, 106441.0,-1.1739508930529252,0.3134341391233051,0.3488170515096455,-0.6125275437631839,11855.22
12, 106442.0,0.9105300098477405,0.2323295377130622,0.3488170515096455,-0.6125275437631839,14269.2
0, 106443.0,-1.4614655003495687,0.4959194922963504,0.3488170515096455,1.1694571646246668,17670.45
12, 106444.0,1.70119517991351,-0.7409256792098478,0.3488170515096455,-0.6125275437631839,26073.32
19, 106445.0,0.6230154025510969,-0.17319346933815022,1.5293801771063698,-0.6125275437631839,22142.7
18, 106446.0,0.8386513580235796,0.4553671915912293,-0.8317460740870789,1.1694571646246668,17684.39
11, 106447.0,0.40737944707861423,-0.37595497286375645,-0.8317460740870789,1.1694571646246668,28767.99
9, 106448.0,-0.16764976751467284,0.5567479433540324,-0.8317460740870789,-0.6125275437631839,6681.73
11, 106449.0,1.4855592244410276,-0.13264116863302913,-0.8317460740870789,1.1694571646246668,13607.25
0, 106450.0,-0.16764976751467284,0.2323295377130622,0.3488170515096455,1.1694571646246668,14877.65
3, 106451.0,0.551136750726936,-0.09208886792790731,1.5293801771063698,2.951441873012518,24776.23
1, 106452.0,-0.4551643748113164,-0.5787164763893626,0.3488170515096455,1.1694571646246668,18215.31
10, 106453.0,0.551136750726936,-0.5584403260368017,-0.8317460740870789,-0.6125275437631839,9801.84
13, 106454.0,-0.670800330283799,-0.6395449274470446,-0.8317460740870789,-0.6125275437631839,22974.3
0, 106455.0,-0.670800330283799,-0.010984266517665113,-0.8317460740870789,1.1694571646246668,15443.04
4, 106456.0,-0.23952841933883373,1.327241656751336,1.5293801771063698,-0.6125275437631839,17219.16
0, 106457.0,-1.317708196701247,-0.21374577004327133,0.3488170515096455,1.1694571646246668,15466.01
16, 106458.0,-1.1739508930529252,0.15122493630282,0.3488170515096455,-0.6125275437631839,14344.02
15, 106459.0,0.9824086616719013,0.8203378979373206,0.3488170515096455,-0.6125275437631839,17300.78
12, 106460.0,0.04798618795780982,-0.17319346933815022,0.3488170515096455,-0.6125275437631839,12172.42
7, 106461.0,-0.7426789821079599,-1.957494700363485,-0.8317460740870789,-0.6125275437631839,21830.36
15, 106462.0,1.0542873134960622,2.1180115205012,0.3488170515096455,-0.6125275437631839,13038.19
11, 106463.0,0.8386513580235796,-0.5381641756842416,0.3488170515096455,1.1694571646246668,14821.3
18, 106464.0,1.198044617144384,0.6784048454693957,0.3488170515096455,1.1694571646246668,24379.39
9, 106465.0,0.33550079525445337,0.5161956426489113,-0.8317460740870789,-0.6125275437631839,13060.75
0, 106466.0,-1.317708196701247,0.2323295377130622,-0.8317460740870789,1.1694571646246668,12827.8
12, 106467.0,0.8386513580235796,-0.2745742211009533,0.3488170515096455,-0.6125275437631839,16788.16
19, 106468.0,1.5574378762651884,1.1650324539308503,1.5293801771063698,-0.6125275437631839,14397.33
17, 106469.0,-0.4551643748113164,-1.2275532876713025,-0.8317460740870789,-0.6125275437631839,8549.69
16, 106470.0,-1.317708196701247,0.3742625901809864,0.3488170515096455,-0.6125275437631839,7702.8
3, 106471.0,1.6293165280893493,-0.9842394834405751,1.5293801771063698,2.951441873012518,40462.23
15, 106472.0,1.70119517991351,2.097735370148639,1.5293801771063698,-0.6125275437631839,33216.28
17, 106473.0,0.6948940543752578,-1.4100386408443477,-0.8317460740870789,-0.6125275437631839,17693.81
9, 106474.0,-0.4551643748113164,1.4083462581615784,-0.8317460740870789,-0.6125275437631839,13699.41
16, 106475.0,-1.5333441521737297,-0.2745742211009533,0.3488170515096455,-0.6125275437631839,28603.65
2, 106476.0,1.4855592244410276,-1.2275532876713025,0.3488170515096455,-0.6125275437631839,20723.03
17, 106477.0,-0.4551643748113164,-1.5925239940173936,-0.8317460740870789,-0.6125275437631839,13402.54
5, 106478.0,0.6948940543752578,-0.3962311232163166,-0.8317460740870789,-0.6125275437631839,12183.08
6, 106479.0,1.1261659653202232,0.9217186497001237,-0.8317460740870789,-0.6125275437631839,7526.36
13, 106480.0,-0.9583149375804426,-0.5584403260368017,-0.8317460740870789,-0.6125275437631839,6134.31
11, 106481.0,1.0542873134960622,-0.7814779799149688,-0.8317460740870789,1.1694571646246668,28147.6
6, 106482.0,1.198044617144384,1.3677939574564566,-0.8317460740870789,-0.6125275437631839,23124.52
1, 106483.0,-1.5333441521737297,-0.882858731677772,1.5293801771063698,1.1694571646246668,22421.71
11, 106484.0,0.04798618795780982,-0.882858731677772,0.3488170515096455,1.1694571646246668,20643.4
12, 106485.0,0.551136750726936,-0.37595497286375645,0.3488170515096455,-0.6125275437631839,17845.11
1, 106486.0,-1.389586848525408,-1.9777708507160452,0.3488170515096455,1.1694571646246668,24271.45
18, 106487.0,0.11986483978197071,0.2526056880656231,0.3488170515096455,1.1694571646246668,21299.29
10, 106488.0,0.551136750726936,-0.2745742211009533,-0.8317460740870789,-0.6125275437631839,27751.14
14, 106489.0,-1.4614655003495687,0.8203378979373206,-0.8317460740870789,-0.6125275437631839,6700.25
11, 106490.0,0.7667727061994186,-0.8423064309726509,-0.8317460740870789,1.1694571646246668,8037.06
5, 106491.0,1.70119517991351,-1.0653440848508173,-0.8317460740870789,-0.6125275437631839,27227.66
16, 106492.0,-0.09577111569051194,-0.23402192039583222,0.3488170515096455,-0.6125275437631839,11289.44
0, 106493.0,-1.389586848525408,0.8000617475847597,-0.8317460740870789,1.1694571646246668,12433.56
9, 106494.0,-0.38328572298715546,0.8811663489950019,-0.8317460740870789,-0.6125275437631839,16361.81
4, 106495.0,0.11986483978197071,1.8544215659179126,1.5293801771063698,-0.6125275437631839,18864.68
3, 106496.0,-0.38328572298715546,0.212053387360502,1.5293801771063698,1.1694571646246668,18483.1
5, 106497.0,1.1261659653202232,-0.5787164763893626,-0.8317460740870789,-0.6125275437631839,14432.06
14, 106498.0,-0.9583149375804426,0.8203378979373206,-0.8317460740870789,-0.6125275437631839,14247.57
0, 106499.0,-1.389586848525408,-0.17319346933815022,-0.8317460740870789,1.1694571646246668,9326.54
10, 106500.0,-0.16764976751467284,0.29315798877074417,-0.8317460740870789,-0.6125275437631839,12959.32
16, 106501.0,-0.023892463866351063,0.13094878595025908,0.3488170515096455,-0.6125275437631839,14459.09
5, 106502.0,1.70119517991351,-0.8017541302675291,-0.8317460740870789,-0.6125275437631839,15054.4
16, 106503.0,-0.4551643748113164,-0.882858731677772,0.3488170515096455,-0.6125275437631839,17049.26
0, 106504.0,-1.5333441521737297,0.2526056880656231,0.3488170515096455,1.1694571646246668,10044.71
16, 106505.0,-1.1739508930529252,-0.9436871827354539,0.3488170515096455,-0.6125275437631839,17951.85
3, 106506.0,-0.023892463866351063,-0.82203028062009,2.709943302703094,1.1694571646246668,39537.94
11, 106507.0,0.6230154025510969,-0.4570595742739986,-0.8317460740870789,1.1694571646246668,11601.21
13, 106508.0,-0.7426789821079599,-0.5584403260368017,-0.8317460740870789,-0.6125275437631839,5299.09
17, 106509.0,0.9105300098477405,-1.714180896132757,-0.8317460740870789,-0.6125275437631839,11287.1
14, 106510.0,-1.317708196701247,0.7797855972321988,-0.8317460740870789,-0.6125275437631839,16630.61
3, 106511.0,-0.38328572298715546,0.3337102894758653,1.5293801771063698,1.1694571646246668,21601.4
13, 106512.0,-1.389586848525408,-0.2745742211009533,-0.8317460740870789,-0.6125275437631839,4042.67
16, 106513.0,-0.38328572298715546,-0.15291731898558933,0.3488170515096455,-0.6125275437631839,13982.7
8, 106514.0,-1.389586848525408,-0.6395449274470446,1.5293801771063698,-0.6125275437631839,29916.33
5, 106515.0,0.6948940543752578,-0.6192687770944837,-0.8317460740870789,-0.6125275437631839,15153.59
6, 106516.0,1.0542873134960622,1.3069655063987753,-0.8317460740870789,-0.6125275437631839,15042.15
8, 106517.0,-1.1739508930529252,-1.0856202352033781,1.5293801771063698,-0.6125275437631839,16130.75
14, 106518.0,-1.4614655003495687,0.9419948000526847,-0.8317460740870789,-0.6125275437631839,7367.59
19, 106519.0,1.70119517991351,0.7797855972321988,1.5293801771063698,-0.6125275437631839,18373.9
2, 106520.0,1.3418019207927057,-1.9777708507160452,1.5293801771063698,1.1694571646246668,39362.15
8, 106521.0,0.11986483978197071,-1.045067934498257,1.5293801771063698,-0.6125275437631839,13169.15
5, 106522.0,1.198044617144384,0.07012033489257707,-0.8317460740870789,-0.6125275437631839,12197.58
16, 106523.0,-0.9583149375804426,-1.045067934498257,0.3488170515096455,-0.6125275437631839,25011.77
8, 106524.0,-1.6771014558220514,0.2323295377130622,2.709943302703094,-0.6125275437631839,14326.15
18, 106525.0,1.4855592244410276,0.2526056880656231,0.3488170515096455,1.1694571646246668,19551.38
10, 106526.0,0.8386513580235796,-0.010984266517665113,-0.8317460740870789,-0.6125275437631839,23682.92
3, 106527.0,-0.023892463866351063,1.0230994014629269,1.5293801771063698,1.1694571646246668,22086.06
2, 106528.0,1.70119517991351,-1.0856202352033781,0.3488170515096455,-0.6125275437631839,14630.44
18, 106529.0,1.4136805726168666,1.6719362127448658,0.3488170515096455,2.951441873012518,26101.18
18, 106530.0,1.5574378762651884,0.3945387405335473,-0.8317460740870789,1.1694571646246668,15123.64
6, 106531.0,1.70119517991351,1.6922123630974268,-0.8317460740870789,-0.6125275437631839,25920.99
2, 106532.0,0.33550079525445337,-1.4100386408443477,0.3488170515096455,-0.6125275437631839,20372.86
14, 106533.0,-0.9583149375804426,0.9622709504052441,-0.8317460740870789,-0.6125275437631839,13707.48
0, 106534.0,0.04798618795780982,0.13094878595025908,0.3488170515096455,1.1694571646246668,13277.43
13, 106535.0,-0.5270430266354773,0.3539864398284262,-0.8317460740870789,-0.6125275437631839,10061.35
5, 106536.0,1.4136805726168666,-0.7003733785047259,-0.8317460740870789,-0.6125275437631839,12625.57
11, 106537.0,0.551136750726936,-0.05153656722278621,-0.8317460740870789,1.1694571646246668,34809.66
9, 106538.0,0.19174349160613158,1.6313839120397455,-0.8317460740870789,-0.6125275437631839,26913.02
9, 106539.0,-0.38328572298715546,1.12448015322573,-0.8317460740870789,-0.6125275437631839,9443.75
8, 106540.0,-0.16764976751467284,-1.6330762947225148,2.709943302703094,-0.6125275437631839,17287.62
1, 106541.0,-1.6052228039978906,-0.7206495288572868,2.709943302703094,1.1694571646246668,17174.48
9, 106542.0,0.40737944707861423,0.982547100757805,-0.8317460740870789,-0.6125275437631839,7815.13
9, 106543.0,-0.23952841933883373,0.8406140482898815,-0.8317460740870789,-0.6125275437631839,12591.5
4, 106544.0,-0.9583149375804426,0.6986809958219566,0.3488170515096455,-0.6125275437631839,9860.36
4, 106545.0,-0.3114070711629946,2.6451914296677765,0.3488170515096455,-0.6125275437631839,10421.21
0, 106546.0,-1.317708196701247,0.3337102894758653,0.3488170515096455,1.1694571646246668,29236.78
17, 106547.0,0.6230154025510969,-1.3694863401392265,-0.8317460740870789,-0.6125275437631839,8753.36
10, 106548.0,-0.4551643748113164,-0.19346961969071041,-0.8317460740870789,-0.6125275437631839,24199.05
1, 106549.0,0.11986483978197071,-0.7814779799149688,1.5293801771063698,1.1694571646246668,20790.34
11, 106550.0,-0.3114070711629946,-1.1464486862610601,-0.8317460740870789,1.1694571646246668,9743.13
19, 106551.0,1.0542873134960622,0.5364717930014715,1.5293801771063698,-0.6125275437631839,10143.55
19, 106552.0,0.33550079525445337,-0.6395449274470446,1.5293801771063698,-0.6125275437631839,14542.51
2, 106553.0,0.7667727061994186,-1.5519716933122727,0.3488170515096455,-0.6125275437631839,16170.84
10, 106554.0,-0.38328572298715546,0.3945387405335473,-0.8317460740870789,-0.6125275437631839,10478.77
6, 106555.0,0.9105300098477405,0.5364717930014715,-0.8317460740870789,-0.6125275437631839,16592.68
9, 106556.0,0.11986483978197071,1.0230994014629269,-0.8317460740870789,-0.6125275437631839,5463.15
13, 106557.0,-1.1739508930529252,-0.03126041687022602,-0.8317460740870789,-0.6125275437631839,24288.28
19, 106558.0,0.33550079525445337,1.3677939574564566,1.5293801771063698,-0.6125275437631839,22698.86
16, 106559.0,-0.8145576339321208,-0.8017541302675291,0.3488170515096455,-0.6125275437631839,12351.52
5, 106560.0,1.4855592244410276,-0.21374577004327133,-0.8317460740870789,-0.6125275437631839,12194.48
9, 106561.0,0.33550079525445337,1.6313839120397455,-0.8317460740870789,-0.6125275437631839,14468.55
11, 106562.0,1.70119517991351,-1.1464486862610601,-0.8317460740870789,1.1694571646246668,26522.37
13, 106563.0,-0.670800330283799,0.1106726355976989,-0.8317460740870789,-0.6125275437631839,11617.28
4, 106564.0,-0.09577111569051194,1.5502793106295032,1.5293801771063698,-0.6125275437631839,29177.01
18, 106565.0,0.47925809890277515,0.6784048454693957,-0.8317460740870789,1.1694571646246668,39054.96
5, 106566.0,0.9824086616719013,-0.17319346933815022,-0.8317460740870789,-0.6125275437631839,13263.53
4, 106567.0,-0.8145576339321208,0.8203378979373206,0.3488170515096455,-0.6125275437631839,12406.47
13, 106568.0,-0.7426789821079599,-0.15291731898558933,-0.8317460740870789,-0.6125275437631839,18410.69
1, 106569.0,0.2636221434302925,-1.045067934498257,1.5293801771063698,2.951441873012518,23448.1
9, 106570.0,0.6948940543752578,2.3207730240268063,-0.8317460740870789,-0.6125275437631839,15619.96
16, 106571.0,-0.5270430266354773,0.009291883834895796,0.3488170515096455,-0.6125275437631839,18244.08
0, 106572.0,-1.6052228039978906,-0.3962311232163166,-0.8317460740870789,1.1694571646246668,9948.22
11, 106573.0,-0.4551643748113164,-1.1870009869661813,-0.8317460740870789,1.1694571646246668,10528.24
6, 106574.0,1.6293165280893493,0.1715010866553802,-0.8317460740870789,-0.6125275437631839,25189.43
1, 106575.0,-1.5333441521737297,-1.1464486862610601,1.5293801771063698,1.1694571646246668,20965.11
0, 106576.0,-0.4551643748113164,0.4959194922963504,0.3488170515096455,1.1694571646246668,27616.05
1, 106577.0,-1.5333441521737297,-0.4570595742739986,0.3488170515096455,2.951441873012518,20850.64
6, 106578.0,0.9824086616719013,0.3134341391233051,-0.8317460740870789,-0.6125275437631839,20731.56
19, 106579.0,1.3418019207927057,1.3069655063987753,1.5293801771063698,-0.6125275437631839,18565.81
12, 106580.0,0.7667727061994186,-0.882858731677772,0.3488170515096455,-0.6125275437631839,26496.48
19, 106581.0,1.4136805726168666,-0.11236501828046822,1.5293801771063698,-0.6125275437631839,20014.47
6, 106582.0,1.0542873134960622,0.4959194922963504,-0.8317460740870789,-0.6125275437631839,14602.95
12, 106583.0,1.3418019207927057,0.1715010866553802,0.3488170515096455,-0.6125275437631839,16447.7
12, 106584.0,0.47925809890277515,-0.5381641756842416,0.3488170515096455,-0.6125275437631839,13633.66
1, 106585.0,-1.1020722412287642,-0.13264116863302913,1.5293801771063698,1.1694571646246668,17184.42
13, 106586.0,-0.8864362857562816,-0.07181271757534712,-0.8317460740870789,-0.6125275437631839,6353.75
15, 106587.0,0.11986483978197071,1.7530408141551095,0.3488170515096455,-0.6125275437631839,13970.84
0, 106588.0,-0.8864362857562816,0.2323295377130622,-0.8317460740870789,1.1694571646246668,34571.58
18, 106589.0,1.4855592244410276,0.5161956426489113,0.3488170515096455,1.1694571646246668,16711.43
14, 106590.0,-1.389586848525408,1.0028232511103659,-0.8317460740870789,-0.6125275437631839,6721.06
13, 106591.0,-1.317708196701247,-0.7409256792098478,-0.8317460740870789,-0.6125275437631839,6393.28
17, 106592.0,-0.4551643748113164,-2.2210846549467727,-0.8317460740870789,-0.6125275437631839,4546.93
16, 106593.0,-0.38328572298715546,-0.3962311232163166,0.3488170515096455,-0.6125275437631839,12076.18
5, 106594.0,1.70119517991351,-0.7409256792098478,-0.8317460740870789,-0.6125275437631839,35370.6
2, 106595.0,1.6293165280893493,-1.0045156337931354,0.3488170515096455,-0.6125275437631839,16034.84
11, 106596.0,-0.23952841933883373,-0.7206495288572868,-0.8317460740870789,1.1694571646246668,12068.05
13, 106597.0,-0.670800330283799,0.4959194922963504,-0.8317460740870789,-0.6125275437631839,6211.8
15, 106598.0,0.2636221434302925,1.3475178071038971,0.3488170515096455,-0.6125275437631839,14642.05
12, 106599.0,0.6230154025510969,0.15122493630282,0.3488170515096455,-0.6125275437631839,33554.03
13, 106600.0,-0.9583149375804426,-0.4570595742739986,-0.8317460740870789,-0.6125275437631839,12703.35
14, 106601.0,-1.2458295448770862,0.8406140482898815,-0.8317460740870789,-0.6125275437631839,11563.06
5, 106602.0,0.7667727061994186,-0.2948503714535135,-0.8317460740870789,-0.6125275437631839,12882.91
17, 106603.0,1.0542873134960622,-1.81556164789556,-0.8317460740870789,-0.6125275437631839,14025.07
9, 106604.0,0.551136750726936,0.9217186497001237,-0.8317460740870789,-0.6125275437631839,16588.78
13, 106605.0,-1.1020722412287642,0.5364717930014715,-0.8317460740870789,-0.6125275437631839,10450.12
16, 106606.0,-0.23952841933883373,0.15122493630282,0.3488170515096455,-0.6125275437631839,12163.25
16, 106607.0,-0.023892463866351063,-0.4570595742739986,0.3488170515096455,-0.6125275437631839,11689.9
11, 106608.0,1.0542873134960622,-0.4165072735688775,0.3488170515096455,1.1694571646246668,35907.53
10, 106609.0,0.6948940543752578,-0.13264116863302913,-0.8317460740870789,-0.6125275437631839,13648.45
2, 106610.0,0.6230154025510969,-1.2275532876713025,1.5293801771063698,-0.6125275437631839,19735.59
16, 106611.0,-0.5270430266354773,0.3134341391233051,0.3488170515096455,-0.6125275437631839,39031.48
6, 106612.0,0.6230154025510969,0.7797855972321988,-0.8317460740870789,-0.6125275437631839,14437.8
18, 106613.0,1.6293165280893493,2.4424299261421702,-0.8317460740870789,1.1694571646246668,20084.79
18, 106614.0,-0.023892463866351063,0.9014424993475628,0.3488170515096455,1.1694571646246668,15138.85
18, 106615.0,0.33550079525445337,0.3134341391233051,-0.8317460740870789,2.951441873012518,20729.63
10, 106616.0,-0.09577111569051194,0.13094878595025908,-0.8317460740870789,-0.6125275437631839,17867.71
7, 106617.0,-1.2458295448770862,-1.3289340394341054,-0.8317460740870789,-0.6125275437631839,27827.05
4, 106618.0,-1.317708196701247,0.5770240937065926,1.5293801771063698,-0.6125275437631839,17478.14
10, 106619.0,0.40737944707861423,0.009291883834895796,-0.8317460740870789,-0.6125275437631839,16277.88
9, 106620.0,-0.5270430266354773,0.9622709504052441,-0.8317460740870789,-0.6125275437631839,10772.77
8, 106621.0,-0.670800330283799,-0.7206495288572868,1.5293801771063698,-0.6125275437631839,23508.78
13, 106622.0,-1.317708196701247,-0.47733572462655954,-0.8317460740870789,-0.6125275437631839,13559.82
1, 106623.0,-0.5270430266354773,-1.2072771373187414,0.3488170515096455,1.1694571646246668,32871.12
13, 106624.0,-1.1739508930529252,-0.4165072735688775,-0.8317460740870789,-0.6125275437631839,25625.16
0, 106625.0,-0.5270430266354773,1.0028232511103659,-0.8317460740870789,1.1694571646246668,15027.47
3, 106626.0,0.551136750726936,0.6986809958219566,2.709943302703094,1.1694571646246668,27278.78
3, 106627.0,0.6948940543752578,-0.2745742211009533,1.5293801771063698,1.1694571646246668,25100.0
16, 106628.0,-1.6771014558220514,0.41481489088610823,0.3488170515096455,-0.6125275437631839,15636.23
18, 106629.0,0.11986483978197071,1.6516600623923063,0.3488170515096455,1.1694571646246668,17969.48
0, 106630.0,-1.6052228039978906,0.4553671915912293,-0.8317460740870789,1.1694571646246668,9298.82
6, 106631.0,1.4855592244410276,0.3337102894758653,-0.8317460740870789,-0.6125275437631839,9326.4
12, 106632.0,0.551136750726936,0.1106726355976989,0.3488170515096455,-0.6125275437631839,32750.2
13, 106633.0,-1.2458295448770862,0.13094878595025908,-0.8317460740870789,-0.6125275437631839,7380.46
2, 106634.0,1.269923268968545,-1.2478294380238633,0.3488170515096455,-0.6125275437631839,7245.44
9, 106635.0,-0.3114070711629946,1.9558023176807158,-0.8317460740870789,-0.6125275437631839,16067.01
13, 106636.0,-0.8145576339321208,-0.6192687770944837,-0.8317460740870789,-0.6125275437631839,23308.04
13, 106637.0,-0.670800330283799,-0.13264116863302913,-0.8317460740870789,-0.6125275437631839,16929.37
7, 106638.0,-1.2458295448770862,-0.9842394834405751,-0.8317460740870789,-0.6125275437631839,6698.49
7, 106639.0,-1.6052228039978906,-1.1667248366136203,-0.8317460740870789,-0.6125275437631839,25885.6
7, 106640.0,-1.4614655003495687,-1.045067934498257,-0.8317460740870789,-0.6125275437631839,8147.8
16, 106641.0,-0.5270430266354773,-0.3962311232163166,0.3488170515096455,-0.6125275437631839,8039.29
6, 106642.0,1.3418019207927057,0.3134341391233051,-0.8317460740870789,-0.6125275437631839,10950.43
0, 106643.0,-1.6771014558220514,-0.13264116863302913,-0.8317460740870789,1.1694571646246668,11464.02
12, 106644.0,0.9824086616719013,-0.37595497286375645,0.3488170515096455,-0.6125275437631839,12671.71
5, 106645.0,1.0542873134960622,0.029568034187455985,-0.8317460740870789,-0.6125275437631839,14580.75
13, 106646.0,-1.389586848525408,0.029568034187455985,-0.8317460740870789,-0.6125275437631839,9329.93
12, 106647.0,0.2636221434302925,-0.19346961969071041,0.3488170515096455,-0.6125275437631839,14443.03
4, 106648.0,-0.38328572298715546,1.4083462581615784,0.3488170515096455,-0.6125275437631839,15637.33
1, 106649.0,-1.1739508930529252,-0.15291731898558933,0.3488170515096455,2.951441873012518,17831.84
14, 106650.0,-0.8864362857562816,0.8000617475847597,-0.8317460740870789,-0.6125275437631839,8998.1
9, 106651.0,0.04798618795780982,1.4488985588667003,-0.8317460740870789,-0.6125275437631839,10587.41
19, 106652.0,1.4855592244410276,-0.2948503714535135,2.709943302703094,-0.6125275437631839,19920.96
6, 106653.0,1.4855592244410276,1.8544215659179126,-0.8317460740870789,-0.6125275437631839,13925.76
6, 106654.0,1.0542873134960622,1.0028232511103659,-0.8317460740870789,-0.6125275437631839,33949.93
6, 106655.0,0.8386513580235796,0.5973002440591535,-0.8317460740870789,-0.6125275437631839,21437.23
16, 106656.0,-0.38328572298715546,-0.33540267215863534,0.3488170515096455,-0.6125275437631839,11214.82
11, 106657.0,0.6230154025510969,-0.5989926267419229,0.3488170515096455,1.1694571646246668,22115.89
17, 106658.0,1.5574378762651884,-2.4441223088249395,-0.8317460740870789,-0.6125275437631839,4230.54
13, 106659.0,-0.5270430266354773,0.15122493630282,-0.8317460740870789,-0.6125275437631839,22845.93
8, 106660.0,-0.23952841933883373,-0.9842394834405751,1.5293801771063698,-0.6125275437631839,25672.54
10, 106661.0,-0.4551643748113164,-0.19346961969071041,-0.8317460740870789,-0.6125275437631839,23788.02
12, 106662.0,0.7667727061994186,-0.4570595742739986,0.3488170515096455,-0.6125275437631839,12401.21
1, 106663.0,-0.23952841933883373,-0.5381641756842416,0.3488170515096455,2.951441873012518,19399.83
18, 106664.0,1.269923268968545,0.5364717930014715,-0.8317460740870789,1.1694571646246668,14747.43
12, 106665.0,1.5574378762651884,-0.5989926267419229,0.3488170515096455,-0.6125275437631839,29873.99
1, 106666.0,-0.9583149375804426,-0.3151265218060744,0.3488170515096455,1.1694571646246668,14784.47
4, 106667.0,-0.16764976751467284,1.5705554609820627,0.3488170515096455,-0.6125275437631839,14061.65
6, 106668.0,1.3418019207927057,1.1650324539308503,-0.8317460740870789,-0.6125275437631839,11243.94
18, 106669.0,1.3418019207927057,2.0571830694435187,0.3488170515096455,1.1694571646246668,15816.45
15, 106670.0,1.0542873134960622,1.6313839120397455,0.3488170515096455,-0.6125275437631839,12211.26
0, 106671.0,-0.8145576339321208,1.6111077616871845,0.3488170515096455,1.1694571646246668,12218.7
4, 106672.0,-0.7426789821079599,0.7392332965270777,0.3488170515096455,-0.6125275437631839,27737.9
17, 106673.0,-0.023892463866351063,-1.81556164789556,0.3488170515096455,-0.6125275437631839,15830.26
11, 106674.0,1.0542873134960622,-1.0653440848508173,-0.8317460740870789,2.951441873012518,16830.19
10, 106675.0,-0.4551643748113164,0.09039648524513799,-0.8317460740870789,-0.6125275437631839,26558.3
3, 106676.0,-0.4551643748113164,0.3539864398284262,1.5293801771063698,2.951441873012518,22303.82
2, 106677.0,1.4855592244410276,-2.0183231514211664,0.3488170515096455,-0.6125275437631839,19215.48
12, 106678.0,0.9824086616719013,0.29315798877074417,0.3488170515096455,-0.6125275437631839,25558.51
0, 106679.0,-0.5270430266354773,0.9622709504052441,0.3488170515096455,1.1694571646246668,19176.64
6, 106680.0,0.9105300098477405,1.2664132056936535,-0.8317460740870789,-0.6125275437631839,23337.89
6, 106681.0,1.1261659653202232,0.5770240937065926,-0.8317460740870789,-0.6125275437631839,10453.25
5, 106682.0,1.1261659653202232,-0.6800972281521658,-0.8317460740870789,-0.6125275437631839,13390.7
18, 106683.0,0.40737944707861423,1.3880701078090174,0.3488170515096455,2.951441873012518,20725.31
15, 106684.0,0.8386513580235796,0.4553671915912293,0.3488170515096455,-0.6125275437631839,22160.64
10, 106685.0,-0.38328572298715546,-0.3151265218060744,-0.8317460740870789,-0.6125275437631839,8099.83
15, 106686.0,0.19174349160613158,0.3945387405335473,0.3488170515096455,-0.6125275437631839,12469.41
3, 106687.0,-0.670800330283799,0.13094878595025908,2.709943302703094,1.1694571646246668,24069.31
4, 106688.0,-0.670800330283799,0.982547100757805,0.3488170515096455,-0.6125275437631839,11517.18
6, 106689.0,0.8386513580235796,0.41481489088610823,-0.8317460740870789,-0.6125275437631839,12463.76
16, 106690.0,-0.8864362857562816,-0.3151265218060744,0.3488170515096455,-0.6125275437631839,7076.16
9, 106691.0,-0.023892463866351063,0.7595094468796386,-0.8317460740870789,-0.6125275437631839,12588.91
13, 106692.0,-1.389586848525408,-0.7612018295624079,-0.8317460740870789,-0.6125275437631839,6266.92
8, 106693.0,-1.389586848525408,0.09039648524513799,1.5293801771063698,-0.6125275437631839,13572.81
5, 106694.0,1.5574378762651884,-0.43678342392143843,-0.8317460740870789,-0.6125275437631839,9781.53
10, 106695.0,-0.09577111569051194,0.212053387360502,-0.8317460740870789,-0.6125275437631839,7561.48
18, 106696.0,0.7667727061994186,0.07012033489257707,0.3488170515096455,2.951441873012518,38720.55
2, 106697.0,0.47925809890277515,-1.3289340394341054,1.5293801771063698,-0.6125275437631839,18697.16
6, 106698.0,1.6293165280893493,0.5161956426489113,-0.8317460740870789,-0.6125275437631839,30246.14
9, 106699.0,0.40737944707861423,0.9419948000526847,-0.8317460740870789,-0.6125275437631839,12654.04
2, 106700.0,0.40737944707861423,-2.4441223088249395,2.709943302703094,-0.6125275437631839,32714.24
0, 106701.0,-0.7426789821079599,0.29315798877074417,0.3488170515096455,1.1694571646246668,17634.84
8, 106702.0,-1.6052228039978906,-0.9639633330880142,1.5293801771063698,-0.6125275437631839,12968.39
7, 106703.0,-1.389586848525408,-1.1870009869661813,-0.8317460740870789,1.1694571646246668,28205.76
8, 106704.0,-1.0301935894046035,-0.6395449274470446,1.5293801771063698,-0.6125275437631839,20827.06
5, 106705.0,1.198044617144384,-0.25429807074839245,-0.8317460740870789,-0.6125275437631839,14286.41
1, 106706.0,-0.8864362857562816,0.04984418454001689,1.5293801771063698,1.1694571646246668,14032.9
4, 106707.0,-1.6052228039978906,1.8341454155653516,1.5293801771063698,-0.6125275437631839,23846.46
13, 106708.0,-0.7426789821079599,-0.2948503714535135,-0.8317460740870789,-0.6125275437631839,7055.51
0, 106709.0,-0.023892463866351063,0.1715010866553802,0.3488170515096455,1.1694571646246668,18725.32
18, 106710.0,1.4855592244410276,0.6581286951168355,-0.8317460740870789,1.1694571646246668,18839.65
8, 106711.0,-1.1739508930529252,-0.5989926267419229,1.5293801771063698,-0.6125275437631839,14999.21
8, 106712.0,-0.3114070711629946,-0.862582581325211,3.8905064282998185,-0.6125275437631839,27368.35
0, 106713.0,-1.2458295448770862,-0.13264116863302913,-0.8317460740870789,1.1694571646246668,24703.83
0, 106714.0,-1.317708196701247,0.212053387360502,0.3488170515096455,1.1694571646246668,15519.82
13, 106715.0,-1.4614655003495687,0.2526056880656231,-0.8317460740870789,-0.6125275437631839,15286.41
10, 106716.0,-0.09577111569051194,-0.3962311232163166,-0.8317460740870789,-0.6125275437631839,21029.1
7, 106717.0,-1.2458295448770862,-1.775009347190439,0.3488170515096455,-0.6125275437631839,13527.87
10, 106718.0,-0.3114070711629946,0.1715010866553802,-0.8317460740870789,-0.6125275437631839,19389.89
3, 106719.0,-0.8864362857562816,-0.7003733785047259,2.709943302703094,2.951441873012518,21526.11
3, 106720.0,1.269923268968545,2.0571830694435187,1.5293801771063698,2.951441873012518,40237.83
9, 106721.0,0.47925809890277515,0.6378525447642746,-0.8317460740870789,-0.6125275437631839,24853.2
17, 106722.0,-0.5989216784596382,-1.673628595427636,-0.8317460740870789,-0.6125275437631839,5903.35
0, 106723.0,-0.16764976751467284,0.2526056880656231,-0.8317460740870789,1.1694571646246668,14539.42
18, 106724.0,0.6948940543752578,1.225860904988533,-0.8317460740870789,1.1694571646246668,13734.71
11, 106725.0,1.5574378762651884,-0.4570595742739986,0.3488170515096455,1.1694571646246668,20430.0
19, 106726.0,1.70119517991351,0.1715010866553802,1.5293801771063698,-0.6125275437631839,29935.93
0, 106727.0,-0.23952841933883373,0.04984418454001689,-0.8317460740870789,1.1694571646246668,20052.06
4, 106728.0,-0.23952841933883373,1.6516600623923063,0.3488170515096455,-0.6125275437631839,7875.12
17, 106729.0,0.04798618795780982,-1.3492101897866664,0.3488170515096455,-0.6125275437631839,9751.86
2, 106730.0,0.40737944707861423,-1.896666249305803,0.3488170515096455,-0.6125275437631839,14088.08
5, 106731.0,1.5574378762651884,-0.5381641756842416,-0.8317460740870789,-0.6125275437631839,13512.37
10, 106732.0,0.6230154025510969,-0.37595497286375645,-0.8317460740870789,-0.6125275437631839,12586.35
17, 106733.0,0.11986483978197071,-0.882858731677772,-0.8317460740870789,-0.6125275437631839,13258.19
8, 106734.0,-0.670800330283799,-1.5722478436648328,1.5293801771063698,-0.6125275437631839,28927.8
18, 106735.0,0.40737944707861423,0.6581286951168355,-0.8317460740870789,1.1694571646246668,16724.07
10, 106736.0,0.2636221434302925,-0.3151265218060744,-0.8317460740870789,-0.6125275437631839,25719.12
10, 106737.0,-0.4551643748113164,0.2323295377130622,-0.8317460740870789,-0.6125275437631839,15708.49
16, 106738.0,-0.16764976751467284,0.3337102894758653,0.3488170515096455,-0.6125275437631839,20412.0
15, 106739.0,0.47925809890277515,0.4756433419437895,0.3488170515096455,-0.6125275437631839,11213.29
15, 106740.0,1.70119517991351,1.225860904988533,0.3488170515096455,-0.6125275437631839,20370.94
13, 106741.0,-1.6052228039978906,-0.6598210777996049,-0.8317460740870789,-0.6125275437631839,24830.18
11, 106742.0,0.11986483978197071,-0.6192687770944837,0.3488170515096455,1.1694571646246668,12436.86
9, 106743.0,-0.23952841933883373,0.982547100757805,-0.8317460740870789,-0.6125275437631839,9511.08
6, 106744.0,1.5574378762651884,0.2323295377130622,-0.8317460740870789,-0.6125275437631839,26251.35
6, 106745.0,1.4855592244410276,1.2866893560462143,-0.8317460740870789,-0.6125275437631839,13124.85
16, 106746.0,-1.6052228039978906,0.3337102894758653,0.3488170515096455,-0.6125275437631839,13273.51
8, 106747.0,-1.0301935894046035,-0.7206495288572868,1.5293801771063698,-0.6125275437631839,13304.76
16, 106748.0,-1.6052228039978906,-0.03126041687022602,0.3488170515096455,-0.6125275437631839,19733.44
8, 106749.0,0.11986483978197071,-0.6395449274470446,1.5293801771063698,-0.6125275437631839,17736.63
11, 106750.0,1.5574378762651884,-0.9436871827354539,0.3488170515096455,1.1694571646246668,32374.32
2, 106751.0,1.0542873134960622,-0.6800972281521658,1.5293801771063698,-0.6125275437631839,22505.47
4, 106752.0,-1.4614655003495687,2.4424299261421702,0.3488170515096455,-0.6125275437631839,16427.61
8, 106753.0,-1.317708196701247,-2.4441223088249395,2.709943302703094,-0.6125275437631839,26564.48
2, 106754.0,0.9824086616719013,-0.923411032382893,1.5293801771063698,-0.6125275437631839,19634.3
13, 106755.0,-0.7426789821079599,-0.07181271757534712,-0.8317460740870789,-0.6125275437631839,12638.58
0, 106756.0,-0.38328572298715546,-0.23402192039583222,0.3488170515096455,1.1694571646246668,23469.03
13, 106757.0,-1.2458295448770862,0.04984418454001689,-0.8317460740870789,-0.6125275437631839,7714.99
5, 106758.0,1.1261659653202232,-0.13264116863302913,-0.8317460740870789,-0.6125275437631839,14013.16
9, 106759.0,-0.09577111569051194,0.8000617475847597,-0.8317460740870789,-0.6125275437631839,15804.78
8, 106760.0,-1.4614655003495687,-0.5584403260368017,1.5293801771063698,-0.6125275437631839,15493.49
5, 106761.0,1.3418019207927057,-0.7612018295624079,-0.8317460740870789,-0.6125275437631839,16783.42
12, 106762.0,0.19174349160613158,-0.09208886792790731,0.3488170515096455,-0.6125275437631839,15712.36
13, 106763.0,-1.5333441521737297,0.3337102894758653,-0.8317460740870789,-0.6125275437631839,9083.8
3, 106764.0,0.551136750726936,2.0369069190909577,1.5293801771063698,2.951441873012518,27993.96
12, 106765.0,0.9824086616719013,0.009291883834895796,0.3488170515096455,-0.6125275437631839,24765.3
14, 106766.0,-1.4614655003495687,1.5705554609820627,-0.8317460740870789,-0.6125275437631839,23536.63
8, 106767.0,-1.1020722412287642,-1.3897624904917876,5.071069553896543,-0.6125275437631839,24994.33
13, 106768.0,-0.5989216784596382,-0.7612018295624079,-0.8317460740870789,-0.6125275437631839,7813.45
8, 106769.0,-1.2458295448770862,-0.15291731898558933,1.5293801771063698,-0.6125275437631839,13902.15
0, 106770.0,-1.6052228039978906,0.8406140482898815,-0.8317460740870789,1.1694571646246668,17074.98
18, 106771.0,0.9105300098477405,1.0433755518154877,0.3488170515096455,1.1694571646246668,23244.87
6, 106772.0,1.5574378762651884,0.1106726355976989,-0.8317460740870789,-0.6125275437631839,12245.96
11, 106773.0,0.9824086616719013,-1.0856202352033781,0.3488170515096455,1.1694571646246668,33652.51
3, 106774.0,1.4136805726168666,0.1715010866553802,1.5293801771063698,1.1694571646246668,16344.9
16, 106775.0,-1.1020722412287642,-0.6395449274470446,0.3488170515096455,-0.6125275437631839,16434.39
0, 106776.0,-0.9583149375804426,1.1447563035782908,-0.8317460740870789,2.951441873012518,16880.03
16, 106777.0,-0.09577111569051194,-0.11236501828046822,0.3488170515096455,-0.6125275437631839,16261.14
2, 106778.0,0.7667727061994186,-2.4441223088249395,0.3488170515096455,-0.6125275437631839,6769.49
11, 106779.0,0.47925809890277515,-1.876390098953242,-0.8317460740870789,1.1694571646246668,36324.31
6, 106780.0,1.5574378762651884,0.1106726355976989,-0.8317460740870789,-0.6125275437631839,12792.39
5, 106781.0,1.5574378762651884,-0.25429807074839245,-0.8317460740870789,-0.6125275437631839,11634.31
11, 106782.0,1.5574378762651884,-0.23402192039583222,-0.8317460740870789,1.1694571646246668,13743.15
3, 106783.0,1.5574378762651884,-0.19346961969071041,1.5293801771063698,1.1694571646246668,22478.62
2, 106784.0,1.4136805726168666,-1.2478294380238633,1.5293801771063698,-0.6125275437631839,25068.44
12, 106785.0,0.551136750726936,0.3134341391233051,0.3488170515096455,-0.6125275437631839,22607.23
5, 106786.0,1.269923268968545,-0.33540267215863534,-0.8317460740870789,-0.6125275437631839,10565.33
12, 106787.0,0.6230154025510969,-0.6800972281521658,0.3488170515096455,-0.6125275437631839,19081.93
13, 106788.0,-0.5989216784596382,0.29315798877074417,-0.8317460740870789,-0.6125275437631839,5744.07
7, 106789.0,-0.9583149375804426,-1.2681055883764234,-0.8317460740870789,-0.6125275437631839,9539.92
8, 106790.0,-1.2458295448770862,-0.82203028062009,3.8905064282998185,-0.6125275437631839,22107.03
11, 106791.0,0.47925809890277515,-0.010984266517665113,0.3488170515096455,1.1694571646246668,14018.37
10, 106792.0,0.04798618795780982,0.2728818384181833,-0.8317460740870789,-0.6125275437631839,8003.69
13, 106793.0,-0.5989216784596382,-0.2948503714535135,-0.8317460740870789,-0.6125275437631839,13485.45
0, 106794.0,-0.23952841933883373,0.009291883834895796,-0.8317460740870789,1.1694571646246668,14794.73
0, 106795.0,-0.9583149375804426,0.7797855972321988,-0.8317460740870789,1.1694571646246668,20404.04
13, 106796.0,-0.670800330283799,-0.07181271757534712,-0.8317460740870789,-0.6125275437631839,10363.44
10, 106797.0,-0.23952841933883373,0.29315798877074417,-0.8317460740870789,-0.6125275437631839,23653.31
9, 106798.0,-0.3114070711629946,0.8811663489950019,-0.8317460740870789,-0.6125275437631839,8397.9
3, 106799.0,0.9105300098477405,-0.6395449274470446,1.5293801771063698,1.1694571646246668,33922.41
13, 106800.0,-0.7426789821079599,-0.3151265218060744,-0.8317460740870789,-0.6125275437631839,7141.64
3, 106801.0,-1.317708196701247,0.4553671915912293,2.709943302703094,2.951441873012518,27962.8
5, 106802.0,1.4855592244410276,0.04984418454001689,-0.8317460740870789,-0.6125275437631839,33138.74
6, 106803.0,1.4136805726168666,0.6581286951168355,-0.8317460740870789,-0.6125275437631839,16768.33
16, 106804.0,-0.7426789821079599,0.41481489088610823,0.3488170515096455,-0.6125275437631839,15385.6
13, 106805.0,-1.4614655003495687,-0.7612018295624079,-0.8317460740870789,-0.6125275437631839,8477.96
6, 106806.0,1.1261659653202232,0.7189571461745176,-0.8317460740870789,-0.6125275437631839,10459.48
6, 106807.0,0.9105300098477405,1.6719362127448658,-0.8317460740870789,-0.6125275437631839,10838.03
11, 106808.0,-0.023892463866351063,-0.9842394834405751,-0.8317460740870789,1.1694571646246668,16214.88
1, 106809.0,-1.1020722412287642,-2.2413608052993332,0.3488170515096455,1.1694571646246668,22020.94
11, 106810.0,-0.3114070711629946,-2.058875452126288,-0.8317460740870789,1.1694571646246668,14410.72
0, 106811.0,-1.389586848525408,0.2526056880656231,-0.8317460740870789,2.951441873012518,21632.8
4, 106812.0,-0.670800330283799,0.7595094468796386,0.3488170515096455,-0.6125275437631839,17121.89
8, 106813.0,-1.1020722412287642,-0.17319346933815022,1.5293801771063698,-0.6125275437631839,11987.59
17, 106814.0,-0.5989216784596382,-1.9777708507160452,-0.8317460740870789,-0.6125275437631839,4381.78
14, 106815.0,-1.2458295448770862,2.7871244821357,-0.8317460740870789,1.1694571646246668,12415.02
15, 106816.0,0.7667727061994186,1.327241656751336,0.3488170515096455,-0.6125275437631839,15714.72
17, 106817.0,-0.23952841933883373,-1.2275532876713025,0.3488170515096455,-0.6125275437631839,10684.62
10, 106818.0,0.6230154025510969,0.13094878595025908,-0.8317460740870789,-0.6125275437631839,11060.39
10, 106819.0,0.04798618795780982,0.1715010866553802,-0.8317460740870789,-0.6125275437631839,9542.89
10, 106820.0,0.2636221434302925,-0.4570595742739986,-0.8317460740870789,-0.6125275437631839,6876.01
6, 106821.0,0.9824086616719013,0.6175763944117144,-0.8317460740870789,-0.6125275437631839,13089.29
10, 106822.0,-0.16764976751467284,-0.5584403260368017,-0.8317460740870789,-0.6125275437631839,22068.2
14, 106823.0,-1.2458295448770862,0.8203378979373206,-0.8317460740870789,-0.6125275437631839,4124.98
16, 106824.0,-0.3114070711629946,-0.07181271757534712,0.3488170515096455,-0.6125275437631839,18314.11
3, 106825.0,1.5574378762651884,1.4894508595718206,2.709943302703094,1.1694571646246668,30177.54
16, 106826.0,-0.8145576339321208,-0.9842394834405751,0.3488170515096455,-0.6125275437631839,16266.32
11, 106827.0,0.40737944707861423,-1.4708670919020297,0.3488170515096455,1.1694571646246668,29394.86
8, 106828.0,-0.670800330283799,-0.23402192039583222,1.5293801771063698,-0.6125275437631839,18945.36
15, 106829.0,0.6230154025510969,1.2055847546359721,0.3488170515096455,-0.6125275437631839,36781.13
13, 106830.0,-1.2458295448770862,-0.33540267215863534,-0.8317460740870789,-0.6125275437631839,12656.83
12, 106831.0,0.19174349160613158,0.1715010866553802,0.3488170515096455,-0.6125275437631839,12849.73
2, 106832.0,1.269923268968545,-1.3086578890815446,0.3488170515096455,-0.6125275437631839,27786.26
11, 106833.0,1.3418019207927057,-1.4100386408443477,-0.8317460740870789,1.1694571646246668,16813.63
16, 106834.0,-0.670800330283799,-0.5381641756842416,0.3488170515096455,-0.6125275437631839,18509.28
11, 106835.0,0.40737944707861423,0.029568034187455985,-0.8317460740870789,1.1694571646246668,13430.83
11, 106836.0,0.33550079525445337,-0.17319346933815022,-0.8317460740870789,2.951441873012518,20769.71
16, 106837.0,-1.6771014558220514,0.41481489088610823,0.3488170515096455,-0.6125275437631839,10297.94
11, 106838.0,-0.023892463866351063,-1.0045156337931354,0.3488170515096455,1.1694571646246668,23963.88
5, 106839.0,0.9824086616719013,-0.2745742211009533,-0.8317460740870789,-0.6125275437631839,11366.08
13, 106840.0,-0.9583149375804426,-0.5178880253316807,-0.8317460740870789,-0.6125275437631839,7597.69
5, 106841.0,1.3418019207927057,-1.856113948600682,-0.8317460740870789,-0.6125275437631839,18711.59
7, 106842.0,-0.9583149375804426,-1.734457046485318,-0.8317460740870789,-0.6125275437631839,6453.07
18, 106843.0,1.3418019207927057,0.04984418454001689,0.3488170515096455,1.1694571646246668,15081.84
2, 106844.0,0.9105300098477405,-2.2413608052993332,0.3488170515096455,-0.6125275437631839,10777.4
10, 106845.0,-0.023892463866351063,-0.6800972281521658,-0.8317460740870789,-0.6125275437631839,12312.93
12, 106846.0,0.40737944707861423,0.07012033489257707,0.3488170515096455,-0.6125275437631839,20301.43
2, 106847.0,0.40737944707861423,-1.5722478436648328,0.3488170515096455,-0.6125275437631839,18856.81
15, 106848.0,-0.023892463866351063,0.9622709504052441,0.3488170515096455,-0.6125275437631839,18389.21
15, 106849.0,0.04798618795780982,1.246137055341094,0.3488170515096455,-0.6125275437631839,29066.39
10, 106850.0,0.33550079525445337,0.3742625901809864,-0.8317460740870789,-0.6125275437631839,33824.31
1, 106851.0,-1.389586848525408,-0.5178880253316807,0.3488170515096455,1.1694571646246668,18468.68
16, 106852.0,-1.1739508930529252,-0.17319346933815022,0.3488170515096455,-0.6125275437631839,14817.88
12, 106853.0,0.04798618795780982,0.07012033489257707,0.3488170515096455,-0.6125275437631839,31546.63
13, 106854.0,-1.0301935894046035,-0.862582581325211,-0.8317460740870789,-0.6125275437631839,1500.0
3, 106855.0,-0.8864362857562816,2.239668422616564,2.709943302703094,1.1694571646246668,21524.76
16, 106856.0,-0.5989216784596382,-0.07181271757534712,0.3488170515096455,-0.6125275437631839,29093.99
5, 106857.0,1.1261659653202232,-1.0653440848508173,-0.8317460740870789,-0.6125275437631839,17597.15
11, 106858.0,1.4855592244410276,-0.15291731898558933,-0.8317460740870789,1.1694571646246668,15408.96
10, 106859.0,0.04798618795780982,-0.6192687770944837,-0.8317460740870789,-0.6125275437631839,16240.61
16, 106860.0,-1.0301935894046035,0.3337102894758653,0.3488170515096455,-0.6125275437631839,10316.38
0, 106861.0,-1.317708196701247,0.3134341391233051,-0.8317460740870789,1.1694571646246668,16692.73
7, 106862.0,-1.1739508930529252,-2.058875452126288,-0.8317460740870789,1.1694571646246668,25883.6
1, 106863.0,-1.6052228039978906,-1.4911432422545905,1.5293801771063698,1.1694571646246668,16886.49
14, 106864.0,-1.1739508930529252,2.3410491743793673,-0.8317460740870789,-0.6125275437631839,25941.68
3, 106865.0,-0.4551643748113164,-0.010984266517665113,3.8905064282998185,1.1694571646246668,25645.78
11, 106866.0,1.0542873134960622,-0.4165072735688775,0.3488170515096455,1.1694571646246668,16980.15
5, 106867.0,1.1261659653202232,-0.47733572462655954,-0.8317460740870789,-0.6125275437631839,9102.62
1, 106868.0,-1.4614655003495687,-0.35567882251119554,0.3488170515096455,1.1694571646246668,33237.0
18, 106869.0,0.8386513580235796,0.5161956426489113,-0.8317460740870789,1.1694571646246668,11966.49
6, 106870.0,1.4855592244410276,0.7595094468796386,-0.8317460740870789,-0.6125275437631839,22578.26
7, 106871.0,-1.6771014558220514,-1.7547331968378788,-0.8317460740870789,-0.6125275437631839,22287.56
10, 106872.0,0.40737944707861423,-0.7814779799149688,-0.8317460740870789,-0.6125275437631839,21420.87
10, 106873.0,0.19174349160613158,0.029568034187455985,-0.8317460740870789,-0.6125275437631839,8558.41
4, 106874.0,-1.0301935894046035,1.8138692652127908,0.3488170515096455,-0.6125275437631839,31193.0
10, 106875.0,-0.023892463866351063,-0.23402192039583222,-0.8317460740870789,-0.6125275437631839,9366.43
9, 106876.0,0.551136750726936,1.1447563035782908,-0.8317460740870789,-0.6125275437631839,11394.96
11, 106877.0,0.47925809890277515,-1.9777708507160452,-0.8317460740870789,1.1694571646246668,9366.66
4, 106878.0,-1.5333441521737297,2.016630768738397,1.5293801771063698,-0.6125275437631839,13602.53
16, 106879.0,-1.6052228039978906,-0.07181271757534712,0.3488170515096455,-0.6125275437631839,11956.3
11, 106880.0,0.11986483978197071,0.04984418454001689,-0.8317460740870789,1.1694571646246668,13358.83
4, 106881.0,-0.38328572298715546,1.104204002873169,0.3488170515096455,-0.6125275437631839,14602.86
17, 106882.0,0.2636221434302925,-1.6128001443699538,-0.8317460740870789,-0.6125275437631839,9459.42
4, 106883.0,-1.6052228039978906,0.9419948000526847,0.3488170515096455,-0.6125275437631839,27296.29
18, 106884.0,0.8386513580235796,0.19177723700794108,-0.8317460740870789,1.1694571646246668,24851.82
18, 106885.0,-0.23952841933883373,1.1853086042834111,0.3488170515096455,1.1694571646246668,17397.28
5, 106886.0,1.198044617144384,-0.15291731898558933,-0.8317460740870789,-0.6125275437631839,29936.51
18, 106887.0,0.11986483978197071,1.6111077616871845,0.3488170515096455,1.1694571646246668,17906.88
5, 106888.0,0.8386513580235796,-1.3086578890815446,-0.8317460740870789,-0.6125275437631839,11689.07
4, 106889.0,-1.1739508930529252,1.225860904988533,0.3488170515096455,-0.6125275437631839,13165.5
0, 106890.0,-0.7426789821079599,0.7797855972321988,-0.8317460740870789,1.1694571646246668,11380.39
8, 106891.0,-1.2458295448770862,-0.7003733785047259,2.709943302703094,-0.6125275437631839,30304.72
18, 106892.0,1.0542873134960622,1.12448015322573,0.3488170515096455,2.951441873012518,22149.04
12, 106893.0,0.6948940543752578,-0.5989926267419229,0.3488170515096455,-0.6125275437631839,28351.54
16, 106894.0,-0.5270430266354773,0.6175763944117144,0.3488170515096455,-0.6125275437631839,39458.26
16, 106895.0,-1.4614655003495687,0.3134341391233051,0.3488170515096455,-0.6125275437631839,10982.7
7, 106896.0,-1.6771014558220514,-1.2275532876713025,-0.8317460740870789,1.1694571646246668,25478.26
12, 106897.0,0.8386513580235796,0.3134341391233051,0.3488170515096455,-0.6125275437631839,13165.3
10, 106898.0,0.19174349160613158,-0.3962311232163166,-0.8317460740870789,-0.6125275437631839,15716.4
5, 106899.0,1.0542873134960622,-1.2478294380238633,-0.8317460740870789,-0.6125275437631839,10104.67
6, 106900.0,1.269923268968545,1.0028232511103659,-0.8317460740870789,-0.6125275437631839,7496.73
4, 106901.0,-1.1020722412287642,1.915250016975594,1.5293801771063698,-0.6125275437631839,30652.27
18, 106902.0,0.40737944707861423,0.029568034187455985,0.3488170515096455,2.951441873012518,25120.4
3, 106903.0,0.2636221434302925,-1.1667248366136203,2.709943302703094,1.1694571646246668,45105.49
7, 106904.0,-1.4614655003495687,-1.4303147911969085,-0.8317460740870789,-0.6125275437631839,6313.03
19, 106905.0,1.4855592244410276,-0.37595497286375645,1.5293801771063698,-0.6125275437631839,14650.79
11, 106906.0,0.9105300098477405,-1.81556164789556,-0.8317460740870789,1.1694571646246668,10600.57
13, 106907.0,-1.2458295448770862,0.07012033489257707,-0.8317460740870789,-0.6125275437631839,28572.81
13, 106908.0,-1.5333441521737297,0.1715010866553802,-0.8317460740870789,-0.6125275437631839,30854.74
0, 106909.0,-0.7426789821079599,1.0636517021680472,0.3488170515096455,1.1694571646246668,19906.37
16, 106910.0,-1.389586848525408,-0.010984266517665113,0.3488170515096455,-0.6125275437631839,13046.98
15, 106911.0,1.6293165280893493,0.8406140482898815,0.3488170515096455,-0.6125275437631839,17690.82
1, 106912.0,-0.8145576339321208,-1.0653440848508173,2.709943302703094,1.1694571646246668,24177.14
13, 106913.0,-0.5989216784596382,-0.7814779799149688,-0.8317460740870789,-0.6125275437631839,14873.3
9, 106914.0,-0.23952841933883373,1.5097270099243814,-0.8317460740870789,-0.6125275437631839,29747.9
6, 106915.0,1.269923268968545,1.12448015322573,-0.8317460740870789,-0.6125275437631839,25692.1
10, 106916.0,0.47925809890277515,0.3945387405335473,-0.8317460740870789,-0.6125275437631839,11369.73
13, 106917.0,-1.0301935894046035,-0.11236501828046822,-0.8317460740870789,-0.6125275437631839,16111.25
12, 106918.0,1.4136805726168666,-0.2948503714535135,0.3488170515096455,-0.6125275437631839,30960.46
7, 106919.0,-1.389586848525408,-1.4911432422545905,-0.8317460740870789,-0.6125275437631839,5994.36
18, 106920.0,1.0542873134960622,0.2728818384181833,-0.8317460740870789,1.1694571646246668,17174.51
8, 106921.0,-0.9583149375804426,0.1106726355976989,1.5293801771063698,-0.6125275437631839,19166.86
13, 106922.0,-1.1739508930529252,-0.33540267215863534,-0.8317460740870789,-0.6125275437631839,9303.6
6, 106923.0,1.6293165280893493,0.2526056880656231,-0.8317460740870789,-0.6125275437631839,13657.95
3, 106924.0,0.19174349160613158,-0.5584403260368017,2.709943302703094,1.1694571646246668,38788.92
10, 106925.0,0.47925809890277515,-0.5381641756842416,-0.8317460740870789,-0.6125275437631839,15172.0
16, 106926.0,-1.4614655003495687,-0.23402192039583222,0.3488170515096455,-0.6125275437631839,5434.75
10, 106927.0,0.19174349160613158,0.212053387360502,-0.8317460740870789,-0.6125275437631839,17163.43
8, 106928.0,-0.9583149375804426,0.212053387360502,1.5293801771063698,-0.6125275437631839,10229.81
15, 106929.0,0.6230154025510969,1.5502793106295032,0.3488170515096455,-0.6125275437631839,21349.54
9, 106930.0,-0.38328572298715546,0.7392332965270777,-0.8317460740870789,-0.6125275437631839,13798.76
12, 106931.0,0.47925809890277515,-0.5381641756842416,0.3488170515096455,-0.6125275437631839,18468.61
3, 106932.0,-0.5270430266354773,0.5364717930014715,1.5293801771063698,1.1694571646246668,17483.13
19, 106933.0,0.7667727061994186,-0.47733572462655954,1.5293801771063698,-0.6125275437631839,16956.49
16, 106934.0,-0.5270430266354773,-0.17319346933815022,0.3488170515096455,-0.6125275437631839,27396.19
5, 106935.0,0.47925809890277515,-0.862582581325211,-0.8317460740870789,-0.6125275437631839,10201.36
16, 106936.0,-1.4614655003495687,-0.4570595742739986,0.3488170515096455,-0.6125275437631839,15550.43
9, 106937.0,0.04798618795780982,0.7189571461745176,-0.8317460740870789,-0.6125275437631839,13093.07
16, 106938.0,-1.317708196701247,0.19177723700794108,0.3488170515096455,-0.6125275437631839,27590.33
15, 106939.0,0.2636221434302925,1.6313839120397455,1.5293801771063698,-0.6125275437631839,17721.5
16, 106940.0,-1.4614655003495687,0.212053387360502,0.3488170515096455,-0.6125275437631839,27911.18
13, 106941.0,-1.5333441521737297,-0.7814779799149688,-0.8317460740870789,-0.6125275437631839,8826.61
12, 106942.0,0.9105300098477405,-0.6800972281521658,0.3488170515096455,-0.6125275437631839,12362.29
5, 106943.0,0.551136750726936,-0.8423064309726509,-0.8317460740870789,-0.6125275437631839,14378.72
7, 106944.0,-1.6052228039978906,-1.3694863401392265,-0.8317460740870789,1.1694571646246668,18611.61
16, 106945.0,-1.389586848525408,-0.09208886792790731,0.3488170515096455,-0.6125275437631839,13614.61
11, 106946.0,1.5574378762651884,-1.2883817387289844,0.3488170515096455,2.951441873012518,35676.63
5, 106947.0,1.198044617144384,-0.5381641756842416,-0.8317460740870789,-0.6125275437631839,18653.08
10, 106948.0,0.2636221434302925,-0.35567882251119554,-0.8317460740870789,-0.6125275437631839,21051.73
13, 106949.0,-1.4614655003495687,-0.49761187497911974,-0.8317460740870789,-0.6125275437631839,8507.63
10, 106950.0,-0.023892463866351063,-0.862582581325211,-0.8317460740870789,-0.6125275437631839,14741.43
12, 106951.0,0.7667727061994186,0.15122493630282,0.3488170515096455,-0.6125275437631839,14110.96
19, 106952.0,1.4136805726168666,0.29315798877074417,1.5293801771063698,-0.6125275437631839,23874.3
9, 106953.0,-0.09577111569051194,1.0230994014629269,-0.8317460740870789,-0.6125275437631839,15114.03
1, 106954.0,-0.23952841933883373,-0.5584403260368017,0.3488170515096455,1.1694571646246668,16738.56
10, 106955.0,-0.4551643748113164,-0.19346961969071041,-0.8317460740870789,-0.6125275437631839,7129.13
12, 106956.0,0.11986483978197071,-0.37595497286375645,0.3488170515096455,-0.6125275437631839,11207.3
1, 106957.0,-1.5333441521737297,-1.4303147911969085,0.3488170515096455,1.1694571646246668,24355.41
0, 106958.0,-1.389586848525408,0.8203378979373206,0.3488170515096455,2.951441873012518,22927.04
13, 106959.0,-1.1739508930529252,0.09039648524513799,-0.8317460740870789,-0.6125275437631839,25710.56
3, 106960.0,-0.38328572298715546,-0.09208886792790731,1.5293801771063698,1.1694571646246668,22950.95
10, 106961.0,0.19174349160613158,0.19177723700794108,-0.8317460740870789,-0.6125275437631839,26074.44
9, 106962.0,-0.4551643748113164,1.1853086042834111,-0.8317460740870789,-0.6125275437631839,12073.46
0, 106963.0,-0.8864362857562816,0.3134341391233051,-0.8317460740870789,2.951441873012518,32165.09
11, 106964.0,0.551136750726936,-0.5787164763893626,0.3488170515096455,1.1694571646246668,35557.87
8, 106965.0,-1.1739508930529252,0.3742625901809864,1.5293801771063698,-0.6125275437631839,13479.72
0, 106966.0,-0.16764976751467284,0.029568034187455985,0.3488170515096455,1.1694571646246668,14790.17
17, 106967.0,-0.38328572298715546,-0.862582581325211,-0.8317460740870789,-0.6125275437631839,11146.17
3, 106968.0,1.0542873134960622,0.5770240937065926,1.5293801771063698,1.1694571646246668,16669.05
14, 106969.0,-0.9583149375804426,0.6986809958219566,-0.8317460740870789,-0.6125275437631839,10649.16
16, 106970.0,-0.7426789821079599,-0.6395449274470446,0.3488170515096455,-0.6125275437631839,8227.8
6, 106971.0,1.198044617144384,0.19177723700794108,-0.8317460740870789,-0.6125275437631839,13064.06
14, 106972.0,-0.38328572298715546,2.4627060764947313,-0.8317460740870789,-0.6125275437631839,11154.6
17, 106973.0,1.1261659653202232,-2.4441223088249395,-0.8317460740870789,-0.6125275437631839,10257.1
1, 106974.0,-1.5333441521737297,-0.82203028062009,0.3488170515096455,1.1694571646246668,17654.93
1, 106975.0,-1.0301935894046035,-1.2681055883764234,0.3488170515096455,1.1694571646246668,16321.29
19, 106976.0,1.4855592244410276,-0.49761187497911974,1.5293801771063698,-0.6125275437631839,37299.99
4, 106977.0,-0.670800330283799,0.5973002440591535,1.5293801771063698,-0.6125275437631839,14656.09
14, 106978.0,-1.4614655003495687,2.6654675800203376,-0.8317460740870789,-0.6125275437631839,8645.33
5, 106979.0,0.6948940543752578,-0.7206495288572868,-0.8317460740870789,-0.6125275437631839,13957.23
4, 106980.0,-1.1739508930529252,1.4083462581615784,0.3488170515096455,-0.6125275437631839,17955.72
0, 106981.0,-1.5333441521737297,0.8203378979373206,0.3488170515096455,2.951441873012518,20861.48
3, 106982.0,0.9105300098477405,0.3742625901809864,1.5293801771063698,1.1694571646246668,25131.57
4, 106983.0,-1.0301935894046035,0.7189571461745176,1.5293801771063698,-0.6125275437631839,10699.65
7, 106984.0,-0.5989216784596382,-1.0247917841456962,-0.8317460740870789,-0.6125275437631839,5991.07
9, 106985.0,-0.023892463866351063,0.7595094468796386,-0.8317460740870789,-0.6125275437631839,11660.07
1, 106986.0,-0.09577111569051194,-1.6128001443699538,0.3488170515096455,2.951441873012518,17346.48
13, 106987.0,-1.389586848525408,-0.09208886792790731,-0.8317460740870789,-0.6125275437631839,27346.15
12, 106988.0,1.198044617144384,0.3742625901809864,0.3488170515096455,-0.6125275437631839,17360.86
15, 106989.0,0.11986483978197071,0.8203378979373206,0.3488170515096455,-0.6125275437631839,19116.73
12, 106990.0,1.70119517991351,-0.19346961969071041,0.3488170515096455,-0.6125275437631839,20555.73
13, 106991.0,-1.6052228039978906,0.3742625901809864,-0.8317460740870789,-0.6125275437631839,17506.55
12, 106992.0,1.6293165280893493,0.15122493630282,0.3488170515096455,-0.6125275437631839,34159.61
8, 106993.0,-0.4551643748113164,-1.3086578890815446,1.5293801771063698,-0.6125275437631839,17587.05
0, 106994.0,-0.670800330283799,0.4350910412386684,0.3488170515096455,1.1694571646246668,19059.64
12, 106995.0,1.4855592244410276,-0.13264116863302913,0.3488170515096455,-0.6125275437631839,16941.9
13, 106996.0,-1.4614655003495687,-0.7206495288572868,-0.8317460740870789,-0.6125275437631839,5844.62
2, 106997.0,1.4855592244410276,-0.5381641756842416,1.5293801771063698,-0.6125275437631839,16733.92
14, 106998.0,-0.7426789821079599,2.0369069190909577,-0.8317460740870789,-0.6125275437631839,29380.53
10, 106999.0,0.04798618795780982,-0.37595497286375645,-0.8317460740870789,-0.6125275437631839,8512.67
11, 107000.0,0.9824086616719013,-1.5722478436648328,0.3488170515096455,1.1694571646246668,39587.71
10, 107001.0,0.19174349160613158,-0.7003733785047259,-0.8317460740870789,-0.6125275437631839,9534.32
13, 107002.0,-0.9583149375804426,-0.2948503714535135,-0.8317460740870789,-0.6125275437631839,9205.21
18, 107003.0,0.7667727061994186,0.212053387360502,-0.8317460740870789,1.1694571646246668,23980.54
13, 107004.0,-1.0301935894046035,0.41481489088610823,-0.8317460740870789,-0.6125275437631839,9554.34
19, 107005.0,0.11986483978197071,-0.03126041687022602,2.709943302703094,-0.6125275437631839,17964.3
3, 107006.0,-0.3114070711629946,0.1715010866553802,1.5293801771063698,1.1694571646246668,20720.65
9, 107007.0,0.47925809890277515,1.3069655063987753,-0.8317460740870789,-0.6125275437631839,17417.11
11, 107008.0,0.04798618795780982,-0.49761187497911974,-0.8317460740870789,1.1694571646246668,26575.58
0, 107009.0,-0.38328572298715546,-0.25429807074839245,0.3488170515096455,1.1694571646246668,13113.55
18, 107010.0,1.1261659653202232,1.4894508595718206,0.3488170515096455,1.1694571646246668,22546.4
0, 107011.0,-0.8145576339321208,-0.49761187497911974,-0.8317460740870789,1.1694571646246668,12179.89
3, 107012.0,1.4136805726168666,0.3945387405335473,2.709943302703094,2.951441873012518,36096.36
16, 107013.0,-0.16764976751467284,0.212053387360502,0.3488170515096455,-0.6125275437631839,9150.19
5, 107014.0,1.3418019207927057,-1.775009347190439,-0.8317460740870789,-0.6125275437631839,26022.71
1, 107015.0,-1.2458295448770862,-0.7003733785047259,0.3488170515096455,1.1694571646246668,12433.33
13, 107016.0,-0.8864362857562816,-0.37595497286375645,-0.8317460740870789,-0.6125275437631839,23763.37
13, 107017.0,-0.7426789821079599,-0.09208886792790731,-0.8317460740870789,-0.6125275437631839,25458.49
17, 107018.0,-0.16764976751467284,-2.1197039031839693,-0.8317460740870789,-0.6125275437631839,26935.94
11, 107019.0,0.40737944707861423,-1.045067934498257,-0.8317460740870789,1.1694571646246668,16362.04
19, 107020.0,0.9105300098477405,0.982547100757805,1.5293801771063698,-0.6125275437631839,25073.55
7, 107021.0,-1.1020722412287642,-1.0045156337931354,-0.8317460740870789,-0.6125275437631839,7860.46
16, 107022.0,-1.6052228039978906,-0.2948503714535135,0.3488170515096455,-0.6125275437631839,14627.9
13, 107023.0,-1.1739508930529252,-0.07181271757534712,-0.8317460740870789,-0.6125275437631839,16277.7
3, 107024.0,0.2636221434302925,0.13094878595025908,1.5293801771063698,1.1694571646246668,31402.24
1, 107025.0,-0.23952841933883373,-1.8358377982481209,0.3488170515096455,1.1694571646246668,20567.19
5, 107026.0,0.9824086616719013,-0.8423064309726509,-0.8317460740870789,-0.6125275437631839,14785.09
18, 107027.0,1.198044617144384,1.4286224085141392,0.3488170515096455,1.1694571646246668,40138.88
0, 107028.0,-1.389586848525408,0.7797855972321988,-0.8317460740870789,1.1694571646246668,25032.16
10, 107029.0,0.2636221434302925,-0.82203028062009,-0.8317460740870789,-0.6125275437631839,10398.66
15, 107030.0,-0.023892463866351063,1.0636517021680472,0.3488170515096455,-0.6125275437631839,13978.47
6, 107031.0,1.0542873134960622,0.3134341391233051,-0.8317460740870789,-0.6125275437631839,23430.15
13, 107032.0,-1.2458295448770862,0.29315798877074417,-0.8317460740870789,-0.6125275437631839,10343.68
6, 107033.0,0.8386513580235796,0.4756433419437895,-0.8317460740870789,-0.6125275437631839,12588.17
19, 107034.0,1.3418019207927057,0.8000617475847597,1.5293801771063698,-0.6125275437631839,18724.3
1, 107035.0,-0.8145576339321208,-0.5178880253316807,1.5293801771063698,1.1694571646246668,15069.41
1, 107036.0,-0.4551643748113164,-0.7206495288572868,0.3488170515096455,1.1694571646246668,15255.76
1, 107037.0,-1.6771014558220514,-0.010984266517665113,1.5293801771063698,1.1694571646246668,18895.34
17, 107038.0,-0.023892463866351063,-1.0856202352033781,-0.8317460740870789,-0.6125275437631839,5859.74
10, 107039.0,-0.38328572298715546,-0.5989926267419229,-0.8317460740870789,-0.6125275437631839,11310.61
6, 107040.0,0.8386513580235796,0.3539864398284262,-0.8317460740870789,-0.6125275437631839,13728.97
7, 107041.0,-1.6771014558220514,-1.4708670919020297,-0.8317460740870789,-0.6125275437631839,13893.3
1, 107042.0,-0.4551643748113164,-0.37595497286375645,1.5293801771063698,2.951441873012518,27229.94
13, 107043.0,-1.6052228039978906,-0.21374577004327133,-0.8317460740870789,-0.6125275437631839,11457.67
18, 107044.0,1.4136805726168666,1.5705554609820627,0.3488170515096455,1.1694571646246668,23470.76
18, 107045.0,1.269923268968545,0.8203378979373206,0.3488170515096455,1.1694571646246668,21947.88
0, 107046.0,-0.8864362857562816,0.07012033489257707,0.3488170515096455,1.1694571646246668,18575.22
18, 107047.0,0.19174349160613158,0.3134341391233051,-0.8317460740870789,1.1694571646246668,14237.14
15, 107048.0,1.4136805726168666,0.7189571461745176,0.3488170515096455,-0.6125275437631839,31453.23
6, 107049.0,1.70119517991351,0.15122493630282,-0.8317460740870789,-0.6125275437631839,11273.38
0, 107050.0,-0.38328572298715546,1.104204002873169,-0.8317460740870789,1.1694571646246668,28376.89
11, 107051.0,1.6293165280893493,-1.2681055883764234,-0.8317460740870789,1.1694571646246668,15201.65
10, 107052.0,-0.3114070711629946,0.13094878595025908,-0.8317460740870789,-0.6125275437631839,30643.01
10, 107053.0,0.7667727061994186,-0.11236501828046822,-0.8317460740870789,-0.6125275437631839,12135.68
8, 107054.0,-0.8145576339321208,-1.3694863401392265,1.5293801771063698,-0.6125275437631839,12379.79
11, 107055.0,0.19174349160613158,-0.05153656722278621,-0.8317460740870789,1.1694571646246668,12479.88
6, 107056.0,0.8386513580235796,0.9014424993475628,-0.8317460740870789,-0.6125275437631839,9487.51
7, 107057.0,-1.5333441521737297,-1.6939047457801968,-0.8317460740870789,1.1694571646246668,31149.45
12, 107058.0,0.6948940543752578,-0.49761187497911974,0.3488170515096455,-0.6125275437631839,12725.65
15, 107059.0,1.5574378762651884,0.5161956426489113,0.3488170515096455,-0.6125275437631839,13569.61
7, 107060.0,-0.670800330283799,-1.673628595427636,-0.8317460740870789,-0.6125275437631839,6611.5
7, 107061.0,-1.6771014558220514,-1.937218550010924,0.3488170515096455,-0.6125275437631839,23708.52
0, 107062.0,-0.5270430266354773,-0.19346961969071041,0.3488170515096455,1.1694571646246668,13720.5
19, 107063.0,0.47925809890277515,0.3539864398284262,1.5293801771063698,-0.6125275437631839,40233.36
12, 107064.0,0.47925809890277515,-0.19346961969071041,0.3488170515096455,-0.6125275437631839,25629.82
14, 107065.0,-1.6052228039978906,0.8406140482898815,-0.8317460740870789,-0.6125275437631839,19472.4
13, 107066.0,-0.5270430266354773,-0.2745742211009533,-0.8317460740870789,-0.6125275437631839,10653.61
16, 107067.0,-0.9583149375804426,-0.010984266517665113,0.3488170515096455,-0.6125275437631839,16547.72
13, 107068.0,-1.4614655003495687,-0.5584403260368017,-0.8317460740870789,-0.6125275437631839,7206.09
19, 107069.0,0.7667727061994186,0.3539864398284262,2.709943302703094,-0.6125275437631839,17355.3
5, 107070.0,0.9824086616719013,-0.35567882251119554,-0.8317460740870789,-0.6125275437631839,13567.01
14, 107071.0,-1.0301935894046035,0.9014424993475628,-0.8317460740870789,-0.6125275437631839,8904.83
11, 107072.0,1.70119517991351,-0.9436871827354539,0.3488170515096455,1.1694571646246668,26442.98
3, 107073.0,0.2636221434302925,0.9014424993475628,1.5293801771063698,1.1694571646246668,25728.48
7, 107074.0,-1.4614655003495687,-1.4505909415494695,-0.8317460740870789,-0.6125275437631839,7187.69
11, 107075.0,1.6293165280893493,-0.09208886792790731,-0.8317460740870789,1.1694571646246668,15059.85
7, 107076.0,-0.9583149375804426,-2.079151602478848,-0.8317460740870789,-0.6125275437631839,10536.39
0, 107077.0,-1.0301935894046035,1.1853086042834111,0.3488170515096455,1.1694571646246668,21701.69
17, 107078.0,0.47925809890277515,-1.0045156337931354,-0.8317460740870789,-0.6125275437631839,11026.86
15, 107079.0,0.04798618795780982,0.5973002440591535,0.3488170515096455,-0.6125275437631839,16471.08
16, 107080.0,-0.9583149375804426,-0.43678342392143843,0.3488170515096455,-0.6125275437631839,19702.37
0, 107081.0,-1.4614655003495687,1.0839278525206082,-0.8317460740870789,2.951441873012518,28199.61
6, 107082.0,1.6293165280893493,0.1715010866553802,-0.8317460740870789,-0.6125275437631839,30547.05
16, 107083.0,-0.7426789821079599,-0.13264116863302913,0.3488170515096455,-0.6125275437631839,16046.65
0, 107084.0,-1.389586848525408,-0.3962311232163166,-0.8317460740870789,1.1694571646246668,9732.16
6, 107085.0,1.1261659653202232,1.7935931148602298,-0.8317460740870789,-0.6125275437631839,17612.64
14, 107086.0,-1.0301935894046035,1.0839278525206082,-0.8317460740870789,-0.6125275437631839,16437.83
5, 107087.0,0.9824086616719013,-0.07181271757534712,-0.8317460740870789,-0.6125275437631839,15250.1
0, 107088.0,-0.16764976751467284,0.029568034187455985,-0.8317460740870789,1.1694571646246668,27337.17
11, 107089.0,1.5574378762651884,0.04984418454001689,-0.8317460740870789,1.1694571646246668,14866.9
6, 107090.0,1.198044617144384,0.9014424993475628,-0.8317460740870789,-0.6125275437631839,27098.05
13, 107091.0,-1.5333441521737297,-0.47733572462655954,-0.8317460740870789,-0.6125275437631839,5310.64
10, 107092.0,-0.023892463866351063,0.09039648524513799,-0.8317460740870789,-0.6125275437631839,14330.13
19, 107093.0,0.2636221434302925,-0.23402192039583222,1.5293801771063698,-0.6125275437631839,21241.29
0, 107094.0,-1.2458295448770862,-0.4165072735688775,-0.8317460740870789,1.1694571646246668,11636.59
16, 107095.0,-0.3114070711629946,0.3742625901809864,0.3488170515096455,-0.6125275437631839,12720.26
13, 107096.0,-1.389586848525408,-0.03126041687022602,-0.8317460740870789,-0.6125275437631839,12285.8
14, 107097.0,-0.670800330283799,0.8203378979373206,-0.8317460740870789,-0.6125275437631839,14194.46
3, 107098.0,0.6948940543752578,-1.2275532876713025,2.709943302703094,1.1694571646246668,19266.81
7, 107099.0,-1.2458295448770862,-1.1667248366136203,-0.8317460740870789,-0.6125275437631839,27206.42
17, 107100.0,-0.023892463866351063,-1.0856202352033781,-0.8317460740870789,-0.6125275437631839,19952.08
5, 107101.0,1.1261659653202232,-1.1667248366136203,-0.8317460740870789,-0.6125275437631839,27373.5
8, 107102.0,-0.3114070711629946,-0.49761187497911974,1.5293801771063698,-0.6125275437631839,17084.21
13, 107103.0,-0.5270430266354773,0.3134341391233051,-0.8317460740870789,-0.6125275437631839,26072.28
4, 107104.0,-1.4614655003495687,1.1650324539308503,0.3488170515096455,-0.6125275437631839,14555.29
6, 107105.0,0.8386513580235796,0.41481489088610823,-0.8317460740870789,-0.6125275437631839,22637.73
16, 107106.0,-0.38328572298715546,0.3337102894758653,0.3488170515096455,-0.6125275437631839,28941.76
4, 107107.0,-1.1739508930529252,0.6986809958219566,0.3488170515096455,-0.6125275437631839,29418.56
2, 107108.0,1.1261659653202232,-1.795285497543,2.709943302703094,-0.6125275437631839,30266.07
17, 107109.0,0.551136750726936,-1.6533524450750756,-0.8317460740870789,-0.6125275437631839,13574.04
11, 107110.0,0.9105300098477405,-0.05153656722278621,-0.8317460740870789,1.1694571646246668,6921.59
9, 107111.0,-0.38328572298715546,0.5567479433540324,-0.8317460740870789,-0.6125275437631839,14379.32
7, 107112.0,-1.1739508930529252,-1.1667248366136203,0.3488170515096455,-0.6125275437631839,28598.38
12, 107113.0,1.4136805726168666,-0.37595497286375645,0.3488170515096455,-0.6125275437631839,20748.95
7, 107114.0,-0.8864362857562816,-1.5722478436648328,-0.8317460740870789,-0.6125275437631839,15497.55
9, 107115.0,0.9105300098477405,2.5235345275524126,-0.8317460740870789,-0.6125275437631839,31096.51
10, 107116.0,-0.09577111569051194,-0.3151265218060744,-0.8317460740870789,-0.6125275437631839,10468.5
16, 107117.0,-0.5270430266354773,-0.6598210777996049,0.3488170515096455,-0.6125275437631839,31605.48
14, 107118.0,-1.6771014558220514,1.225860904988533,-0.8317460740870789,-0.6125275437631839,11444.96
1, 107119.0,0.04798618795780982,-0.8017541302675291,1.5293801771063698,1.1694571646246668,18413.41
10, 107120.0,-0.4551643748113164,-0.7409256792098478,-0.8317460740870789,-0.6125275437631839,5628.73
17, 107121.0,0.11986483978197071,-1.937218550010924,-0.8317460740870789,-0.6125275437631839,3806.44
7, 107122.0,-1.6771014558220514,-1.5519716933122727,-0.8317460740870789,-0.6125275437631839,12414.43
15, 107123.0,1.0542873134960622,0.6378525447642746,0.3488170515096455,-0.6125275437631839,18184.01
14, 107124.0,-1.6771014558220514,1.6313839120397455,-0.8317460740870789,-0.6125275437631839,11230.88
13, 107125.0,-1.6771014558220514,-0.5178880253316807,-0.8317460740870789,-0.6125275437631839,7023.65
13, 107126.0,-0.8864362857562816,-0.6800972281521658,-0.8317460740870789,-0.6125275437631839,26390.17
10, 107127.0,0.33550079525445337,-0.5178880253316807,-0.8317460740870789,-0.6125275437631839,20235.17
3, 107128.0,1.269923268968545,0.29315798877074417,1.5293801771063698,4.733426581400368,40264.7
6, 107129.0,0.9824086616719013,0.19177723700794108,-0.8317460740870789,-0.6125275437631839,12253.59
13, 107130.0,-1.2458295448770862,-0.5584403260368017,-0.8317460740870789,-0.6125275437631839,9464.85
9, 107131.0,0.19174349160613158,0.6378525447642746,-0.8317460740870789,-0.6125275437631839,10283.49
0, 107132.0,-1.6052228039978906,0.9622709504052441,0.3488170515096455,1.1694571646246668,31634.86
3, 107133.0,1.4136805726168666,0.04984418454001689,1.5293801771063698,1.1694571646246668,24304.22
10, 107134.0,-0.23952841933883373,-0.7003733785047259,-0.8317460740870789,-0.6125275437631839,7596.59
18, 107135.0,0.33550079525445337,0.8203378979373206,0.3488170515096455,1.1694571646246668,18392.32
5, 107136.0,1.198044617144384,-0.19346961969071041,-0.8317460740870789,-0.6125275437631839,21891.09
0, 107137.0,-1.4614655003495687,0.5770240937065926,-0.8317460740870789,1.1694571646246668,10088.53
10, 107138.0,-0.023892463866351063,0.3742625901809864,-0.8317460740870789,-0.6125275437631839,21808.91
12, 107139.0,0.2636221434302925,-0.3962311232163166,0.3488170515096455,-0.6125275437631839,14439.22
3, 107140.0,1.5574378762651884,0.07012033489257707,1.5293801771063698,1.1694571646246668,22914.61
2, 107141.0,0.33550079525445337,-0.7206495288572868,1.5293801771063698,-0.6125275437631839,16121.61
12, 107142.0,0.04798618795780982,-0.6598210777996049,0.3488170515096455,-0.6125275437631839,26185.84
0, 107143.0,-0.5270430266354773,-0.15291731898558933,-0.8317460740870789,1.1694571646246668,17904.8
6, 107144.0,1.0542873134960622,0.1715010866553802,-0.8317460740870789,-0.6125275437631839,10860.33
16, 107145.0,-0.4551643748113164,0.6378525447642746,0.3488170515096455,-0.6125275437631839,13709.62
13, 107146.0,-0.5989216784596382,0.029568034187455985,-0.8317460740870789,-0.6125275437631839,14569.19
4, 107147.0,-0.38328572298715546,2.564086828257534,0.3488170515096455,-0.6125275437631839,15597.69
19, 107148.0,0.7667727061994186,0.3945387405335473,1.5293801771063698,-0.6125275437631839,37502.82
3, 107149.0,-0.7426789821079599,0.04984418454001689,2.709943302703094,1.1694571646246668,25259.65
4, 107150.0,-0.23952841933883373,0.7392332965270777,0.3488170515096455,-0.6125275437631839,13176.56
12, 107151.0,1.198044617144384,-0.882858731677772,0.3488170515096455,-0.6125275437631839,19743.27
2, 107152.0,0.8386513580235796,-1.9777708507160452,0.3488170515096455,-0.6125275437631839,26178.95
10, 107153.0,0.04798618795780982,-0.5787164763893626,-0.8317460740870789,-0.6125275437631839,12480.54
19, 107154.0,0.6230154025510969,-0.17319346933815022,1.5293801771063698,-0.6125275437631839,10603.19
0, 107155.0,-1.5333441521737297,1.4286224085141392,-0.8317460740870789,1.1694571646246668,17085.89
4, 107156.0,-1.5333441521737297,1.327241656751336,0.3488170515096455,-0.6125275437631839,16472.66
10, 107157.0,0.6230154025510969,-0.11236501828046822,-0.8317460740870789,-0.6125275437631839,12116.21
9, 107158.0,0.19174349160613158,1.5502793106295032,-0.8317460740870789,-0.6125275437631839,16607.93
17, 107159.0,-0.38328572298715546,-1.6128001443699538,-0.8317460740870789,-0.6125275437631839,6622.97
18, 107160.0,0.7667727061994186,0.6175763944117144,-0.8317460740870789,1.1694571646246668,21376.24
6, 107161.0,1.0542873134960622,1.104204002873169,-0.8317460740870789,-0.6125275437631839,14352.96
10, 107162.0,0.2636221434302925,0.4756433419437895,-0.8317460740870789,-0.6125275437631839,12783.76
11, 107163.0,0.11986483978197071,-0.3151265218060744,0.3488170515096455,1.1694571646246668,23149.81
16, 107164.0,0.04798618795780982,0.3337102894758653,0.3488170515096455,-0.6125275437631839,8022.1
7, 107165.0,-1.1739508930529252,-2.2413608052993332,-0.8317460740870789,-0.6125275437631839,13716.63
6, 107166.0,1.0542873134960622,0.6175763944117144,-0.8317460740870789,-0.6125275437631839,10713.07
10, 107167.0,0.40737944707861423,0.3134341391233051,-0.8317460740870789,-0.6125275437631839,23973.62
5, 107168.0,1.6293165280893493,0.029568034187455985,-0.8317460740870789,-0.6125275437631839,18082.2
13, 107169.0,-0.7426789821079599,-0.7409256792098478,-0.8317460740870789,-0.6125275437631839,11181.38
17, 107170.0,-0.16764976751467284,-1.2072771373187414,0.3488170515096455,-0.6125275437631839,12702.04
3, 107171.0,0.9824086616719013,0.029568034187455985,2.709943302703094,1.1694571646246668,25166.32
4, 107172.0,-1.317708196701247,0.7392332965270777,0.3488170515096455,-0.6125275437631839,14957.18
2, 107173.0,0.9824086616719013,-1.4505909415494695,1.5293801771063698,1.1694571646246668,28000.62
12, 107174.0,0.8386513580235796,0.3539864398284262,0.3488170515096455,-0.6125275437631839,18252.08
6, 107175.0,1.1261659653202232,0.6986809958219566,-0.8317460740870789,-0.6125275437631839,13576.12
16, 107176.0,-0.8145576339321208,-0.7612018295624079,0.3488170515096455,-0.6125275437631839,13457.86
18, 107177.0,1.3418019207927057,0.04984418454001689,0.3488170515096455,1.1694571646246668,18762.02
14, 107178.0,-0.8145576339321208,1.1447563035782908,-0.8317460740870789,-0.6125275437631839,21879.74
16, 107179.0,-1.2458295448770862,-0.4165072735688775,0.3488170515096455,-0.6125275437631839,26631.68
10, 107180.0,-0.38328572298715546,0.2728818384181833,-0.8317460740870789,-0.6125275437631839,13831.03
11, 107181.0,1.5574378762651884,-1.0653440848508173,0.3488170515096455,1.1694571646246668,31374.73
4, 107182.0,-1.4614655003495687,1.7327646638025485,1.5293801771063698,-0.6125275437631839,35257.81
17, 107183.0,0.47925809890277515,-1.0247917841456962,-0.8317460740870789,-0.6125275437631839,12578.44
10, 107184.0,0.2636221434302925,-0.09208886792790731,-0.8317460740870789,-0.6125275437631839,11262.28
10, 107185.0,0.6948940543752578,0.13094878595025908,-0.8317460740870789,-0.6125275437631839,15852.1
17, 107186.0,-0.4551643748113164,-1.896666249305803,0.3488170515096455,-0.6125275437631839,4442.35
13, 107187.0,-1.1739508930529252,-0.5989926267419229,-0.8317460740870789,-0.6125275437631839,21911.99
11, 107188.0,0.9105300098477405,-0.8017541302675291,-0.8317460740870789,1.1694571646246668,33322.31
2, 107189.0,0.33550079525445337,-0.8017541302675291,1.5293801771063698,-0.6125275437631839,22003.63
1, 107190.0,-1.1020722412287642,-0.9436871827354539,0.3488170515096455,1.1694571646246668,12673.48
10, 107191.0,0.33550079525445337,-0.07181271757534712,-0.8317460740870789,-0.6125275437631839,21988.12
11, 107192.0,0.6230154025510969,-0.23402192039583222,0.3488170515096455,1.1694571646246668,12977.23
6, 107193.0,1.3418019207927057,0.2728818384181833,-0.8317460740870789,-0.6125275437631839,21204.49
2, 107194.0,0.7667727061994186,-1.4100386408443477,0.3488170515096455,-0.6125275437631839,12956.53
10, 107195.0,0.11986483978197071,0.212053387360502,-0.8317460740870789,-0.6125275437631839,10370.21
15, 107196.0,1.1261659653202232,1.104204002873169,0.3488170515096455,-0.6125275437631839,19489.2
6, 107197.0,0.9105300098477405,0.8811663489950019,-0.8317460740870789,-0.6125275437631839,17350.34
5, 107198.0,1.4136805726168666,-1.0856202352033781,-0.8317460740870789,-0.6125275437631839,20579.3
15, 107199.0,0.33550079525445337,1.6922123630974268,0.3488170515096455,-0.6125275437631839,27060.62
14, 107200.0,-0.670800330283799,1.3880701078090174,-0.8317460740870789,-0.6125275437631839,17770.92
10, 107201.0,-0.4551643748113164,-0.2948503714535135,-0.8317460740870789,-0.6125275437631839,6075.11
9, 107202.0,0.47925809890277515,0.982547100757805,-0.8317460740870789,-0.6125275437631839,12135.07
3, 107203.0,1.5574378762651884,0.4756433419437895,2.709943302703094,2.951441873012518,34129.06
6, 107204.0,0.9105300098477405,0.8811663489950019,-0.8317460740870789,-0.6125275437631839,30515.08
5, 107205.0,1.6293165280893493,-0.6395449274470446,-0.8317460740870789,-0.6125275437631839,13700.19
10, 107206.0,0.6948940543752578,-0.3151265218060744,-0.8317460740870789,-0.6125275437631839,14691.86
13, 107207.0,-0.8864362857562816,-0.4165072735688775,-0.8317460740870789,-0.6125275437631839,4383.4
16, 107208.0,-1.2458295448770862,-0.11236501828046822,0.3488170515096455,-0.6125275437631839,7389.66
17, 107209.0,0.8386513580235796,-1.4505909415494695,-0.8317460740870789,-0.6125275437631839,12703.52
5, 107210.0,1.269923268968545,-0.15291731898558933,-0.8317460740870789,-0.6125275437631839,15728.6
2, 107211.0,1.1261659653202232,-1.5925239940173936,1.5293801771063698,-0.6125275437631839,12229.08
13, 107212.0,-0.5270430266354773,0.41481489088610823,-0.8317460740870789,-0.6125275437631839,9946.04
17, 107213.0,-0.23952841933883373,-1.5316955429597117,0.3488170515096455,-0.6125275437631839,8762.29
13, 107214.0,-1.317708196701247,-0.4570595742739986,-0.8317460740870789,-0.6125275437631839,10347.99
7, 107215.0,-1.5333441521737297,-2.4441223088249395,0.3488170515096455,-0.6125275437631839,4191.32
10, 107216.0,-0.023892463866351063,-0.23402192039583222,-0.8317460740870789,-0.6125275437631839,7895.64
18, 107217.0,1.4855592244410276,1.225860904988533,0.3488170515096455,1.1694571646246668,32490.05
5, 107218.0,1.5574378762651884,-0.3151265218060744,-0.8317460740870789,-0.6125275437631839,22915.73
8, 107219.0,-0.670800330283799,-0.5178880253316807,1.5293801771063698,-0.6125275437631839,23304.39
13, 107220.0,-0.8864362857562816,-0.2745742211009533,-0.8317460740870789,-0.6125275437631839,23410.49
16, 107221.0,-0.9583149375804426,-0.6395449274470446,0.3488170515096455,-0.6125275437631839,13987.12
16, 107222.0,-1.6052228039978906,-0.11236501828046822,0.3488170515096455,-0.6125275437631839,17585.64
16, 107223.0,-0.8864362857562816,0.3945387405335473,0.3488170515096455,-0.6125275437631839,15479.18
7, 107224.0,-1.4614655003495687,-0.9436871827354539,-0.8317460740870789,-0.6125275437631839,31929.31
14, 107225.0,-1.6771014558220514,1.6111077616871845,-0.8317460740870789,-0.6125275437631839,21200.81
13, 107226.0,-0.670800330283799,-0.6192687770944837,-0.8317460740870789,-0.6125275437631839,9445.29
16, 107227.0,-0.8145576339321208,0.2728818384181833,0.3488170515096455,-0.6125275437631839,22555.19
18, 107228.0,0.40737944707861423,0.5364717930014715,0.3488170515096455,1.1694571646246668,19374.16
2, 107229.0,1.4136805726168666,-1.2478294380238633,0.3488170515096455,-0.6125275437631839,13332.33
16, 107230.0,-0.23952841933883373,-0.3151265218060744,0.3488170515096455,-0.6125275437631839,13159.33
2, 107231.0,1.4136805726168666,-1.2883817387289844,1.5293801771063698,-0.6125275437631839,30691.75
7, 107232.0,-0.8145576339321208,-1.1667248366136203,-0.8317460740870789,-0.6125275437631839,27951.02
10, 107233.0,0.40737944707861423,0.41481489088610823,-0.8317460740870789,-0.6125275437631839,14411.96
2, 107234.0,1.70119517991351,-0.7206495288572868,1.5293801771063698,-0.6125275437631839,25302.22
1, 107235.0,0.40737944707861423,-2.0385993017737274,1.5293801771063698,2.951441873012518,22556.84
7, 107236.0,-0.670800330283799,-2.4441223088249395,-0.8317460740870789,-0.6125275437631839,6513.71
9, 107237.0,0.04798618795780982,1.4488985588667003,-0.8317460740870789,-0.6125275437631839,6451.72
8, 107238.0,-1.389586848525408,0.1106726355976989,1.5293801771063698,-0.6125275437631839,14573.62
6, 107239.0,0.7667727061994186,0.3337102894758653,-0.8317460740870789,-0.6125275437631839,11322.12
6, 107240.0,0.7667727061994186,0.5770240937065926,-0.8317460740870789,-0.6125275437631839,26796.86
10, 107241.0,-0.23952841933883373,-0.82203028062009,-0.8317460740870789,-0.6125275437631839,25379.59
9, 107242.0,-0.16764976751467284,0.6784048454693957,-0.8317460740870789,-0.6125275437631839,13375.92
10, 107243.0,0.04798618795780982,-0.17319346933815022,-0.8317460740870789,-0.6125275437631839,14941.06
10, 107244.0,0.40737944707861423,0.29315798877074417,-0.8317460740870789,-0.6125275437631839,15644.96
10, 107245.0,-0.38328572298715546,-0.49761187497911974,-0.8317460740870789,-0.6125275437631839,12922.12
4, 107246.0,-0.8145576339321208,1.4894508595718206,0.3488170515096455,-0.6125275437631839,26895.97
18, 107247.0,1.6293165280893493,0.2728818384181833,0.3488170515096455,1.1694571646246668,21432.81
15, 107248.0,1.4136805726168666,1.874697716270472,0.3488170515096455,-0.6125275437631839,15800.39
10, 107249.0,-0.16764976751467284,0.2728818384181833,-0.8317460740870789,-0.6125275437631839,9635.49
2, 107250.0,0.6948940543752578,-1.3289340394341054,0.3488170515096455,-0.6125275437631839,12239.56
9, 107251.0,-0.3114070711629946,0.860890198642441,-0.8317460740870789,-0.6125275437631839,12035.46
6, 107252.0,1.3418019207927057,0.6784048454693957,-0.8317460740870789,-0.6125275437631839,11673.99
18, 107253.0,0.33550079525445337,1.225860904988533,0.3488170515096455,1.1694571646246668,19525.51
1, 107254.0,-1.6052228039978906,-0.37595497286375645,1.5293801771063698,1.1694571646246668,35410.74
3, 107255.0,-0.5270430266354773,-0.9436871827354539,3.8905064282998185,1.1694571646246668,29681.48
7, 107256.0,-1.0301935894046035,-1.795285497543,0.3488170515096455,-0.6125275437631839,24124.94
12, 107257.0,1.269923268968545,-0.882858731677772,0.3488170515096455,-0.6125275437631839,30445.38
10, 107258.0,0.6230154025510969,-0.13264116863302913,-0.8317460740870789,-0.6125275437631839,7559.22
18, 107259.0,1.3418019207927057,0.8811663489950019,-0.8317460740870789,1.1694571646246668,13137.89
7, 107260.0,-1.389586848525408,-1.1464486862610601,-0.8317460740870789,-0.6125275437631839,4547.13
0, 107261.0,-1.5333441521737297,-0.03126041687022602,0.3488170515096455,1.1694571646246668,16247.09
6, 107262.0,1.4855592244410276,0.212053387360502,-0.8317460740870789,-0.6125275437631839,14401.85
11, 107263.0,1.3418019207927057,-0.7206495288572868,-0.8317460740870789,1.1694571646246668,14876.69
10, 107264.0,-0.4551643748113164,-0.8017541302675291,-0.8317460740870789,-0.6125275437631839,18457.47
8, 107265.0,-1.389586848525408,-0.5787164763893626,1.5293801771063698,-0.6125275437631839,32473.52
11, 107266.0,0.33550079525445337,-0.9639633330880142,-0.8317460740870789,1.1694571646246668,12802.5
16, 107267.0,-0.023892463866351063,-0.9031348820303321,0.3488170515096455,-0.6125275437631839,25539.88
7, 107268.0,-1.1020722412287642,-1.0856202352033781,-0.8317460740870789,-0.6125275437631839,12987.65
12, 107269.0,0.551136750726936,-0.21374577004327133,0.3488170515096455,-0.6125275437631839,16668.43
4, 107270.0,-1.389586848525408,0.6378525447642746,1.5293801771063698,-0.6125275437631839,17403.18
10, 107271.0,-0.23952841933883373,-0.47733572462655954,-0.8317460740870789,-0.6125275437631839,9702.75
3, 107272.0,-1.389586848525408,1.4691747092192595,3.8905064282998185,1.1694571646246668,31769.58
18, 107273.0,0.7667727061994186,1.246137055341094,0.3488170515096455,2.951441873012518,34296.9
0, 107274.0,-1.6052228039978906,0.4756433419437895,0.3488170515096455,1.1694571646246668,18268.38
5, 107275.0,1.6293165280893493,-0.3151265218060744,-0.8317460740870789,-0.6125275437631839,28782.33
0, 107276.0,-1.6052228039978906,0.7189571461745176,0.3488170515096455,1.1694571646246668,15043.84
15, 107277.0,0.19174349160613158,0.4959194922963504,0.3488170515096455,-0.6125275437631839,12831.43
11, 107278.0,0.11986483978197071,-0.13264116863302913,-0.8317460740870789,1.1694571646246668,13967.82
17, 107279.0,0.04798618795780982,-1.3086578890815446,-0.8317460740870789,-0.6125275437631839,6366.23
11, 107280.0,0.33550079525445337,-0.43678342392143843,-0.8317460740870789,1.1694571646246668,11408.01
10, 107281.0,-0.4551643748113164,-0.7003733785047259,-0.8317460740870789,-0.6125275437631839,13413.07
4, 107282.0,-0.5989216784596382,1.3880701078090174,1.5293801771063698,-0.6125275437631839,27619.39
11, 107283.0,0.8386513580235796,-1.6533524450750756,-0.8317460740870789,1.1694571646246668,13579.91
11, 107284.0,1.4855592244410276,-0.4570595742739986,0.3488170515096455,1.1694571646246668,17411.22
12, 107285.0,0.8386513580235796,-0.33540267215863534,0.3488170515096455,-0.6125275437631839,27833.25
13, 107286.0,-1.4614655003495687,0.13094878595025908,-0.8317460740870789,-0.6125275437631839,7662.25
10, 107287.0,0.40737944707861423,0.3742625901809864,-0.8317460740870789,-0.6125275437631839,11813.16
19, 107288.0,-0.4551643748113164,0.982547100757805,2.709943302703094,-0.6125275437631839,35734.05
0, 107289.0,-0.5270430266354773,0.6784048454693957,0.3488170515096455,1.1694571646246668,14059.01
15, 107290.0,0.551136750726936,1.6516600623923063,0.3488170515096455,-0.6125275437631839,13404.95
9, 107291.0,-0.23952841933883373,0.5567479433540324,-0.8317460740870789,-0.6125275437631839,24428.88
10, 107292.0,0.04798618795780982,0.2728818384181833,-0.8317460740870789,-0.6125275437631839,20483.55
1, 107293.0,-0.23952841933883373,-0.47733572462655954,1.5293801771063698,1.1694571646246668,22834.7
4, 107294.0,-0.23952841933883373,1.996354618385836,0.3488170515096455,-0.6125275437631839,13551.13
6, 107295.0,0.8386513580235796,0.6378525447642746,-0.8317460740870789,-0.6125275437631839,28189.12
19, 107296.0,0.33550079525445337,0.29315798877074417,1.5293801771063698,-0.6125275437631839,37680.36
11, 107297.0,1.198044617144384,-0.15291731898558933,-0.8317460740870789,1.1694571646246668,20842.63
4, 107298.0,-0.38328572298715546,0.5364717930014715,1.5293801771063698,-0.6125275437631839,21279.49
13, 107299.0,-1.2458295448770862,-0.4570595742739986,-0.8317460740870789,-0.6125275437631839,4612.72
3, 107300.0,1.198044617144384,-0.7206495288572868,1.5293801771063698,1.1694571646246668,21272.46
18, 107301.0,0.6230154025510969,2.239668422616564,-0.8317460740870789,1.1694571646246668,15739.16
12, 107302.0,1.269923268968545,-0.6192687770944837,0.3488170515096455,-0.6125275437631839,15836.94
0, 107303.0,-0.4551643748113164,-0.03126041687022602,0.3488170515096455,1.1694571646246668,27671.55
7, 107304.0,-0.8864362857562816,-1.4505909415494695,0.3488170515096455,-0.6125275437631839,9752.97
16, 107305.0,-1.1020722412287642,-0.3151265218060744,0.3488170515096455,-0.6125275437631839,11628.35
12, 107306.0,0.33550079525445337,0.1106726355976989,0.3488170515096455,-0.6125275437631839,19834.9
18, 107307.0,1.70119517991351,0.2323295377130622,0.3488170515096455,1.1694571646246668,28052.73
9, 107308.0,0.19174349160613158,0.6986809958219566,-0.8317460740870789,-0.6125275437631839,11111.81
12, 107309.0,0.6230154025510969,0.15122493630282,0.3488170515096455,-0.6125275437631839,13173.22
13, 107310.0,-0.8864362857562816,0.2323295377130622,-0.8317460740870789,-0.6125275437631839,10874.38
2, 107311.0,1.5574378762651884,-0.7206495288572868,1.5293801771063698,-0.6125275437631839,21225.98
11, 107312.0,-0.16764976751467284,-0.862582581325211,-0.8317460740870789,1.1694571646246668,19249.35
7, 107313.0,-1.1020722412287642,-2.4441223088249395,-0.8317460740870789,1.1694571646246668,25439.89
14, 107314.0,-1.6771014558220514,1.5097270099243814,-0.8317460740870789,-0.6125275437631839,15895.81
13, 107315.0,-0.5989216784596382,0.2526056880656231,-0.8317460740870789,-0.6125275437631839,13921.04
15, 107316.0,1.6293165280893493,1.12448015322573,0.3488170515096455,-0.6125275437631839,12789.18
9, 107317.0,0.40737944707861423,0.5364717930014715,-0.8317460740870789,-0.6125275437631839,3387.8
19, 107318.0,1.70119517991351,0.6378525447642746,1.5293801771063698,-0.6125275437631839,30200.09
7, 107319.0,-1.2458295448770862,-0.923411032382893,-0.8317460740870789,-0.6125275437631839,13582.67
5, 107320.0,1.3418019207927057,-1.3897624904917876,-0.8317460740870789,-0.6125275437631839,11204.12
6, 107321.0,0.9105300098477405,1.2664132056936535,-0.8317460740870789,-0.6125275437631839,15908.64
0, 107322.0,-0.5989216784596382,0.13094878595025908,-0.8317460740870789,1.1694571646246668,15037.03
5, 107323.0,1.3418019207927057,-0.07181271757534712,-0.8317460740870789,-0.6125275437631839,13066.24
0, 107324.0,-1.0301935894046035,0.3742625901809864,0.3488170515096455,1.1694571646246668,16728.54
18, 107325.0,0.6948940543752578,0.4959194922963504,0.3488170515096455,1.1694571646246668,19579.11
19, 107326.0,0.04798618795780982,0.4959194922963504,1.5293801771063698,-0.6125275437631839,16546.52
1, 107327.0,-0.16764976751467284,-1.3289340394341054,0.3488170515096455,1.1694571646246668,10112.63
18, 107328.0,0.6230154025510969,0.6986809958219566,-0.8317460740870789,1.1694571646246668,16858.59
13, 107329.0,-1.4614655003495687,0.07012033489257707,-0.8317460740870789,-0.6125275437631839,11640.76
14, 107330.0,-1.317708196701247,1.915250016975594,-0.8317460740870789,-0.6125275437631839,8633.34
9, 107331.0,0.19174349160613158,0.6986809958219566,-0.8317460740870789,-0.6125275437631839,32309.08
9, 107332.0,-0.38328572298715546,0.8000617475847597,-0.8317460740870789,-0.6125275437631839,11121.27
9, 107333.0,0.40737944707861423,0.6986809958219566,-0.8317460740870789,-0.6125275437631839,10552.99
17, 107334.0,0.2636221434302925,-1.3492101897866664,-0.8317460740870789,-0.6125275437631839,25608.64
12, 107335.0,0.9824086616719013,-0.5381641756842416,0.3488170515096455,-0.6125275437631839,17472.77
14, 107336.0,-1.2458295448770862,1.894973866623033,-0.8317460740870789,-0.6125275437631839,22768.98
12, 107337.0,1.5574378762651884,0.2323295377130622,0.3488170515096455,-0.6125275437631839,17739.21
3, 107338.0,0.8386513580235796,-0.23402192039583222,1.5293801771063698,1.1694571646246668,27536.45
9, 107339.0,-0.09577111569051194,1.2664132056936535,-0.8317460740870789,-0.6125275437631839,13451.22
1, 107340.0,-0.8864362857562816,-0.7206495288572868,1.5293801771063698,1.1694571646246668,18765.51
5, 107341.0,1.5574378762651884,-0.882858731677772,-0.8317460740870789,-0.6125275437631839,10401.76
16, 107342.0,-0.9583149375804426,-0.43678342392143843,0.3488170515096455,-0.6125275437631839,24045.24
4, 107343.0,-0.7426789821079599,0.7595094468796386,0.3488170515096455,-0.6125275437631839,10390.93
0, 107344.0,-0.38328572298715546,1.225860904988533,-0.8317460740870789,2.951441873012518,17701.3
18, 107345.0,1.70119517991351,0.4553671915912293,0.3488170515096455,1.1694571646246668,18072.64
13, 107346.0,-1.4614655003495687,-0.6800972281521658,-0.8317460740870789,-0.6125275437631839,7320.23
12, 107347.0,0.2636221434302925,-0.5584403260368017,0.3488170515096455,-0.6125275437631839,12903.09
9, 107348.0,-0.16764976751467284,0.7797855972321988,-0.8317460740870789,-0.6125275437631839,15489.66
14, 107349.0,-1.6771014558220514,1.3880701078090174,-0.8317460740870789,-0.6125275437631839,13138.51
5, 107350.0,1.6293165280893493,-0.7612018295624079,-0.8317460740870789,-0.6125275437631839,16760.14
12, 107351.0,1.5574378762651884,0.1106726355976989,0.3488170515096455,-0.6125275437631839,18702.14
10, 107352.0,-0.38328572298715546,-0.5787164763893626,-0.8317460740870789,-0.6125275437631839,13024.41
9, 107353.0,0.33550079525445337,0.7797855972321988,-0.8317460740870789,-0.6125275437631839,27349.22
6, 107354.0,0.9824086616719013,1.104204002873169,-0.8317460740870789,-0.6125275437631839,20047.45
17, 107355.0,0.33550079525445337,-1.3289340394341054,-0.8317460740870789,-0.6125275437631839,14712.51
7, 107356.0,-0.8864362857562816,-1.2072771373187414,0.3488170515096455,-0.6125275437631839,26057.97
0, 107357.0,-0.7426789821079599,-0.010984266517665113,-0.8317460740870789,1.1694571646246668,14090.28
10, 107358.0,0.04798618795780982,-0.3962311232163166,-0.8317460740870789,-0.6125275437631839,8075.07
12, 107359.0,0.04798618795780982,-0.010984266517665113,0.3488170515096455,-0.6125275437631839,16077.99
12, 107360.0,1.198044617144384,0.3134341391233051,0.3488170515096455,-0.6125275437631839,22406.93
11, 107361.0,1.4136805726168666,-1.3086578890815446,0.3488170515096455,1.1694571646246668,26263.87
16, 107362.0,-0.4551643748113164,-0.37595497286375645,0.3488170515096455,-0.6125275437631839,15533.6
0, 107363.0,-1.2458295448770862,1.6313839120397455,-0.8317460740870789,2.951441873012518,19877.51
3, 107364.0,-0.9583149375804426,2.4829822268472905,1.5293801771063698,2.951441873012518,23966.99
13, 107365.0,-0.7426789821079599,-0.23402192039583222,-0.8317460740870789,-0.6125275437631839,13674.38
6, 107366.0,1.198044617144384,1.6313839120397455,-0.8317460740870789,-0.6125275437631839,16297.65
13, 107367.0,-1.2458295448770862,-0.09208886792790731,-0.8317460740870789,-0.6125275437631839,6246.59
18, 107368.0,1.3418019207927057,0.5364717930014715,-0.8317460740870789,1.1694571646246668,8533.06
11, 107369.0,1.4136805726168666,-1.775009347190439,1.5293801771063698,2.951441873012518,20405.29
9, 107370.0,-0.23952841933883373,0.9217186497001237,-0.8317460740870789,-0.6125275437631839,9959.49
4, 107371.0,-0.16764976751467284,1.0028232511103659,0.3488170515096455,-0.6125275437631839,18284.44
2, 107372.0,1.4855592244410276,-1.0653440848508173,0.3488170515096455,-0.6125275437631839,26559.92
17, 107373.0,0.2636221434302925,-1.045067934498257,-0.8317460740870789,-0.6125275437631839,21169.87
4, 107374.0,-0.23952841933883373,0.9217186497001237,0.3488170515096455,-0.6125275437631839,29987.43
1, 107375.0,-0.4551643748113164,-0.47733572462655954,0.3488170515096455,1.1694571646246668,15075.13
10, 107376.0,0.19174349160613158,-0.2948503714535135,-0.8317460740870789,-0.6125275437631839,13141.36
3, 107377.0,0.40737944707861423,1.0433755518154877,1.5293801771063698,1.1694571646246668,29431.72
9, 107378.0,0.04798618795780982,1.0636517021680472,-0.8317460740870789,-0.6125275437631839,15587.23
12, 107379.0,1.269923268968545,0.2323295377130622,0.3488170515096455,-0.6125275437631839,31096.92
14, 107380.0,-1.1739508930529252,1.3880701078090174,-0.8317460740870789,-0.6125275437631839,5129.54
15, 107381.0,1.198044617144384,0.8000617475847597,0.3488170515096455,-0.6125275437631839,12454.82
13, 107382.0,-1.1020722412287642,-0.6800972281521658,-0.8317460740870789,-0.6125275437631839,5627.98
7, 107383.0,-1.317708196701247,-1.1464486862610601,0.3488170515096455,-0.6125275437631839,15030.17
11, 107384.0,1.3418019207927057,-0.11236501828046822,-0.8317460740870789,1.1694571646246668,11262.41
7, 107385.0,-0.7426789821079599,-1.5722478436648328,0.3488170515096455,-0.6125275437631839,15118.41
8, 107386.0,-0.5270430266354773,-1.1058963855559383,1.5293801771063698,-0.6125275437631839,14682.3
0, 107387.0,-1.2458295448770862,0.9419948000526847,0.3488170515096455,1.1694571646246668,14648.3
15, 107388.0,0.04798618795780982,1.5502793106295032,0.3488170515096455,-0.6125275437631839,11669.49
17, 107389.0,0.2636221434302925,-1.5722478436648328,-0.8317460740870789,-0.6125275437631839,8246.27
17, 107390.0,0.8386513580235796,-1.4708670919020297,-0.8317460740870789,-0.6125275437631839,11428.76
4, 107391.0,-0.8864362857562816,1.0433755518154877,1.5293801771063698,-0.6125275437631839,29416.09
11, 107392.0,1.70119517991351,-0.47733572462655954,0.3488170515096455,2.951441873012518,19685.93
14, 107393.0,-1.6052228039978906,2.3004968736742453,-0.8317460740870789,-0.6125275437631839,7240.16
4, 107394.0,-0.16764976751467284,0.8000617475847597,0.3488170515096455,-0.6125275437631839,24117.65
5, 107395.0,1.5574378762651884,-0.49761187497911974,-0.8317460740870789,-0.6125275437631839,31314.33
1, 107396.0,-0.9583149375804426,-0.82203028062009,0.3488170515096455,1.1694571646246668,12168.0
0, 107397.0,-0.3114070711629946,0.029568034187455985,0.3488170515096455,1.1694571646246668,18310.65
12, 107398.0,0.11986483978197071,0.19177723700794108,0.3488170515096455,-0.6125275437631839,16325.0
17, 107399.0,0.6948940543752578,-1.3694863401392265,-0.8317460740870789,-0.6125275437631839,7166.99
17, 107400.0,-0.09577111569051194,-1.2072771373187414,-0.8317460740870789,-0.6125275437631839,15671.29
2, 107401.0,1.6293165280893493,-1.1464486862610601,0.3488170515096455,-0.6125275437631839,28459.38
14, 107402.0,-1.2458295448770862,0.7595094468796386,-0.8317460740870789,-0.6125275437631839,10731.79
3, 107403.0,1.4855592244410276,0.3742625901809864,1.5293801771063698,1.1694571646246668,22586.67
10, 107404.0,-0.23952841933883373,0.29315798877074417,-0.8317460740870789,-0.6125275437631839,9662.93
5, 107405.0,1.0542873134960622,-0.21374577004327133,-0.8317460740870789,-0.6125275437631839,16618.51
17, 107406.0,-0.38328572298715546,-1.3086578890815446,-0.8317460740870789,-0.6125275437631839,22729.46
19, 107407.0,1.3418019207927057,0.4959194922963504,1.5293801771063698,-0.6125275437631839,21202.51
4, 107408.0,-0.7426789821079599,0.8406140482898815,0.3488170515096455,-0.6125275437631839,33942.07
8, 107409.0,-0.23952841933883373,-1.1870009869661813,1.5293801771063698,-0.6125275437631839,11593.32
11, 107410.0,0.9824086616719013,-2.4441223088249395,0.3488170515096455,1.1694571646246668,15441.2
0, 107411.0,-0.09577111569051194,0.19177723700794108,-0.8317460740870789,1.1694571646246668,24766.74
17, 107412.0,0.9105300098477405,-1.7547331968378788,-0.8317460740870789,-0.6125275437631839,6341.3
17, 107413.0,-0.09577111569051194,-1.896666249305803,0.3488170515096455,-0.6125275437631839,9079.46
3, 107414.0,0.9824086616719013,1.225860904988533,1.5293801771063698,1.1694571646246668,21443.11
8, 107415.0,0.19174349160613158,-0.7206495288572868,1.5293801771063698,-0.6125275437631839,28849.13
4, 107416.0,-0.23952841933883373,1.4691747092192595,0.3488170515096455,-0.6125275437631839,12993.34
16, 107417.0,-0.9583149375804426,0.07012033489257707,0.3488170515096455,-0.6125275437631839,11876.59
3, 107418.0,1.6293165280893493,0.15122493630282,2.709943302703094,1.1694571646246668,27367.47
8, 107419.0,-1.4614655003495687,-0.19346961969071041,1.5293801771063698,-0.6125275437631839,16135.22
0, 107420.0,-1.389586848525408,0.7189571461745176,0.3488170515096455,4.733426581400368,18473.82
0, 107421.0,-1.1020722412287642,0.7189571461745176,-0.8317460740870789,1.1694571646246668,12818.79
3, 107422.0,1.4855592244410276,-0.7814779799149688,1.5293801771063698,1.1694571646246668,42239.47
11, 107423.0,1.3418019207927057,-0.5381641756842416,0.3488170515096455,1.1694571646246668,23328.73
11, 107424.0,1.3418019207927057,-0.4570595742739986,-0.8317460740870789,1.1694571646246668,20423.23
16, 107425.0,-1.4614655003495687,0.5770240937065926,0.3488170515096455,-0.6125275437631839,14282.2
6, 107426.0,0.9824086616719013,0.5364717930014715,-0.8317460740870789,-0.6125275437631839,16673.95
12, 107427.0,1.4855592244410276,0.2526056880656231,0.3488170515096455,-0.6125275437631839,31748.27
6, 107428.0,1.3418019207927057,0.4553671915912293,-0.8317460740870789,-0.6125275437631839,11426.75
17, 107429.0,-0.023892463866351063,-1.4100386408443477,0.3488170515096455,-0.6125275437631839,12025.69
8, 107430.0,-0.670800330283799,0.04984418454001689,1.5293801771063698,-0.6125275437631839,15909.67
17, 107431.0,0.40737944707861423,-0.923411032382893,-0.8317460740870789,-0.6125275437631839,17072.99
4, 107432.0,-0.16764976751467284,1.4286224085141392,0.3488170515096455,-0.6125275437631839,10681.71
12, 107433.0,0.47925809890277515,0.04984418454001689,0.3488170515096455,-0.6125275437631839,17546.72
17, 107434.0,-0.4551643748113164,-1.4505909415494695,-0.8317460740870789,-0.6125275437631839,10537.66
15, 107435.0,1.70119517991351,0.5364717930014715,0.3488170515096455,-0.6125275437631839,17459.55
18, 107436.0,-0.023892463866351063,1.3475178071038971,-0.8317460740870789,1.1694571646246668,11244.68
1, 107437.0,-1.2458295448770862,-0.4570595742739986,0.3488170515096455,1.1694571646246668,24602.5
4, 107438.0,-0.7426789821079599,1.8544215659179126,1.5293801771063698,-0.6125275437631839,16222.08
5, 107439.0,0.8386513580235796,-0.7206495288572868,-0.8317460740870789,-0.6125275437631839,25805.38
14, 107440.0,-1.317708196701247,1.5097270099243814,-0.8317460740870789,-0.6125275437631839,10098.73
14, 107441.0,-0.8864362857562816,1.0839278525206082,-0.8317460740870789,-0.6125275437631839,20517.99
11, 107442.0,0.9105300098477405,-0.17319346933815022,0.3488170515096455,1.1694571646246668,14733.06
6, 107443.0,1.70119517991351,1.5502793106295032,-0.8317460740870789,-0.6125275437631839,22586.31
9, 107444.0,-0.23952841933883373,1.4286224085141392,-0.8317460740870789,-0.6125275437631839,28064.64
16, 107445.0,-1.5333441521737297,-0.6598210777996049,0.3488170515096455,-0.6125275437631839,12339.53
14, 107446.0,-1.4614655003495687,2.4424299261421702,-0.8317460740870789,-0.6125275437631839,24183.73
4, 107447.0,-0.9583149375804426,1.3677939574564566,2.709943302703094,-0.6125275437631839,23708.78
6, 107448.0,1.5574378762651884,1.0028232511103659,-0.8317460740870789,-0.6125275437631839,17113.65
8, 107449.0,-1.1739508930529252,-1.3289340394341054,1.5293801771063698,-0.6125275437631839,32638.84
11, 107450.0,1.4855592244410276,-0.3962311232163166,0.3488170515096455,1.1694571646246668,13147.57
18, 107451.0,1.1261659653202232,0.29315798877074417,-0.8317460740870789,1.1694571646246668,19102.23
10, 107452.0,-0.09577111569051194,0.3945387405335473,-0.8317460740870789,-0.6125275437631839,10060.23
11, 107453.0,-0.7426789821079599,-1.2681055883764234,-0.8317460740870789,1.1694571646246668,13021.85
18, 107454.0,-0.23952841933883373,1.246137055341094,0.3488170515096455,1.1694571646246668,17817.66
7, 107455.0,-0.9583149375804426,-1.3289340394341054,0.3488170515096455,-0.6125275437631839,10277.72
1, 107456.0,-0.670800330283799,-1.4911432422545905,1.5293801771063698,1.1694571646246668,34575.0
0, 107457.0,-1.1020722412287642,1.0636517021680472,0.3488170515096455,1.1694571646246668,29256.87
6, 107458.0,1.3418019207927057,0.4350910412386684,-0.8317460740870789,-0.6125275437631839,9282.99
19, 107459.0,0.7667727061994186,0.212053387360502,1.5293801771063698,-0.6125275437631839,17267.42
12, 107460.0,0.47925809890277515,-0.09208886792790731,0.3488170515096455,-0.6125275437631839,17830.33
6, 107461.0,1.0542873134960622,0.1106726355976989,-0.8317460740870789,-0.6125275437631839,3330.15
14, 107462.0,-0.7426789821079599,1.0028232511103659,-0.8317460740870789,-0.6125275437631839,20775.69
0, 107463.0,-0.38328572298715546,1.225860904988533,0.3488170515096455,1.1694571646246668,29858.71
13, 107464.0,-0.8864362857562816,0.5161956426489113,-0.8317460740870789,-0.6125275437631839,16305.45
0, 107465.0,-1.317708196701247,-0.5584403260368017,-0.8317460740870789,1.1694571646246668,14450.07
3, 107466.0,1.5574378762651884,1.4286224085141392,1.5293801771063698,1.1694571646246668,21541.39
5, 107467.0,1.6293165280893493,-1.0247917841456962,-0.8317460740870789,-0.6125275437631839,33141.92
16, 107468.0,-0.8145576339321208,0.4959194922963504,0.3488170515096455,-0.6125275437631839,12073.14
4, 107469.0,-1.6052228039978906,1.104204002873169,0.3488170515096455,-0.6125275437631839,17876.17
0, 107470.0,-1.2458295448770862,0.5567479433540324,0.3488170515096455,1.1694571646246668,15315.81
0, 107471.0,-0.38328572298715546,-0.21374577004327133,0.3488170515096455,1.1694571646246668,17873.46
3, 107472.0,-1.0301935894046035,0.8203378979373206,1.5293801771063698,1.1694571646246668,21064.57
5, 107473.0,0.7667727061994186,-0.9639633330880142,-0.8317460740870789,-0.6125275437631839,26334.57
19, 107474.0,1.198044617144384,1.4691747092192595,1.5293801771063698,-0.6125275437631839,33165.32
5, 107475.0,1.4855592244410276,-0.35567882251119554,-0.8317460740870789,-0.6125275437631839,22025.52
10, 107476.0,0.04798618795780982,0.3337102894758653,-0.8317460740870789,-0.6125275437631839,31369.42
2, 107477.0,0.8386513580235796,-1.0653440848508173,1.5293801771063698,-0.6125275437631839,12832.25
1, 107478.0,-0.670800330283799,-0.8017541302675291,1.5293801771063698,1.1694571646246668,21894.58
14, 107479.0,-1.2458295448770862,2.138287670853761,-0.8317460740870789,-0.6125275437631839,8971.73
18, 107480.0,1.198044617144384,0.3945387405335473,0.3488170515096455,1.1694571646246668,19345.76
3, 107481.0,-0.8864362857562816,0.13094878595025908,2.709943302703094,1.1694571646246668,27197.23
13, 107482.0,-0.7426789821079599,0.13094878595025908,-0.8317460740870789,-0.6125275437631839,20517.32
9, 107483.0,0.47925809890277515,1.1447563035782908,-0.8317460740870789,-0.6125275437631839,7617.75
11, 107484.0,0.2636221434302925,-0.9031348820303321,-0.8317460740870789,1.1694571646246668,14700.08
13, 107485.0,-1.5333441521737297,0.29315798877074417,-0.8317460740870789,-0.6125275437631839,23918.92
19, 107486.0,0.6948940543752578,2.259944572969125,2.709943302703094,-0.6125275437631839,34037.86
5, 107487.0,0.7667727061994186,-0.6395449274470446,-0.8317460740870789,-0.6125275437631839,5235.82
16, 107488.0,-0.023892463866351063,-0.7409256792098478,0.3488170515096455,-0.6125275437631839,20959.55
0, 107489.0,-0.670800330283799,0.6581286951168355,-0.8317460740870789,1.1694571646246668,9589.29
4, 107490.0,-1.317708196701247,2.3207730240268063,1.5293801771063698,-0.6125275437631839,19300.15
0, 107491.0,-0.023892463866351063,0.2526056880656231,-0.8317460740870789,1.1694571646246668,18483.35
10, 107492.0,0.19174349160613158,-0.5989926267419229,-0.8317460740870789,-0.6125275437631839,15722.76
14, 107493.0,-1.317708196701247,1.7530408141551095,-0.8317460740870789,-0.6125275437631839,7425.48
10, 107494.0,-0.09577111569051194,-0.33540267215863534,-0.8317460740870789,-0.6125275437631839,14620.65
4, 107495.0,-1.6052228039978906,2.5235345275524126,1.5293801771063698,1.1694571646246668,16676.79
17, 107496.0,0.9105300098477405,-1.714180896132757,-0.8317460740870789,-0.6125275437631839,11088.39
7, 107497.0,-1.389586848525408,-1.673628595427636,-0.8317460740870789,-0.6125275437631839,5319.79
1, 107498.0,-1.6771014558220514,-0.862582581325211,1.5293801771063698,1.1694571646246668,17097.41
15, 107499.0,0.40737944707861423,1.0433755518154877,0.3488170515096455,-0.6125275437631839,13223.05
7, 107500.0,-1.317708196701247,-1.2275532876713025,-0.8317460740870789,-0.6125275437631839,12872.38
