2, 100001.0,-0.8317460740870789,-1.1845379375126739,-0.6125275437631839,24353.46
2, 100002.0,-0.8317460740870789,-1.1845379375126739,-0.6125275437631839,22530.6
11, 100003.0,0.3488170515096455,0.12527647147273824,-0.6125275437631839,13393.16
3, 100004.0,1.5293801771063698,2.308300486448425,-0.6125275437631839,17937.26
4, 100005.0,-0.8317460740870789,0.9984860774630129,-0.6125275437631839,22147.64
3, 100006.0,0.3488170515096455,1.4350908804581504,-0.6125275437631839,15593.27
9, 100007.0,0.3488170515096455,-2.0577475435029484,-0.6125275437631839,5170.06
5, 100008.0,0.3488170515096455,-0.3113283315223991,2.951441873012518,21082.43
5, 100009.0,0.3488170515096455,-0.7479331345175364,1.1694571646246668,15060.14
1, 100010.0,-0.8317460740870789,-0.3113283315223991,-0.6125275437631839,23103.72
0, 100011.0,0.3488170515096455,1.4350908804581504,1.1694571646246668,22169.67
2, 100012.0,-0.8317460740870789,-1.6211427405078112,-0.6125275437631839,3432.57
4, 100013.0,-0.8317460740870789,1.4350908804581504,-0.6125275437631839,10977.04
0, 100014.0,1.5293801771063698,0.9984860774630129,1.1694571646246668,21412.93
7, 100015.0,0.3488170515096455,-0.7479331345175364,-0.6125275437631839,14524.0
1, 100016.0,-0.8317460740870789,-0.3113283315223991,-0.6125275437631839,9668.49
5, 100017.0,0.3488170515096455,-0.3113283315223991,1.1694571646246668,17393.45
9, 100018.0,0.3488170515096455,-1.1845379375126739,-0.6125275437631839,31405.02
5, 100019.0,1.5293801771063698,0.12527647147273824,2.951441873012518,36427.58
6, 100020.0,-0.8317460740870789,0.5618812744678756,-0.6125275437631839,12577.33
2, 100021.0,-0.8317460740870789,-1.1845379375126739,-0.6125275437631839,13481.34
3, 100022.0,0.3488170515096455,0.9984860774630129,-0.6125275437631839,17328.52
1, 100023.0,-0.8317460740870789,0.12527647147273824,-0.6125275437631839,17840.17
12, 100024.0,-0.8317460740870789,-0.7479331345175364,-0.6125275437631839,11919.22
9, 100025.0,0.3488170515096455,-1.1845379375126739,-0.6125275437631839,20346.9
7, 100026.0,0.3488170515096455,-0.3113283315223991,-0.6125275437631839,15011.19
1, 100027.0,-0.8317460740870789,0.12527647147273824,-0.6125275437631839,13317.41
8, 100028.0,3.8905064282998185,0.12527647147273824,4.733426581400368,32977.8
15, 100029.0,-0.8317460740870789,1.8716956834532876,1.1694571646246668,15181.87
5, 100030.0,0.3488170515096455,-0.3113283315223991,1.1694571646246668,17269.19
0, 100031.0,0.3488170515096455,1.4350908804581504,1.1694571646246668,14650.1
6, 100032.0,-0.8317460740870789,0.5618812744678756,-0.6125275437631839,12175.36
2, 100033.0,-0.8317460740870789,-1.1845379375126739,-0.6125275437631839,16021.39
5, 100034.0,0.3488170515096455,-0.7479331345175364,1.1694571646246668,14134.2
12, 100035.0,-0.8317460740870789,-0.7479331345175364,-0.6125275437631839,11512.07
9, 100036.0,1.5293801771063698,-1.1845379375126739,-0.6125275437631839,16044.34
4, 100037.0,-0.8317460740870789,0.9984860774630129,-0.6125275437631839,9184.31
12, 100038.0,-0.8317460740870789,-0.7479331345175364,-0.6125275437631839,12318.5
0, 100039.0,1.5293801771063698,0.5618812744678756,1.1694571646246668,22717.92
15, 100040.0,-0.8317460740870789,-0.3113283315223991,1.1694571646246668,12432.81
0, 100041.0,0.3488170515096455,1.4350908804581504,1.1694571646246668,22840.85
2, 100042.0,-0.8317460740870789,-1.6211427405078112,-0.6125275437631839,12609.6
2, 100043.0,-0.8317460740870789,-1.1845379375126739,-0.6125275437631839,16222.49
12, 100044.0,-0.8317460740870789,-0.7479331345175364,-0.6125275437631839,17255.62
3, 100045.0,0.3488170515096455,0.9984860774630129,-0.6125275437631839,11311.32
11, 100046.0,0.3488170515096455,0.12527647147273824,-0.6125275437631839,13377.25
7, 100047.0,0.3488170515096455,-0.3113283315223991,-0.6125275437631839,16991.06
2, 100048.0,-0.8317460740870789,-1.1845379375126739,-0.6125275437631839,28722.89
4, 100049.0,-0.8317460740870789,0.9984860774630129,-0.6125275437631839,19265.42
0, 100050.0,1.5293801771063698,1.4350908804581504,1.1694571646246668,26437.99
1, 100051.0,-0.8317460740870789,-0.3113283315223991,-0.6125275437631839,11811.44
7, 100052.0,0.3488170515096455,-0.3113283315223991,-0.6125275437631839,15490.06
1, 100053.0,-0.8317460740870789,-0.3113283315223991,-0.6125275437631839,12146.61
8, 100054.0,2.709943302703094,2.744905289443562,1.1694571646246668,35505.75
4, 100055.0,-0.8317460740870789,0.9984860774630129,-0.6125275437631839,11091.22
10, 100056.0,-0.8317460740870789,-0.7479331345175364,1.1694571646246668,15968.39
4, 100057.0,-0.8317460740870789,0.9984860774630129,-0.6125275437631839,16374.02
0, 100058.0,0.3488170515096455,0.9984860774630129,2.951441873012518,18127.51
10, 100059.0,-0.8317460740870789,-1.1845379375126739,1.1694571646246668,30956.62
2, 100060.0,-0.8317460740870789,-1.1845379375126739,-0.6125275437631839,11832.07
1, 100061.0,-0.8317460740870789,-0.3113283315223991,-0.6125275437631839,13209.67
5, 100062.0,0.3488170515096455,-0.3113283315223991,1.1694571646246668,21549.19
10, 100063.0,-0.8317460740870789,-1.1845379375126739,1.1694571646246668,28066.95
2, 100064.0,-0.8317460740870789,-1.1845379375126739,-0.6125275437631839,14574.22
6, 100065.0,-0.8317460740870789,0.5618812744678756,-0.6125275437631839,28702.21
11, 100066.0,0.3488170515096455,0.5618812744678756,-0.6125275437631839,15957.6
14, 100067.0,2.709943302703094,0.5618812744678756,-0.6125275437631839,14704.07
6, 100068.0,-0.8317460740870789,0.5618812744678756,-0.6125275437631839,10797.15
9, 100069.0,0.3488170515096455,-1.6211427405078112,-0.6125275437631839,22950.29
0, 100070.0,0.3488170515096455,0.5618812744678756,1.1694571646246668,25324.64
10, 100071.0,-0.8317460740870789,-0.7479331345175364,1.1694571646246668,18175.86
0, 100072.0,0.3488170515096455,0.9984860774630129,2.951441873012518,24597.69
3, 100073.0,1.5293801771063698,1.4350908804581504,-0.6125275437631839,16338.77
11, 100074.0,0.3488170515096455,0.12527647147273824,-0.6125275437631839,12041.46
4, 100075.0,-0.8317460740870789,0.9984860774630129,-0.6125275437631839,13536.07
2, 100076.0,-0.8317460740870789,-1.6211427405078112,-0.6125275437631839,29772.7
1, 100077.0,-0.8317460740870789,-0.3113283315223991,-0.6125275437631839,31255.04
3, 100078.0,0.3488170515096455,1.4350908804581504,-0.6125275437631839,13095.92
0, 100079.0,1.5293801771063698,1.4350908804581504,1.1694571646246668,15906.18
12, 100080.0,-0.8317460740870789,-0.7479331345175364,-0.6125275437631839,14729.95
10, 100081.0,-0.8317460740870789,-0.7479331345175364,1.1694571646246668,34842.01
2, 100082.0,-0.8317460740870789,-1.1845379375126739,-0.6125275437631839,13671.71
15, 100083.0,-0.8317460740870789,0.12527647147273824,1.1694571646246668,30781.91
2, 100084.0,-0.8317460740870789,-1.1845379375126739,-0.6125275437631839,10075.45
1, 100085.0,-0.8317460740870789,0.12527647147273824,-0.6125275437631839,8885.81
10, 100086.0,-0.8317460740870789,-1.1845379375126739,1.1694571646246668,11291.11
5, 100087.0,1.5293801771063698,0.12527647147273824,1.1694571646246668,13981.98
2, 100088.0,-0.8317460740870789,-1.1845379375126739,-0.6125275437631839,13443.03
12, 100089.0,-0.8317460740870789,-0.7479331345175364,-0.6125275437631839,23019.58
6, 100090.0,-0.8317460740870789,0.5618812744678756,-0.6125275437631839,12539.59
1, 100091.0,-0.8317460740870789,0.12527647147273824,-0.6125275437631839,9477.62
1, 100092.0,-0.8317460740870789,-0.3113283315223991,-0.6125275437631839,18563.61
1, 100093.0,-0.8317460740870789,-0.3113283315223991,-0.6125275437631839,10808.51
13, 100094.0,1.5293801771063698,-1.1845379375126739,1.1694571646246668,19825.37
1, 100095.0,-0.8317460740870789,-0.3113283315223991,-0.6125275437631839,32102.61
5, 100096.0,1.5293801771063698,-0.3113283315223991,1.1694571646246668,15838.71
5, 100097.0,1.5293801771063698,0.12527647147273824,1.1694571646246668,35569.83
7, 100098.0,0.3488170515096455,-0.7479331345175364,-0.6125275437631839,10467.5
12, 100099.0,-0.8317460740870789,-0.7479331345175364,-0.6125275437631839,12767.47
5, 100100.0,1.5293801771063698,-0.3113283315223991,1.1694571646246668,27084.19
7, 100101.0,0.3488170515096455,-0.3113283315223991,-0.6125275437631839,13633.22
5, 100102.0,0.3488170515096455,-0.3113283315223991,1.1694571646246668,20011.61
9, 100103.0,1.5293801771063698,-1.6211427405078112,-0.6125275437631839,19718.37
7, 100104.0,0.3488170515096455,-0.7479331345175364,-0.6125275437631839,11383.95
11, 100105.0,0.3488170515096455,0.12527647147273824,-0.6125275437631839,31771.79
7, 100106.0,0.3488170515096455,-0.3113283315223991,-0.6125275437631839,18605.87
14, 100107.0,1.5293801771063698,0.12527647147273824,-0.6125275437631839,14408.04
7, 100108.0,0.3488170515096455,-0.3113283315223991,-0.6125275437631839,12413.1
15, 100109.0,-0.8317460740870789,0.12527647147273824,1.1694571646246668,11723.52
5, 100110.0,0.3488170515096455,0.12527647147273824,1.1694571646246668,17213.55
5, 100111.0,1.5293801771063698,0.12527647147273824,1.1694571646246668,21412.47
0, 100112.0,0.3488170515096455,0.9984860774630129,1.1694571646246668,31332.41
5, 100113.0,0.3488170515096455,0.12527647147273824,1.1694571646246668,20081.75
11, 100114.0,0.3488170515096455,0.12527647147273824,-0.6125275437631839,16454.55
6, 100115.0,-0.8317460740870789,0.5618812744678756,-0.6125275437631839,10618.45
4, 100116.0,-0.8317460740870789,0.9984860774630129,-0.6125275437631839,10880.97
2, 100117.0,-0.8317460740870789,-1.1845379375126739,-0.6125275437631839,24448.03
1, 100118.0,-0.8317460740870789,-0.3113283315223991,-0.6125275437631839,28152.92
9, 100119.0,0.3488170515096455,-1.1845379375126739,-0.6125275437631839,9806.0
4, 100120.0,-0.8317460740870789,0.9984860774630129,-0.6125275437631839,18564.31
8, 100121.0,2.709943302703094,2.744905289443562,-0.6125275437631839,35031.3
2, 100122.0,-0.8317460740870789,-1.6211427405078112,-0.6125275437631839,7895.11
9, 100123.0,0.3488170515096455,-1.1845379375126739,-0.6125275437631839,13939.12
11, 100124.0,0.3488170515096455,0.12527647147273824,-0.6125275437631839,11702.94
12, 100125.0,-0.8317460740870789,-0.7479331345175364,-0.6125275437631839,14404.49
9, 100126.0,0.3488170515096455,-1.6211427405078112,-0.6125275437631839,26753.23
2, 100127.0,-0.8317460740870789,-1.6211427405078112,-0.6125275437631839,9853.69
0, 100128.0,1.5293801771063698,2.308300486448425,1.1694571646246668,17926.56
1, 100129.0,-0.8317460740870789,-0.3113283315223991,-0.6125275437631839,14329.76
1, 100130.0,-0.8317460740870789,-0.3113283315223991,-0.6125275437631839,31835.19
12, 100131.0,-0.8317460740870789,-0.7479331345175364,-0.6125275437631839,11081.85
0, 100132.0,1.5293801771063698,1.4350908804581504,1.1694571646246668,36003.4
5, 100133.0,1.5293801771063698,0.12527647147273824,2.951441873012518,23909.59
15, 100134.0,-0.8317460740870789,0.9984860774630129,1.1694571646246668,18968.08
15, 100135.0,-0.8317460740870789,-0.3113283315223991,1.1694571646246668,7691.86
6, 100136.0,-0.8317460740870789,0.5618812744678756,-0.6125275437631839,6717.09
5, 100137.0,1.5293801771063698,0.12527647147273824,1.1694571646246668,36712.69
12, 100138.0,-0.8317460740870789,-0.7479331345175364,-0.6125275437631839,15241.57
5, 100139.0,1.5293801771063698,0.12527647147273824,1.1694571646246668,17657.33
5, 100140.0,0.3488170515096455,-0.3113283315223991,1.1694571646246668,18316.98
2, 100141.0,-0.8317460740870789,-1.1845379375126739,-0.6125275437631839,11907.16
1, 100142.0,-0.8317460740870789,0.12527647147273824,-0.6125275437631839,29817.71
1, 100143.0,-0.8317460740870789,-0.3113283315223991,-0.6125275437631839,10863.47
2, 100144.0,-0.8317460740870789,-2.0577475435029484,-0.6125275437631839,22802.53
3, 100145.0,0.3488170515096455,1.4350908804581504,-0.6125275437631839,10082.63
2, 100146.0,-0.8317460740870789,-2.0577475435029484,-0.6125275437631839,10919.55
15, 100147.0,-0.8317460740870789,-0.3113283315223991,1.1694571646246668,21980.09
1, 100148.0,-0.8317460740870789,0.12527647147273824,-0.6125275437631839,11507.48
1, 100149.0,-0.8317460740870789,-0.3113283315223991,-0.6125275437631839,35214.64
1, 100150.0,-0.8317460740870789,0.12527647147273824,-0.6125275437631839,15788.6
13, 100151.0,0.3488170515096455,-1.6211427405078112,1.1694571646246668,28086.72
7, 100152.0,0.3488170515096455,-0.7479331345175364,-0.6125275437631839,14583.13
14, 100153.0,1.5293801771063698,-0.7479331345175364,-0.6125275437631839,22698.0
11, 100154.0,0.3488170515096455,0.12527647147273824,-0.6125275437631839,20059.78
3, 100155.0,0.3488170515096455,1.8716956834532876,-0.6125275437631839,9137.23
7, 100156.0,0.3488170515096455,-0.7479331345175364,-0.6125275437631839,16222.45
0, 100157.0,1.5293801771063698,1.4350908804581504,1.1694571646246668,33141.41
15, 100158.0,-0.8317460740870789,-0.3113283315223991,1.1694571646246668,16570.62
10, 100159.0,-0.8317460740870789,-1.6211427405078112,1.1694571646246668,17217.81
0, 100160.0,0.3488170515096455,0.9984860774630129,1.1694571646246668,29901.67
3, 100161.0,1.5293801771063698,0.9984860774630129,-0.6125275437631839,19165.72
2, 100162.0,-0.8317460740870789,-1.6211427405078112,-0.6125275437631839,11806.65
2, 100163.0,-0.8317460740870789,-1.1845379375126739,-0.6125275437631839,11897.5
1, 100164.0,-0.8317460740870789,-0.3113283315223991,-0.6125275437631839,11161.16
12, 100165.0,-0.8317460740870789,-0.7479331345175364,-0.6125275437631839,10998.49
13, 100166.0,0.3488170515096455,-2.0577475435029484,1.1694571646246668,15565.55
15, 100167.0,-0.8317460740870789,0.5618812744678756,1.1694571646246668,16953.34
12, 100168.0,-0.8317460740870789,-0.7479331345175364,-0.6125275437631839,13918.5
0, 100169.0,0.3488170515096455,0.9984860774630129,2.951441873012518,23301.32
0, 100170.0,1.5293801771063698,0.5618812744678756,1.1694571646246668,17742.31
1, 100171.0,-0.8317460740870789,0.12527647147273824,-0.6125275437631839,37144.04
0, 100172.0,1.5293801771063698,0.9984860774630129,1.1694571646246668,24414.84
2, 100173.0,-0.8317460740870789,-1.1845379375126739,-0.6125275437631839,7345.24
2, 100174.0,-0.8317460740870789,-1.1845379375126739,-0.6125275437631839,17292.81
5, 100175.0,0.3488170515096455,-0.7479331345175364,1.1694571646246668,14849.63
3, 100176.0,1.5293801771063698,2.744905289443562,-0.6125275437631839,20604.88
2, 100177.0,-0.8317460740870789,-2.0577475435029484,-0.6125275437631839,22272.74
7, 100178.0,0.3488170515096455,-0.3113283315223991,-0.6125275437631839,12213.74
0, 100179.0,0.3488170515096455,0.9984860774630129,1.1694571646246668,19051.55
11, 100180.0,0.3488170515096455,0.5618812744678756,-0.6125275437631839,14574.99
3, 100181.0,0.3488170515096455,0.9984860774630129,-0.6125275437631839,30596.7
12, 100182.0,-0.8317460740870789,-0.7479331345175364,-0.6125275437631839,11314.87
4, 100183.0,-0.8317460740870789,1.4350908804581504,-0.6125275437631839,22735.65
13, 100184.0,0.3488170515096455,-1.6211427405078112,1.1694571646246668,29902.08
0, 100185.0,0.3488170515096455,0.9984860774630129,2.951441873012518,22136.6
1, 100186.0,-0.8317460740870789,0.12527647147273824,-0.6125275437631839,13658.8
4, 100187.0,-0.8317460740870789,2.308300486448425,-0.6125275437631839,11965.41
11, 100188.0,0.3488170515096455,0.5618812744678756,-0.6125275437631839,12707.7
12, 100189.0,-0.8317460740870789,-0.7479331345175364,-0.6125275437631839,9643.53
10, 100190.0,-0.8317460740870789,-0.3113283315223991,2.951441873012518,31087.09
9, 100191.0,0.3488170515096455,-2.0577475435029484,-0.6125275437631839,5887.58
14, 100192.0,1.5293801771063698,-0.3113283315223991,-0.6125275437631839,31446.42
12, 100193.0,-0.8317460740870789,-0.7479331345175364,-0.6125275437631839,9397.64
0, 100194.0,0.3488170515096455,1.8716956834532876,1.1694571646246668,37434.28
12, 100195.0,-0.8317460740870789,-0.7479331345175364,-0.6125275437631839,28372.73
11, 100196.0,0.3488170515096455,0.5618812744678756,-0.6125275437631839,16889.22
15, 100197.0,-0.8317460740870789,0.9984860774630129,1.1694571646246668,10566.51
4, 100198.0,-0.8317460740870789,0.9984860774630129,-0.6125275437631839,26628.39
6, 100199.0,-0.8317460740870789,0.5618812744678756,-0.6125275437631839,12919.91
5, 100200.0,1.5293801771063698,0.12527647147273824,1.1694571646246668,21379.25
6, 100201.0,-0.8317460740870789,0.5618812744678756,-0.6125275437631839,7806.97
7, 100202.0,0.3488170515096455,-0.3113283315223991,-0.6125275437631839,13334.83
2, 100203.0,-0.8317460740870789,-1.6211427405078112,-0.6125275437631839,35540.99
7, 100204.0,0.3488170515096455,-0.7479331345175364,-0.6125275437631839,15921.25
5, 100205.0,1.5293801771063698,-0.3113283315223991,1.1694571646246668,20375.59
11, 100206.0,0.3488170515096455,0.5618812744678756,-0.6125275437631839,13881.05
3, 100207.0,0.3488170515096455,1.4350908804581504,-0.6125275437631839,12094.35
12, 100208.0,-0.8317460740870789,-0.7479331345175364,-0.6125275437631839,9903.22
15, 100209.0,-0.8317460740870789,0.12527647147273824,1.1694571646246668,15065.85
6, 100210.0,-0.8317460740870789,0.5618812744678756,-0.6125275437631839,14837.41
1, 100211.0,-0.8317460740870789,-0.3113283315223991,-0.6125275437631839,11630.59
2, 100212.0,-0.8317460740870789,-1.6211427405078112,-0.6125275437631839,12243.45
5, 100213.0,0.3488170515096455,-0.7479331345175364,1.1694571646246668,13906.66
12, 100214.0,-0.8317460740870789,-0.7479331345175364,-0.6125275437631839,8688.98
2, 100215.0,-0.8317460740870789,-1.1845379375126739,-0.6125275437631839,10409.98
9, 100216.0,0.3488170515096455,-1.6211427405078112,-0.6125275437631839,13214.27
8, 100217.0,2.709943302703094,1.4350908804581504,2.951441873012518,23894.97
10, 100218.0,-0.8317460740870789,-1.6211427405078112,1.1694571646246668,16815.38
1, 100219.0,-0.8317460740870789,-0.3113283315223991,-0.6125275437631839,8717.98
10, 100220.0,-0.8317460740870789,-1.6211427405078112,1.1694571646246668,12269.52
5, 100221.0,1.5293801771063698,-0.3113283315223991,1.1694571646246668,22169.81
12, 100222.0,-0.8317460740870789,-0.7479331345175364,-0.6125275437631839,19746.92
2, 100223.0,-0.8317460740870789,-2.0577475435029484,-0.6125275437631839,8263.14
15, 100224.0,-0.8317460740870789,-0.3113283315223991,1.1694571646246668,15210.33
5, 100225.0,0.3488170515096455,0.12527647147273824,1.1694571646246668,24249.12
1, 100226.0,-0.8317460740870789,0.12527647147273824,-0.6125275437631839,15362.77
0, 100227.0,1.5293801771063698,3.1815100924386996,2.951441873012518,35756.04
2, 100228.0,-0.8317460740870789,-1.1845379375126739,-0.6125275437631839,11150.6
7, 100229.0,0.3488170515096455,-0.3113283315223991,-0.6125275437631839,7646.15
4, 100230.0,-0.8317460740870789,0.9984860774630129,-0.6125275437631839,11964.32
3, 100231.0,0.3488170515096455,0.9984860774630129,-0.6125275437631839,9028.19
5, 100232.0,1.5293801771063698,-0.7479331345175364,1.1694571646246668,21253.36
1, 100233.0,-0.8317460740870789,0.12527647147273824,-0.6125275437631839,29117.93
2, 100234.0,-0.8317460740870789,-2.0577475435029484,-0.6125275437631839,21176.5
3, 100235.0,0.3488170515096455,1.4350908804581504,-0.6125275437631839,16656.31
3, 100236.0,0.3488170515096455,1.8716956834532876,-0.6125275437631839,13433.82
10, 100237.0,-0.8317460740870789,-0.7479331345175364,2.951441873012518,39779.54
5, 100238.0,0.3488170515096455,-0.7479331345175364,1.1694571646246668,29554.71
0, 100239.0,0.3488170515096455,0.9984860774630129,1.1694571646246668,21238.19
6, 100240.0,-0.8317460740870789,0.5618812744678756,-0.6125275437631839,14525.19
2, 100241.0,-0.8317460740870789,-1.1845379375126739,-0.6125275437631839,13894.66
12, 100242.0,-0.8317460740870789,-0.7479331345175364,-0.6125275437631839,15469.62
11, 100243.0,0.3488170515096455,0.5618812744678756,-0.6125275437631839,11176.11
12, 100244.0,-0.8317460740870789,-0.7479331345175364,-0.6125275437631839,7825.76
3, 100245.0,0.3488170515096455,0.9984860774630129,-0.6125275437631839,22298.92
3, 100246.0,0.3488170515096455,1.4350908804581504,-0.6125275437631839,12425.43
4, 100247.0,-0.8317460740870789,0.9984860774630129,-0.6125275437631839,19159.58
6, 100248.0,-0.8317460740870789,0.5618812744678756,-0.6125275437631839,11471.99
0, 100249.0,0.3488170515096455,0.9984860774630129,1.1694571646246668,13876.22
8, 100250.0,3.8905064282998185,0.9984860774630129,-0.6125275437631839,19943.92
14, 100251.0,2.709943302703094,0.12527647147273824,-0.6125275437631839,22870.07
3, 100252.0,0.3488170515096455,1.4350908804581504,-0.6125275437631839,12425.02
0, 100253.0,1.5293801771063698,0.5618812744678756,4.733426581400368,44791.11
0, 100254.0,0.3488170515096455,1.4350908804581504,2.951441873012518,38061.64
5, 100255.0,0.3488170515096455,0.12527647147273824,1.1694571646246668,26295.56
10, 100256.0,-0.8317460740870789,-1.1845379375126739,1.1694571646246668,13029.19
11, 100257.0,0.3488170515096455,0.5618812744678756,-0.6125275437631839,13677.61
0, 100258.0,0.3488170515096455,2.744905289443562,1.1694571646246668,16917.23
3, 100259.0,1.5293801771063698,1.4350908804581504,-0.6125275437631839,13033.24
7, 100260.0,0.3488170515096455,-0.3113283315223991,-0.6125275437631839,13566.71
7, 100261.0,0.3488170515096455,-0.7479331345175364,-0.6125275437631839,10792.18
3, 100262.0,1.5293801771063698,2.308300486448425,-0.6125275437631839,21224.21
1, 100263.0,-0.8317460740870789,-0.3113283315223991,-0.6125275437631839,12666.8
2, 100264.0,-0.8317460740870789,-1.1845379375126739,-0.6125275437631839,13314.6
5, 100265.0,0.3488170515096455,0.12527647147273824,1.1694571646246668,18046.0
2, 100266.0,-0.8317460740870789,-1.6211427405078112,-0.6125275437631839,18441.27
5, 100267.0,0.3488170515096455,-0.3113283315223991,1.1694571646246668,32188.46
1, 100268.0,-0.8317460740870789,-0.3113283315223991,-0.6125275437631839,10590.79
11, 100269.0,0.3488170515096455,0.12527647147273824,-0.6125275437631839,29207.27
3, 100270.0,1.5293801771063698,0.9984860774630129,-0.6125275437631839,6853.08
12, 100271.0,-0.8317460740870789,-0.7479331345175364,-0.6125275437631839,24976.61
11, 100272.0,0.3488170515096455,0.5618812744678756,-0.6125275437631839,6729.3
11, 100273.0,0.3488170515096455,0.5618812744678756,-0.6125275437631839,15840.32
8, 100274.0,2.709943302703094,1.8716956834532876,-0.6125275437631839,34061.96
12, 100275.0,-0.8317460740870789,-0.7479331345175364,-0.6125275437631839,14728.73
4, 100276.0,-0.8317460740870789,0.9984860774630129,-0.6125275437631839,10222.73
5, 100277.0,1.5293801771063698,0.12527647147273824,2.951441873012518,24753.97
3, 100278.0,0.3488170515096455,1.4350908804581504,-0.6125275437631839,16564.58
1, 100279.0,-0.8317460740870789,0.12527647147273824,-0.6125275437631839,8239.59
10, 100280.0,-0.8317460740870789,-0.7479331345175364,1.1694571646246668,13361.69
15, 100281.0,-0.8317460740870789,1.8716956834532876,1.1694571646246668,14473.14
1, 100282.0,-0.8317460740870789,-0.3113283315223991,-0.6125275437631839,21413.72
4, 100283.0,-0.8317460740870789,0.9984860774630129,-0.6125275437631839,20947.85
10, 100284.0,-0.8317460740870789,-1.6211427405078112,1.1694571646246668,8912.21
2, 100285.0,-0.8317460740870789,-1.1845379375126739,-0.6125275437631839,15348.23
1, 100286.0,-0.8317460740870789,-0.3113283315223991,-0.6125275437631839,20820.21
12, 100287.0,-0.8317460740870789,-0.7479331345175364,-0.6125275437631839,23194.52
2, 100288.0,-0.8317460740870789,-1.1845379375126739,-0.6125275437631839,17479.96
7, 100289.0,0.3488170515096455,-0.3113283315223991,-0.6125275437631839,29482.8
5, 100290.0,0.3488170515096455,-0.3113283315223991,1.1694571646246668,32263.93
6, 100291.0,-0.8317460740870789,0.5618812744678756,-0.6125275437631839,10212.29
1, 100292.0,-0.8317460740870789,-0.3113283315223991,-0.6125275437631839,11813.44
0, 100293.0,1.5293801771063698,0.5618812744678756,1.1694571646246668,16627.7
11, 100294.0,0.3488170515096455,0.5618812744678756,-0.6125275437631839,37570.6
14, 100295.0,1.5293801771063698,0.5618812744678756,-0.6125275437631839,28418.95
15, 100296.0,-0.8317460740870789,-0.3113283315223991,1.1694571646246668,20854.53
14, 100297.0,1.5293801771063698,-0.7479331345175364,-0.6125275437631839,17006.1
12, 100298.0,-0.8317460740870789,-0.7479331345175364,-0.6125275437631839,28129.03
1, 100299.0,-0.8317460740870789,-0.3113283315223991,-0.6125275437631839,16839.68
14, 100300.0,1.5293801771063698,0.12527647147273824,-0.6125275437631839,18009.1
1, 100301.0,-0.8317460740870789,0.12527647147273824,-0.6125275437631839,27289.75
5, 100302.0,1.5293801771063698,-0.3113283315223991,2.951441873012518,22574.33
12, 100303.0,-0.8317460740870789,-0.7479331345175364,-0.6125275437631839,8968.65
9, 100304.0,0.3488170515096455,-1.1845379375126739,-0.6125275437631839,13496.52
0, 100305.0,1.5293801771063698,1.4350908804581504,1.1694571646246668,20516.75
11, 100306.0,0.3488170515096455,0.5618812744678756,-0.6125275437631839,12118.21
5, 100307.0,0.3488170515096455,-0.3113283315223991,2.951441873012518,40969.49
1, 100308.0,-0.8317460740870789,0.12527647147273824,-0.6125275437631839,7633.8
5, 100309.0,0.3488170515096455,0.12527647147273824,1.1694571646246668,19641.37
11, 100310.0,0.3488170515096455,0.5618812744678756,-0.6125275437631839,10758.49
7, 100311.0,0.3488170515096455,-0.3113283315223991,-0.6125275437631839,16850.71
3, 100312.0,0.3488170515096455,1.4350908804581504,-0.6125275437631839,21233.04
2, 100313.0,-0.8317460740870789,-1.6211427405078112,-0.6125275437631839,16617.83
11, 100314.0,0.3488170515096455,0.12527647147273824,-0.6125275437631839,11750.01
0, 100315.0,2.709943302703094,0.5618812744678756,4.733426581400368,31224.82
7, 100316.0,0.3488170515096455,-0.7479331345175364,-0.6125275437631839,34762.7
5, 100317.0,0.3488170515096455,0.12527647147273824,2.951441873012518,20965.07
0, 100318.0,1.5293801771063698,0.9984860774630129,1.1694571646246668,22321.62
5, 100319.0,0.3488170515096455,-0.7479331345175364,2.951441873012518,18092.11
9, 100320.0,0.3488170515096455,-1.1845379375126739,-0.6125275437631839,14571.6
6, 100321.0,-0.8317460740870789,0.5618812744678756,-0.6125275437631839,15565.04
7, 100322.0,0.3488170515096455,-0.3113283315223991,-0.6125275437631839,21232.29
6, 100323.0,-0.8317460740870789,0.5618812744678756,-0.6125275437631839,10099.06
4, 100324.0,-0.8317460740870789,1.4350908804581504,-0.6125275437631839,24617.75
12, 100325.0,-0.8317460740870789,-0.7479331345175364,-0.6125275437631839,19167.9
7, 100326.0,0.3488170515096455,-0.3113283315223991,-0.6125275437631839,12951.4
1, 100327.0,-0.8317460740870789,-0.3113283315223991,-0.6125275437631839,5969.77
7, 100328.0,0.3488170515096455,-0.3113283315223991,-0.6125275437631839,26013.8
6, 100329.0,-0.8317460740870789,0.5618812744678756,-0.6125275437631839,7799.49
2, 100330.0,-0.8317460740870789,-1.1845379375126739,-0.6125275437631839,8667.91
1, 100331.0,-0.8317460740870789,-0.3113283315223991,-0.6125275437631839,12048.06
15, 100332.0,-0.8317460740870789,0.5618812744678756,1.1694571646246668,19942.97
14, 100333.0,1.5293801771063698,0.5618812744678756,-0.6125275437631839,18297.19
1, 100334.0,-0.8317460740870789,0.12527647147273824,-0.6125275437631839,13082.8
1, 100335.0,-0.8317460740870789,-0.3113283315223991,-0.6125275437631839,13169.99
1, 100336.0,-0.8317460740870789,0.12527647147273824,-0.6125275437631839,10505.63
0, 100337.0,1.5293801771063698,0.5618812744678756,2.951441873012518,29794.37
7, 100338.0,0.3488170515096455,-0.3113283315223991,-0.6125275437631839,15780.6
15, 100339.0,-0.8317460740870789,-0.3113283315223991,1.1694571646246668,15857.95
5, 100340.0,0.3488170515096455,-0.7479331345175364,1.1694571646246668,35115.92
11, 100341.0,0.3488170515096455,0.12527647147273824,-0.6125275437631839,21198.94
14, 100342.0,1.5293801771063698,-0.7479331345175364,-0.6125275437631839,17644.24
0, 100343.0,0.3488170515096455,1.8716956834532876,1.1694571646246668,25811.82
2, 100344.0,-0.8317460740870789,-1.1845379375126739,-0.6125275437631839,10672.1
1, 100345.0,-0.8317460740870789,-0.3113283315223991,-0.6125275437631839,12877.7
15, 100346.0,-0.8317460740870789,0.12527647147273824,1.1694571646246668,20138.35
3, 100347.0,1.5293801771063698,1.8716956834532876,-0.6125275437631839,18981.08
1, 100348.0,-0.8317460740870789,-0.3113283315223991,-0.6125275437631839,10830.72
12, 100349.0,-0.8317460740870789,-0.7479331345175364,-0.6125275437631839,12425.91
0, 100350.0,1.5293801771063698,0.5618812744678756,1.1694571646246668,20429.72
5, 100351.0,0.3488170515096455,-0.3113283315223991,1.1694571646246668,17024.41
12, 100352.0,-0.8317460740870789,-0.7479331345175364,-0.6125275437631839,14322.01
5, 100353.0,0.3488170515096455,0.12527647147273824,1.1694571646246668,22355.71
7, 100354.0,0.3488170515096455,-0.3113283315223991,-0.6125275437631839,13309.57
11, 100355.0,0.3488170515096455,0.5618812744678756,-0.6125275437631839,15309.41
5, 100356.0,0.3488170515096455,-0.3113283315223991,1.1694571646246668,17410.92
1, 100357.0,-0.8317460740870789,0.12527647147273824,-0.6125275437631839,26652.04
12, 100358.0,-0.8317460740870789,-0.7479331345175364,-0.6125275437631839,26134.2
7, 100359.0,0.3488170515096455,-0.7479331345175364,-0.6125275437631839,14058.99
2, 100360.0,-0.8317460740870789,-1.6211427405078112,-0.6125275437631839,9571.06
8, 100361.0,2.709943302703094,0.12527647147273824,1.1694571646246668,28430.41
5, 100362.0,0.3488170515096455,0.12527647147273824,1.1694571646246668,37022.97
6, 100363.0,-0.8317460740870789,0.5618812744678756,-0.6125275437631839,15218.13
1, 100364.0,-0.8317460740870789,-0.3113283315223991,-0.6125275437631839,15388.93
4, 100365.0,-0.8317460740870789,0.9984860774630129,-0.6125275437631839,7311.3
0, 100366.0,0.3488170515096455,0.5618812744678756,1.1694571646246668,22045.05
13, 100367.0,1.5293801771063698,-1.1845379375126739,1.1694571646246668,22555.08
1, 100368.0,-0.8317460740870789,-0.3113283315223991,-0.6125275437631839,23350.78
14, 100369.0,2.709943302703094,0.9984860774630129,-0.6125275437631839,22371.45
10, 100370.0,-0.8317460740870789,-1.6211427405078112,1.1694571646246668,14775.45
1, 100371.0,-0.8317460740870789,-0.3113283315223991,-0.6125275437631839,26122.93
12, 100372.0,-0.8317460740870789,-0.7479331345175364,-0.6125275437631839,6295.74
6, 100373.0,-0.8317460740870789,0.5618812744678756,-0.6125275437631839,15268.33
14, 100374.0,2.709943302703094,0.12527647147273824,-0.6125275437631839,32712.45
11, 100375.0,0.3488170515096455,0.12527647147273824,-0.6125275437631839,16790.26
2, 100376.0,-0.8317460740870789,-1.6211427405078112,-0.6125275437631839,16953.47
13, 100377.0,0.3488170515096455,-1.1845379375126739,1.1694571646246668,37844.27
15, 100378.0,-0.8317460740870789,-0.3113283315223991,1.1694571646246668,11034.48
7, 100379.0,0.3488170515096455,-0.3113283315223991,-0.6125275437631839,24940.15
0, 100380.0,0.3488170515096455,0.9984860774630129,2.951441873012518,25254.97
2, 100381.0,-0.8317460740870789,-1.1845379375126739,-0.6125275437631839,13743.1
7, 100382.0,0.3488170515096455,-0.3113283315223991,-0.6125275437631839,15510.45
6, 100383.0,-0.8317460740870789,0.5618812744678756,-0.6125275437631839,19936.05
15, 100384.0,-0.8317460740870789,0.5618812744678756,1.1694571646246668,13917.64
2, 100385.0,-0.8317460740870789,-1.6211427405078112,-0.6125275437631839,5886.35
7, 100386.0,0.3488170515096455,-0.3113283315223991,-0.6125275437631839,38060.28
10, 100387.0,-0.8317460740870789,-0.7479331345175364,1.1694571646246668,13615.31
1, 100388.0,-0.8317460740870789,-0.3113283315223991,-0.6125275437631839,6876.88
9, 100389.0,0.3488170515096455,-1.1845379375126739,-0.6125275437631839,16488.91
0, 100390.0,0.3488170515096455,0.5618812744678756,1.1694571646246668,16907.75
7, 100391.0,0.3488170515096455,-0.3113283315223991,-0.6125275437631839,15739.31
15, 100392.0,-0.8317460740870789,-0.3113283315223991,1.1694571646246668,15910.0
1, 100393.0,-0.8317460740870789,-0.3113283315223991,-0.6125275437631839,7415.53
1, 100394.0,-0.8317460740870789,-0.3113283315223991,-0.6125275437631839,15441.69
2, 100395.0,-0.8317460740870789,-1.1845379375126739,-0.6125275437631839,13676.65
10, 100396.0,-0.8317460740870789,-1.1845379375126739,2.951441873012518,16698.86
2, 100397.0,-0.8317460740870789,-1.6211427405078112,-0.6125275437631839,5492.46
8, 100398.0,5.071069553896543,3.1815100924386996,-0.6125275437631839,26764.6
6, 100399.0,-0.8317460740870789,0.5618812744678756,-0.6125275437631839,12326.34
10, 100400.0,-0.8317460740870789,-1.1845379375126739,1.1694571646246668,19719.23
1, 100401.0,-0.8317460740870789,0.12527647147273824,-0.6125275437631839,14679.28
1, 100402.0,-0.8317460740870789,0.12527647147273824,-0.6125275437631839,13351.16
0, 100403.0,0.3488170515096455,0.5618812744678756,1.1694571646246668,13477.38
5, 100404.0,0.3488170515096455,0.12527647147273824,1.1694571646246668,20285.11
8, 100405.0,3.8905064282998185,1.4350908804581504,1.1694571646246668,29584.58
14, 100406.0,1.5293801771063698,0.5618812744678756,-0.6125275437631839,13748.44
0, 100407.0,1.5293801771063698,0.5618812744678756,1.1694571646246668,35670.63
1, 100408.0,-0.8317460740870789,-0.3113283315223991,-0.6125275437631839,17602.64
5, 100409.0,0.3488170515096455,0.12527647147273824,1.1694571646246668,16338.36
1, 100410.0,-0.8317460740870789,0.12527647147273824,-0.6125275437631839,14535.54
8, 100411.0,2.709943302703094,2.744905289443562,2.951441873012518,23578.58
3, 100412.0,0.3488170515096455,0.9984860774630129,-0.6125275437631839,21141.97
1, 100413.0,-0.8317460740870789,-0.3113283315223991,-0.6125275437631839,14804.59
15, 100414.0,-0.8317460740870789,-0.3113283315223991,1.1694571646246668,24587.77
1, 100415.0,-0.8317460740870789,0.12527647147273824,-0.6125275437631839,23617.79
1, 100416.0,-0.8317460740870789,-0.3113283315223991,-0.6125275437631839,9427.14
11, 100417.0,0.3488170515096455,0.12527647147273824,-0.6125275437631839,13503.93
10, 100418.0,-0.8317460740870789,-1.1845379375126739,1.1694571646246668,15407.68
2, 100419.0,-0.8317460740870789,-1.6211427405078112,-0.6125275437631839,19503.46
12, 100420.0,-0.8317460740870789,-0.7479331345175364,-0.6125275437631839,13628.93
15, 100421.0,-0.8317460740870789,1.4350908804581504,2.951441873012518,35937.19
8, 100422.0,2.709943302703094,2.308300486448425,-0.6125275437631839,22559.85
5, 100423.0,0.3488170515096455,0.12527647147273824,1.1694571646246668,17681.3
3, 100424.0,0.3488170515096455,0.9984860774630129,-0.6125275437631839,16755.78
7, 100425.0,0.3488170515096455,-0.7479331345175364,-0.6125275437631839,32171.63
9, 100426.0,0.3488170515096455,-1.1845379375126739,-0.6125275437631839,15034.02
1, 100427.0,-0.8317460740870789,-0.3113283315223991,-0.6125275437631839,16121.48
5, 100428.0,0.3488170515096455,0.12527647147273824,1.1694571646246668,13984.7
4, 100429.0,-0.8317460740870789,1.8716956834532876,-0.6125275437631839,11002.06
9, 100430.0,0.3488170515096455,-1.1845379375126739,-0.6125275437631839,19505.12
11, 100431.0,0.3488170515096455,0.12527647147273824,-0.6125275437631839,19313.51
9, 100432.0,0.3488170515096455,-1.6211427405078112,-0.6125275437631839,12891.38
12, 100433.0,-0.8317460740870789,-0.7479331345175364,-0.6125275437631839,12595.95
2, 100434.0,-0.8317460740870789,-2.0577475435029484,-0.6125275437631839,20498.54
1, 100435.0,-0.8317460740870789,-0.3113283315223991,-0.6125275437631839,11584.31
2, 100436.0,-0.8317460740870789,-2.0577475435029484,-0.6125275437631839,9582.63
14, 100437.0,1.5293801771063698,-0.3113283315223991,-0.6125275437631839,19235.46
10, 100438.0,-0.8317460740870789,-0.7479331345175364,1.1694571646246668,20147.19
3, 100439.0,1.5293801771063698,2.308300486448425,-0.6125275437631839,20257.13
14, 100440.0,1.5293801771063698,0.12527647147273824,-0.6125275437631839,17225.99
7, 100441.0,0.3488170515096455,-0.7479331345175364,-0.6125275437631839,10910.36
7, 100442.0,0.3488170515096455,-0.3113283315223991,-0.6125275437631839,18550.59
11, 100443.0,0.3488170515096455,0.12527647147273824,-0.6125275437631839,14077.07
2, 100444.0,-0.8317460740870789,-1.1845379375126739,-0.6125275437631839,15120.71
7, 100445.0,0.3488170515096455,-0.3113283315223991,-0.6125275437631839,6793.26
2, 100446.0,-0.8317460740870789,-1.1845379375126739,-0.6125275437631839,26397.69
7, 100447.0,0.3488170515096455,-0.7479331345175364,-0.6125275437631839,12327.34
14, 100448.0,1.5293801771063698,0.12527647147273824,-0.6125275437631839,16423.52
2, 100449.0,-0.8317460740870789,-1.1845379375126739,-0.6125275437631839,12229.62
6, 100450.0,-0.8317460740870789,0.5618812744678756,-0.6125275437631839,10545.87
2, 100451.0,-0.8317460740870789,-1.1845379375126739,-0.6125275437631839,26395.15
0, 100452.0,0.3488170515096455,1.4350908804581504,1.1694571646246668,15776.16
3, 100453.0,1.5293801771063698,0.9984860774630129,-0.6125275437631839,28385.31
2, 100454.0,-0.8317460740870789,-1.6211427405078112,-0.6125275437631839,8091.76
6, 100455.0,-0.8317460740870789,0.5618812744678756,-0.6125275437631839,27368.09
14, 100456.0,1.5293801771063698,-0.7479331345175364,-0.6125275437631839,23249.39
1, 100457.0,-0.8317460740870789,-0.3113283315223991,-0.6125275437631839,14847.04
2, 100458.0,-0.8317460740870789,-1.1845379375126739,-0.6125275437631839,13373.08
5, 100459.0,0.3488170515096455,-0.7479331345175364,1.1694571646246668,31624.05
4, 100460.0,-0.8317460740870789,1.4350908804581504,-0.6125275437631839,23538.74
3, 100461.0,0.3488170515096455,2.744905289443562,-0.6125275437631839,14145.01
1, 100462.0,-0.8317460740870789,0.12527647147273824,-0.6125275437631839,15556.03
11, 100463.0,0.3488170515096455,0.5618812744678756,-0.6125275437631839,10754.79
1, 100464.0,-0.8317460740870789,-0.3113283315223991,-0.6125275437631839,11830.16
2, 100465.0,-0.8317460740870789,-1.6211427405078112,-0.6125275437631839,12235.33
1, 100466.0,-0.8317460740870789,-0.3113283315223991,-0.6125275437631839,10526.43
5, 100467.0,0.3488170515096455,0.12527647147273824,2.951441873012518,39313.89
1, 100468.0,-0.8317460740870789,-0.3113283315223991,-0.6125275437631839,17949.29
11, 100469.0,0.3488170515096455,0.12527647147273824,-0.6125275437631839,13317.24
3, 100470.0,1.5293801771063698,1.4350908804581504,-0.6125275437631839,15437.81
12, 100471.0,-0.8317460740870789,-0.7479331345175364,-0.6125275437631839,10073.56
2, 100472.0,-0.8317460740870789,-1.6211427405078112,-0.6125275437631839,24324.44
7, 100473.0,0.3488170515096455,-0.3113283315223991,-0.6125275437631839,13005.01
11, 100474.0,0.3488170515096455,0.5618812744678756,-0.6125275437631839,12060.31
4, 100475.0,-0.8317460740870789,1.4350908804581504,-0.6125275437631839,5038.79
4, 100476.0,-0.8317460740870789,1.4350908804581504,-0.6125275437631839,16255.24
6, 100477.0,-0.8317460740870789,0.5618812744678756,-0.6125275437631839,11676.82
11, 100478.0,0.3488170515096455,0.12527647147273824,-0.6125275437631839,27050.85
7, 100479.0,0.3488170515096455,-0.3113283315223991,-0.6125275437631839,12776.71
3, 100480.0,1.5293801771063698,0.9984860774630129,-0.6125275437631839,18297.4
10, 100481.0,-0.8317460740870789,-0.7479331345175364,1.1694571646246668,11830.03
5, 100482.0,0.3488170515096455,-0.7479331345175364,1.1694571646246668,30858.11
0, 100483.0,0.3488170515096455,1.8716956834532876,1.1694571646246668,16352.83
1, 100484.0,-0.8317460740870789,0.12527647147273824,-0.6125275437631839,13449.34
3, 100485.0,1.5293801771063698,1.8716956834532876,-0.6125275437631839,32076.17
1, 100486.0,-0.8317460740870789,-0.3113283315223991,-0.6125275437631839,13235.02
0, 100487.0,1.5293801771063698,0.9984860774630129,1.1694571646246668,18875.88
15, 100488.0,-0.8317460740870789,0.5618812744678756,1.1694571646246668,38625.48
2, 100489.0,-0.8317460740870789,-1.1845379375126739,-0.6125275437631839,9094.21
3, 100490.0,0.3488170515096455,0.9984860774630129,-0.6125275437631839,19625.77
0, 100491.0,1.5293801771063698,4.491324501424112,1.1694571646246668,20079.55
3, 100492.0,0.3488170515096455,1.8716956834532876,-0.6125275437631839,39297.69
1, 100493.0,-0.8317460740870789,-0.3113283315223991,-0.6125275437631839,7857.18
5, 100494.0,1.5293801771063698,0.12527647147273824,1.1694571646246668,17883.62
5, 100495.0,0.3488170515096455,-0.3113283315223991,1.1694571646246668,20331.56
3, 100496.0,0.3488170515096455,0.9984860774630129,-0.6125275437631839,16359.97
12, 100497.0,-0.8317460740870789,-0.7479331345175364,-0.6125275437631839,14893.26
3, 100498.0,0.3488170515096455,1.8716956834532876,-0.6125275437631839,12857.04
12, 100499.0,-0.8317460740870789,-0.7479331345175364,-0.6125275437631839,10678.12
8, 100500.0,3.8905064282998185,2.308300486448425,-0.6125275437631839,24894.8
2, 100501.0,-0.8317460740870789,-1.1845379375126739,-0.6125275437631839,22238.52
7, 100502.0,0.3488170515096455,-0.7479331345175364,-0.6125275437631839,18951.87
5, 100503.0,0.3488170515096455,0.12527647147273824,1.1694571646246668,19304.11
7, 100504.0,0.3488170515096455,-0.3113283315223991,-0.6125275437631839,32401.55
4, 100505.0,-0.8317460740870789,0.9984860774630129,-0.6125275437631839,10776.25
7, 100506.0,0.3488170515096455,-0.3113283315223991,-0.6125275437631839,20739.6
9, 100507.0,0.3488170515096455,-1.6211427405078112,-0.6125275437631839,9477.83
15, 100508.0,-0.8317460740870789,0.12527647147273824,1.1694571646246668,14667.93
15, 100509.0,-0.8317460740870789,1.8716956834532876,1.1694571646246668,12825.39
3, 100510.0,0.3488170515096455,1.8716956834532876,-0.6125275437631839,13463.12
5, 100511.0,0.3488170515096455,-0.3113283315223991,1.1694571646246668,19456.91
12, 100512.0,-0.8317460740870789,-0.7479331345175364,-0.6125275437631839,12784.65
9, 100513.0,0.3488170515096455,-1.1845379375126739,-0.6125275437631839,17602.22
1, 100514.0,-0.8317460740870789,0.12527647147273824,-0.6125275437631839,16049.58
5, 100515.0,0.3488170515096455,-0.3113283315223991,2.951441873012518,32514.66
6, 100516.0,-0.8317460740870789,0.5618812744678756,-0.6125275437631839,10688.64
2, 100517.0,-0.8317460740870789,-1.1845379375126739,-0.6125275437631839,28228.53
2, 100518.0,-0.8317460740870789,-1.1845379375126739,-0.6125275437631839,14425.19
4, 100519.0,-0.8317460740870789,1.8716956834532876,-0.6125275437631839,12035.31
8, 100520.0,2.709943302703094,1.8716956834532876,-0.6125275437631839,21389.65
4, 100521.0,-0.8317460740870789,1.4350908804581504,-0.6125275437631839,12577.21
4, 100522.0,-0.8317460740870789,0.9984860774630129,-0.6125275437631839,14737.72
3, 100523.0,0.3488170515096455,2.744905289443562,-0.6125275437631839,30864.62
1, 100524.0,-0.8317460740870789,0.12527647147273824,-0.6125275437631839,13272.55
1, 100525.0,-0.8317460740870789,-0.3113283315223991,-0.6125275437631839,10799.05
2, 100526.0,-0.8317460740870789,-1.1845379375126739,-0.6125275437631839,14458.88
3, 100527.0,0.3488170515096455,0.9984860774630129,-0.6125275437631839,19059.28
8, 100528.0,2.709943302703094,2.308300486448425,-0.6125275437631839,39218.23
3, 100529.0,1.5293801771063698,0.9984860774630129,-0.6125275437631839,14071.45
11, 100530.0,0.3488170515096455,0.12527647147273824,-0.6125275437631839,19260.68
15, 100531.0,-0.8317460740870789,0.5618812744678756,1.1694571646246668,7921.66
2, 100532.0,-0.8317460740870789,-1.1845379375126739,-0.6125275437631839,10786.04
2, 100533.0,-0.8317460740870789,-2.0577475435029484,-0.6125275437631839,6426.78
3, 100534.0,0.3488170515096455,2.308300486448425,-0.6125275437631839,27685.19
7, 100535.0,0.3488170515096455,-0.3113283315223991,-0.6125275437631839,5808.61
1, 100536.0,-0.8317460740870789,0.12527647147273824,-0.6125275437631839,13951.45
3, 100537.0,0.3488170515096455,3.618114895433837,-0.6125275437631839,15692.03
15, 100538.0,-0.8317460740870789,0.9984860774630129,1.1694571646246668,18282.74
2, 100539.0,-0.8317460740870789,-1.1845379375126739,-0.6125275437631839,15088.03
0, 100540.0,1.5293801771063698,0.5618812744678756,2.951441873012518,26794.97
3, 100541.0,1.5293801771063698,1.4350908804581504,-0.6125275437631839,23746.54
1, 100542.0,-0.8317460740870789,-0.3113283315223991,-0.6125275437631839,25487.85
0, 100543.0,1.5293801771063698,0.9984860774630129,1.1694571646246668,19419.72
11, 100544.0,0.3488170515096455,0.12527647147273824,-0.6125275437631839,13904.02
0, 100545.0,0.3488170515096455,1.8716956834532876,2.951441873012518,24328.68
6, 100546.0,-0.8317460740870789,0.5618812744678756,-0.6125275437631839,9315.36
5, 100547.0,0.3488170515096455,0.12527647147273824,1.1694571646246668,33317.41
14, 100548.0,1.5293801771063698,-0.3113283315223991,-0.6125275437631839,26433.83
9, 100549.0,0.3488170515096455,-1.1845379375126739,-0.6125275437631839,23121.28
3, 100550.0,0.3488170515096455,1.4350908804581504,-0.6125275437631839,11944.72
11, 100551.0,0.3488170515096455,0.5618812744678756,-0.6125275437631839,27560.3
0, 100552.0,1.5293801771063698,0.9984860774630129,1.1694571646246668,22700.34
13, 100553.0,0.3488170515096455,-1.1845379375126739,2.951441873012518,18395.18
1, 100554.0,-0.8317460740870789,-0.3113283315223991,-0.6125275437631839,18993.18
11, 100555.0,0.3488170515096455,0.12527647147273824,-0.6125275437631839,24663.95
6, 100556.0,-0.8317460740870789,0.5618812744678756,-0.6125275437631839,13402.02
12, 100557.0,-0.8317460740870789,-0.7479331345175364,-0.6125275437631839,6086.38
2, 100558.0,-0.8317460740870789,-1.6211427405078112,-0.6125275437631839,11248.19
15, 100559.0,-0.8317460740870789,0.5618812744678756,1.1694571646246668,12247.92
12, 100560.0,-0.8317460740870789,-0.7479331345175364,-0.6125275437631839,6984.86
2, 100561.0,-0.8317460740870789,-1.6211427405078112,-0.6125275437631839,14901.48
10, 100562.0,-0.8317460740870789,-0.7479331345175364,1.1694571646246668,16387.49
1, 100563.0,-0.8317460740870789,-0.3113283315223991,-0.6125275437631839,6672.78
1, 100564.0,-0.8317460740870789,0.12527647147273824,-0.6125275437631839,7010.06
0, 100565.0,0.3488170515096455,0.5618812744678756,1.1694571646246668,16155.18
9, 100566.0,0.3488170515096455,-1.6211427405078112,-0.6125275437631839,22447.59
0, 100567.0,0.3488170515096455,0.9984860774630129,1.1694571646246668,17796.23
1, 100568.0,-0.8317460740870789,-0.3113283315223991,-0.6125275437631839,18024.86
15, 100569.0,-0.8317460740870789,-0.3113283315223991,1.1694571646246668,8366.48
1, 100570.0,-0.8317460740870789,-0.3113283315223991,-0.6125275437631839,16846.04
1, 100571.0,-0.8317460740870789,0.12527647147273824,-0.6125275437631839,11626.6
0, 100572.0,0.3488170515096455,0.5618812744678756,1.1694571646246668,24886.14
6, 100573.0,-0.8317460740870789,0.5618812744678756,-0.6125275437631839,11055.08
14, 100574.0,1.5293801771063698,0.12527647147273824,-0.6125275437631839,35115.56
4, 100575.0,-0.8317460740870789,1.4350908804581504,-0.6125275437631839,13550.56
5, 100576.0,0.3488170515096455,-0.7479331345175364,1.1694571646246668,15251.52
0, 100577.0,0.3488170515096455,0.5618812744678756,1.1694571646246668,17582.24
1, 100578.0,-0.8317460740870789,-0.3113283315223991,-0.6125275437631839,27894.28
2, 100579.0,-0.8317460740870789,-1.1845379375126739,-0.6125275437631839,7957.47
1, 100580.0,-0.8317460740870789,0.12527647147273824,-0.6125275437631839,23917.4
7, 100581.0,0.3488170515096455,-0.3113283315223991,-0.6125275437631839,16400.04
7, 100582.0,0.3488170515096455,-0.7479331345175364,-0.6125275437631839,13082.92
14, 100583.0,1.5293801771063698,-0.3113283315223991,-0.6125275437631839,15452.39
5, 100584.0,0.3488170515096455,-0.7479331345175364,1.1694571646246668,19548.83
0, 100585.0,0.3488170515096455,1.4350908804581504,1.1694571646246668,17441.07
5, 100586.0,0.3488170515096455,-0.3113283315223991,1.1694571646246668,12947.88
1, 100587.0,-0.8317460740870789,-0.3113283315223991,-0.6125275437631839,6316.05
7, 100588.0,0.3488170515096455,-0.3113283315223991,-0.6125275437631839,13679.5
12, 100589.0,-0.8317460740870789,-0.7479331345175364,-0.6125275437631839,29575.92
6, 100590.0,-0.8317460740870789,0.5618812744678756,-0.6125275437631839,8065.49
0, 100591.0,0.3488170515096455,0.5618812744678756,1.1694571646246668,13001.14
14, 100592.0,1.5293801771063698,-0.3113283315223991,-0.6125275437631839,25190.14
11, 100593.0,0.3488170515096455,0.5618812744678756,-0.6125275437631839,15094.08
2, 100594.0,-0.8317460740870789,-1.6211427405078112,-0.6125275437631839,10835.79
4, 100595.0,-0.8317460740870789,1.4350908804581504,-0.6125275437631839,10206.89
0, 100596.0,0.3488170515096455,0.5618812744678756,1.1694571646246668,18734.94
3, 100597.0,0.3488170515096455,0.9984860774630129,-0.6125275437631839,10353.98
1, 100598.0,-0.8317460740870789,0.12527647147273824,-0.6125275437631839,10023.48
11, 100599.0,0.3488170515096455,0.12527647147273824,-0.6125275437631839,28235.86
15, 100600.0,-0.8317460740870789,0.5618812744678756,1.1694571646246668,26939.79
4, 100601.0,-0.8317460740870789,1.4350908804581504,-0.6125275437631839,19376.98
10, 100602.0,-0.8317460740870789,-0.7479331345175364,1.1694571646246668,10481.41
5, 100603.0,0.3488170515096455,-0.7479331345175364,1.1694571646246668,27871.32
6, 100604.0,-0.8317460740870789,0.5618812744678756,-0.6125275437631839,8867.41
5, 100605.0,0.3488170515096455,-0.3113283315223991,1.1694571646246668,17994.77
11, 100606.0,0.3488170515096455,0.12527647147273824,-0.6125275437631839,11705.41
15, 100607.0,-0.8317460740870789,0.5618812744678756,1.1694571646246668,17152.18
9, 100608.0,0.3488170515096455,-1.6211427405078112,-0.6125275437631839,13063.47
0, 100609.0,0.3488170515096455,0.9984860774630129,1.1694571646246668,17631.81
3, 100610.0,0.3488170515096455,1.4350908804581504,-0.6125275437631839,21836.56
1, 100611.0,-0.8317460740870789,-0.3113283315223991,-0.6125275437631839,7337.97
3, 100612.0,0.3488170515096455,1.4350908804581504,-0.6125275437631839,15175.28
8, 100613.0,3.8905064282998185,2.308300486448425,-0.6125275437631839,41102.65
5, 100614.0,0.3488170515096455,-0.7479331345175364,1.1694571646246668,27472.51
2, 100615.0,-0.8317460740870789,-1.1845379375126739,-0.6125275437631839,7715.7
1, 100616.0,-0.8317460740870789,-0.3113283315223991,-0.6125275437631839,6204.32
3, 100617.0,0.3488170515096455,0.9984860774630129,-0.6125275437631839,12151.41
14, 100618.0,1.5293801771063698,0.12527647147273824,-0.6125275437631839,25772.86
0, 100619.0,1.5293801771063698,1.8716956834532876,2.951441873012518,28295.25
12, 100620.0,-0.8317460740870789,-0.7479331345175364,-0.6125275437631839,11429.53
15, 100621.0,-0.8317460740870789,0.12527647147273824,1.1694571646246668,17207.06
10, 100622.0,-0.8317460740870789,-1.1845379375126739,1.1694571646246668,41996.2
4, 100623.0,-0.8317460740870789,2.308300486448425,-0.6125275437631839,12478.31
8, 100624.0,2.709943302703094,0.5618812744678756,1.1694571646246668,35612.43
8, 100625.0,2.709943302703094,0.9984860774630129,1.1694571646246668,26756.52
4, 100626.0,-0.8317460740870789,0.9984860774630129,-0.6125275437631839,27736.21
9, 100627.0,0.3488170515096455,-1.1845379375126739,-0.6125275437631839,14799.14
7, 100628.0,0.3488170515096455,-0.3113283315223991,-0.6125275437631839,35058.04
11, 100629.0,0.3488170515096455,0.12527647147273824,-0.6125275437631839,24362.92
5, 100630.0,0.3488170515096455,-0.3113283315223991,1.1694571646246668,23904.35
14, 100631.0,1.5293801771063698,0.12527647147273824,-0.6125275437631839,9178.92
7, 100632.0,0.3488170515096455,-0.7479331345175364,-0.6125275437631839,25004.65
7, 100633.0,0.3488170515096455,-0.3113283315223991,-0.6125275437631839,21820.1
1, 100634.0,-0.8317460740870789,-0.3113283315223991,-0.6125275437631839,7687.76
12, 100635.0,-0.8317460740870789,-0.7479331345175364,-0.6125275437631839,15283.67
2, 100636.0,-0.8317460740870789,-1.1845379375126739,-0.6125275437631839,14388.81
15, 100637.0,-0.8317460740870789,-0.3113283315223991,1.1694571646246668,15045.5
9, 100638.0,1.5293801771063698,-1.1845379375126739,-0.6125275437631839,33345.55
11, 100639.0,0.3488170515096455,0.12527647147273824,-0.6125275437631839,14482.51
0, 100640.0,0.3488170515096455,0.9984860774630129,1.1694571646246668,11082.48
5, 100641.0,0.3488170515096455,-0.7479331345175364,1.1694571646246668,20205.55
2, 100642.0,-0.8317460740870789,-1.6211427405078112,-0.6125275437631839,12252.08
0, 100643.0,0.3488170515096455,0.9984860774630129,1.1694571646246668,20117.82
0, 100644.0,1.5293801771063698,1.4350908804581504,1.1694571646246668,18036.42
6, 100645.0,-0.8317460740870789,0.5618812744678756,-0.6125275437631839,13266.8
11, 100646.0,0.3488170515096455,0.5618812744678756,-0.6125275437631839,23039.01
7, 100647.0,0.3488170515096455,-0.3113283315223991,-0.6125275437631839,18113.65
8, 100648.0,2.709943302703094,0.5618812744678756,1.1694571646246668,19814.77
0, 100649.0,1.5293801771063698,0.9984860774630129,1.1694571646246668,31287.7
15, 100650.0,-0.8317460740870789,-0.3113283315223991,1.1694571646246668,17862.21
4, 100651.0,-0.8317460740870789,0.9984860774630129,-0.6125275437631839,12110.43
7, 100652.0,0.3488170515096455,-0.3113283315223991,-0.6125275437631839,24367.08
0, 100653.0,1.5293801771063698,0.5618812744678756,2.951441873012518,20805.72
14, 100654.0,1.5293801771063698,-0.3113283315223991,-0.6125275437631839,29895.54
1, 100655.0,-0.8317460740870789,0.12527647147273824,-0.6125275437631839,12414.96
2, 100656.0,-0.8317460740870789,-1.1845379375126739,-0.6125275437631839,8950.38
11, 100657.0,0.3488170515096455,0.5618812744678756,-0.6125275437631839,16943.52
6, 100658.0,-0.8317460740870789,0.5618812744678756,-0.6125275437631839,11916.37
3, 100659.0,0.3488170515096455,0.9984860774630129,-0.6125275437631839,8706.13
0, 100660.0,0.3488170515096455,0.5618812744678756,2.951441873012518,21248.83
6, 100661.0,-0.8317460740870789,0.5618812744678756,-0.6125275437631839,10752.89
3, 100662.0,0.3488170515096455,1.8716956834532876,-0.6125275437631839,25721.55
2, 100663.0,-0.8317460740870789,-1.1845379375126739,-0.6125275437631839,18163.54
14, 100664.0,1.5293801771063698,-0.7479331345175364,-0.6125275437631839,15012.98
3, 100665.0,0.3488170515096455,1.4350908804581504,-0.6125275437631839,17374.31
6, 100666.0,-0.8317460740870789,0.5618812744678756,-0.6125275437631839,15409.51
12, 100667.0,-0.8317460740870789,-0.7479331345175364,-0.6125275437631839,11616.89
5, 100668.0,0.3488170515096455,-0.3113283315223991,1.1694571646246668,16998.19
4, 100669.0,-0.8317460740870789,1.4350908804581504,-0.6125275437631839,7770.31
0, 100670.0,1.5293801771063698,1.4350908804581504,2.951441873012518,30289.54
12, 100671.0,-0.8317460740870789,-0.7479331345175364,-0.6125275437631839,27842.12
1, 100672.0,-0.8317460740870789,-0.3113283315223991,-0.6125275437631839,8289.05
11, 100673.0,0.3488170515096455,0.5618812744678756,-0.6125275437631839,18004.0
12, 100674.0,-0.8317460740870789,-0.7479331345175364,-0.6125275437631839,7533.06
1, 100675.0,-0.8317460740870789,-0.3113283315223991,-0.6125275437631839,23183.27
15, 100676.0,-0.8317460740870789,0.12527647147273824,1.1694571646246668,15810.11
9, 100677.0,0.3488170515096455,-1.1845379375126739,-0.6125275437631839,14080.98
8, 100678.0,2.709943302703094,0.5618812744678756,1.1694571646246668,26151.9
3, 100679.0,0.3488170515096455,0.9984860774630129,-0.6125275437631839,20478.23
3, 100680.0,0.3488170515096455,1.8716956834532876,-0.6125275437631839,14208.04
12, 100681.0,-0.8317460740870789,-0.7479331345175364,-0.6125275437631839,11399.35
5, 100682.0,0.3488170515096455,-0.7479331345175364,2.951441873012518,20607.98
14, 100683.0,1.5293801771063698,-0.3113283315223991,-0.6125275437631839,14429.68
2, 100684.0,-0.8317460740870789,-1.1845379375126739,-0.6125275437631839,24737.08
10, 100685.0,-0.8317460740870789,-1.1845379375126739,1.1694571646246668,19680.68
12, 100686.0,-0.8317460740870789,-0.7479331345175364,-0.6125275437631839,11360.3
5, 100687.0,0.3488170515096455,0.12527647147273824,1.1694571646246668,13362.57
15, 100688.0,-0.8317460740870789,-0.3113283315223991,1.1694571646246668,11018.62
0, 100689.0,0.3488170515096455,1.4350908804581504,1.1694571646246668,20982.01
10, 100690.0,-0.8317460740870789,-0.7479331345175364,1.1694571646246668,14588.39
2, 100691.0,-0.8317460740870789,-1.6211427405078112,-0.6125275437631839,28383.79
1, 100692.0,-0.8317460740870789,0.12527647147273824,-0.6125275437631839,10499.57
1, 100693.0,-0.8317460740870789,-0.3113283315223991,-0.6125275437631839,17235.25
5, 100694.0,0.3488170515096455,0.12527647147273824,1.1694571646246668,15200.51
14, 100695.0,1.5293801771063698,-0.3113283315223991,-0.6125275437631839,21750.55
11, 100696.0,0.3488170515096455,0.5618812744678756,-0.6125275437631839,16765.11
3, 100697.0,1.5293801771063698,0.9984860774630129,-0.6125275437631839,13605.48
12, 100698.0,-0.8317460740870789,-0.7479331345175364,-0.6125275437631839,20225.53
13, 100699.0,0.3488170515096455,-1.6211427405078112,1.1694571646246668,16002.86
1, 100700.0,-0.8317460740870789,-0.3113283315223991,-0.6125275437631839,18811.34
8, 100701.0,3.8905064282998185,1.4350908804581504,1.1694571646246668,40761.77
5, 100702.0,0.3488170515096455,-0.3113283315223991,1.1694571646246668,18659.48
1, 100703.0,-0.8317460740870789,-0.3113283315223991,-0.6125275437631839,11128.79
11, 100704.0,0.3488170515096455,0.5618812744678756,-0.6125275437631839,13926.01
11, 100705.0,0.3488170515096455,0.12527647147273824,-0.6125275437631839,27723.66
15, 100706.0,-0.8317460740870789,1.4350908804581504,1.1694571646246668,10153.67
3, 100707.0,0.3488170515096455,0.9984860774630129,-0.6125275437631839,11795.61
7, 100708.0,0.3488170515096455,-0.3113283315223991,-0.6125275437631839,12151.53
14, 100709.0,2.709943302703094,0.9984860774630129,-0.6125275437631839,30005.82
12, 100710.0,-0.8317460740870789,-0.7479331345175364,-0.6125275437631839,12707.68
15, 100711.0,-0.8317460740870789,0.12527647147273824,1.1694571646246668,18288.04
6, 100712.0,-0.8317460740870789,0.5618812744678756,-0.6125275437631839,29959.3
5, 100713.0,0.3488170515096455,-0.7479331345175364,1.1694571646246668,19685.89
2, 100714.0,-0.8317460740870789,-1.6211427405078112,-0.6125275437631839,8500.41
9, 100715.0,0.3488170515096455,-1.6211427405078112,-0.6125275437631839,20795.21
4, 100716.0,-0.8317460740870789,1.4350908804581504,-0.6125275437631839,22657.78
6, 100717.0,-0.8317460740870789,0.5618812744678756,-0.6125275437631839,11318.57
12, 100718.0,-0.8317460740870789,-0.7479331345175364,-0.6125275437631839,13748.03
6, 100719.0,-0.8317460740870789,0.5618812744678756,-0.6125275437631839,6701.02
12, 100720.0,-0.8317460740870789,-0.7479331345175364,-0.6125275437631839,9745.95
1, 100721.0,-0.8317460740870789,0.12527647147273824,-0.6125275437631839,10037.91
5, 100722.0,1.5293801771063698,0.12527647147273824,2.951441873012518,28031.68
14, 100723.0,2.709943302703094,0.5618812744678756,-0.6125275437631839,17766.71
1, 100724.0,-0.8317460740870789,-0.3113283315223991,-0.6125275437631839,11384.55
12, 100725.0,-0.8317460740870789,-0.7479331345175364,-0.6125275437631839,16053.68
4, 100726.0,-0.8317460740870789,0.9984860774630129,-0.6125275437631839,10743.4
15, 100727.0,-0.8317460740870789,-0.3113283315223991,1.1694571646246668,27480.06
7, 100728.0,0.3488170515096455,-0.3113283315223991,-0.6125275437631839,16209.16
3, 100729.0,1.5293801771063698,2.308300486448425,-0.6125275437631839,22736.82
4, 100730.0,-0.8317460740870789,0.9984860774630129,-0.6125275437631839,13680.93
1, 100731.0,-0.8317460740870789,-0.3113283315223991,-0.6125275437631839,7636.36
14, 100732.0,1.5293801771063698,0.5618812744678756,-0.6125275437631839,22512.63
0, 100733.0,0.3488170515096455,0.9984860774630129,1.1694571646246668,17658.33
2, 100734.0,-0.8317460740870789,-1.1845379375126739,-0.6125275437631839,31745.69
10, 100735.0,-0.8317460740870789,-1.1845379375126739,1.1694571646246668,16435.23
1, 100736.0,-0.8317460740870789,-0.3113283315223991,-0.6125275437631839,12027.34
12, 100737.0,-0.8317460740870789,-0.7479331345175364,-0.6125275437631839,22949.68
0, 100738.0,0.3488170515096455,3.1815100924386996,1.1694571646246668,35145.89
15, 100739.0,-0.8317460740870789,-0.3113283315223991,1.1694571646246668,18843.97
4, 100740.0,-0.8317460740870789,0.9984860774630129,-0.6125275437631839,23264.09
2, 100741.0,-0.8317460740870789,-1.1845379375126739,-0.6125275437631839,5382.4
1, 100742.0,-0.8317460740870789,0.12527647147273824,-0.6125275437631839,8309.07
7, 100743.0,0.3488170515096455,-0.3113283315223991,-0.6125275437631839,14566.43
1, 100744.0,-0.8317460740870789,-0.3113283315223991,-0.6125275437631839,30533.67
6, 100745.0,-0.8317460740870789,0.5618812744678756,-0.6125275437631839,3570.13
11, 100746.0,0.3488170515096455,0.12527647147273824,-0.6125275437631839,16868.08
4, 100747.0,-0.8317460740870789,0.9984860774630129,-0.6125275437631839,30623.61
5, 100748.0,0.3488170515096455,0.12527647147273824,1.1694571646246668,14533.65
15, 100749.0,-0.8317460740870789,0.9984860774630129,1.1694571646246668,15416.43
3, 100750.0,0.3488170515096455,0.9984860774630129,-0.6125275437631839,12434.6
4, 100751.0,-0.8317460740870789,1.8716956834532876,-0.6125275437631839,17363.02
14, 100752.0,2.709943302703094,0.12527647147273824,-0.6125275437631839,17552.16
13, 100753.0,0.3488170515096455,-1.1845379375126739,1.1694571646246668,31580.4
1, 100754.0,-0.8317460740870789,-0.3113283315223991,-0.6125275437631839,32475.76
6, 100755.0,-0.8317460740870789,0.5618812744678756,-0.6125275437631839,15489.95
1, 100756.0,-0.8317460740870789,-0.3113283315223991,-0.6125275437631839,29944.32
2, 100757.0,-0.8317460740870789,-1.1845379375126739,-0.6125275437631839,5373.81
5, 100758.0,0.3488170515096455,0.12527647147273824,4.733426581400368,27084.88
7, 100759.0,0.3488170515096455,-0.3113283315223991,-0.6125275437631839,11152.95
3, 100760.0,1.5293801771063698,1.4350908804581504,-0.6125275437631839,14881.33
4, 100761.0,-0.8317460740870789,0.9984860774630129,-0.6125275437631839,8865.2
7, 100762.0,0.3488170515096455,-0.3113283315223991,-0.6125275437631839,13529.44
0, 100763.0,0.3488170515096455,0.5618812744678756,1.1694571646246668,20068.07
2, 100764.0,-0.8317460740870789,-1.1845379375126739,-0.6125275437631839,18058.81
14, 100765.0,1.5293801771063698,-0.3113283315223991,-0.6125275437631839,15436.34
0, 100766.0,0.3488170515096455,0.9984860774630129,1.1694571646246668,17158.85
11, 100767.0,0.3488170515096455,0.12527647147273824,-0.6125275437631839,13293.92
11, 100768.0,0.3488170515096455,0.5618812744678756,-0.6125275437631839,13790.83
1, 100769.0,-0.8317460740870789,0.12527647147273824,-0.6125275437631839,12335.73
1, 100770.0,-0.8317460740870789,-0.3113283315223991,-0.6125275437631839,14513.85
10, 100771.0,-0.8317460740870789,-0.7479331345175364,1.1694571646246668,31664.4
1, 100772.0,-0.8317460740870789,-0.3113283315223991,-0.6125275437631839,10268.33
15, 100773.0,-0.8317460740870789,1.8716956834532876,1.1694571646246668,11845.23
15, 100774.0,-0.8317460740870789,0.12527647147273824,1.1694571646246668,11932.09
6, 100775.0,-0.8317460740870789,0.5618812744678756,-0.6125275437631839,28272.45
7, 100776.0,0.3488170515096455,-0.3113283315223991,-0.6125275437631839,29526.59
0, 100777.0,0.3488170515096455,1.4350908804581504,1.1694571646246668,15745.66
11, 100778.0,0.3488170515096455,0.12527647147273824,-0.6125275437631839,13959.25
1, 100779.0,-0.8317460740870789,-0.3113283315223991,-0.6125275437631839,6542.44
0, 100780.0,0.3488170515096455,0.9984860774630129,1.1694571646246668,18514.06
2, 100781.0,-0.8317460740870789,-1.6211427405078112,-0.6125275437631839,4532.02
15, 100782.0,-0.8317460740870789,1.4350908804581504,1.1694571646246668,19604.05
3, 100783.0,1.5293801771063698,2.308300486448425,-0.6125275437631839,23704.67
6, 100784.0,-0.8317460740870789,0.5618812744678756,-0.6125275437631839,12913.18
15, 100785.0,-0.8317460740870789,-0.3113283315223991,1.1694571646246668,18425.52
3, 100786.0,0.3488170515096455,1.8716956834532876,-0.6125275437631839,16597.33
10, 100787.0,-0.8317460740870789,-0.7479331345175364,1.1694571646246668,24382.51
12, 100788.0,-0.8317460740870789,-0.7479331345175364,-0.6125275437631839,24748.24
6, 100789.0,-0.8317460740870789,0.5618812744678756,-0.6125275437631839,23646.25
13, 100790.0,0.3488170515096455,-1.1845379375126739,1.1694571646246668,12682.34
2, 100791.0,-0.8317460740870789,-1.1845379375126739,-0.6125275437631839,12422.0
8, 100792.0,2.709943302703094,0.5618812744678756,1.1694571646246668,24682.99
9, 100793.0,1.5293801771063698,-1.1845379375126739,-0.6125275437631839,17887.15
11, 100794.0,0.3488170515096455,0.12527647147273824,-0.6125275437631839,12910.05
14, 100795.0,1.5293801771063698,0.5618812744678756,-0.6125275437631839,18170.07
1, 100796.0,-0.8317460740870789,0.12527647147273824,-0.6125275437631839,5844.72
7, 100797.0,0.3488170515096455,-0.3113283315223991,-0.6125275437631839,27673.92
14, 100798.0,1.5293801771063698,0.5618812744678756,-0.6125275437631839,27549.54
9, 100799.0,0.3488170515096455,-1.1845379375126739,-0.6125275437631839,24607.14
7, 100800.0,0.3488170515096455,-0.3113283315223991,-0.6125275437631839,14724.44
0, 100801.0,0.3488170515096455,4.054719698428975,1.1694571646246668,16930.22
14, 100802.0,1.5293801771063698,-0.7479331345175364,-0.6125275437631839,21783.01
15, 100803.0,-0.8317460740870789,-0.3113283315223991,1.1694571646246668,16225.57
13, 100804.0,0.3488170515096455,-2.0577475435029484,1.1694571646246668,15156.33
14, 100805.0,1.5293801771063698,0.5618812744678756,-0.6125275437631839,19439.16
0, 100806.0,0.3488170515096455,0.9984860774630129,1.1694571646246668,19964.25
7, 100807.0,0.3488170515096455,-0.3113283315223991,-0.6125275437631839,29934.86
2, 100808.0,-0.8317460740870789,-1.6211427405078112,-0.6125275437631839,7771.4
0, 100809.0,1.5293801771063698,0.9984860774630129,1.1694571646246668,28920.58
10, 100810.0,-0.8317460740870789,-0.3113283315223991,2.951441873012518,23957.86
0, 100811.0,0.3488170515096455,1.4350908804581504,1.1694571646246668,13380.8
5, 100812.0,1.5293801771063698,-0.3113283315223991,1.1694571646246668,13647.94
8, 100813.0,2.709943302703094,2.744905289443562,-0.6125275437631839,38419.44
1, 100814.0,-0.8317460740870789,0.12527647147273824,-0.6125275437631839,19294.1
4, 100815.0,-0.8317460740870789,0.9984860774630129,-0.6125275437631839,27568.2
7, 100816.0,0.3488170515096455,-0.7479331345175364,-0.6125275437631839,34653.75
2, 100817.0,-0.8317460740870789,-1.1845379375126739,-0.6125275437631839,21771.53
3, 100818.0,0.3488170515096455,2.308300486448425,-0.6125275437631839,30845.18
7, 100819.0,0.3488170515096455,-0.3113283315223991,-0.6125275437631839,15655.87
1, 100820.0,-0.8317460740870789,-0.3113283315223991,-0.6125275437631839,17042.91
2, 100821.0,-0.8317460740870789,-1.1845379375126739,-0.6125275437631839,9981.42
11, 100822.0,0.3488170515096455,0.12527647147273824,-0.6125275437631839,17884.57
7, 100823.0,0.3488170515096455,-0.3113283315223991,-0.6125275437631839,18605.04
12, 100824.0,-0.8317460740870789,-0.7479331345175364,-0.6125275437631839,6977.55
15, 100825.0,-0.8317460740870789,0.5618812744678756,1.1694571646246668,16425.36
2, 100826.0,-0.8317460740870789,-2.0577475435029484,-0.6125275437631839,17062.55
15, 100827.0,-0.8317460740870789,0.12527647147273824,2.951441873012518,21619.33
11, 100828.0,0.3488170515096455,0.12527647147273824,-0.6125275437631839,15932.09
3, 100829.0,1.5293801771063698,0.9984860774630129,-0.6125275437631839,35125.65
10, 100830.0,-0.8317460740870789,-0.7479331345175364,1.1694571646246668,10533.49
1, 100831.0,-0.8317460740870789,-0.3113283315223991,-0.6125275437631839,8074.83
5, 100832.0,0.3488170515096455,-0.7479331345175364,1.1694571646246668,13825.14
1, 100833.0,-0.8317460740870789,0.12527647147273824,-0.6125275437631839,10872.12
1, 100834.0,-0.8317460740870789,-0.3113283315223991,-0.6125275437631839,16075.16
4, 100835.0,-0.8317460740870789,0.9984860774630129,-0.6125275437631839,11919.23
1, 100836.0,-0.8317460740870789,-0.3113283315223991,-0.6125275437631839,9171.19
1, 100837.0,-0.8317460740870789,-0.3113283315223991,-0.6125275437631839,12412.12
11, 100838.0,0.3488170515096455,0.5618812744678756,-0.6125275437631839,11111.47
0, 100839.0,0.3488170515096455,2.308300486448425,1.1694571646246668,22817.51
10, 100840.0,-0.8317460740870789,-0.7479331345175364,1.1694571646246668,16797.84
4, 100841.0,-0.8317460740870789,0.9984860774630129,-0.6125275437631839,16560.31
11, 100842.0,0.3488170515096455,0.12527647147273824,-0.6125275437631839,19377.8
6, 100843.0,-0.8317460740870789,0.5618812744678756,-0.6125275437631839,17181.49
8, 100844.0,2.709943302703094,0.9984860774630129,1.1694571646246668,31557.63
15, 100845.0,-0.8317460740870789,0.9984860774630129,1.1694571646246668,29499.96
12, 100846.0,-0.8317460740870789,-0.7479331345175364,-0.6125275437631839,4677.88
14, 100847.0,1.5293801771063698,0.5618812744678756,-0.6125275437631839,31536.38
15, 100848.0,-0.8317460740870789,-0.3113283315223991,1.1694571646246668,29692.1
5, 100849.0,1.5293801771063698,-0.3113283315223991,2.951441873012518,30662.16
7, 100850.0,0.3488170515096455,-0.3113283315223991,-0.6125275437631839,13273.07
10, 100851.0,-0.8317460740870789,-1.1845379375126739,1.1694571646246668,15990.75
11, 100852.0,0.3488170515096455,0.5618812744678756,-0.6125275437631839,12841.39
0, 100853.0,1.5293801771063698,1.4350908804581504,1.1694571646246668,28950.23
0, 100854.0,1.5293801771063698,0.9984860774630129,1.1694571646246668,18820.74
13, 100855.0,0.3488170515096455,-1.6211427405078112,1.1694571646246668,26638.69
13, 100856.0,2.709943302703094,-1.1845379375126739,1.1694571646246668,28003.1
10, 100857.0,-0.8317460740870789,-1.6211427405078112,1.1694571646246668,11967.74
12, 100858.0,-0.8317460740870789,-0.7479331345175364,-0.6125275437631839,14779.01
15, 100859.0,-0.8317460740870789,-0.3113283315223991,1.1694571646246668,24924.07
10, 100860.0,-0.8317460740870789,-0.7479331345175364,1.1694571646246668,10307.77
4, 100861.0,-0.8317460740870789,0.9984860774630129,-0.6125275437631839,26308.76
4, 100862.0,-0.8317460740870789,0.9984860774630129,-0.6125275437631839,10150.02
15, 100863.0,-0.8317460740870789,0.5618812744678756,1.1694571646246668,32722.04
11, 100864.0,0.3488170515096455,0.12527647147273824,-0.6125275437631839,13463.73
1, 100865.0,-0.8317460740870789,-0.3113283315223991,-0.6125275437631839,10205.17
11, 100866.0,0.3488170515096455,0.5618812744678756,-0.6125275437631839,8052.19
1, 100867.0,-0.8317460740870789,-0.3113283315223991,-0.6125275437631839,8731.2
1, 100868.0,-0.8317460740870789,0.12527647147273824,-0.6125275437631839,11157.3
0, 100869.0,1.5293801771063698,1.8716956834532876,1.1694571646246668,19868.79
9, 100870.0,1.5293801771063698,-1.1845379375126739,-0.6125275437631839,26595.47
3, 100871.0,0.3488170515096455,1.4350908804581504,-0.6125275437631839,31950.65
0, 100872.0,1.5293801771063698,0.9984860774630129,1.1694571646246668,33331.74
11, 100873.0,0.3488170515096455,0.12527647147273824,-0.6125275437631839,24224.19
3, 100874.0,0.3488170515096455,2.744905289443562,-0.6125275437631839,22594.69
5, 100875.0,0.3488170515096455,-0.7479331345175364,1.1694571646246668,19366.7
6, 100876.0,-0.8317460740870789,0.5618812744678756,-0.6125275437631839,9230.48
11, 100877.0,0.3488170515096455,0.12527647147273824,-0.6125275437631839,30478.87
5, 100878.0,0.3488170515096455,0.12527647147273824,1.1694571646246668,19458.4
12, 100879.0,-0.8317460740870789,-0.7479331345175364,-0.6125275437631839,24743.38
2, 100880.0,-0.8317460740870789,-1.1845379375126739,-0.6125275437631839,13525.06
0, 100881.0,0.3488170515096455,1.4350908804581504,1.1694571646246668,16515.14
5, 100882.0,1.5293801771063698,-0.3113283315223991,1.1694571646246668,19916.39
3, 100883.0,1.5293801771063698,0.9984860774630129,-0.6125275437631839,9729.42
3, 100884.0,0.3488170515096455,2.308300486448425,-0.6125275437631839,12632.39
11, 100885.0,0.3488170515096455,0.5618812744678756,-0.6125275437631839,14201.38
4, 100886.0,-0.8317460740870789,1.4350908804581504,-0.6125275437631839,11369.15
1, 100887.0,-0.8317460740870789,-0.3113283315223991,-0.6125275437631839,29302.97
1, 100888.0,-0.8317460740870789,-0.3113283315223991,-0.6125275437631839,11221.37
11, 100889.0,0.3488170515096455,0.5618812744678756,-0.6125275437631839,30783.19
6, 100890.0,-0.8317460740870789,0.5618812744678756,-0.6125275437631839,12497.69
5, 100891.0,0.3488170515096455,0.12527647147273824,1.1694571646246668,20834.6
10, 100892.0,-0.8317460740870789,-1.6211427405078112,1.1694571646246668,13272.0
14, 100893.0,1.5293801771063698,-0.7479331345175364,-0.6125275437631839,13216.11
8, 100894.0,2.709943302703094,1.4350908804581504,1.1694571646246668,30198.51
0, 100895.0,0.3488170515096455,0.9984860774630129,1.1694571646246668,16853.65
12, 100896.0,-0.8317460740870789,-0.7479331345175364,-0.6125275437631839,22991.58
7, 100897.0,0.3488170515096455,-0.3113283315223991,-0.6125275437631839,22603.27
2, 100898.0,-0.8317460740870789,-1.1845379375126739,-0.6125275437631839,11249.8
3, 100899.0,0.3488170515096455,1.8716956834532876,-0.6125275437631839,22904.34
2, 100900.0,-0.8317460740870789,-1.1845379375126739,-0.6125275437631839,5490.55
13, 100901.0,0.3488170515096455,-1.1845379375126739,1.1694571646246668,12293.41
6, 100902.0,-0.8317460740870789,0.5618812744678756,-0.6125275437631839,7351.98
1, 100903.0,-0.8317460740870789,0.12527647147273824,-0.6125275437631839,26088.8
1, 100904.0,-0.8317460740870789,0.12527647147273824,-0.6125275437631839,13090.7
1, 100905.0,-0.8317460740870789,0.12527647147273824,-0.6125275437631839,22396.77
11, 100906.0,0.3488170515096455,0.12527647147273824,-0.6125275437631839,16831.92
7, 100907.0,0.3488170515096455,-0.7479331345175364,-0.6125275437631839,17939.59
5, 100908.0,0.3488170515096455,-0.7479331345175364,1.1694571646246668,13697.83
0, 100909.0,0.3488170515096455,0.9984860774630129,1.1694571646246668,15126.05
7, 100910.0,0.3488170515096455,-0.7479331345175364,-0.6125275437631839,26956.37
1, 100911.0,-0.8317460740870789,-0.3113283315223991,-0.6125275437631839,9081.24
2, 100912.0,-0.8317460740870789,-1.1845379375126739,-0.6125275437631839,9172.52
1, 100913.0,-0.8317460740870789,-0.3113283315223991,-0.6125275437631839,19756.69
3, 100914.0,1.5293801771063698,3.1815100924386996,-0.6125275437631839,15165.01
12, 100915.0,-0.8317460740870789,-0.7479331345175364,-0.6125275437631839,14911.44
3, 100916.0,0.3488170515096455,1.4350908804581504,-0.6125275437631839,23506.97
14, 100917.0,2.709943302703094,0.5618812744678756,-0.6125275437631839,21384.18
8, 100918.0,2.709943302703094,3.618114895433837,1.1694571646246668,18913.31
12, 100919.0,-0.8317460740870789,-0.7479331345175364,-0.6125275437631839,11175.02
9, 100920.0,0.3488170515096455,-1.1845379375126739,-0.6125275437631839,14691.47
5, 100921.0,1.5293801771063698,0.12527647147273824,1.1694571646246668,17309.13
9, 100922.0,0.3488170515096455,-1.1845379375126739,-0.6125275437631839,12452.23
3, 100923.0,0.3488170515096455,0.9984860774630129,-0.6125275437631839,13281.45
1, 100924.0,-0.8317460740870789,-0.3113283315223991,-0.6125275437631839,23534.52
7, 100925.0,0.3488170515096455,-0.7479331345175364,-0.6125275437631839,10016.1
0, 100926.0,1.5293801771063698,0.5618812744678756,1.1694571646246668,27621.33
7, 100927.0,0.3488170515096455,-0.7479331345175364,-0.6125275437631839,11348.05
1, 100928.0,-0.8317460740870789,-0.3113283315223991,-0.6125275437631839,12540.56
5, 100929.0,0.3488170515096455,-0.3113283315223991,1.1694571646246668,12816.09
3, 100930.0,0.3488170515096455,1.8716956834532876,-0.6125275437631839,9657.82
4, 100931.0,-0.8317460740870789,0.9984860774630129,-0.6125275437631839,16121.57
11, 100932.0,0.3488170515096455,0.12527647147273824,-0.6125275437631839,11320.11
12, 100933.0,-0.8317460740870789,-0.7479331345175364,-0.6125275437631839,16019.65
11, 100934.0,0.3488170515096455,0.12527647147273824,-0.6125275437631839,14269.14
5, 100935.0,0.3488170515096455,-0.3113283315223991,1.1694571646246668,24960.03
1, 100936.0,-0.8317460740870789,0.12527647147273824,-0.6125275437631839,18320.75
4, 100937.0,-0.8317460740870789,2.308300486448425,-0.6125275437631839,15329.78
15, 100938.0,-0.8317460740870789,-0.3113283315223991,1.1694571646246668,29597.53
6, 100939.0,-0.8317460740870789,0.5618812744678756,-0.6125275437631839,28586.5
10, 100940.0,-0.8317460740870789,-0.7479331345175364,1.1694571646246668,11400.4
12, 100941.0,-0.8317460740870789,-0.7479331345175364,-0.6125275437631839,10013.18
12, 100942.0,-0.8317460740870789,-0.7479331345175364,-0.6125275437631839,13676.87
6, 100943.0,-0.8317460740870789,0.5618812744678756,-0.6125275437631839,12682.58
0, 100944.0,1.5293801771063698,3.1815100924386996,1.1694571646246668,36891.4
3, 100945.0,0.3488170515096455,0.9984860774630129,-0.6125275437631839,29154.81
6, 100946.0,-0.8317460740870789,0.5618812744678756,-0.6125275437631839,16235.71
9, 100947.0,0.3488170515096455,-1.1845379375126739,-0.6125275437631839,20578.82
5, 100948.0,0.3488170515096455,-0.7479331345175364,1.1694571646246668,19898.94
0, 100949.0,0.3488170515096455,1.4350908804581504,1.1694571646246668,23901.42
12, 100950.0,-0.8317460740870789,-0.7479331345175364,-0.6125275437631839,14500.58
10, 100951.0,-0.8317460740870789,-1.1845379375126739,1.1694571646246668,19510.99
5, 100952.0,0.3488170515096455,-0.7479331345175364,1.1694571646246668,18689.85
1, 100953.0,-0.8317460740870789,-0.3113283315223991,-0.6125275437631839,10655.56
0, 100954.0,0.3488170515096455,1.4350908804581504,1.1694571646246668,22334.54
12, 100955.0,-0.8317460740870789,-0.7479331345175364,-0.6125275437631839,22892.67
5, 100956.0,0.3488170515096455,0.12527647147273824,1.1694571646246668,21919.37
1, 100957.0,-0.8317460740870789,0.12527647147273824,-0.6125275437631839,17550.91
5, 100958.0,0.3488170515096455,0.12527647147273824,1.1694571646246668,22202.99
10, 100959.0,-0.8317460740870789,-0.3113283315223991,2.951441873012518,15021.19
15, 100960.0,-0.8317460740870789,0.12527647147273824,1.1694571646246668,13520.32
14, 100961.0,2.709943302703094,0.9984860774630129,-0.6125275437631839,23424.96
3, 100962.0,1.5293801771063698,0.9984860774630129,-0.6125275437631839,14645.04
7, 100963.0,0.3488170515096455,-0.3113283315223991,-0.6125275437631839,15277.41
4, 100964.0,-0.8317460740870789,1.8716956834532876,-0.6125275437631839,20097.86
12, 100965.0,-0.8317460740870789,-0.7479331345175364,-0.6125275437631839,13743.66
9, 100966.0,0.3488170515096455,-1.1845379375126739,-0.6125275437631839,13635.74
0, 100967.0,0.3488170515096455,1.8716956834532876,2.951441873012518,22531.86
1, 100968.0,-0.8317460740870789,0.12527647147273824,-0.6125275437631839,11421.77
3, 100969.0,0.3488170515096455,1.4350908804581504,-0.6125275437631839,11426.55
3, 100970.0,0.3488170515096455,0.9984860774630129,-0.6125275437631839,23137.32
0, 100971.0,1.5293801771063698,2.744905289443562,1.1694571646246668,15298.91
1, 100972.0,-0.8317460740870789,0.12527647147273824,-0.6125275437631839,7407.4
11, 100973.0,0.3488170515096455,0.12527647147273824,-0.6125275437631839,33453.64
5, 100974.0,1.5293801771063698,-0.7479331345175364,1.1694571646246668,21519.27
3, 100975.0,0.3488170515096455,1.8716956834532876,-0.6125275437631839,19517.33
4, 100976.0,-0.8317460740870789,1.4350908804581504,-0.6125275437631839,7897.06
7, 100977.0,0.3488170515096455,-0.7479331345175364,-0.6125275437631839,14545.87
15, 100978.0,-0.8317460740870789,0.5618812744678756,1.1694571646246668,12779.61
8, 100979.0,5.071069553896543,1.4350908804581504,2.951441873012518,35545.75
7, 100980.0,0.3488170515096455,-0.7479331345175364,-0.6125275437631839,13200.95
3, 100981.0,1.5293801771063698,1.8716956834532876,-0.6125275437631839,22188.9
8, 100982.0,2.709943302703094,0.5618812744678756,1.1694571646246668,22058.35
10, 100983.0,-0.8317460740870789,-0.7479331345175364,1.1694571646246668,8084.56
9, 100984.0,0.3488170515096455,-1.1845379375126739,-0.6125275437631839,18116.31
1, 100985.0,-0.8317460740870789,0.12527647147273824,-0.6125275437631839,16584.11
10, 100986.0,-0.8317460740870789,-0.7479331345175364,2.951441873012518,17198.14
3, 100987.0,0.3488170515096455,0.9984860774630129,-0.6125275437631839,14710.49
0, 100988.0,0.3488170515096455,2.308300486448425,1.1694571646246668,17236.06
6, 100989.0,-0.8317460740870789,0.5618812744678756,-0.6125275437631839,11300.74
3, 100990.0,0.3488170515096455,1.4350908804581504,-0.6125275437631839,19986.1
5, 100991.0,0.3488170515096455,-0.7479331345175364,1.1694571646246668,11884.76
12, 100992.0,-0.8317460740870789,-0.7479331345175364,-0.6125275437631839,8209.12
11, 100993.0,0.3488170515096455,0.12527647147273824,-0.6125275437631839,32206.09
5, 100994.0,0.3488170515096455,-0.7479331345175364,1.1694571646246668,32374.48
12, 100995.0,-0.8317460740870789,-0.7479331345175364,-0.6125275437631839,20370.09
9, 100996.0,1.5293801771063698,-1.1845379375126739,-0.6125275437631839,34799.77
0, 100997.0,0.3488170515096455,0.9984860774630129,1.1694571646246668,16062.3
5, 100998.0,1.5293801771063698,-0.3113283315223991,2.951441873012518,28785.92
12, 100999.0,-0.8317460740870789,-0.7479331345175364,-0.6125275437631839,17823.89
11, 101000.0,0.3488170515096455,0.5618812744678756,-0.6125275437631839,22436.73
9, 101001.0,0.3488170515096455,-1.1845379375126739,-0.6125275437631839,18755.59
12, 101002.0,-0.8317460740870789,-0.7479331345175364,-0.6125275437631839,8906.3
14, 101003.0,1.5293801771063698,0.5618812744678756,-0.6125275437631839,26237.08
5, 101004.0,0.3488170515096455,0.12527647147273824,2.951441873012518,22241.03
15, 101005.0,-0.8317460740870789,0.12527647147273824,1.1694571646246668,19533.55
1, 101006.0,-0.8317460740870789,-0.3113283315223991,-0.6125275437631839,12505.99
12, 101007.0,-0.8317460740870789,-0.7479331345175364,-0.6125275437631839,13923.92
0, 101008.0,0.3488170515096455,0.9984860774630129,1.1694571646246668,17788.98
7, 101009.0,0.3488170515096455,-0.7479331345175364,-0.6125275437631839,7367.13
10, 101010.0,-0.8317460740870789,-1.1845379375126739,1.1694571646246668,14554.63
9, 101011.0,0.3488170515096455,-1.1845379375126739,-0.6125275437631839,18623.14
11, 101012.0,0.3488170515096455,0.12527647147273824,-0.6125275437631839,17096.31
4, 101013.0,-0.8317460740870789,0.9984860774630129,-0.6125275437631839,10190.12
6, 101014.0,-0.8317460740870789,0.5618812744678756,-0.6125275437631839,16160.66
6, 101015.0,-0.8317460740870789,0.5618812744678756,-0.6125275437631839,12419.42
11, 101016.0,0.3488170515096455,0.5618812744678756,-0.6125275437631839,12115.55
11, 101017.0,0.3488170515096455,0.12527647147273824,-0.6125275437631839,12133.46
4, 101018.0,-0.8317460740870789,1.4350908804581504,-0.6125275437631839,17900.08
0, 101019.0,0.3488170515096455,0.5618812744678756,1.1694571646246668,19206.6
1, 101020.0,-0.8317460740870789,0.12527647147273824,-0.6125275437631839,9247.18
14, 101021.0,1.5293801771063698,-0.7479331345175364,-0.6125275437631839,37727.32
3, 101022.0,1.5293801771063698,1.8716956834532876,-0.6125275437631839,12921.61
1, 101023.0,-0.8317460740870789,0.12527647147273824,-0.6125275437631839,12388.09
3, 101024.0,0.3488170515096455,1.8716956834532876,-0.6125275437631839,12548.68
12, 101025.0,-0.8317460740870789,-0.7479331345175364,-0.6125275437631839,11367.21
10, 101026.0,-0.8317460740870789,-0.7479331345175364,1.1694571646246668,8512.27
6, 101027.0,-0.8317460740870789,0.5618812744678756,-0.6125275437631839,11717.6
5, 101028.0,0.3488170515096455,-0.7479331345175364,1.1694571646246668,35558.64
1, 101029.0,-0.8317460740870789,0.12527647147273824,-0.6125275437631839,27468.21
2, 101030.0,-0.8317460740870789,-1.6211427405078112,-0.6125275437631839,10673.6
3, 101031.0,0.3488170515096455,0.9984860774630129,-0.6125275437631839,11220.02
8, 101032.0,2.709943302703094,0.12527647147273824,1.1694571646246668,20723.5
10, 101033.0,-0.8317460740870789,-0.7479331345175364,2.951441873012518,20631.23
10, 101034.0,-0.8317460740870789,-1.1845379375126739,1.1694571646246668,30412.81
5, 101035.0,1.5293801771063698,0.12527647147273824,1.1694571646246668,22603.67
7, 101036.0,0.3488170515096455,-0.7479331345175364,-0.6125275437631839,8504.7
1, 101037.0,-0.8317460740870789,-0.3113283315223991,-0.6125275437631839,13579.26
10, 101038.0,-0.8317460740870789,-0.7479331345175364,1.1694571646246668,25321.98
14, 101039.0,1.5293801771063698,0.5618812744678756,-0.6125275437631839,21894.82
12, 101040.0,-0.8317460740870789,-0.7479331345175364,-0.6125275437631839,23857.19
11, 101041.0,0.3488170515096455,0.12527647147273824,-0.6125275437631839,8974.92
15, 101042.0,-0.8317460740870789,-0.3113283315223991,1.1694571646246668,22188.1
11, 101043.0,0.3488170515096455,0.5618812744678756,-0.6125275437631839,16326.73
1, 101044.0,-0.8317460740870789,-0.3113283315223991,-0.6125275437631839,12409.1
0, 101045.0,1.5293801771063698,0.5618812744678756,1.1694571646246668,22972.77
1, 101046.0,-0.8317460740870789,-0.3113283315223991,-0.6125275437631839,10871.6
14, 101047.0,1.5293801771063698,0.5618812744678756,-0.6125275437631839,16376.34
7, 101048.0,0.3488170515096455,-0.3113283315223991,-0.6125275437631839,16621.75
8, 101049.0,2.709943302703094,0.9984860774630129,2.951441873012518,25172.06
15, 101050.0,-0.8317460740870789,0.12527647147273824,1.1694571646246668,16161.74
7, 101051.0,0.3488170515096455,-0.3113283315223991,-0.6125275437631839,17332.81
1, 101052.0,-0.8317460740870789,-0.3113283315223991,-0.6125275437631839,16776.34
4, 101053.0,-0.8317460740870789,1.8716956834532876,-0.6125275437631839,14693.98
3, 101054.0,0.3488170515096455,0.9984860774630129,-0.6125275437631839,19621.29
3, 101055.0,0.3488170515096455,1.4350908804581504,-0.6125275437631839,17100.71
11, 101056.0,0.3488170515096455,0.5618812744678756,-0.6125275437631839,14969.04
11, 101057.0,0.3488170515096455,0.12527647147273824,-0.6125275437631839,14945.24
15, 101058.0,-0.8317460740870789,0.12527647147273824,1.1694571646246668,35016.25
6, 101059.0,-0.8317460740870789,0.5618812744678756,-0.6125275437631839,8249.17
10, 101060.0,-0.8317460740870789,-1.1845379375126739,1.1694571646246668,18611.16
5, 101061.0,1.5293801771063698,0.12527647147273824,1.1694571646246668,22455.65
1, 101062.0,-0.8317460740870789,0.12527647147273824,-0.6125275437631839,13608.03
11, 101063.0,0.3488170515096455,0.12527647147273824,-0.6125275437631839,16061.06
5, 101064.0,0.3488170515096455,0.12527647147273824,1.1694571646246668,23017.9
12, 101065.0,-0.8317460740870789,-0.7479331345175364,-0.6125275437631839,22961.56
7, 101066.0,0.3488170515096455,-0.3113283315223991,-0.6125275437631839,14004.15
15, 101067.0,-0.8317460740870789,0.12527647147273824,1.1694571646246668,15134.5
14, 101068.0,1.5293801771063698,0.12527647147273824,-0.6125275437631839,19170.8
11, 101069.0,0.3488170515096455,0.12527647147273824,-0.6125275437631839,11384.31
12, 101070.0,-0.8317460740870789,-0.7479331345175364,-0.6125275437631839,8105.26
0, 101071.0,0.3488170515096455,0.5618812744678756,2.951441873012518,22958.41
1, 101072.0,-0.8317460740870789,-0.3113283315223991,-0.6125275437631839,9013.46
3, 101073.0,0.3488170515096455,1.4350908804581504,-0.6125275437631839,12255.13
11, 101074.0,0.3488170515096455,0.5618812744678756,-0.6125275437631839,13273.6
6, 101075.0,-0.8317460740870789,0.5618812744678756,-0.6125275437631839,26850.65
15, 101076.0,-0.8317460740870789,0.5618812744678756,1.1694571646246668,19701.84
3, 101077.0,0.3488170515096455,0.9984860774630129,-0.6125275437631839,19705.64
14, 101078.0,1.5293801771063698,0.5618812744678756,-0.6125275437631839,37432.21
11, 101079.0,0.3488170515096455,0.12527647147273824,-0.6125275437631839,13406.14
2, 101080.0,-0.8317460740870789,-1.1845379375126739,-0.6125275437631839,17061.99
0, 101081.0,0.3488170515096455,2.308300486448425,1.1694571646246668,17623.63
2, 101082.0,-0.8317460740870789,-1.1845379375126739,-0.6125275437631839,12876.0
3, 101083.0,1.5293801771063698,1.4350908804581504,-0.6125275437631839,32154.86
3, 101084.0,1.5293801771063698,0.9984860774630129,-0.6125275437631839,24132.55
1, 101085.0,-0.8317460740870789,-0.3113283315223991,-0.6125275437631839,21557.05
3, 101086.0,0.3488170515096455,2.308300486448425,-0.6125275437631839,16129.96
12, 101087.0,-0.8317460740870789,-0.7479331345175364,-0.6125275437631839,7845.57
0, 101088.0,1.5293801771063698,0.9984860774630129,1.1694571646246668,14277.86
6, 101089.0,-0.8317460740870789,0.5618812744678756,-0.6125275437631839,9075.7
1, 101090.0,-0.8317460740870789,-0.3113283315223991,-0.6125275437631839,11413.69
9, 101091.0,0.3488170515096455,-1.1845379375126739,-0.6125275437631839,15992.6
5, 101092.0,1.5293801771063698,-0.3113283315223991,1.1694571646246668,34194.97
3, 101093.0,0.3488170515096455,2.308300486448425,-0.6125275437631839,14590.11
2, 101094.0,-0.8317460740870789,-1.1845379375126739,-0.6125275437631839,18322.49
6, 101095.0,-0.8317460740870789,0.5618812744678756,-0.6125275437631839,7145.03
2, 101096.0,-0.8317460740870789,-1.1845379375126739,-0.6125275437631839,18440.24
15, 101097.0,-0.8317460740870789,0.12527647147273824,1.1694571646246668,16582.6
15, 101098.0,-0.8317460740870789,-0.3113283315223991,1.1694571646246668,17229.4
8, 101099.0,2.709943302703094,0.5618812744678756,2.951441873012518,28714.54
5, 101100.0,1.5293801771063698,0.12527647147273824,1.1694571646246668,34669.48
2, 101101.0,-0.8317460740870789,-1.6211427405078112,-0.6125275437631839,19767.38
13, 101102.0,0.3488170515096455,-1.1845379375126739,1.1694571646246668,31896.75
11, 101103.0,0.3488170515096455,0.12527647147273824,-0.6125275437631839,16923.82
8, 101104.0,2.709943302703094,-0.3113283315223991,1.1694571646246668,17715.16
3, 101105.0,0.3488170515096455,2.308300486448425,-0.6125275437631839,27104.51
1, 101106.0,-0.8317460740870789,0.12527647147273824,-0.6125275437631839,14204.96
7, 101107.0,0.3488170515096455,-0.7479331345175364,-0.6125275437631839,32943.06
1, 101108.0,-0.8317460740870789,-0.3113283315223991,-0.6125275437631839,16187.99
15, 101109.0,-0.8317460740870789,0.12527647147273824,1.1694571646246668,13755.47
9, 101110.0,1.5293801771063698,-1.1845379375126739,-0.6125275437631839,19147.39
2, 101111.0,-0.8317460740870789,-2.0577475435029484,-0.6125275437631839,23856.04
1, 101112.0,-0.8317460740870789,0.12527647147273824,-0.6125275437631839,5755.05
5, 101113.0,0.3488170515096455,0.12527647147273824,2.951441873012518,18734.88
2, 101114.0,-0.8317460740870789,-1.6211427405078112,-0.6125275437631839,5514.99
0, 101115.0,0.3488170515096455,1.4350908804581504,1.1694571646246668,18120.56
6, 101116.0,-0.8317460740870789,0.5618812744678756,-0.6125275437631839,10332.03
2, 101117.0,-0.8317460740870789,-1.6211427405078112,-0.6125275437631839,19203.67
15, 101118.0,-0.8317460740870789,0.12527647147273824,1.1694571646246668,28798.36
10, 101119.0,-0.8317460740870789,-1.1845379375126739,1.1694571646246668,19203.38
8, 101120.0,2.709943302703094,1.4350908804581504,1.1694571646246668,27105.31
6, 101121.0,-0.8317460740870789,0.5618812744678756,-0.6125275437631839,18903.25
7, 101122.0,0.3488170515096455,-0.3113283315223991,-0.6125275437631839,12503.67
2, 101123.0,-0.8317460740870789,-2.0577475435029484,-0.6125275437631839,15761.59
1, 101124.0,-0.8317460740870789,0.12527647147273824,-0.6125275437631839,9788.8
10, 101125.0,-0.8317460740870789,-1.6211427405078112,1.1694571646246668,17419.75
7, 101126.0,0.3488170515096455,-0.7479331345175364,-0.6125275437631839,17427.53
0, 101127.0,0.3488170515096455,1.4350908804581504,1.1694571646246668,19235.28
2, 101128.0,-0.8317460740870789,-1.1845379375126739,-0.6125275437631839,23799.86
5, 101129.0,0.3488170515096455,-0.3113283315223991,1.1694571646246668,26353.3
3, 101130.0,0.3488170515096455,1.4350908804581504,-0.6125275437631839,12144.81
13, 101131.0,0.3488170515096455,-1.1845379375126739,1.1694571646246668,13332.01
4, 101132.0,-0.8317460740870789,0.9984860774630129,-0.6125275437631839,27728.52
1, 101133.0,-0.8317460740870789,-0.3113283315223991,-0.6125275437631839,8805.25
1, 101134.0,-0.8317460740870789,0.12527647147273824,-0.6125275437631839,17730.05
7, 101135.0,0.3488170515096455,-0.7479331345175364,-0.6125275437631839,16220.98
12, 101136.0,-0.8317460740870789,-0.7479331345175364,-0.6125275437631839,14232.1
1, 101137.0,-0.8317460740870789,0.12527647147273824,-0.6125275437631839,24136.2
14, 101138.0,1.5293801771063698,-0.7479331345175364,-0.6125275437631839,21464.96
10, 101139.0,-0.8317460740870789,-0.7479331345175364,1.1694571646246668,13111.02
14, 101140.0,1.5293801771063698,-0.3113283315223991,-0.6125275437631839,19680.38
5, 101141.0,0.3488170515096455,0.12527647147273824,1.1694571646246668,15097.51
2, 101142.0,-0.8317460740870789,-1.6211427405078112,-0.6125275437631839,25704.43
1, 101143.0,-0.8317460740870789,-0.3113283315223991,-0.6125275437631839,5705.49
0, 101144.0,1.5293801771063698,1.4350908804581504,1.1694571646246668,37464.8
1, 101145.0,-0.8317460740870789,-0.3113283315223991,-0.6125275437631839,34639.17
14, 101146.0,1.5293801771063698,0.12527647147273824,-0.6125275437631839,26829.31
1, 101147.0,-0.8317460740870789,-0.3113283315223991,-0.6125275437631839,13716.28
13, 101148.0,0.3488170515096455,-1.1845379375126739,1.1694571646246668,26600.6
2, 101149.0,-0.8317460740870789,-1.1845379375126739,-0.6125275437631839,11699.32
6, 101150.0,-0.8317460740870789,0.5618812744678756,-0.6125275437631839,10097.49
6, 101151.0,-0.8317460740870789,0.5618812744678756,-0.6125275437631839,30603.23
0, 101152.0,0.3488170515096455,0.9984860774630129,2.951441873012518,25754.68
3, 101153.0,0.3488170515096455,0.9984860774630129,-0.6125275437631839,33446.48
8, 101154.0,2.709943302703094,1.4350908804581504,1.1694571646246668,21507.34
10, 101155.0,-0.8317460740870789,-0.7479331345175364,1.1694571646246668,28182.54
2, 101156.0,-0.8317460740870789,-1.1845379375126739,-0.6125275437631839,15547.36
8, 101157.0,2.709943302703094,1.8716956834532876,1.1694571646246668,26642.76
10, 101158.0,-0.8317460740870789,-0.7479331345175364,1.1694571646246668,15841.08
5, 101159.0,1.5293801771063698,0.12527647147273824,1.1694571646246668,38560.06
15, 101160.0,-0.8317460740870789,0.12527647147273824,1.1694571646246668,13165.54
15, 101161.0,-0.8317460740870789,0.9984860774630129,1.1694571646246668,14137.24
2, 101162.0,-0.8317460740870789,-1.6211427405078112,-0.6125275437631839,3110.63
12, 101163.0,-0.8317460740870789,-0.7479331345175364,-0.6125275437631839,6453.86
5, 101164.0,0.3488170515096455,-0.3113283315223991,1.1694571646246668,16755.18
11, 101165.0,0.3488170515096455,0.5618812744678756,-0.6125275437631839,13782.67
0, 101166.0,1.5293801771063698,3.618114895433837,1.1694571646246668,45220.98
5, 101167.0,0.3488170515096455,0.12527647147273824,1.1694571646246668,18322.45
5, 101168.0,1.5293801771063698,0.12527647147273824,1.1694571646246668,22400.2
1, 101169.0,-0.8317460740870789,-0.3113283315223991,-0.6125275437631839,5433.54
5, 101170.0,1.5293801771063698,-0.3113283315223991,1.1694571646246668,16400.95
12, 101171.0,-0.8317460740870789,-0.7479331345175364,-0.6125275437631839,7199.65
0, 101172.0,0.3488170515096455,0.5618812744678756,2.951441873012518,35114.96
0, 101173.0,0.3488170515096455,0.5618812744678756,2.951441873012518,21961.54
15, 101174.0,-0.8317460740870789,-0.3113283315223991,1.1694571646246668,22816.98
1, 101175.0,-0.8317460740870789,0.12527647147273824,-0.6125275437631839,13209.26
4, 101176.0,-0.8317460740870789,1.8716956834532876,-0.6125275437631839,15764.12
0, 101177.0,0.3488170515096455,0.5618812744678756,1.1694571646246668,20050.93
1, 101178.0,-0.8317460740870789,-0.3113283315223991,-0.6125275437631839,8568.97
5, 101179.0,1.5293801771063698,-0.7479331345175364,1.1694571646246668,22207.85
9, 101180.0,0.3488170515096455,-1.1845379375126739,-0.6125275437631839,18859.53
1, 101181.0,-0.8317460740870789,0.12527647147273824,-0.6125275437631839,29513.75
1, 101182.0,-0.8317460740870789,0.12527647147273824,-0.6125275437631839,11547.65
14, 101183.0,1.5293801771063698,0.12527647147273824,-0.6125275437631839,14371.49
10, 101184.0,-0.8317460740870789,-0.7479331345175364,1.1694571646246668,14085.41
2, 101185.0,-0.8317460740870789,-1.1845379375126739,-0.6125275437631839,12331.17
2, 101186.0,-0.8317460740870789,-1.1845379375126739,-0.6125275437631839,13049.22
15, 101187.0,-0.8317460740870789,0.12527647147273824,1.1694571646246668,16165.83
8, 101188.0,3.8905064282998185,2.744905289443562,-0.6125275437631839,37410.25
7, 101189.0,0.3488170515096455,-0.3113283315223991,-0.6125275437631839,10863.35
1, 101190.0,-0.8317460740870789,0.12527647147273824,-0.6125275437631839,14489.34
15, 101191.0,-0.8317460740870789,0.5618812744678756,1.1694571646246668,13779.1
11, 101192.0,0.3488170515096455,0.5618812744678756,-0.6125275437631839,11367.29
6, 101193.0,-0.8317460740870789,0.5618812744678756,-0.6125275437631839,17629.28
11, 101194.0,0.3488170515096455,0.12527647147273824,-0.6125275437631839,14019.76
10, 101195.0,-0.8317460740870789,-0.7479331345175364,1.1694571646246668,13262.06
7, 101196.0,0.3488170515096455,-0.3113283315223991,-0.6125275437631839,28068.39
2, 101197.0,-0.8317460740870789,-2.0577475435029484,-0.6125275437631839,21801.43
10, 101198.0,-0.8317460740870789,-0.7479331345175364,1.1694571646246668,17031.85
3, 101199.0,0.3488170515096455,0.9984860774630129,-0.6125275437631839,40168.09
10, 101200.0,-0.8317460740870789,-0.7479331345175364,1.1694571646246668,6949.26
15, 101201.0,-0.8317460740870789,-0.3113283315223991,1.1694571646246668,18121.59
15, 101202.0,-0.8317460740870789,-0.3113283315223991,1.1694571646246668,14797.47
14, 101203.0,2.709943302703094,0.9984860774630129,-0.6125275437631839,22633.18
4, 101204.0,-0.8317460740870789,0.9984860774630129,-0.6125275437631839,18266.6
12, 101205.0,-0.8317460740870789,-0.7479331345175364,-0.6125275437631839,16291.16
2, 101206.0,-0.8317460740870789,-1.6211427405078112,-0.6125275437631839,11131.03
11, 101207.0,0.3488170515096455,0.12527647147273824,-0.6125275437631839,16802.77
3, 101208.0,0.3488170515096455,1.4350908804581504,-0.6125275437631839,28993.7
7, 101209.0,0.3488170515096455,-0.7479331345175364,-0.6125275437631839,10853.94
2, 101210.0,-0.8317460740870789,-1.1845379375126739,-0.6125275437631839,12418.2
12, 101211.0,-0.8317460740870789,-0.7479331345175364,-0.6125275437631839,10146.0
11, 101212.0,0.3488170515096455,0.5618812744678756,-0.6125275437631839,27540.9
15, 101213.0,-0.8317460740870789,-0.3113283315223991,1.1694571646246668,22486.63
6, 101214.0,-0.8317460740870789,0.5618812744678756,-0.6125275437631839,23778.12
14, 101215.0,1.5293801771063698,-0.3113283315223991,-0.6125275437631839,39230.12
2, 101216.0,-0.8317460740870789,-2.0577475435029484,-0.6125275437631839,11680.44
10, 101217.0,-0.8317460740870789,-0.7479331345175364,1.1694571646246668,11368.33
2, 101218.0,-0.8317460740870789,-1.6211427405078112,-0.6125275437631839,19244.05
7, 101219.0,0.3488170515096455,-0.7479331345175364,-0.6125275437631839,12271.66
15, 101220.0,-0.8317460740870789,0.5618812744678756,1.1694571646246668,18378.37
9, 101221.0,1.5293801771063698,-1.6211427405078112,-0.6125275437631839,18661.69
11, 101222.0,0.3488170515096455,0.5618812744678756,-0.6125275437631839,13775.19
0, 101223.0,1.5293801771063698,1.4350908804581504,1.1694571646246668,18919.3
2, 101224.0,-0.8317460740870789,-2.0577475435029484,-0.6125275437631839,7969.55
5, 101225.0,0.3488170515096455,-0.3113283315223991,1.1694571646246668,26726.59
1, 101226.0,-0.8317460740870789,0.12527647147273824,-0.6125275437631839,30023.53
3, 101227.0,0.3488170515096455,1.8716956834532876,-0.6125275437631839,11920.61
7, 101228.0,0.3488170515096455,-0.7479331345175364,-0.6125275437631839,17281.74
10, 101229.0,-0.8317460740870789,-1.6211427405078112,1.1694571646246668,15971.56
5, 101230.0,0.3488170515096455,0.12527647147273824,1.1694571646246668,18151.33
14, 101231.0,2.709943302703094,0.12527647147273824,-0.6125275437631839,29560.04
3, 101232.0,1.5293801771063698,1.4350908804581504,-0.6125275437631839,19335.05
8, 101233.0,2.709943302703094,1.4350908804581504,-0.6125275437631839,19940.98
14, 101234.0,1.5293801771063698,0.12527647147273824,-0.6125275437631839,31133.39
1, 101235.0,-0.8317460740870789,0.12527647147273824,-0.6125275437631839,7613.61
7, 101236.0,0.3488170515096455,-0.3113283315223991,-0.6125275437631839,28890.97
1, 101237.0,-0.8317460740870789,-0.3113283315223991,-0.6125275437631839,15865.71
3, 101238.0,1.5293801771063698,1.4350908804581504,-0.6125275437631839,18046.27
0, 101239.0,1.5293801771063698,0.5618812744678756,1.1694571646246668,32085.03
3, 101240.0,1.5293801771063698,0.9984860774630129,-0.6125275437631839,23482.65
0, 101241.0,1.5293801771063698,1.8716956834532876,2.951441873012518,26186.97
1, 101242.0,-0.8317460740870789,-0.3113283315223991,-0.6125275437631839,13437.24
14, 101243.0,2.709943302703094,0.5618812744678756,-0.6125275437631839,13980.07
12, 101244.0,-0.8317460740870789,-0.7479331345175364,-0.6125275437631839,33002.68
0, 101245.0,0.3488170515096455,0.5618812744678756,1.1694571646246668,21166.45
4, 101246.0,-0.8317460740870789,0.9984860774630129,-0.6125275437631839,6974.95
14, 101247.0,1.5293801771063698,-0.7479331345175364,-0.6125275437631839,17792.21
3, 101248.0,1.5293801771063698,0.9984860774630129,-0.6125275437631839,16209.91
12, 101249.0,-0.8317460740870789,-0.7479331345175364,-0.6125275437631839,24182.09
4, 101250.0,-0.8317460740870789,0.9984860774630129,-0.6125275437631839,7356.86
1, 101251.0,-0.8317460740870789,-0.3113283315223991,-0.6125275437631839,13257.43
9, 101252.0,0.3488170515096455,-1.6211427405078112,-0.6125275437631839,10351.38
10, 101253.0,-0.8317460740870789,-1.1845379375126739,1.1694571646246668,9614.08
1, 101254.0,-0.8317460740870789,-0.3113283315223991,-0.6125275437631839,22033.1
11, 101255.0,0.3488170515096455,0.12527647147273824,-0.6125275437631839,15091.56
5, 101256.0,0.3488170515096455,0.12527647147273824,1.1694571646246668,16446.99
1, 101257.0,-0.8317460740870789,-0.3113283315223991,-0.6125275437631839,11824.12
7, 101258.0,0.3488170515096455,-0.7479331345175364,-0.6125275437631839,15762.33
1, 101259.0,-0.8317460740870789,-0.3113283315223991,-0.6125275437631839,6561.83
12, 101260.0,-0.8317460740870789,-0.7479331345175364,-0.6125275437631839,8204.1
12, 101261.0,-0.8317460740870789,-0.7479331345175364,-0.6125275437631839,12475.39
9, 101262.0,1.5293801771063698,-1.1845379375126739,-0.6125275437631839,33804.36
11, 101263.0,0.3488170515096455,0.12527647147273824,-0.6125275437631839,26537.46
11, 101264.0,0.3488170515096455,0.5618812744678756,-0.6125275437631839,13930.74
1, 101265.0,-0.8317460740870789,-0.3113283315223991,-0.6125275437631839,16308.75
2, 101266.0,-0.8317460740870789,-1.1845379375126739,-0.6125275437631839,26816.24
2, 101267.0,-0.8317460740870789,-1.1845379375126739,-0.6125275437631839,7263.02
5, 101268.0,1.5293801771063698,0.12527647147273824,2.951441873012518,27356.53
5, 101269.0,0.3488170515096455,-0.3113283315223991,2.951441873012518,30067.19
15, 101270.0,-0.8317460740870789,-0.3113283315223991,1.1694571646246668,34179.18
15, 101271.0,-0.8317460740870789,-0.3113283315223991,1.1694571646246668,11935.54
15, 101272.0,-0.8317460740870789,0.9984860774630129,1.1694571646246668,12031.42
10, 101273.0,-0.8317460740870789,-1.6211427405078112,1.1694571646246668,12934.22
2, 101274.0,-0.8317460740870789,-1.1845379375126739,-0.6125275437631839,9362.16
9, 101275.0,1.5293801771063698,-2.0577475435029484,-0.6125275437631839,8564.68
2, 101276.0,-0.8317460740870789,-1.6211427405078112,-0.6125275437631839,8841.05
1, 101277.0,-0.8317460740870789,0.12527647147273824,-0.6125275437631839,14531.12
4, 101278.0,-0.8317460740870789,0.9984860774630129,-0.6125275437631839,26916.57
13, 101279.0,1.5293801771063698,-1.1845379375126739,1.1694571646246668,22213.8
3, 101280.0,1.5293801771063698,3.1815100924386996,-0.6125275437631839,19691.65
14, 101281.0,1.5293801771063698,-0.3113283315223991,-0.6125275437631839,29809.95
7, 101282.0,0.3488170515096455,-0.3113283315223991,-0.6125275437631839,29343.5
5, 101283.0,0.3488170515096455,0.12527647147273824,1.1694571646246668,11288.8
4, 101284.0,-0.8317460740870789,0.9984860774630129,-0.6125275437631839,13156.06
8, 101285.0,2.709943302703094,1.4350908804581504,1.1694571646246668,29986.01
9, 101286.0,0.3488170515096455,-1.6211427405078112,-0.6125275437631839,13325.42
12, 101287.0,-0.8317460740870789,-0.7479331345175364,-0.6125275437631839,10910.09
15, 101288.0,-0.8317460740870789,0.12527647147273824,1.1694571646246668,32701.89
9, 101289.0,0.3488170515096455,-1.6211427405078112,-0.6125275437631839,6861.96
4, 101290.0,-0.8317460740870789,0.9984860774630129,-0.6125275437631839,23547.07
9, 101291.0,0.3488170515096455,-1.1845379375126739,-0.6125275437631839,13572.99
7, 101292.0,0.3488170515096455,-0.3113283315223991,-0.6125275437631839,29010.58
11, 101293.0,0.3488170515096455,0.12527647147273824,-0.6125275437631839,13216.31
2, 101294.0,-0.8317460740870789,-1.6211427405078112,-0.6125275437631839,11457.18
3, 101295.0,0.3488170515096455,0.9984860774630129,-0.6125275437631839,19366.97
1, 101296.0,-0.8317460740870789,0.12527647147273824,-0.6125275437631839,17147.28
2, 101297.0,-0.8317460740870789,-1.1845379375126739,-0.6125275437631839,16304.08
5, 101298.0,1.5293801771063698,0.12527647147273824,1.1694571646246668,16572.59
7, 101299.0,0.3488170515096455,-0.7479331345175364,-0.6125275437631839,16869.7
4, 101300.0,-0.8317460740870789,0.9984860774630129,-0.6125275437631839,24940.79
12, 101301.0,-0.8317460740870789,-0.7479331345175364,-0.6125275437631839,7847.38
5, 101302.0,1.5293801771063698,0.12527647147273824,1.1694571646246668,17564.06
7, 101303.0,0.3488170515096455,-0.3113283315223991,-0.6125275437631839,12385.93
10, 101304.0,-0.8317460740870789,-0.3113283315223991,2.951441873012518,22742.03
12, 101305.0,-0.8317460740870789,-0.7479331345175364,-0.6125275437631839,8873.47
7, 101306.0,0.3488170515096455,-0.3113283315223991,-0.6125275437631839,13367.91
1, 101307.0,-0.8317460740870789,0.12527647147273824,-0.6125275437631839,11100.11
3, 101308.0,0.3488170515096455,0.9984860774630129,-0.6125275437631839,10157.08
2, 101309.0,-0.8317460740870789,-1.1845379375126739,-0.6125275437631839,7879.53
12, 101310.0,-0.8317460740870789,-0.7479331345175364,-0.6125275437631839,14221.73
14, 101311.0,1.5293801771063698,0.5618812744678756,-0.6125275437631839,15919.2
4, 101312.0,-0.8317460740870789,0.9984860774630129,-0.6125275437631839,25661.3
2, 101313.0,-0.8317460740870789,-1.1845379375126739,-0.6125275437631839,12579.37
5, 101314.0,0.3488170515096455,-0.3113283315223991,1.1694571646246668,14262.38
1, 101315.0,-0.8317460740870789,-0.3113283315223991,-0.6125275437631839,9403.87
3, 101316.0,0.3488170515096455,3.618114895433837,-0.6125275437631839,34413.31
7, 101317.0,0.3488170515096455,-0.3113283315223991,-0.6125275437631839,10697.2
3, 101318.0,1.5293801771063698,0.9984860774630129,-0.6125275437631839,11633.15
14, 101319.0,1.5293801771063698,-0.7479331345175364,-0.6125275437631839,22291.11
0, 101320.0,0.3488170515096455,0.5618812744678756,1.1694571646246668,16231.42
15, 101321.0,-0.8317460740870789,0.5618812744678756,1.1694571646246668,33164.33
6, 101322.0,-0.8317460740870789,0.5618812744678756,-0.6125275437631839,35253.81
0, 101323.0,0.3488170515096455,2.308300486448425,1.1694571646246668,14692.11
12, 101324.0,-0.8317460740870789,-0.7479331345175364,-0.6125275437631839,14083.07
14, 101325.0,1.5293801771063698,0.12527647147273824,-0.6125275437631839,12454.55
1, 101326.0,-0.8317460740870789,0.12527647147273824,-0.6125275437631839,15932.5
3, 101327.0,0.3488170515096455,0.9984860774630129,-0.6125275437631839,12363.15
2, 101328.0,-0.8317460740870789,-1.1845379375126739,-0.6125275437631839,14913.19
10, 101329.0,-0.8317460740870789,-1.1845379375126739,1.1694571646246668,32968.27
11, 101330.0,0.3488170515096455,0.12527647147273824,-0.6125275437631839,18835.75
6, 101331.0,-0.8317460740870789,0.5618812744678756,-0.6125275437631839,20017.82
12, 101332.0,-0.8317460740870789,-0.7479331345175364,-0.6125275437631839,12802.77
3, 101333.0,0.3488170515096455,1.4350908804581504,-0.6125275437631839,12711.9
0, 101334.0,1.5293801771063698,2.308300486448425,1.1694571646246668,23775.45
15, 101335.0,-0.8317460740870789,0.12527647147273824,2.951441873012518,17727.8
1, 101336.0,-0.8317460740870789,-0.3113283315223991,-0.6125275437631839,13866.26
2, 101337.0,-0.8317460740870789,-1.6211427405078112,-0.6125275437631839,8066.04
2, 101338.0,-0.8317460740870789,-1.1845379375126739,-0.6125275437631839,13788.68
2, 101339.0,-0.8317460740870789,-1.1845379375126739,-0.6125275437631839,10346.91
10, 101340.0,-0.8317460740870789,-0.7479331345175364,1.1694571646246668,26959.35
3, 101341.0,0.3488170515096455,0.9984860774630129,-0.6125275437631839,11276.66
12, 101342.0,-0.8317460740870789,-0.7479331345175364,-0.6125275437631839,17188.8
2, 101343.0,-0.8317460740870789,-1.6211427405078112,-0.6125275437631839,11180.74
15, 101344.0,-0.8317460740870789,0.12527647147273824,1.1694571646246668,16536.32
5, 101345.0,1.5293801771063698,-0.7479331345175364,2.951441873012518,35646.58
5, 101346.0,0.3488170515096455,-0.3113283315223991,1.1694571646246668,29433.89
2, 101347.0,-0.8317460740870789,-1.1845379375126739,-0.6125275437631839,9170.82
14, 101348.0,1.5293801771063698,0.5618812744678756,-0.6125275437631839,18692.73
12, 101349.0,-0.8317460740870789,-0.7479331345175364,-0.6125275437631839,7447.58
7, 101350.0,0.3488170515096455,-0.3113283315223991,-0.6125275437631839,17583.55
1, 101351.0,-0.8317460740870789,0.12527647147273824,-0.6125275437631839,23410.1
12, 101352.0,-0.8317460740870789,-0.7479331345175364,-0.6125275437631839,14794.93
9, 101353.0,0.3488170515096455,-1.1845379375126739,-0.6125275437631839,29478.23
6, 101354.0,-0.8317460740870789,0.5618812744678756,-0.6125275437631839,9775.95
1, 101355.0,-0.8317460740870789,-0.3113283315223991,-0.6125275437631839,6566.01
6, 101356.0,-0.8317460740870789,0.5618812744678756,-0.6125275437631839,7607.98
6, 101357.0,-0.8317460740870789,0.5618812744678756,-0.6125275437631839,10063.39
14, 101358.0,1.5293801771063698,0.5618812744678756,-0.6125275437631839,16444.61
0, 101359.0,1.5293801771063698,0.9984860774630129,2.951441873012518,26518.03
12, 101360.0,-0.8317460740870789,-0.7479331345175364,-0.6125275437631839,15288.75
5, 101361.0,0.3488170515096455,0.12527647147273824,1.1694571646246668,16951.32
10, 101362.0,-0.8317460740870789,-1.1845379375126739,1.1694571646246668,13712.94
15, 101363.0,-0.8317460740870789,1.8716956834532876,1.1694571646246668,18062.5
7, 101364.0,0.3488170515096455,-0.3113283315223991,-0.6125275437631839,18371.06
15, 101365.0,-0.8317460740870789,1.4350908804581504,1.1694571646246668,23173.81
8, 101366.0,2.709943302703094,0.12527647147273824,1.1694571646246668,22433.42
11, 101367.0,0.3488170515096455,0.12527647147273824,-0.6125275437631839,9777.19
2, 101368.0,-0.8317460740870789,-1.6211427405078112,-0.6125275437631839,9828.61
9, 101369.0,0.3488170515096455,-1.1845379375126739,-0.6125275437631839,13927.12
8, 101370.0,2.709943302703094,1.4350908804581504,1.1694571646246668,25263.81
0, 101371.0,1.5293801771063698,1.8716956834532876,1.1694571646246668,33998.29
9, 101372.0,1.5293801771063698,-1.1845379375126739,-0.6125275437631839,14753.64
1, 101373.0,-0.8317460740870789,0.12527647147273824,-0.6125275437631839,25799.44
5, 101374.0,0.3488170515096455,-0.7479331345175364,2.951441873012518,17644.67
1, 101375.0,-0.8317460740870789,0.12527647147273824,-0.6125275437631839,17932.77
6, 101376.0,-0.8317460740870789,0.5618812744678756,-0.6125275437631839,28548.69
3, 101377.0,0.3488170515096455,0.9984860774630129,-0.6125275437631839,11937.62
6, 101378.0,-0.8317460740870789,0.5618812744678756,-0.6125275437631839,28548.83
2, 101379.0,-0.8317460740870789,-1.1845379375126739,-0.6125275437631839,16918.39
3, 101380.0,1.5293801771063698,1.8716956834532876,-0.6125275437631839,20809.68
6, 101381.0,-0.8317460740870789,0.5618812744678756,-0.6125275437631839,16312.63
12, 101382.0,-0.8317460740870789,-0.7479331345175364,-0.6125275437631839,24819.94
1, 101383.0,-0.8317460740870789,-0.3113283315223991,-0.6125275437631839,11688.15
7, 101384.0,0.3488170515096455,-0.7479331345175364,-0.6125275437631839,11299.64
0, 101385.0,0.3488170515096455,0.9984860774630129,1.1694571646246668,20963.6
12, 101386.0,-0.8317460740870789,-0.7479331345175364,-0.6125275437631839,12017.36
10, 101387.0,-0.8317460740870789,-0.7479331345175364,1.1694571646246668,10976.28
0, 101388.0,-0.8317460740870789,1.4350908804581504,4.733426581400368,32632.99
1, 101389.0,-0.8317460740870789,-0.3113283315223991,-0.6125275437631839,10176.54
14, 101390.0,2.709943302703094,0.9984860774630129,-0.6125275437631839,21444.22
6, 101391.0,-0.8317460740870789,0.5618812744678756,-0.6125275437631839,7295.34
5, 101392.0,0.3488170515096455,-0.3113283315223991,1.1694571646246668,16920.35
4, 101393.0,-0.8317460740870789,1.8716956834532876,-0.6125275437631839,17637.55
7, 101394.0,0.3488170515096455,-0.7479331345175364,-0.6125275437631839,9494.05
1, 101395.0,-0.8317460740870789,0.12527647147273824,-0.6125275437631839,12219.19
15, 101396.0,-0.8317460740870789,-0.3113283315223991,1.1694571646246668,16174.52
15, 101397.0,-0.8317460740870789,-0.3113283315223991,1.1694571646246668,13921.84
1, 101398.0,-0.8317460740870789,0.12527647147273824,-0.6125275437631839,10407.9
11, 101399.0,0.3488170515096455,0.12527647147273824,-0.6125275437631839,16811.51
8, 101400.0,2.709943302703094,1.8716956834532876,1.1694571646246668,37050.79
13, 101401.0,0.3488170515096455,-1.6211427405078112,2.951441873012518,21230.87
0, 101402.0,0.3488170515096455,0.9984860774630129,1.1694571646246668,14949.84
1, 101403.0,-0.8317460740870789,-0.3113283315223991,-0.6125275437631839,16525.01
3, 101404.0,1.5293801771063698,3.618114895433837,-0.6125275437631839,16809.86
1, 101405.0,-0.8317460740870789,-0.3113283315223991,-0.6125275437631839,13144.68
6, 101406.0,-0.8317460740870789,0.5618812744678756,-0.6125275437631839,10644.91
7, 101407.0,0.3488170515096455,-0.3113283315223991,-0.6125275437631839,10673.78
2, 101408.0,-0.8317460740870789,-2.0577475435029484,-0.6125275437631839,9320.51
2, 101409.0,-0.8317460740870789,-1.6211427405078112,-0.6125275437631839,4969.02
15, 101410.0,-0.8317460740870789,-0.3113283315223991,1.1694571646246668,22030.63
1, 101411.0,-0.8317460740870789,0.12527647147273824,-0.6125275437631839,18741.27
12, 101412.0,-0.8317460740870789,-0.7479331345175364,-0.6125275437631839,14346.63
11, 101413.0,0.3488170515096455,0.5618812744678756,-0.6125275437631839,15887.2
0, 101414.0,0.3488170515096455,1.8716956834532876,1.1694571646246668,15274.04
12, 101415.0,-0.8317460740870789,-0.7479331345175364,-0.6125275437631839,25600.64
2, 101416.0,-0.8317460740870789,-1.1845379375126739,-0.6125275437631839,19006.11
5, 101417.0,0.3488170515096455,0.12527647147273824,1.1694571646246668,24995.69
5, 101418.0,1.5293801771063698,-0.7479331345175364,1.1694571646246668,20205.96
5, 101419.0,0.3488170515096455,0.12527647147273824,1.1694571646246668,21622.13
11, 101420.0,0.3488170515096455,0.5618812744678756,-0.6125275437631839,13938.84
12, 101421.0,-0.8317460740870789,-0.7479331345175364,-0.6125275437631839,25079.28
14, 101422.0,1.5293801771063698,0.12527647147273824,-0.6125275437631839,15293.61
5, 101423.0,0.3488170515096455,-0.7479331345175364,2.951441873012518,23524.8
3, 101424.0,1.5293801771063698,1.8716956834532876,-0.6125275437631839,33760.35
1, 101425.0,-0.8317460740870789,-0.3113283315223991,-0.6125275437631839,22103.0
1, 101426.0,-0.8317460740870789,0.12527647147273824,-0.6125275437631839,8102.99
14, 101427.0,1.5293801771063698,0.5618812744678756,-0.6125275437631839,14539.57
3, 101428.0,0.3488170515096455,0.9984860774630129,-0.6125275437631839,28600.69
7, 101429.0,0.3488170515096455,-0.3113283315223991,-0.6125275437631839,11928.65
2, 101430.0,-0.8317460740870789,-2.0577475435029484,-0.6125275437631839,18750.0
10, 101431.0,-0.8317460740870789,-0.7479331345175364,1.1694571646246668,7966.86
2, 101432.0,-0.8317460740870789,-1.1845379375126739,-0.6125275437631839,12720.7
13, 101433.0,0.3488170515096455,-1.6211427405078112,1.1694571646246668,36602.37
7, 101434.0,0.3488170515096455,-0.7479331345175364,-0.6125275437631839,9343.25
3, 101435.0,0.3488170515096455,0.9984860774630129,-0.6125275437631839,12586.43
3, 101436.0,1.5293801771063698,0.9984860774630129,-0.6125275437631839,22711.65
15, 101437.0,-0.8317460740870789,0.9984860774630129,1.1694571646246668,17572.66
14, 101438.0,2.709943302703094,0.9984860774630129,-0.6125275437631839,20665.46
14, 101439.0,1.5293801771063698,0.5618812744678756,-0.6125275437631839,14396.38
5, 101440.0,0.3488170515096455,0.12527647147273824,1.1694571646246668,19356.9
4, 101441.0,-0.8317460740870789,0.9984860774630129,-0.6125275437631839,27553.85
2, 101442.0,-0.8317460740870789,-1.1845379375126739,-0.6125275437631839,15831.43
8, 101443.0,3.8905064282998185,0.12527647147273824,1.1694571646246668,32120.28
15, 101444.0,-0.8317460740870789,0.12527647147273824,1.1694571646246668,10665.98
7, 101445.0,0.3488170515096455,-0.3113283315223991,-0.6125275437631839,15210.0
15, 101446.0,-0.8317460740870789,0.12527647147273824,1.1694571646246668,17762.44
6, 101447.0,-0.8317460740870789,0.5618812744678756,-0.6125275437631839,24747.78
7, 101448.0,0.3488170515096455,-0.3113283315223991,-0.6125275437631839,11473.79
5, 101449.0,0.3488170515096455,0.12527647147273824,2.951441873012518,18955.26
0, 101450.0,0.3488170515096455,1.4350908804581504,1.1694571646246668,17888.22
11, 101451.0,0.3488170515096455,0.12527647147273824,-0.6125275437631839,10672.61
2, 101452.0,-0.8317460740870789,-1.1845379375126739,-0.6125275437631839,13500.73
3, 101453.0,0.3488170515096455,0.9984860774630129,-0.6125275437631839,12136.47
10, 101454.0,-0.8317460740870789,-0.7479331345175364,1.1694571646246668,13774.51
1, 101455.0,-0.8317460740870789,-0.3113283315223991,-0.6125275437631839,12053.68
7, 101456.0,0.3488170515096455,-0.7479331345175364,-0.6125275437631839,12835.63
7, 101457.0,0.3488170515096455,-0.3113283315223991,-0.6125275437631839,13780.16
2, 101458.0,-0.8317460740870789,-1.1845379375126739,-0.6125275437631839,8132.24
3, 101459.0,0.3488170515096455,1.8716956834532876,-0.6125275437631839,19187.0
6, 101460.0,-0.8317460740870789,0.5618812744678756,-0.6125275437631839,9479.0
11, 101461.0,0.3488170515096455,0.5618812744678756,-0.6125275437631839,25424.46
7, 101462.0,0.3488170515096455,-0.3113283315223991,-0.6125275437631839,11969.87
15, 101463.0,-0.8317460740870789,-0.3113283315223991,1.1694571646246668,29726.58
2, 101464.0,-0.8317460740870789,-1.6211427405078112,-0.6125275437631839,21930.31
15, 101465.0,-0.8317460740870789,-0.3113283315223991,1.1694571646246668,31281.15
9, 101466.0,0.3488170515096455,-1.1845379375126739,-0.6125275437631839,11534.19
10, 101467.0,-0.8317460740870789,-0.7479331345175364,1.1694571646246668,15640.79
12, 101468.0,-0.8317460740870789,-0.7479331345175364,-0.6125275437631839,10648.45
2, 101469.0,-0.8317460740870789,-1.1845379375126739,-0.6125275437631839,14685.93
11, 101470.0,0.3488170515096455,0.5618812744678756,-0.6125275437631839,18841.9
13, 101471.0,0.3488170515096455,-1.1845379375126739,1.1694571646246668,11748.63
4, 101472.0,-0.8317460740870789,0.9984860774630129,-0.6125275437631839,14766.3
12, 101473.0,-0.8317460740870789,-0.7479331345175364,-0.6125275437631839,11150.11
7, 101474.0,0.3488170515096455,-0.7479331345175364,-0.6125275437631839,16829.58
12, 101475.0,-0.8317460740870789,-0.7479331345175364,-0.6125275437631839,12682.17
5, 101476.0,0.3488170515096455,-0.3113283315223991,1.1694571646246668,29799.21
12, 101477.0,-0.8317460740870789,-0.7479331345175364,-0.6125275437631839,15852.11
4, 101478.0,-0.8317460740870789,0.9984860774630129,-0.6125275437631839,11588.22
8, 101479.0,2.709943302703094,0.12527647147273824,2.951441873012518,25736.56
14, 101480.0,1.5293801771063698,-0.3113283315223991,-0.6125275437631839,20660.18
0, 101481.0,1.5293801771063698,1.4350908804581504,1.1694571646246668,28012.89
4, 101482.0,-0.8317460740870789,0.9984860774630129,-0.6125275437631839,11894.31
6, 101483.0,-0.8317460740870789,0.5618812744678756,-0.6125275437631839,24298.52
10, 101484.0,-0.8317460740870789,-1.1845379375126739,2.951441873012518,21626.05
7, 101485.0,0.3488170515096455,-0.3113283315223991,-0.6125275437631839,32460.23
14, 101486.0,1.5293801771063698,0.12527647147273824,-0.6125275437631839,13020.13
4, 101487.0,-0.8317460740870789,2.308300486448425,-0.6125275437631839,7683.88
2, 101488.0,-0.8317460740870789,-1.6211427405078112,-0.6125275437631839,10746.35
3, 101489.0,0.3488170515096455,0.9984860774630129,-0.6125275437631839,13256.15
3, 101490.0,1.5293801771063698,1.4350908804581504,-0.6125275437631839,29208.64
5, 101491.0,0.3488170515096455,-0.3113283315223991,1.1694571646246668,16005.48
5, 101492.0,0.3488170515096455,0.12527647147273824,2.951441873012518,23937.9
6, 101493.0,-0.8317460740870789,0.5618812744678756,-0.6125275437631839,24973.12
14, 101494.0,1.5293801771063698,-0.7479331345175364,-0.6125275437631839,18475.03
4, 101495.0,-0.8317460740870789,2.308300486448425,-0.6125275437631839,14454.12
2, 101496.0,-0.8317460740870789,-2.0577475435029484,-0.6125275437631839,12554.34
2, 101497.0,-0.8317460740870789,-1.6211427405078112,-0.6125275437631839,9316.59
4, 101498.0,-0.8317460740870789,0.9984860774630129,-0.6125275437631839,8289.73
3, 101499.0,1.5293801771063698,2.308300486448425,-0.6125275437631839,27510.43
12, 101500.0,-0.8317460740870789,-0.7479331345175364,-0.6125275437631839,18940.1
5, 101501.0,0.3488170515096455,0.12527647147273824,1.1694571646246668,23512.44
1, 101502.0,-0.8317460740870789,-0.3113283315223991,-0.6125275437631839,11181.98
13, 101503.0,0.3488170515096455,-1.1845379375126739,1.1694571646246668,18590.34
7, 101504.0,0.3488170515096455,-0.3113283315223991,-0.6125275437631839,11593.52
1, 101505.0,-0.8317460740870789,0.12527647147273824,-0.6125275437631839,6232.25
1, 101506.0,-0.8317460740870789,-0.3113283315223991,-0.6125275437631839,12964.63
1, 101507.0,-0.8317460740870789,-0.3113283315223991,-0.6125275437631839,15691.43
11, 101508.0,0.3488170515096455,0.5618812744678756,-0.6125275437631839,10637.93
0, 101509.0,1.5293801771063698,0.9984860774630129,1.1694571646246668,17870.47
1, 101510.0,-0.8317460740870789,-0.3113283315223991,-0.6125275437631839,9903.19
7, 101511.0,0.3488170515096455,-0.3113283315223991,-0.6125275437631839,10737.47
14, 101512.0,1.5293801771063698,0.5618812744678756,-0.6125275437631839,19964.92
1, 101513.0,-0.8317460740870789,-0.3113283315223991,-0.6125275437631839,18165.14
12, 101514.0,-0.8317460740870789,-0.7479331345175364,-0.6125275437631839,14541.11
1, 101515.0,-0.8317460740870789,-0.3113283315223991,-0.6125275437631839,10798.8
2, 101516.0,-0.8317460740870789,-1.1845379375126739,-0.6125275437631839,9733.85
11, 101517.0,0.3488170515096455,0.5618812744678756,-0.6125275437631839,10896.95
0, 101518.0,0.3488170515096455,1.4350908804581504,1.1694571646246668,20752.09
9, 101519.0,0.3488170515096455,-1.1845379375126739,-0.6125275437631839,15420.2
7, 101520.0,0.3488170515096455,-0.3113283315223991,-0.6125275437631839,29475.84
11, 101521.0,0.3488170515096455,0.12527647147273824,-0.6125275437631839,14792.33
3, 101522.0,1.5293801771063698,1.4350908804581504,-0.6125275437631839,16615.19
2, 101523.0,-0.8317460740870789,-1.1845379375126739,-0.6125275437631839,6265.81
5, 101524.0,0.3488170515096455,-0.3113283315223991,1.1694571646246668,33448.93
7, 101525.0,0.3488170515096455,-0.7479331345175364,-0.6125275437631839,23776.99
12, 101526.0,-0.8317460740870789,-0.7479331345175364,-0.6125275437631839,23006.22
11, 101527.0,0.3488170515096455,0.5618812744678756,-0.6125275437631839,20092.43
10, 101528.0,-0.8317460740870789,-0.7479331345175364,1.1694571646246668,14793.97
6, 101529.0,-0.8317460740870789,0.5618812744678756,-0.6125275437631839,22074.99
3, 101530.0,0.3488170515096455,2.308300486448425,-0.6125275437631839,15281.33
2, 101531.0,-0.8317460740870789,-1.1845379375126739,-0.6125275437631839,7948.29
3, 101532.0,1.5293801771063698,3.1815100924386996,-0.6125275437631839,16696.98
8, 101533.0,2.709943302703094,0.9984860774630129,1.1694571646246668,20625.46
1, 101534.0,-0.8317460740870789,0.12527647147273824,-0.6125275437631839,14050.01
1, 101535.0,-0.8317460740870789,-0.3113283315223991,-0.6125275437631839,27527.96
5, 101536.0,1.5293801771063698,-0.7479331345175364,1.1694571646246668,28640.12
5, 101537.0,0.3488170515096455,0.12527647147273824,1.1694571646246668,22257.83
7, 101538.0,0.3488170515096455,-0.3113283315223991,-0.6125275437631839,19669.74
2, 101539.0,-0.8317460740870789,-1.1845379375126739,-0.6125275437631839,14039.48
15, 101540.0,-0.8317460740870789,-0.3113283315223991,1.1694571646246668,10802.91
7, 101541.0,0.3488170515096455,-0.7479331345175364,-0.6125275437631839,26558.5
15, 101542.0,-0.8317460740870789,-0.3113283315223991,1.1694571646246668,34176.87
15, 101543.0,-0.8317460740870789,0.5618812744678756,1.1694571646246668,18595.95
12, 101544.0,-0.8317460740870789,-0.7479331345175364,-0.6125275437631839,26751.27
15, 101545.0,-0.8317460740870789,-0.3113283315223991,1.1694571646246668,14598.02
2, 101546.0,-0.8317460740870789,-1.1845379375126739,-0.6125275437631839,20970.88
7, 101547.0,0.3488170515096455,-0.3113283315223991,-0.6125275437631839,18090.6
3, 101548.0,0.3488170515096455,0.9984860774630129,-0.6125275437631839,11721.15
7, 101549.0,0.3488170515096455,-0.7479331345175364,-0.6125275437631839,12746.54
14, 101550.0,1.5293801771063698,-0.3113283315223991,-0.6125275437631839,21282.97
1, 101551.0,-0.8317460740870789,0.12527647147273824,-0.6125275437631839,7874.78
11, 101552.0,0.3488170515096455,0.5618812744678756,-0.6125275437631839,26145.16
15, 101553.0,-0.8317460740870789,1.8716956834532876,1.1694571646246668,15036.14
7, 101554.0,0.3488170515096455,-0.7479331345175364,-0.6125275437631839,14410.22
0, 101555.0,0.3488170515096455,2.308300486448425,2.951441873012518,14818.85
0, 101556.0,0.3488170515096455,0.5618812744678756,1.1694571646246668,30422.63
1, 101557.0,-0.8317460740870789,-0.3113283315223991,-0.6125275437631839,19408.26
3, 101558.0,1.5293801771063698,0.9984860774630129,-0.6125275437631839,27408.42
15, 101559.0,-0.8317460740870789,-0.3113283315223991,1.1694571646246668,18256.37
12, 101560.0,-0.8317460740870789,-0.7479331345175364,-0.6125275437631839,10338.2
0, 101561.0,0.3488170515096455,1.4350908804581504,1.1694571646246668,17835.27
7, 101562.0,0.3488170515096455,-0.3113283315223991,-0.6125275437631839,16805.85
3, 101563.0,0.3488170515096455,1.4350908804581504,-0.6125275437631839,17616.79
6, 101564.0,-0.8317460740870789,0.5618812744678756,-0.6125275437631839,8468.21
6, 101565.0,-0.8317460740870789,0.5618812744678756,-0.6125275437631839,12486.44
15, 101566.0,-0.8317460740870789,0.12527647147273824,1.1694571646246668,13987.2
10, 101567.0,-0.8317460740870789,-1.1845379375126739,1.1694571646246668,13293.0
5, 101568.0,1.5293801771063698,0.12527647147273824,2.951441873012518,19719.29
0, 101569.0,0.3488170515096455,0.9984860774630129,1.1694571646246668,21120.38
1, 101570.0,-0.8317460740870789,0.12527647147273824,-0.6125275437631839,13019.45
1, 101571.0,-0.8317460740870789,-0.3113283315223991,-0.6125275437631839,9934.47
2, 101572.0,-0.8317460740870789,-1.6211427405078112,-0.6125275437631839,23731.84
9, 101573.0,0.3488170515096455,-1.1845379375126739,-0.6125275437631839,13730.48
10, 101574.0,-0.8317460740870789,-1.1845379375126739,1.1694571646246668,30919.28
1, 101575.0,-0.8317460740870789,0.12527647147273824,-0.6125275437631839,22260.44
11, 101576.0,0.3488170515096455,0.12527647147273824,-0.6125275437631839,15626.22
3, 101577.0,0.3488170515096455,1.4350908804581504,-0.6125275437631839,8841.64
11, 101578.0,0.3488170515096455,0.12527647147273824,-0.6125275437631839,17704.73
7, 101579.0,0.3488170515096455,-0.3113283315223991,-0.6125275437631839,15225.09
8, 101580.0,2.709943302703094,2.308300486448425,1.1694571646246668,38204.37
1, 101581.0,-0.8317460740870789,-0.3113283315223991,-0.6125275437631839,23496.28
1, 101582.0,-0.8317460740870789,-0.3113283315223991,-0.6125275437631839,21790.08
6, 101583.0,-0.8317460740870789,0.5618812744678756,-0.6125275437631839,27563.03
10, 101584.0,-0.8317460740870789,-0.7479331345175364,1.1694571646246668,25477.26
2, 101585.0,-0.8317460740870789,-1.1845379375126739,-0.6125275437631839,10663.61
7, 101586.0,0.3488170515096455,-0.3113283315223991,-0.6125275437631839,20319.54
15, 101587.0,-0.8317460740870789,-0.3113283315223991,1.1694571646246668,9967.86
4, 101588.0,-0.8317460740870789,2.744905289443562,1.1694571646246668,18380.49
9, 101589.0,0.3488170515096455,-1.1845379375126739,-0.6125275437631839,13651.95
1, 101590.0,-0.8317460740870789,-0.3113283315223991,-0.6125275437631839,9202.72
12, 101591.0,-0.8317460740870789,-0.7479331345175364,-0.6125275437631839,8177.87
7, 101592.0,0.3488170515096455,-0.3113283315223991,-0.6125275437631839,14730.82
12, 101593.0,-0.8317460740870789,-0.7479331345175364,-0.6125275437631839,11829.7
1, 101594.0,-0.8317460740870789,0.12527647147273824,-0.6125275437631839,12988.88
12, 101595.0,-0.8317460740870789,-0.7479331345175364,-0.6125275437631839,10375.97
4, 101596.0,-0.8317460740870789,0.9984860774630129,-0.6125275437631839,13954.35
7, 101597.0,0.3488170515096455,-0.3113283315223991,-0.6125275437631839,10108.54
15, 101598.0,-0.8317460740870789,-0.3113283315223991,1.1694571646246668,19825.1
1, 101599.0,-0.8317460740870789,-0.3113283315223991,-0.6125275437631839,25826.84
1, 101600.0,-0.8317460740870789,0.12527647147273824,-0.6125275437631839,10838.36
8, 101601.0,3.8905064282998185,1.4350908804581504,1.1694571646246668,26842.95
11, 101602.0,0.3488170515096455,0.12527647147273824,-0.6125275437631839,27634.97
3, 101603.0,0.3488170515096455,0.9984860774630129,-0.6125275437631839,13817.52
8, 101604.0,2.709943302703094,0.12527647147273824,1.1694571646246668,25168.63
1, 101605.0,-0.8317460740870789,0.12527647147273824,-0.6125275437631839,26517.02
4, 101606.0,-0.8317460740870789,1.4350908804581504,-0.6125275437631839,21499.03
10, 101607.0,-0.8317460740870789,-1.6211427405078112,1.1694571646246668,16681.69
13, 101608.0,1.5293801771063698,-1.1845379375126739,1.1694571646246668,17818.35
1, 101609.0,-0.8317460740870789,0.12527647147273824,-0.6125275437631839,13147.14
1, 101610.0,-0.8317460740870789,-0.3113283315223991,-0.6125275437631839,23931.72
3, 101611.0,1.5293801771063698,0.9984860774630129,-0.6125275437631839,20728.74
11, 101612.0,0.3488170515096455,0.12527647147273824,-0.6125275437631839,36392.54
2, 101613.0,-0.8317460740870789,-1.1845379375126739,-0.6125275437631839,26251.2
14, 101614.0,2.709943302703094,0.9984860774630129,-0.6125275437631839,19146.03
6, 101615.0,-0.8317460740870789,0.5618812744678756,-0.6125275437631839,10542.66
1, 101616.0,-0.8317460740870789,0.12527647147273824,-0.6125275437631839,25222.35
0, 101617.0,0.3488170515096455,1.4350908804581504,2.951441873012518,32381.34
11, 101618.0,0.3488170515096455,0.12527647147273824,-0.6125275437631839,13953.68
12, 101619.0,-0.8317460740870789,-0.7479331345175364,-0.6125275437631839,8899.98
2, 101620.0,-0.8317460740870789,-2.0577475435029484,-0.6125275437631839,21656.15
0, 101621.0,0.3488170515096455,1.8716956834532876,1.1694571646246668,19761.33
10, 101622.0,-0.8317460740870789,-1.1845379375126739,1.1694571646246668,11599.81
9, 101623.0,0.3488170515096455,-1.6211427405078112,-0.6125275437631839,12254.37
11, 101624.0,0.3488170515096455,0.5618812744678756,-0.6125275437631839,19785.2
0, 101625.0,1.5293801771063698,0.9984860774630129,1.1694571646246668,34600.66
3, 101626.0,0.3488170515096455,1.4350908804581504,-0.6125275437631839,14448.56
9, 101627.0,1.5293801771063698,-1.1845379375126739,-0.6125275437631839,13067.75
8, 101628.0,2.709943302703094,0.12527647147273824,1.1694571646246668,41337.2
3, 101629.0,1.5293801771063698,0.9984860774630129,-0.6125275437631839,39237.59
14, 101630.0,1.5293801771063698,0.5618812744678756,-0.6125275437631839,17420.08
7, 101631.0,0.3488170515096455,-0.3113283315223991,-0.6125275437631839,18560.23
6, 101632.0,-0.8317460740870789,0.5618812744678756,-0.6125275437631839,15933.03
15, 101633.0,-0.8317460740870789,0.12527647147273824,1.1694571646246668,10645.56
15, 101634.0,-0.8317460740870789,-0.3113283315223991,1.1694571646246668,16755.26
7, 101635.0,0.3488170515096455,-0.3113283315223991,-0.6125275437631839,20867.3
5, 101636.0,1.5293801771063698,0.12527647147273824,1.1694571646246668,23639.61
0, 101637.0,0.3488170515096455,0.5618812744678756,1.1694571646246668,38070.5
3, 101638.0,0.3488170515096455,0.9984860774630129,-0.6125275437631839,14979.5
3, 101639.0,1.5293801771063698,2.308300486448425,-0.6125275437631839,20706.12
12, 101640.0,-0.8317460740870789,-0.7479331345175364,-0.6125275437631839,13828.94
0, 101641.0,0.3488170515096455,0.5618812744678756,1.1694571646246668,26686.58
15, 101642.0,-0.8317460740870789,-0.3113283315223991,1.1694571646246668,23091.24
15, 101643.0,-0.8317460740870789,-0.3113283315223991,1.1694571646246668,33704.4
10, 101644.0,-0.8317460740870789,-0.3113283315223991,4.733426581400368,25507.73
11, 101645.0,0.3488170515096455,0.5618812744678756,-0.6125275437631839,15746.86
6, 101646.0,-0.8317460740870789,0.5618812744678756,-0.6125275437631839,13458.78
15, 101647.0,-0.8317460740870789,-0.3113283315223991,1.1694571646246668,29416.45
0, 101648.0,0.3488170515096455,1.4350908804581504,1.1694571646246668,18346.7
10, 101649.0,-0.8317460740870789,-0.7479331345175364,1.1694571646246668,19665.86
5, 101650.0,0.3488170515096455,0.12527647147273824,1.1694571646246668,15668.35
4, 101651.0,-0.8317460740870789,0.9984860774630129,-0.6125275437631839,8805.74
13, 101652.0,0.3488170515096455,-1.1845379375126739,1.1694571646246668,29486.51
1, 101653.0,-0.8317460740870789,-0.3113283315223991,-0.6125275437631839,18578.52
4, 101654.0,-0.8317460740870789,1.4350908804581504,-0.6125275437631839,17996.2
8, 101655.0,2.709943302703094,0.5618812744678756,1.1694571646246668,24670.69
3, 101656.0,0.3488170515096455,1.4350908804581504,-0.6125275437631839,13117.29
3, 101657.0,0.3488170515096455,1.4350908804581504,-0.6125275437631839,15923.35
10, 101658.0,-0.8317460740870789,-1.1845379375126739,1.1694571646246668,21656.67
5, 101659.0,0.3488170515096455,0.12527647147273824,1.1694571646246668,34809.55
0, 101660.0,1.5293801771063698,1.4350908804581504,1.1694571646246668,34939.4
11, 101661.0,0.3488170515096455,0.5618812744678756,-0.6125275437631839,12986.58
0, 101662.0,1.5293801771063698,1.4350908804581504,1.1694571646246668,42803.46
5, 101663.0,0.3488170515096455,-0.7479331345175364,1.1694571646246668,20871.21
9, 101664.0,0.3488170515096455,-2.0577475435029484,-0.6125275437631839,19346.54
12, 101665.0,-0.8317460740870789,-0.7479331345175364,-0.6125275437631839,21116.42
1, 101666.0,-0.8317460740870789,0.12527647147273824,-0.6125275437631839,8771.27
15, 101667.0,-0.8317460740870789,-0.3113283315223991,1.1694571646246668,10401.96
4, 101668.0,-0.8317460740870789,0.9984860774630129,-0.6125275437631839,29643.86
11, 101669.0,0.3488170515096455,0.12527647147273824,-0.6125275437631839,21893.93
7, 101670.0,0.3488170515096455,-0.3113283315223991,-0.6125275437631839,14674.53
10, 101671.0,-0.8317460740870789,-0.7479331345175364,1.1694571646246668,12466.27
0, 101672.0,0.3488170515096455,0.9984860774630129,1.1694571646246668,31459.87
0, 101673.0,0.3488170515096455,0.5618812744678756,1.1694571646246668,27911.7
1, 101674.0,-0.8317460740870789,0.12527647147273824,-0.6125275437631839,8782.9
11, 101675.0,0.3488170515096455,0.12527647147273824,-0.6125275437631839,11260.49
7, 101676.0,0.3488170515096455,-0.3113283315223991,-0.6125275437631839,12986.1
15, 101677.0,-0.8317460740870789,0.5618812744678756,1.1694571646246668,16531.26
2, 101678.0,-0.8317460740870789,-1.1845379375126739,-0.6125275437631839,5305.72
0, 101679.0,1.5293801771063698,0.9984860774630129,2.951441873012518,20659.69
9, 101680.0,0.3488170515096455,-1.1845379375126739,-0.6125275437631839,11509.85
3, 101681.0,1.5293801771063698,0.9984860774630129,-0.6125275437631839,16149.2
11, 101682.0,0.3488170515096455,0.12527647147273824,-0.6125275437631839,21735.72
1, 101683.0,-0.8317460740870789,0.12527647147273824,-0.6125275437631839,10583.87
3, 101684.0,0.3488170515096455,0.9984860774630129,-0.6125275437631839,16192.49
15, 101685.0,-0.8317460740870789,0.9984860774630129,1.1694571646246668,18226.71
0, 101686.0,1.5293801771063698,1.8716956834532876,1.1694571646246668,46118.94
12, 101687.0,-0.8317460740870789,-0.7479331345175364,-0.6125275437631839,25919.04
2, 101688.0,-0.8317460740870789,-1.6211427405078112,-0.6125275437631839,9924.66
7, 101689.0,0.3488170515096455,-0.3113283315223991,-0.6125275437631839,25306.82
8, 101690.0,2.709943302703094,1.8716956834532876,-0.6125275437631839,21223.32
6, 101691.0,-0.8317460740870789,0.5618812744678756,-0.6125275437631839,13462.09
10, 101692.0,-0.8317460740870789,-1.1845379375126739,1.1694571646246668,27952.79
1, 101693.0,-0.8317460740870789,0.12527647147273824,-0.6125275437631839,25818.08
7, 101694.0,0.3488170515096455,-0.3113283315223991,-0.6125275437631839,17047.12
15, 101695.0,-0.8317460740870789,0.12527647147273824,1.1694571646246668,16296.19
9, 101696.0,0.3488170515096455,-1.1845379375126739,-0.6125275437631839,26958.29
12, 101697.0,-0.8317460740870789,-0.7479331345175364,-0.6125275437631839,12974.1
3, 101698.0,0.3488170515096455,0.9984860774630129,-0.6125275437631839,17225.08
9, 101699.0,0.3488170515096455,-1.1845379375126739,-0.6125275437631839,14890.45
11, 101700.0,0.3488170515096455,0.12527647147273824,-0.6125275437631839,19203.72
7, 101701.0,0.3488170515096455,-0.7479331345175364,-0.6125275437631839,27313.5
11, 101702.0,0.3488170515096455,0.12527647147273824,-0.6125275437631839,16197.86
15, 101703.0,-0.8317460740870789,0.12527647147273824,1.1694571646246668,12432.59
2, 101704.0,-0.8317460740870789,-1.1845379375126739,-0.6125275437631839,16462.94
12, 101705.0,-0.8317460740870789,-0.7479331345175364,-0.6125275437631839,9316.55
7, 101706.0,0.3488170515096455,-0.7479331345175364,-0.6125275437631839,6115.16
11, 101707.0,0.3488170515096455,0.12527647147273824,-0.6125275437631839,17995.23
5, 101708.0,0.3488170515096455,-0.7479331345175364,1.1694571646246668,18996.61
0, 101709.0,0.3488170515096455,0.5618812744678756,1.1694571646246668,16550.05
11, 101710.0,0.3488170515096455,0.12527647147273824,-0.6125275437631839,15338.65
2, 101711.0,-0.8317460740870789,-1.1845379375126739,-0.6125275437631839,9949.06
12, 101712.0,-0.8317460740870789,-0.7479331345175364,-0.6125275437631839,14030.62
14, 101713.0,1.5293801771063698,0.5618812744678756,-0.6125275437631839,31847.14
5, 101714.0,0.3488170515096455,-0.7479331345175364,1.1694571646246668,19592.91
7, 101715.0,0.3488170515096455,-0.3113283315223991,-0.6125275437631839,15054.11
7, 101716.0,0.3488170515096455,-0.7479331345175364,-0.6125275437631839,12122.34
7, 101717.0,0.3488170515096455,-0.7479331345175364,-0.6125275437631839,34295.32
10, 101718.0,-0.8317460740870789,-1.6211427405078112,2.951441873012518,11093.62
7, 101719.0,0.3488170515096455,-0.3113283315223991,-0.6125275437631839,21423.09
11, 101720.0,0.3488170515096455,0.5618812744678756,-0.6125275437631839,17968.55
1, 101721.0,-0.8317460740870789,0.12527647147273824,-0.6125275437631839,19548.49
2, 101722.0,-0.8317460740870789,-1.6211427405078112,-0.6125275437631839,8468.98
2, 101723.0,-0.8317460740870789,-1.6211427405078112,-0.6125275437631839,12479.68
12, 101724.0,-0.8317460740870789,-0.7479331345175364,-0.6125275437631839,5828.73
12, 101725.0,-0.8317460740870789,-0.7479331345175364,-0.6125275437631839,26418.44
1, 101726.0,-0.8317460740870789,0.12527647147273824,-0.6125275437631839,19790.28
2, 101727.0,-0.8317460740870789,-1.1845379375126739,-0.6125275437631839,11605.22
1, 101728.0,-0.8317460740870789,0.12527647147273824,-0.6125275437631839,25639.52
13, 101729.0,0.3488170515096455,-1.1845379375126739,1.1694571646246668,18503.1
8, 101730.0,3.8905064282998185,1.8716956834532876,2.951441873012518,28022.22
13, 101731.0,0.3488170515096455,-1.1845379375126739,1.1694571646246668,19595.37
10, 101732.0,-0.8317460740870789,-0.7479331345175364,1.1694571646246668,9529.81
6, 101733.0,-0.8317460740870789,0.5618812744678756,-0.6125275437631839,3854.35
4, 101734.0,-0.8317460740870789,2.308300486448425,-0.6125275437631839,30932.81
0, 101735.0,0.3488170515096455,1.8716956834532876,1.1694571646246668,24830.69
11, 101736.0,0.3488170515096455,0.12527647147273824,-0.6125275437631839,26465.9
4, 101737.0,-0.8317460740870789,0.9984860774630129,-0.6125275437631839,8645.44
11, 101738.0,0.3488170515096455,0.12527647147273824,-0.6125275437631839,17147.18
12, 101739.0,-0.8317460740870789,-0.7479331345175364,-0.6125275437631839,14229.32
11, 101740.0,0.3488170515096455,0.5618812744678756,-0.6125275437631839,31119.12
12, 101741.0,-0.8317460740870789,-0.7479331345175364,-0.6125275437631839,27029.38
1, 101742.0,-0.8317460740870789,-0.3113283315223991,-0.6125275437631839,6898.96
1, 101743.0,-0.8317460740870789,-0.3113283315223991,-0.6125275437631839,11615.43
7, 101744.0,0.3488170515096455,-0.7479331345175364,-0.6125275437631839,10275.62
5, 101745.0,0.3488170515096455,0.12527647147273824,1.1694571646246668,16227.06
14, 101746.0,2.709943302703094,-0.3113283315223991,-0.6125275437631839,25897.3
2, 101747.0,-0.8317460740870789,-1.1845379375126739,-0.6125275437631839,3946.31
3, 101748.0,0.3488170515096455,1.4350908804581504,-0.6125275437631839,11319.4
4, 101749.0,-0.8317460740870789,0.9984860774630129,-0.6125275437631839,26039.01
2, 101750.0,-0.8317460740870789,-1.1845379375126739,-0.6125275437631839,21977.28
6, 101751.0,-0.8317460740870789,0.5618812744678756,-0.6125275437631839,10682.95
1, 101752.0,-0.8317460740870789,0.12527647147273824,-0.6125275437631839,13833.14
2, 101753.0,-0.8317460740870789,-1.1845379375126739,-0.6125275437631839,13078.8
10, 101754.0,-0.8317460740870789,-0.7479331345175364,1.1694571646246668,14182.72
2, 101755.0,-0.8317460740870789,-1.1845379375126739,-0.6125275437631839,14227.63
5, 101756.0,0.3488170515096455,0.12527647147273824,1.1694571646246668,11672.02
8, 101757.0,3.8905064282998185,1.4350908804581504,-0.6125275437631839,21499.83
14, 101758.0,1.5293801771063698,-0.7479331345175364,-0.6125275437631839,13223.16
8, 101759.0,3.8905064282998185,0.5618812744678756,1.1694571646246668,45864.14
3, 101760.0,1.5293801771063698,1.4350908804581504,-0.6125275437631839,19411.33
2, 101761.0,-0.8317460740870789,-1.6211427405078112,-0.6125275437631839,23679.2
2, 101762.0,-0.8317460740870789,-1.1845379375126739,-0.6125275437631839,17542.17
2, 101763.0,-0.8317460740870789,-1.1845379375126739,-0.6125275437631839,23777.29
7, 101764.0,0.3488170515096455,-0.3113283315223991,-0.6125275437631839,8725.12
3, 101765.0,1.5293801771063698,0.9984860774630129,-0.6125275437631839,19377.89
14, 101766.0,1.5293801771063698,0.12527647147273824,-0.6125275437631839,15655.29
1, 101767.0,-0.8317460740870789,-0.3113283315223991,-0.6125275437631839,8599.67
6, 101768.0,-0.8317460740870789,0.5618812744678756,-0.6125275437631839,15229.13
14, 101769.0,2.709943302703094,0.9984860774630129,-0.6125275437631839,18411.14
6, 101770.0,-0.8317460740870789,0.5618812744678756,-0.6125275437631839,13632.62
1, 101771.0,-0.8317460740870789,-0.3113283315223991,-0.6125275437631839,11279.43
1, 101772.0,-0.8317460740870789,0.12527647147273824,-0.6125275437631839,10410.22
2, 101773.0,-0.8317460740870789,-1.1845379375126739,-0.6125275437631839,20997.64
13, 101774.0,0.3488170515096455,-1.1845379375126739,1.1694571646246668,17196.24
15, 101775.0,-0.8317460740870789,1.4350908804581504,1.1694571646246668,12216.77
0, 101776.0,1.5293801771063698,0.5618812744678756,1.1694571646246668,16376.59
5, 101777.0,1.5293801771063698,-0.3113283315223991,4.733426581400368,26119.02
1, 101778.0,-0.8317460740870789,-0.3113283315223991,-0.6125275437631839,8566.12
5, 101779.0,0.3488170515096455,-0.3113283315223991,1.1694571646246668,20095.42
0, 101780.0,0.3488170515096455,1.4350908804581504,1.1694571646246668,29724.32
1, 101781.0,-0.8317460740870789,-0.3113283315223991,-0.6125275437631839,8934.83
1, 101782.0,-0.8317460740870789,-0.3113283315223991,-0.6125275437631839,35197.36
11, 101783.0,0.3488170515096455,0.5618812744678756,-0.6125275437631839,31636.4
7, 101784.0,0.3488170515096455,-0.7479331345175364,-0.6125275437631839,10814.3
5, 101785.0,1.5293801771063698,-0.3113283315223991,1.1694571646246668,19340.14
11, 101786.0,0.3488170515096455,0.12527647147273824,-0.6125275437631839,16300.11
11, 101787.0,0.3488170515096455,0.12527647147273824,-0.6125275437631839,11886.74
12, 101788.0,-0.8317460740870789,-0.7479331345175364,-0.6125275437631839,17482.25
15, 101789.0,-0.8317460740870789,-0.3113283315223991,1.1694571646246668,28844.25
1, 101790.0,-0.8317460740870789,-0.3113283315223991,-0.6125275437631839,6550.24
12, 101791.0,-0.8317460740870789,-0.7479331345175364,-0.6125275437631839,33818.74
13, 101792.0,0.3488170515096455,-2.0577475435029484,1.1694571646246668,16015.15
7, 101793.0,0.3488170515096455,-0.3113283315223991,-0.6125275437631839,12206.13
0, 101794.0,0.3488170515096455,0.9984860774630129,1.1694571646246668,22156.75
3, 101795.0,1.5293801771063698,1.8716956834532876,-0.6125275437631839,14854.31
5, 101796.0,0.3488170515096455,-0.3113283315223991,1.1694571646246668,28703.77
12, 101797.0,-0.8317460740870789,-0.7479331345175364,-0.6125275437631839,12254.52
1, 101798.0,-0.8317460740870789,-0.3113283315223991,-0.6125275437631839,11601.94
5, 101799.0,1.5293801771063698,0.12527647147273824,1.1694571646246668,24001.95
5, 101800.0,0.3488170515096455,-0.3113283315223991,1.1694571646246668,12647.63
7, 101801.0,0.3488170515096455,-0.3113283315223991,-0.6125275437631839,10098.72
1, 101802.0,-0.8317460740870789,-0.3113283315223991,-0.6125275437631839,8186.9
11, 101803.0,0.3488170515096455,0.5618812744678756,-0.6125275437631839,17385.41
12, 101804.0,-0.8317460740870789,-0.7479331345175364,-0.6125275437631839,4226.84
2, 101805.0,-0.8317460740870789,-1.6211427405078112,-0.6125275437631839,28840.22
7, 101806.0,0.3488170515096455,-0.3113283315223991,-0.6125275437631839,14217.36
5, 101807.0,0.3488170515096455,-0.3113283315223991,1.1694571646246668,16119.54
12, 101808.0,-0.8317460740870789,-0.7479331345175364,-0.6125275437631839,8827.27
11, 101809.0,0.3488170515096455,0.5618812744678756,-0.6125275437631839,11603.66
5, 101810.0,0.3488170515096455,-0.7479331345175364,1.1694571646246668,17721.94
7, 101811.0,0.3488170515096455,-0.7479331345175364,-0.6125275437631839,11943.98
3, 101812.0,0.3488170515096455,0.9984860774630129,-0.6125275437631839,36367.88
1, 101813.0,-0.8317460740870789,-0.3113283315223991,-0.6125275437631839,23123.62
11, 101814.0,0.3488170515096455,0.12527647147273824,-0.6125275437631839,14497.35
2, 101815.0,-0.8317460740870789,-1.1845379375126739,-0.6125275437631839,9867.29
5, 101816.0,0.3488170515096455,-0.3113283315223991,1.1694571646246668,17791.09
1, 101817.0,-0.8317460740870789,-0.3113283315223991,-0.6125275437631839,8708.33
7, 101818.0,0.3488170515096455,-0.3113283315223991,-0.6125275437631839,20913.0
11, 101819.0,0.3488170515096455,0.12527647147273824,-0.6125275437631839,28297.09
1, 101820.0,-0.8317460740870789,-0.3113283315223991,-0.6125275437631839,10461.56
2, 101821.0,-0.8317460740870789,-1.1845379375126739,-0.6125275437631839,14030.8
13, 101822.0,0.3488170515096455,-1.1845379375126739,1.1694571646246668,15269.95
7, 101823.0,0.3488170515096455,-0.3113283315223991,-0.6125275437631839,11142.87
0, 101824.0,0.3488170515096455,1.4350908804581504,1.1694571646246668,12018.94
14, 101825.0,2.709943302703094,-0.7479331345175364,-0.6125275437631839,14633.28
11, 101826.0,0.3488170515096455,0.12527647147273824,-0.6125275437631839,13432.02
3, 101827.0,0.3488170515096455,1.4350908804581504,-0.6125275437631839,20856.78
4, 101828.0,-0.8317460740870789,1.4350908804581504,-0.6125275437631839,13057.27
11, 101829.0,0.3488170515096455,0.12527647147273824,-0.6125275437631839,24900.76
5, 101830.0,0.3488170515096455,-0.3113283315223991,1.1694571646246668,22418.58
5, 101831.0,0.3488170515096455,0.12527647147273824,1.1694571646246668,21206.12
2, 101832.0,-0.8317460740870789,-1.1845379375126739,-0.6125275437631839,9383.14
2, 101833.0,-0.8317460740870789,-1.1845379375126739,-0.6125275437631839,10125.49
3, 101834.0,0.3488170515096455,1.4350908804581504,-0.6125275437631839,25239.22
11, 101835.0,0.3488170515096455,0.5618812744678756,-0.6125275437631839,22519.3
5, 101836.0,0.3488170515096455,0.12527647147273824,1.1694571646246668,34375.43
2, 101837.0,-0.8317460740870789,-1.6211427405078112,-0.6125275437631839,5050.21
9, 101838.0,0.3488170515096455,-1.1845379375126739,-0.6125275437631839,16044.74
1, 101839.0,-0.8317460740870789,0.12527647147273824,-0.6125275437631839,13407.54
5, 101840.0,0.3488170515096455,-0.3113283315223991,1.1694571646246668,13516.68
14, 101841.0,1.5293801771063698,-0.3113283315223991,-0.6125275437631839,19194.53
12, 101842.0,-0.8317460740870789,-0.7479331345175364,-0.6125275437631839,13524.25
6, 101843.0,-0.8317460740870789,0.5618812744678756,-0.6125275437631839,9230.66
11, 101844.0,0.3488170515096455,0.12527647147273824,-0.6125275437631839,17058.09
11, 101845.0,0.3488170515096455,0.12527647147273824,-0.6125275437631839,14921.04
3, 101846.0,0.3488170515096455,0.9984860774630129,-0.6125275437631839,19716.1
10, 101847.0,-0.8317460740870789,-0.7479331345175364,1.1694571646246668,33530.84
12, 101848.0,-0.8317460740870789,-0.7479331345175364,-0.6125275437631839,8338.81
5, 101849.0,0.3488170515096455,-0.3113283315223991,1.1694571646246668,17061.23
1, 101850.0,-0.8317460740870789,0.12527647147273824,-0.6125275437631839,10464.55
1, 101851.0,-0.8317460740870789,0.12527647147273824,-0.6125275437631839,10876.76
4, 101852.0,-0.8317460740870789,0.9984860774630129,-0.6125275437631839,11790.15
7, 101853.0,0.3488170515096455,-0.7479331345175364,-0.6125275437631839,23555.71
11, 101854.0,0.3488170515096455,0.12527647147273824,-0.6125275437631839,18479.74
7, 101855.0,0.3488170515096455,-0.3113283315223991,-0.6125275437631839,15762.31
7, 101856.0,0.3488170515096455,-0.7479331345175364,-0.6125275437631839,15582.79
11, 101857.0,0.3488170515096455,0.12527647147273824,-0.6125275437631839,17620.02
7, 101858.0,0.3488170515096455,-0.7479331345175364,-0.6125275437631839,16994.84
10, 101859.0,-0.8317460740870789,-0.7479331345175364,1.1694571646246668,23718.87
2, 101860.0,-0.8317460740870789,-2.0577475435029484,-0.6125275437631839,11205.26
0, 101861.0,1.5293801771063698,0.5618812744678756,1.1694571646246668,18713.01
6, 101862.0,-0.8317460740870789,0.5618812744678756,-0.6125275437631839,6682.1
2, 101863.0,-0.8317460740870789,-1.1845379375126739,-0.6125275437631839,8912.71
1, 101864.0,-0.8317460740870789,0.12527647147273824,-0.6125275437631839,17945.04
0, 101865.0,0.3488170515096455,0.5618812744678756,1.1694571646246668,17468.73
11, 101866.0,0.3488170515096455,0.5618812744678756,-0.6125275437631839,15101.58
7, 101867.0,0.3488170515096455,-0.7479331345175364,-0.6125275437631839,20903.34
1, 101868.0,-0.8317460740870789,0.12527647147273824,-0.6125275437631839,13906.0
14, 101869.0,1.5293801771063698,0.12527647147273824,-0.6125275437631839,20191.85
10, 101870.0,-0.8317460740870789,-0.7479331345175364,1.1694571646246668,12616.83
11, 101871.0,0.3488170515096455,0.12527647147273824,-0.6125275437631839,34848.37
3, 101872.0,0.3488170515096455,1.4350908804581504,-0.6125275437631839,13504.45
3, 101873.0,0.3488170515096455,0.9984860774630129,-0.6125275437631839,14533.61
6, 101874.0,-0.8317460740870789,0.5618812744678756,-0.6125275437631839,10375.09
14, 101875.0,2.709943302703094,0.12527647147273824,-0.6125275437631839,17252.06
1, 101876.0,-0.8317460740870789,-0.3113283315223991,-0.6125275437631839,9593.44
9, 101877.0,0.3488170515096455,-1.1845379375126739,-0.6125275437631839,17923.83
4, 101878.0,-0.8317460740870789,0.9984860774630129,-0.6125275437631839,13179.59
2, 101879.0,-0.8317460740870789,-2.0577475435029484,-0.6125275437631839,8547.61
14, 101880.0,1.5293801771063698,0.12527647147273824,-0.6125275437631839,11140.26
10, 101881.0,-0.8317460740870789,-1.1845379375126739,1.1694571646246668,11864.47
1, 101882.0,-0.8317460740870789,-0.3113283315223991,-0.6125275437631839,9274.75
13, 101883.0,1.5293801771063698,-1.1845379375126739,1.1694571646246668,18684.63
10, 101884.0,-0.8317460740870789,-1.1845379375126739,1.1694571646246668,17781.83
1, 101885.0,-0.8317460740870789,-0.3113283315223991,-0.6125275437631839,9204.77
3, 101886.0,0.3488170515096455,1.4350908804581504,-0.6125275437631839,13263.97
2, 101887.0,-0.8317460740870789,-1.1845379375126739,-0.6125275437631839,13600.65
3, 101888.0,1.5293801771063698,2.308300486448425,-0.6125275437631839,13476.96
5, 101889.0,1.5293801771063698,-0.7479331345175364,1.1694571646246668,24594.79
2, 101890.0,-0.8317460740870789,-1.6211427405078112,-0.6125275437631839,14550.5
1, 101891.0,-0.8317460740870789,0.12527647147273824,-0.6125275437631839,6726.14
11, 101892.0,0.3488170515096455,0.12527647147273824,-0.6125275437631839,19516.89
2, 101893.0,-0.8317460740870789,-2.0577475435029484,-0.6125275437631839,16702.78
15, 101894.0,-0.8317460740870789,0.5618812744678756,1.1694571646246668,14947.3
5, 101895.0,0.3488170515096455,0.12527647147273824,1.1694571646246668,13095.75
1, 101896.0,-0.8317460740870789,0.12527647147273824,-0.6125275437631839,33553.85
15, 101897.0,-0.8317460740870789,1.4350908804581504,1.1694571646246668,13726.53
0, 101898.0,1.5293801771063698,2.744905289443562,2.951441873012518,23920.97
3, 101899.0,0.3488170515096455,0.9984860774630129,-0.6125275437631839,15382.63
1, 101900.0,-0.8317460740870789,0.12527647147273824,-0.6125275437631839,17078.34
1, 101901.0,-0.8317460740870789,-0.3113283315223991,-0.6125275437631839,7257.71
1, 101902.0,-0.8317460740870789,0.12527647147273824,-0.6125275437631839,23114.49
6, 101903.0,-0.8317460740870789,0.5618812744678756,-0.6125275437631839,15466.17
12, 101904.0,-0.8317460740870789,-0.7479331345175364,-0.6125275437631839,17040.93
1, 101905.0,-0.8317460740870789,-0.3113283315223991,-0.6125275437631839,10900.45
2, 101906.0,-0.8317460740870789,-1.1845379375126739,-0.6125275437631839,24259.47
6, 101907.0,-0.8317460740870789,0.5618812744678756,-0.6125275437631839,18321.14
10, 101908.0,-0.8317460740870789,-0.7479331345175364,1.1694571646246668,25572.43
1, 101909.0,-0.8317460740870789,-0.3113283315223991,-0.6125275437631839,11234.3
12, 101910.0,-0.8317460740870789,-0.7479331345175364,-0.6125275437631839,10182.44
4, 101911.0,-0.8317460740870789,1.8716956834532876,-0.6125275437631839,10670.17
14, 101912.0,1.5293801771063698,0.5618812744678756,-0.6125275437631839,22154.88
6, 101913.0,-0.8317460740870789,0.5618812744678756,-0.6125275437631839,17305.59
8, 101914.0,2.709943302703094,1.8716956834532876,-0.6125275437631839,27646.87
6, 101915.0,-0.8317460740870789,0.5618812744678756,-0.6125275437631839,25118.85
2, 101916.0,-0.8317460740870789,-1.1845379375126739,-0.6125275437631839,8638.89
12, 101917.0,-0.8317460740870789,-0.7479331345175364,-0.6125275437631839,9421.8
1, 101918.0,-0.8317460740870789,0.12527647147273824,-0.6125275437631839,23343.65
1, 101919.0,-0.8317460740870789,0.12527647147273824,-0.6125275437631839,28049.33
5, 101920.0,1.5293801771063698,-0.3113283315223991,1.1694571646246668,19545.12
2, 101921.0,-0.8317460740870789,-1.1845379375126739,-0.6125275437631839,9543.59
12, 101922.0,-0.8317460740870789,-0.7479331345175364,-0.6125275437631839,17824.54
0, 101923.0,0.3488170515096455,0.9984860774630129,1.1694571646246668,15533.23
1, 101924.0,-0.8317460740870789,0.12527647147273824,-0.6125275437631839,11288.04
1, 101925.0,-0.8317460740870789,0.12527647147273824,-0.6125275437631839,13998.91
9, 101926.0,1.5293801771063698,-1.6211427405078112,-0.6125275437631839,31890.29
11, 101927.0,0.3488170515096455,0.5618812744678756,-0.6125275437631839,16145.55
8, 101928.0,2.709943302703094,0.12527647147273824,1.1694571646246668,22384.56
1, 101929.0,-0.8317460740870789,0.12527647147273824,-0.6125275437631839,7654.52
3, 101930.0,1.5293801771063698,0.9984860774630129,-0.6125275437631839,30089.02
0, 101931.0,0.3488170515096455,0.9984860774630129,1.1694571646246668,21357.76
7, 101932.0,0.3488170515096455,-0.7479331345175364,-0.6125275437631839,19753.13
3, 101933.0,1.5293801771063698,1.8716956834532876,-0.6125275437631839,12884.45
1, 101934.0,-0.8317460740870789,-0.3113283315223991,-0.6125275437631839,26334.69
2, 101935.0,-0.8317460740870789,-1.1845379375126739,-0.6125275437631839,7956.94
10, 101936.0,-0.8317460740870789,-0.7479331345175364,1.1694571646246668,10273.71
0, 101937.0,0.3488170515096455,1.4350908804581504,2.951441873012518,20148.01
3, 101938.0,0.3488170515096455,1.4350908804581504,-0.6125275437631839,11954.9
2, 101939.0,-0.8317460740870789,-1.1845379375126739,-0.6125275437631839,9842.27
9, 101940.0,0.3488170515096455,-1.6211427405078112,-0.6125275437631839,22477.18
11, 101941.0,0.3488170515096455,0.12527647147273824,-0.6125275437631839,10694.24
3, 101942.0,0.3488170515096455,2.308300486448425,-0.6125275437631839,22038.02
5, 101943.0,0.3488170515096455,-0.7479331345175364,1.1694571646246668,25600.73
1, 101944.0,-0.8317460740870789,-0.3113283315223991,-0.6125275437631839,9406.33
10, 101945.0,-0.8317460740870789,-0.7479331345175364,1.1694571646246668,14039.41
1, 101946.0,-0.8317460740870789,0.12527647147273824,-0.6125275437631839,11921.63
9, 101947.0,0.3488170515096455,-1.1845379375126739,-0.6125275437631839,16384.47
9, 101948.0,0.3488170515096455,-1.1845379375126739,-0.6125275437631839,12335.42
3, 101949.0,0.3488170515096455,1.8716956834532876,-0.6125275437631839,18904.84
11, 101950.0,0.3488170515096455,0.5618812744678756,-0.6125275437631839,19877.82
7, 101951.0,0.3488170515096455,-0.3113283315223991,-0.6125275437631839,20507.7
0, 101952.0,1.5293801771063698,0.9984860774630129,2.951441873012518,19243.31
0, 101953.0,0.3488170515096455,0.9984860774630129,1.1694571646246668,20912.54
11, 101954.0,0.3488170515096455,0.12527647147273824,-0.6125275437631839,17712.62
14, 101955.0,1.5293801771063698,-0.3113283315223991,-0.6125275437631839,16828.25
5, 101956.0,0.3488170515096455,-0.7479331345175364,1.1694571646246668,16645.21
7, 101957.0,0.3488170515096455,-0.7479331345175364,-0.6125275437631839,14236.85
1, 101958.0,-0.8317460740870789,0.12527647147273824,-0.6125275437631839,16373.05
1, 101959.0,-0.8317460740870789,-0.3113283315223991,-0.6125275437631839,15999.51
11, 101960.0,0.3488170515096455,0.12527647147273824,-0.6125275437631839,7550.37
12, 101961.0,-0.8317460740870789,-0.7479331345175364,-0.6125275437631839,19650.27
0, 101962.0,1.5293801771063698,0.5618812744678756,1.1694571646246668,23386.1
6, 101963.0,-0.8317460740870789,0.5618812744678756,-0.6125275437631839,12618.05
1, 101964.0,-0.8317460740870789,-0.3113283315223991,-0.6125275437631839,10997.97
14, 101965.0,1.5293801771063698,0.5618812744678756,-0.6125275437631839,35347.99
3, 101966.0,0.3488170515096455,0.9984860774630129,-0.6125275437631839,14603.96
5, 101967.0,0.3488170515096455,0.12527647147273824,1.1694571646246668,20191.46
10, 101968.0,-0.8317460740870789,-0.7479331345175364,2.951441873012518,25391.71
14, 101969.0,2.709943302703094,-1.1845379375126739,-0.6125275437631839,23230.81
3, 101970.0,1.5293801771063698,0.9984860774630129,-0.6125275437631839,16652.81
11, 101971.0,0.3488170515096455,0.12527647147273824,-0.6125275437631839,13408.91
4, 101972.0,-0.8317460740870789,0.9984860774630129,-0.6125275437631839,11075.77
2, 101973.0,-0.8317460740870789,-1.1845379375126739,-0.6125275437631839,15425.07
5, 101974.0,0.3488170515096455,0.12527647147273824,1.1694571646246668,31919.26
6, 101975.0,-0.8317460740870789,0.5618812744678756,-0.6125275437631839,11930.78
2, 101976.0,-0.8317460740870789,-1.1845379375126739,-0.6125275437631839,11516.54
1, 101977.0,-0.8317460740870789,0.12527647147273824,-0.6125275437631839,17624.5
15, 101978.0,-0.8317460740870789,-0.3113283315223991,1.1694571646246668,14615.44
12, 101979.0,-0.8317460740870789,-0.7479331345175364,-0.6125275437631839,26174.84
7, 101980.0,0.3488170515096455,-0.7479331345175364,-0.6125275437631839,27830.04
4, 101981.0,-0.8317460740870789,1.4350908804581504,-0.6125275437631839,17740.63
11, 101982.0,0.3488170515096455,0.5618812744678756,-0.6125275437631839,12364.89
6, 101983.0,-0.8317460740870789,0.5618812744678756,-0.6125275437631839,7222.76
6, 101984.0,-0.8317460740870789,0.5618812744678756,-0.6125275437631839,12696.12
2, 101985.0,-0.8317460740870789,-1.6211427405078112,-0.6125275437631839,17332.82
5, 101986.0,1.5293801771063698,-0.3113283315223991,2.951441873012518,28189.74
0, 101987.0,0.3488170515096455,1.8716956834532876,1.1694571646246668,21225.77
9, 101988.0,1.5293801771063698,-1.1845379375126739,-0.6125275437631839,24246.28
6, 101989.0,-0.8317460740870789,0.5618812744678756,-0.6125275437631839,13479.36
6, 101990.0,-0.8317460740870789,0.5618812744678756,-0.6125275437631839,14256.57
1, 101991.0,-0.8317460740870789,-0.3113283315223991,-0.6125275437631839,10983.98
1, 101992.0,-0.8317460740870789,-0.3113283315223991,-0.6125275437631839,11891.55
2, 101993.0,-0.8317460740870789,-1.1845379375126739,-0.6125275437631839,26661.8
6, 101994.0,-0.8317460740870789,0.5618812744678756,-0.6125275437631839,10674.49
1, 101995.0,-0.8317460740870789,0.12527647147273824,-0.6125275437631839,14968.84
12, 101996.0,-0.8317460740870789,-0.7479331345175364,-0.6125275437631839,9864.35
10, 101997.0,-0.8317460740870789,-0.7479331345175364,1.1694571646246668,30216.26
1, 101998.0,-0.8317460740870789,-0.3113283315223991,-0.6125275437631839,28123.22
10, 101999.0,-0.8317460740870789,-0.7479331345175364,2.951441873012518,14491.97
15, 102000.0,-0.8317460740870789,-0.3113283315223991,1.1694571646246668,13714.65
11, 102001.0,0.3488170515096455,0.5618812744678756,-0.6125275437631839,31428.16
0, 102002.0,0.3488170515096455,1.4350908804581504,1.1694571646246668,30472.04
9, 102003.0,0.3488170515096455,-1.1845379375126739,-0.6125275437631839,11831.44
5, 102004.0,0.3488170515096455,0.12527647147273824,1.1694571646246668,17921.99
9, 102005.0,0.3488170515096455,-1.1845379375126739,-0.6125275437631839,17494.3
15, 102006.0,-0.8317460740870789,-0.3113283315223991,1.1694571646246668,17617.99
5, 102007.0,0.3488170515096455,-0.7479331345175364,1.1694571646246668,19086.37
7, 102008.0,0.3488170515096455,-0.7479331345175364,-0.6125275437631839,33914.87
0, 102009.0,0.3488170515096455,0.5618812744678756,2.951441873012518,25686.46
10, 102010.0,-0.8317460740870789,-0.7479331345175364,1.1694571646246668,13117.44
5, 102011.0,0.3488170515096455,0.12527647147273824,1.1694571646246668,28621.95
15, 102012.0,-0.8317460740870789,-0.3113283315223991,1.1694571646246668,15237.25
8, 102013.0,3.8905064282998185,1.8716956834532876,1.1694571646246668,22643.49
1, 102014.0,-0.8317460740870789,-0.3113283315223991,-0.6125275437631839,34512.16
0, 102015.0,0.3488170515096455,1.4350908804581504,1.1694571646246668,25002.93
1, 102016.0,-0.8317460740870789,0.12527647147273824,-0.6125275437631839,7689.12
5, 102017.0,0.3488170515096455,-0.7479331345175364,2.951441873012518,20671.46
1, 102018.0,-0.8317460740870789,-0.3113283315223991,-0.6125275437631839,10723.13
10, 102019.0,-0.8317460740870789,-1.1845379375126739,1.1694571646246668,12775.58
11, 102020.0,0.3488170515096455,0.12527647147273824,-0.6125275437631839,11267.94
7, 102021.0,0.3488170515096455,-0.7479331345175364,-0.6125275437631839,28851.37
8, 102022.0,5.071069553896543,2.744905289443562,1.1694571646246668,32148.68
9, 102023.0,0.3488170515096455,-1.1845379375126739,-0.6125275437631839,36152.5
11, 102024.0,0.3488170515096455,0.5618812744678756,-0.6125275437631839,26034.42
13, 102025.0,0.3488170515096455,-1.1845379375126739,1.1694571646246668,31517.48
3, 102026.0,1.5293801771063698,1.8716956834532876,-0.6125275437631839,20643.04
7, 102027.0,0.3488170515096455,-0.7479331345175364,-0.6125275437631839,15094.74
3, 102028.0,0.3488170515096455,2.308300486448425,-0.6125275437631839,18047.04
1, 102029.0,-0.8317460740870789,-0.3113283315223991,-0.6125275437631839,13922.41
0, 102030.0,0.3488170515096455,0.9984860774630129,1.1694571646246668,10125.78
8, 102031.0,2.709943302703094,0.9984860774630129,1.1694571646246668,24249.78
2, 102032.0,-0.8317460740870789,-1.1845379375126739,-0.6125275437631839,15084.49
14, 102033.0,1.5293801771063698,0.12527647147273824,-0.6125275437631839,24332.53
2, 102034.0,-0.8317460740870789,-1.1845379375126739,-0.6125275437631839,9572.74
9, 102035.0,0.3488170515096455,-1.6211427405078112,-0.6125275437631839,13956.61
7, 102036.0,0.3488170515096455,-0.3113283315223991,-0.6125275437631839,11198.15
1, 102037.0,-0.8317460740870789,-0.3113283315223991,-0.6125275437631839,11977.57
0, 102038.0,0.3488170515096455,1.4350908804581504,2.951441873012518,20577.86
1, 102039.0,-0.8317460740870789,-0.3113283315223991,-0.6125275437631839,14138.08
0, 102040.0,0.3488170515096455,1.4350908804581504,1.1694571646246668,18479.84
1, 102041.0,-0.8317460740870789,-0.3113283315223991,-0.6125275437631839,15650.16
3, 102042.0,0.3488170515096455,0.9984860774630129,-0.6125275437631839,13727.29
11, 102043.0,0.3488170515096455,0.12527647147273824,-0.6125275437631839,29036.59
3, 102044.0,0.3488170515096455,2.744905289443562,-0.6125275437631839,27061.94
9, 102045.0,0.3488170515096455,-1.6211427405078112,-0.6125275437631839,9536.67
4, 102046.0,-0.8317460740870789,1.8716956834532876,-0.6125275437631839,9646.11
4, 102047.0,-0.8317460740870789,0.9984860774630129,-0.6125275437631839,10502.86
11, 102048.0,0.3488170515096455,0.5618812744678756,-0.6125275437631839,19260.51
1, 102049.0,-0.8317460740870789,-0.3113283315223991,-0.6125275437631839,11242.62
1, 102050.0,-0.8317460740870789,0.12527647147273824,-0.6125275437631839,12243.8
10, 102051.0,-0.8317460740870789,-0.7479331345175364,1.1694571646246668,20269.82
9, 102052.0,0.3488170515096455,-1.1845379375126739,-0.6125275437631839,14630.32
1, 102053.0,-0.8317460740870789,-0.3113283315223991,-0.6125275437631839,13148.91
10, 102054.0,-0.8317460740870789,-1.1845379375126739,1.1694571646246668,20357.77
9, 102055.0,1.5293801771063698,-1.1845379375126739,-0.6125275437631839,14426.26
15, 102056.0,-0.8317460740870789,0.12527647147273824,1.1694571646246668,12652.49
11, 102057.0,0.3488170515096455,0.12527647147273824,-0.6125275437631839,27482.86
11, 102058.0,0.3488170515096455,0.12527647147273824,-0.6125275437631839,12108.82
0, 102059.0,0.3488170515096455,0.5618812744678756,1.1694571646246668,22883.28
14, 102060.0,1.5293801771063698,-0.3113283315223991,-0.6125275437631839,15271.4
4, 102061.0,-0.8317460740870789,2.744905289443562,-0.6125275437631839,14963.7
1, 102062.0,-0.8317460740870789,-0.3113283315223991,-0.6125275437631839,28328.9
15, 102063.0,-0.8317460740870789,-0.3113283315223991,1.1694571646246668,28131.47
9, 102064.0,0.3488170515096455,-1.1845379375126739,-0.6125275437631839,14561.72
12, 102065.0,-0.8317460740870789,-0.7479331345175364,-0.6125275437631839,29088.31
12, 102066.0,-0.8317460740870789,-0.7479331345175364,-0.6125275437631839,13839.09
0, 102067.0,0.3488170515096455,1.8716956834532876,1.1694571646246668,32405.63
3, 102068.0,0.3488170515096455,0.9984860774630129,-0.6125275437631839,17734.75
12, 102069.0,-0.8317460740870789,-0.7479331345175364,-0.6125275437631839,9897.0
4, 102070.0,-0.8317460740870789,0.9984860774630129,-0.6125275437631839,11163.94
5, 102071.0,0.3488170515096455,0.12527647147273824,2.951441873012518,19865.94
6, 102072.0,-0.8317460740870789,0.5618812744678756,-0.6125275437631839,16749.6
12, 102073.0,-0.8317460740870789,-0.7479331345175364,-0.6125275437631839,23591.1
8, 102074.0,2.709943302703094,0.9984860774630129,1.1694571646246668,33091.41
11, 102075.0,0.3488170515096455,0.5618812744678756,-0.6125275437631839,15465.7
0, 102076.0,0.3488170515096455,2.308300486448425,1.1694571646246668,17748.1
3, 102077.0,1.5293801771063698,1.4350908804581504,-0.6125275437631839,19641.66
2, 102078.0,-0.8317460740870789,-1.1845379375126739,-0.6125275437631839,12968.45
2, 102079.0,-0.8317460740870789,-1.6211427405078112,-0.6125275437631839,16610.89
2, 102080.0,-0.8317460740870789,-1.1845379375126739,-0.6125275437631839,26236.85
2, 102081.0,-0.8317460740870789,-1.1845379375126739,-0.6125275437631839,10584.24
5, 102082.0,0.3488170515096455,0.12527647147273824,1.1694571646246668,29726.21
5, 102083.0,1.5293801771063698,-0.7479331345175364,1.1694571646246668,19965.14
1, 102084.0,-0.8317460740870789,-0.3113283315223991,-0.6125275437631839,15897.22
3, 102085.0,1.5293801771063698,1.8716956834532876,-0.6125275437631839,34390.9
15, 102086.0,-0.8317460740870789,0.12527647147273824,1.1694571646246668,24046.12
0, 102087.0,0.3488170515096455,1.4350908804581504,1.1694571646246668,23264.65
7, 102088.0,0.3488170515096455,-0.7479331345175364,-0.6125275437631839,17587.76
7, 102089.0,0.3488170515096455,-0.7479331345175364,-0.6125275437631839,18357.52
15, 102090.0,-0.8317460740870789,0.12527647147273824,1.1694571646246668,8729.87
5, 102091.0,0.3488170515096455,-0.7479331345175364,1.1694571646246668,31611.79
5, 102092.0,0.3488170515096455,-0.7479331345175364,1.1694571646246668,18584.82
0, 102093.0,0.3488170515096455,0.9984860774630129,1.1694571646246668,21023.23
11, 102094.0,0.3488170515096455,0.12527647147273824,-0.6125275437631839,35670.47
9, 102095.0,1.5293801771063698,-1.6211427405078112,-0.6125275437631839,12351.63
11, 102096.0,0.3488170515096455,0.12527647147273824,-0.6125275437631839,12294.38
5, 102097.0,0.3488170515096455,-0.3113283315223991,1.1694571646246668,20292.36
1, 102098.0,-0.8317460740870789,-0.3113283315223991,-0.6125275437631839,13873.84
0, 102099.0,1.5293801771063698,2.744905289443562,1.1694571646246668,17517.24
1, 102100.0,-0.8317460740870789,0.12527647147273824,-0.6125275437631839,9901.28
1, 102101.0,-0.8317460740870789,-0.3113283315223991,-0.6125275437631839,7156.75
10, 102102.0,-0.8317460740870789,-1.6211427405078112,1.1694571646246668,17152.08
8, 102103.0,2.709943302703094,0.9984860774630129,1.1694571646246668,31690.79
12, 102104.0,-0.8317460740870789,-0.7479331345175364,-0.6125275437631839,17139.7
0, 102105.0,1.5293801771063698,0.5618812744678756,1.1694571646246668,29694.57
1, 102106.0,-0.8317460740870789,-0.3113283315223991,-0.6125275437631839,7112.43
9, 102107.0,1.5293801771063698,-1.1845379375126739,-0.6125275437631839,18510.26
2, 102108.0,-0.8317460740870789,-1.1845379375126739,-0.6125275437631839,9634.93
5, 102109.0,0.3488170515096455,-0.3113283315223991,1.1694571646246668,13689.6
13, 102110.0,1.5293801771063698,-1.1845379375126739,1.1694571646246668,16318.7
2, 102111.0,-0.8317460740870789,-1.1845379375126739,-0.6125275437631839,16910.03
7, 102112.0,0.3488170515096455,-0.7479331345175364,-0.6125275437631839,14767.12
3, 102113.0,1.5293801771063698,0.9984860774630129,-0.6125275437631839,13941.99
8, 102114.0,3.8905064282998185,0.12527647147273824,1.1694571646246668,24749.52
4, 102115.0,-0.8317460740870789,0.9984860774630129,-0.6125275437631839,18797.62
6, 102116.0,-0.8317460740870789,0.5618812744678756,-0.6125275437631839,11969.55
1, 102117.0,-0.8317460740870789,-0.3113283315223991,-0.6125275437631839,12253.5
3, 102118.0,0.3488170515096455,1.4350908804581504,-0.6125275437631839,16667.68
1, 102119.0,-0.8317460740870789,-0.3113283315223991,-0.6125275437631839,17077.0
14, 102120.0,1.5293801771063698,-0.3113283315223991,-0.6125275437631839,14716.12
8, 102121.0,2.709943302703094,2.308300486448425,-0.6125275437631839,19094.15
5, 102122.0,1.5293801771063698,-0.3113283315223991,1.1694571646246668,22518.34
4, 102123.0,-0.8317460740870789,0.9984860774630129,-0.6125275437631839,14321.54
4, 102124.0,-0.8317460740870789,1.4350908804581504,-0.6125275437631839,13486.68
7, 102125.0,0.3488170515096455,-0.3113283315223991,-0.6125275437631839,28257.7
11, 102126.0,0.3488170515096455,0.12527647147273824,-0.6125275437631839,14351.0
6, 102127.0,-0.8317460740870789,0.5618812744678756,-0.6125275437631839,10049.77
11, 102128.0,0.3488170515096455,0.5618812744678756,-0.6125275437631839,10901.82
2, 102129.0,-0.8317460740870789,-1.6211427405078112,-0.6125275437631839,14894.97
0, 102130.0,1.5293801771063698,2.308300486448425,1.1694571646246668,22151.18
1, 102131.0,-0.8317460740870789,-0.3113283315223991,-0.6125275437631839,15114.58
7, 102132.0,0.3488170515096455,-0.3113283315223991,-0.6125275437631839,17955.39
0, 102133.0,1.5293801771063698,0.5618812744678756,1.1694571646246668,29993.96
4, 102134.0,-0.8317460740870789,0.9984860774630129,-0.6125275437631839,12215.06
14, 102135.0,1.5293801771063698,-0.3113283315223991,-0.6125275437631839,14260.8
2, 102136.0,-0.8317460740870789,-1.1845379375126739,-0.6125275437631839,20833.89
12, 102137.0,-0.8317460740870789,-0.7479331345175364,-0.6125275437631839,18693.39
2, 102138.0,-0.8317460740870789,-1.1845379375126739,-0.6125275437631839,24500.78
7, 102139.0,0.3488170515096455,-0.3113283315223991,-0.6125275437631839,13809.04
4, 102140.0,-0.8317460740870789,1.4350908804581504,-0.6125275437631839,3586.55
0, 102141.0,0.3488170515096455,1.8716956834532876,1.1694571646246668,32788.64
1, 102142.0,-0.8317460740870789,-0.3113283315223991,-0.6125275437631839,6535.7
11, 102143.0,0.3488170515096455,0.12527647147273824,-0.6125275437631839,15176.56
1, 102144.0,-0.8317460740870789,-0.3113283315223991,-0.6125275437631839,12452.57
6, 102145.0,-0.8317460740870789,0.5618812744678756,-0.6125275437631839,33374.51
2, 102146.0,-0.8317460740870789,-1.1845379375126739,-0.6125275437631839,22304.82
8, 102147.0,2.709943302703094,2.308300486448425,1.1694571646246668,27240.0
3, 102148.0,0.3488170515096455,2.308300486448425,-0.6125275437631839,14241.29
7, 102149.0,0.3488170515096455,-0.7479331345175364,-0.6125275437631839,15455.31
2, 102150.0,-0.8317460740870789,-1.1845379375126739,-0.6125275437631839,27498.29
10, 102151.0,-0.8317460740870789,-0.7479331345175364,1.1694571646246668,26859.91
1, 102152.0,-0.8317460740870789,-0.3113283315223991,-0.6125275437631839,7592.73
7, 102153.0,0.3488170515096455,-0.7479331345175364,-0.6125275437631839,14820.93
1, 102154.0,-0.8317460740870789,0.12527647147273824,-0.6125275437631839,20066.63
1, 102155.0,-0.8317460740870789,0.12527647147273824,-0.6125275437631839,10281.77
1, 102156.0,-0.8317460740870789,-0.3113283315223991,-0.6125275437631839,5899.64
0, 102157.0,0.3488170515096455,0.5618812744678756,1.1694571646246668,11797.97
1, 102158.0,-0.8317460740870789,-0.3113283315223991,-0.6125275437631839,12000.54
7, 102159.0,0.3488170515096455,-0.3113283315223991,-0.6125275437631839,15275.4
1, 102160.0,-0.8317460740870789,-0.3113283315223991,-0.6125275437631839,16960.49
15, 102161.0,-0.8317460740870789,0.5618812744678756,1.1694571646246668,17418.37
1, 102162.0,-0.8317460740870789,-0.3113283315223991,-0.6125275437631839,8359.95
2, 102163.0,-0.8317460740870789,-2.0577475435029484,-0.6125275437631839,8251.79
10, 102164.0,-0.8317460740870789,-1.6211427405078112,1.1694571646246668,33580.44
11, 102165.0,0.3488170515096455,0.12527647147273824,-0.6125275437631839,6870.65
9, 102166.0,0.3488170515096455,-1.6211427405078112,-0.6125275437631839,25026.64
2, 102167.0,-0.8317460740870789,-1.6211427405078112,-0.6125275437631839,4109.25
11, 102168.0,0.3488170515096455,0.5618812744678756,-0.6125275437631839,25777.22
9, 102169.0,0.3488170515096455,-1.1845379375126739,-0.6125275437631839,11807.18
15, 102170.0,-0.8317460740870789,-0.3113283315223991,1.1694571646246668,14340.02
1, 102171.0,-0.8317460740870789,0.12527647147273824,-0.6125275437631839,28423.06
7, 102172.0,0.3488170515096455,-0.7479331345175364,-0.6125275437631839,36326.8
10, 102173.0,-0.8317460740870789,-1.1845379375126739,1.1694571646246668,8692.32
12, 102174.0,-0.8317460740870789,-0.7479331345175364,-0.6125275437631839,7330.02
2, 102175.0,-0.8317460740870789,-1.1845379375126739,-0.6125275437631839,8683.5
1, 102176.0,-0.8317460740870789,-0.3113283315223991,-0.6125275437631839,15624.45
4, 102177.0,-0.8317460740870789,1.8716956834532876,-0.6125275437631839,20518.75
3, 102178.0,0.3488170515096455,0.9984860774630129,-0.6125275437631839,30331.92
4, 102179.0,-0.8317460740870789,1.8716956834532876,-0.6125275437631839,20254.45
15, 102180.0,-0.8317460740870789,0.5618812744678756,1.1694571646246668,18310.67
12, 102181.0,-0.8317460740870789,-0.7479331345175364,-0.6125275437631839,12992.41
1, 102182.0,-0.8317460740870789,0.12527647147273824,-0.6125275437631839,29996.09
11, 102183.0,0.3488170515096455,0.12527647147273824,-0.6125275437631839,21047.82
7, 102184.0,0.3488170515096455,-0.3113283315223991,-0.6125275437631839,14430.2
12, 102185.0,-0.8317460740870789,-0.7479331345175364,-0.6125275437631839,9772.67
4, 102186.0,-0.8317460740870789,1.8716956834532876,-0.6125275437631839,27464.06
8, 102187.0,2.709943302703094,0.12527647147273824,1.1694571646246668,34801.31
1, 102188.0,-0.8317460740870789,-0.3113283315223991,-0.6125275437631839,12785.23
3, 102189.0,0.3488170515096455,1.4350908804581504,-0.6125275437631839,29229.0
8, 102190.0,2.709943302703094,2.308300486448425,-0.6125275437631839,15033.0
12, 102191.0,-0.8317460740870789,-0.7479331345175364,-0.6125275437631839,7302.66
5, 102192.0,0.3488170515096455,0.12527647147273824,1.1694571646246668,18587.62
11, 102193.0,0.3488170515096455,0.12527647147273824,-0.6125275437631839,19532.6
0, 102194.0,1.5293801771063698,1.4350908804581504,1.1694571646246668,21951.65
2, 102195.0,-0.8317460740870789,-1.6211427405078112,-0.6125275437631839,12019.49
1, 102196.0,-0.8317460740870789,-0.3113283315223991,-0.6125275437631839,17489.78
5, 102197.0,0.3488170515096455,-0.3113283315223991,1.1694571646246668,23386.98
10, 102198.0,-0.8317460740870789,-1.1845379375126739,1.1694571646246668,25458.55
14, 102199.0,1.5293801771063698,0.12527647147273824,-0.6125275437631839,21654.78
10, 102200.0,-0.8317460740870789,-1.6211427405078112,1.1694571646246668,18486.83
9, 102201.0,0.3488170515096455,-1.6211427405078112,-0.6125275437631839,9594.31
7, 102202.0,0.3488170515096455,-0.7479331345175364,-0.6125275437631839,28272.27
2, 102203.0,-0.8317460740870789,-1.1845379375126739,-0.6125275437631839,9787.32
15, 102204.0,-0.8317460740870789,0.12527647147273824,1.1694571646246668,31884.41
2, 102205.0,-0.8317460740870789,-1.1845379375126739,-0.6125275437631839,8496.76
1, 102206.0,-0.8317460740870789,-0.3113283315223991,-0.6125275437631839,12601.18
5, 102207.0,1.5293801771063698,-0.3113283315223991,1.1694571646246668,39363.4
11, 102208.0,0.3488170515096455,0.12527647147273824,-0.6125275437631839,29667.32
11, 102209.0,0.3488170515096455,0.5618812744678756,-0.6125275437631839,14461.32
7, 102210.0,0.3488170515096455,-0.3113283315223991,-0.6125275437631839,11234.85
14, 102211.0,1.5293801771063698,-0.7479331345175364,-0.6125275437631839,19981.63
4, 102212.0,-0.8317460740870789,1.8716956834532876,-0.6125275437631839,13303.24
9, 102213.0,0.3488170515096455,-1.1845379375126739,-0.6125275437631839,14565.07
15, 102214.0,-0.8317460740870789,0.9984860774630129,1.1694571646246668,20427.75
1, 102215.0,-0.8317460740870789,-0.3113283315223991,-0.6125275437631839,8871.6
1, 102216.0,-0.8317460740870789,-0.3113283315223991,-0.6125275437631839,10368.33
3, 102217.0,0.3488170515096455,0.9984860774630129,-0.6125275437631839,20328.02
5, 102218.0,0.3488170515096455,-0.3113283315223991,1.1694571646246668,21726.46
8, 102219.0,5.071069553896543,1.4350908804581504,1.1694571646246668,35938.32
2, 102220.0,-0.8317460740870789,-1.1845379375126739,-0.6125275437631839,33415.83
10, 102221.0,-0.8317460740870789,-0.7479331345175364,2.951441873012518,20210.38
8, 102222.0,2.709943302703094,-0.3113283315223991,1.1694571646246668,29255.87
13, 102223.0,0.3488170515096455,-1.1845379375126739,1.1694571646246668,35343.37
1, 102224.0,-0.8317460740870789,-0.3113283315223991,-0.6125275437631839,28674.77
2, 102225.0,-0.8317460740870789,-1.6211427405078112,-0.6125275437631839,3920.88
4, 102226.0,-0.8317460740870789,2.744905289443562,-0.6125275437631839,16737.34
5, 102227.0,1.5293801771063698,0.12527647147273824,1.1694571646246668,22996.55
5, 102228.0,0.3488170515096455,-0.3113283315223991,1.1694571646246668,15464.05
7, 102229.0,0.3488170515096455,-0.7479331345175364,-0.6125275437631839,13352.71
0, 102230.0,1.5293801771063698,1.4350908804581504,2.951441873012518,25454.18
4, 102231.0,-0.8317460740870789,0.9984860774630129,-0.6125275437631839,17591.45
1, 102232.0,-0.8317460740870789,0.12527647147273824,-0.6125275437631839,13199.19
1, 102233.0,-0.8317460740870789,0.12527647147273824,-0.6125275437631839,12971.19
1, 102234.0,-0.8317460740870789,-0.3113283315223991,-0.6125275437631839,6177.36
3, 102235.0,0.3488170515096455,1.8716956834532876,-0.6125275437631839,16919.28
15, 102236.0,-0.8317460740870789,-0.3113283315223991,1.1694571646246668,13056.8
1, 102237.0,-0.8317460740870789,0.12527647147273824,-0.6125275437631839,20206.39
5, 102238.0,0.3488170515096455,0.12527647147273824,1.1694571646246668,13251.59
9, 102239.0,0.3488170515096455,-1.6211427405078112,-0.6125275437631839,28720.34
10, 102240.0,-0.8317460740870789,-1.1845379375126739,2.951441873012518,33317.26
1, 102241.0,-0.8317460740870789,-0.3113283315223991,-0.6125275437631839,5716.78
4, 102242.0,-0.8317460740870789,0.9984860774630129,-0.6125275437631839,8599.36
4, 102243.0,-0.8317460740870789,0.9984860774630129,-0.6125275437631839,15693.03
3, 102244.0,0.3488170515096455,3.1815100924386996,-0.6125275437631839,30170.26
14, 102245.0,1.5293801771063698,-0.3113283315223991,-0.6125275437631839,19016.17
12, 102246.0,-0.8317460740870789,-0.7479331345175364,-0.6125275437631839,18853.07
1, 102247.0,-0.8317460740870789,-0.3113283315223991,-0.6125275437631839,14653.78
7, 102248.0,0.3488170515096455,-0.3113283315223991,-0.6125275437631839,11225.09
7, 102249.0,0.3488170515096455,-0.3113283315223991,-0.6125275437631839,16878.06
2, 102250.0,-0.8317460740870789,-1.1845379375126739,-0.6125275437631839,24764.14
11, 102251.0,0.3488170515096455,0.5618812744678756,-0.6125275437631839,12006.54
13, 102252.0,0.3488170515096455,-1.6211427405078112,1.1694571646246668,21841.11
11, 102253.0,0.3488170515096455,0.5618812744678756,-0.6125275437631839,17565.39
1, 102254.0,-0.8317460740870789,-0.3113283315223991,-0.6125275437631839,17950.3
0, 102255.0,1.5293801771063698,0.5618812744678756,1.1694571646246668,38717.79
5, 102256.0,0.3488170515096455,-0.7479331345175364,1.1694571646246668,20030.81
3, 102257.0,0.3488170515096455,0.9984860774630129,-0.6125275437631839,7456.73
5, 102258.0,0.3488170515096455,0.12527647147273824,2.951441873012518,37342.05
1, 102259.0,-0.8317460740870789,-0.3113283315223991,-0.6125275437631839,7707.48
5, 102260.0,0.3488170515096455,-0.7479331345175364,1.1694571646246668,13775.49
11, 102261.0,0.3488170515096455,0.5618812744678756,-0.6125275437631839,17840.57
6, 102262.0,-0.8317460740870789,0.5618812744678756,-0.6125275437631839,6937.88
1, 102263.0,-0.8317460740870789,0.12527647147273824,-0.6125275437631839,26028.19
8, 102264.0,2.709943302703094,1.4350908804581504,1.1694571646246668,23271.63
5, 102265.0,0.3488170515096455,-0.7479331345175364,1.1694571646246668,15652.36
3, 102266.0,0.3488170515096455,0.9984860774630129,-0.6125275437631839,28901.22
11, 102267.0,0.3488170515096455,0.5618812744678756,-0.6125275437631839,10403.99
7, 102268.0,0.3488170515096455,-0.7479331345175364,-0.6125275437631839,10933.49
1, 102269.0,-0.8317460740870789,0.12527647147273824,-0.6125275437631839,8179.19
12, 102270.0,-0.8317460740870789,-0.7479331345175364,-0.6125275437631839,11738.65
6, 102271.0,-0.8317460740870789,0.5618812744678756,-0.6125275437631839,11553.35
6, 102272.0,-0.8317460740870789,0.5618812744678756,-0.6125275437631839,17873.59
6, 102273.0,-0.8317460740870789,0.5618812744678756,-0.6125275437631839,9775.2
11, 102274.0,0.3488170515096455,0.12527647147273824,-0.6125275437631839,16894.91
11, 102275.0,0.3488170515096455,0.12527647147273824,-0.6125275437631839,29386.88
6, 102276.0,-0.8317460740870789,0.5618812744678756,-0.6125275437631839,9399.72
12, 102277.0,-0.8317460740870789,-0.7479331345175364,-0.6125275437631839,10611.44
15, 102278.0,-0.8317460740870789,0.12527647147273824,2.951441873012518,13674.84
0, 102279.0,1.5293801771063698,1.8716956834532876,1.1694571646246668,21062.69
15, 102280.0,-0.8317460740870789,-0.3113283315223991,1.1694571646246668,10122.13
14, 102281.0,1.5293801771063698,0.5618812744678756,-0.6125275437631839,25664.24
4, 102282.0,-0.8317460740870789,0.9984860774630129,-0.6125275437631839,26004.52
7, 102283.0,0.3488170515096455,-0.7479331345175364,-0.6125275437631839,16666.27
9, 102284.0,0.3488170515096455,-1.6211427405078112,-0.6125275437631839,16250.86
1, 102285.0,-0.8317460740870789,0.12527647147273824,-0.6125275437631839,11069.06
11, 102286.0,0.3488170515096455,0.12527647147273824,-0.6125275437631839,16567.1
2, 102287.0,-0.8317460740870789,-2.0577475435029484,-0.6125275437631839,10558.13
15, 102288.0,-0.8317460740870789,-0.3113283315223991,1.1694571646246668,17269.42
12, 102289.0,-0.8317460740870789,-0.7479331345175364,-0.6125275437631839,16054.56
2, 102290.0,-0.8317460740870789,-1.1845379375126739,-0.6125275437631839,17045.14
0, 102291.0,1.5293801771063698,0.9984860774630129,2.951441873012518,23752.88
3, 102292.0,0.3488170515096455,0.9984860774630129,-0.6125275437631839,9122.96
1, 102293.0,-0.8317460740870789,-0.3113283315223991,-0.6125275437631839,12214.5
2, 102294.0,-0.8317460740870789,-1.1845379375126739,-0.6125275437631839,29077.0
10, 102295.0,-0.8317460740870789,-1.6211427405078112,1.1694571646246668,15920.84
11, 102296.0,0.3488170515096455,0.12527647147273824,-0.6125275437631839,14969.63
3, 102297.0,1.5293801771063698,0.9984860774630129,-0.6125275437631839,32447.95
10, 102298.0,-0.8317460740870789,-1.6211427405078112,1.1694571646246668,10851.15
5, 102299.0,1.5293801771063698,-0.3113283315223991,1.1694571646246668,30630.23
1, 102300.0,-0.8317460740870789,0.12527647147273824,-0.6125275437631839,13486.78
11, 102301.0,0.3488170515096455,0.12527647147273824,-0.6125275437631839,10107.69
13, 102302.0,1.5293801771063698,-1.6211427405078112,1.1694571646246668,16876.91
10, 102303.0,-0.8317460740870789,-0.7479331345175364,1.1694571646246668,31782.83
14, 102304.0,1.5293801771063698,0.5618812744678756,-0.6125275437631839,14929.95
2, 102305.0,-0.8317460740870789,-2.0577475435029484,-0.6125275437631839,12222.97
1, 102306.0,-0.8317460740870789,0.12527647147273824,-0.6125275437631839,9533.87
2, 102307.0,-0.8317460740870789,-2.0577475435029484,-0.6125275437631839,21274.89
1, 102308.0,-0.8317460740870789,-0.3113283315223991,-0.6125275437631839,10978.04
1, 102309.0,-0.8317460740870789,-0.3113283315223991,-0.6125275437631839,32569.96
15, 102310.0,-0.8317460740870789,0.12527647147273824,1.1694571646246668,12231.05
7, 102311.0,0.3488170515096455,-0.7479331345175364,-0.6125275437631839,14538.16
0, 102312.0,0.3488170515096455,0.9984860774630129,1.1694571646246668,16952.8
1, 102313.0,-0.8317460740870789,-0.3113283315223991,-0.6125275437631839,12466.28
12, 102314.0,-0.8317460740870789,-0.7479331345175364,-0.6125275437631839,11495.05
0, 102315.0,0.3488170515096455,1.8716956834532876,1.1694571646246668,34615.24
15, 102316.0,-0.8317460740870789,0.12527647147273824,1.1694571646246668,13412.44
7, 102317.0,0.3488170515096455,-0.7479331345175364,-0.6125275437631839,10660.32
14, 102318.0,1.5293801771063698,0.5618812744678756,-0.6125275437631839,20272.37
0, 102319.0,0.3488170515096455,0.5618812744678756,1.1694571646246668,24816.65
15, 102320.0,-0.8317460740870789,-0.3113283315223991,1.1694571646246668,16599.54
8, 102321.0,2.709943302703094,0.12527647147273824,1.1694571646246668,23947.54
2, 102322.0,-0.8317460740870789,-1.1845379375126739,-0.6125275437631839,16183.45
0, 102323.0,1.5293801771063698,0.5618812744678756,1.1694571646246668,35773.83
7, 102324.0,0.3488170515096455,-0.3113283315223991,-0.6125275437631839,16644.67
5, 102325.0,1.5293801771063698,0.12527647147273824,1.1694571646246668,23950.71
1, 102326.0,-0.8317460740870789,0.12527647147273824,-0.6125275437631839,8719.32
8, 102327.0,2.709943302703094,1.8716956834532876,2.951441873012518,28877.54
4, 102328.0,-0.8317460740870789,0.9984860774630129,-0.6125275437631839,22950.64
7, 102329.0,0.3488170515096455,-0.7479331345175364,-0.6125275437631839,27957.13
12, 102330.0,-0.8317460740870789,-0.7479331345175364,-0.6125275437631839,7118.91
8, 102331.0,2.709943302703094,2.308300486448425,-0.6125275437631839,23846.3
5, 102332.0,1.5293801771063698,-0.3113283315223991,2.951441873012518,26473.09
2, 102333.0,-0.8317460740870789,-1.6211427405078112,-0.6125275437631839,27567.11
14, 102334.0,1.5293801771063698,-0.3113283315223991,-0.6125275437631839,17874.19
9, 102335.0,0.3488170515096455,-1.1845379375126739,-0.6125275437631839,14121.22
2, 102336.0,-0.8317460740870789,-1.6211427405078112,-0.6125275437631839,11654.07
6, 102337.0,-0.8317460740870789,0.5618812744678756,-0.6125275437631839,15645.78
13, 102338.0,0.3488170515096455,-1.1845379375126739,1.1694571646246668,14903.42
10, 102339.0,-0.8317460740870789,-0.3113283315223991,2.951441873012518,25485.22
14, 102340.0,1.5293801771063698,0.12527647147273824,-0.6125275437631839,18223.85
12, 102341.0,-0.8317460740870789,-0.7479331345175364,-0.6125275437631839,28416.57
0, 102342.0,0.3488170515096455,0.5618812744678756,1.1694571646246668,20698.13
9, 102343.0,0.3488170515096455,-1.1845379375126739,-0.6125275437631839,28832.07
1, 102344.0,-0.8317460740870789,0.12527647147273824,-0.6125275437631839,14195.88
0, 102345.0,0.3488170515096455,0.9984860774630129,1.1694571646246668,14668.29
2, 102346.0,-0.8317460740870789,-1.1845379375126739,-0.6125275437631839,11519.52
10, 102347.0,-0.8317460740870789,-0.7479331345175364,2.951441873012518,27544.02
5, 102348.0,1.5293801771063698,0.12527647147273824,1.1694571646246668,35260.71
11, 102349.0,0.3488170515096455,0.5618812744678756,-0.6125275437631839,18112.6
7, 102350.0,0.3488170515096455,-0.3113283315223991,-0.6125275437631839,19601.81
6, 102351.0,-0.8317460740870789,0.5618812744678756,-0.6125275437631839,13231.23
5, 102352.0,0.3488170515096455,-0.3113283315223991,1.1694571646246668,16776.24
4, 102353.0,-0.8317460740870789,3.1815100924386996,-0.6125275437631839,12065.28
1, 102354.0,-0.8317460740870789,0.12527647147273824,-0.6125275437631839,10480.79
6, 102355.0,-0.8317460740870789,0.5618812744678756,-0.6125275437631839,7527.32
5, 102356.0,0.3488170515096455,0.12527647147273824,1.1694571646246668,18305.13
12, 102357.0,-0.8317460740870789,-0.7479331345175364,-0.6125275437631839,17883.84
2, 102358.0,-0.8317460740870789,-1.1845379375126739,-0.6125275437631839,20314.99
2, 102359.0,-0.8317460740870789,-1.6211427405078112,-0.6125275437631839,19171.09
11, 102360.0,0.3488170515096455,0.5618812744678756,-0.6125275437631839,35340.83
11, 102361.0,0.3488170515096455,0.12527647147273824,-0.6125275437631839,14812.22
3, 102362.0,0.3488170515096455,0.9984860774630129,-0.6125275437631839,10345.11
5, 102363.0,0.3488170515096455,-0.7479331345175364,1.1694571646246668,25438.52
1, 102364.0,-0.8317460740870789,0.12527647147273824,-0.6125275437631839,8336.07
1, 102365.0,-0.8317460740870789,0.12527647147273824,-0.6125275437631839,4860.02
0, 102366.0,0.3488170515096455,0.5618812744678756,2.951441873012518,33028.81
14, 102367.0,1.5293801771063698,0.5618812744678756,-0.6125275437631839,16466.39
4, 102368.0,-0.8317460740870789,1.8716956834532876,-0.6125275437631839,14847.02
12, 102369.0,-0.8317460740870789,-0.7479331345175364,-0.6125275437631839,4560.94
0, 102370.0,0.3488170515096455,0.5618812744678756,1.1694571646246668,18038.89
7, 102371.0,0.3488170515096455,-0.7479331345175364,-0.6125275437631839,16605.85
1, 102372.0,-0.8317460740870789,0.12527647147273824,-0.6125275437631839,8320.72
1, 102373.0,-0.8317460740870789,0.12527647147273824,-0.6125275437631839,15422.04
0, 102374.0,0.3488170515096455,1.4350908804581504,1.1694571646246668,19256.37
12, 102375.0,-0.8317460740870789,-0.7479331345175364,-0.6125275437631839,24212.47
0, 102376.0,0.3488170515096455,0.5618812744678756,1.1694571646246668,15390.24
12, 102377.0,-0.8317460740870789,-0.7479331345175364,-0.6125275437631839,11192.58
11, 102378.0,0.3488170515096455,0.5618812744678756,-0.6125275437631839,30749.78
2, 102379.0,-0.8317460740870789,-1.1845379375126739,-0.6125275437631839,16156.28
12, 102380.0,-0.8317460740870789,-0.7479331345175364,-0.6125275437631839,8867.95
15, 102381.0,-0.8317460740870789,1.4350908804581504,1.1694571646246668,10908.13
3, 102382.0,1.5293801771063698,0.9984860774630129,-0.6125275437631839,18227.81
15, 102383.0,-0.8317460740870789,-0.3113283315223991,1.1694571646246668,12336.2
7, 102384.0,0.3488170515096455,-0.3113283315223991,-0.6125275437631839,33738.72
0, 102385.0,0.3488170515096455,0.5618812744678756,2.951441873012518,17691.28
5, 102386.0,1.5293801771063698,-0.3113283315223991,1.1694571646246668,15296.38
1, 102387.0,-0.8317460740870789,0.12527647147273824,-0.6125275437631839,7458.06
0, 102388.0,0.3488170515096455,2.744905289443562,1.1694571646246668,27270.46
3, 102389.0,1.5293801771063698,1.8716956834532876,-0.6125275437631839,19234.59
1, 102390.0,-0.8317460740870789,-0.3113283315223991,-0.6125275437631839,13404.1
11, 102391.0,0.3488170515096455,0.5618812744678756,-0.6125275437631839,16524.04
1, 102392.0,-0.8317460740870789,0.12527647147273824,-0.6125275437631839,15157.09
5, 102393.0,1.5293801771063698,0.12527647147273824,1.1694571646246668,22344.86
15, 102394.0,-0.8317460740870789,0.12527647147273824,1.1694571646246668,17376.24
8, 102395.0,2.709943302703094,-0.3113283315223991,1.1694571646246668,25805.87
2, 102396.0,-0.8317460740870789,-1.6211427405078112,-0.6125275437631839,7233.6
5, 102397.0,0.3488170515096455,0.12527647147273824,2.951441873012518,20046.15
11, 102398.0,0.3488170515096455,0.12527647147273824,-0.6125275437631839,29727.9
11, 102399.0,0.3488170515096455,0.5618812744678756,-0.6125275437631839,16132.76
6, 102400.0,-0.8317460740870789,0.5618812744678756,-0.6125275437631839,15027.47
14, 102401.0,1.5293801771063698,0.12527647147273824,-0.6125275437631839,18479.88
11, 102402.0,0.3488170515096455,0.5618812744678756,-0.6125275437631839,13551.86
14, 102403.0,1.5293801771063698,0.12527647147273824,-0.6125275437631839,17351.14
11, 102404.0,0.3488170515096455,0.5618812744678756,-0.6125275437631839,13576.9
11, 102405.0,0.3488170515096455,0.12527647147273824,-0.6125275437631839,17497.16
7, 102406.0,0.3488170515096455,-0.3113283315223991,-0.6125275437631839,13881.12
15, 102407.0,-0.8317460740870789,0.9984860774630129,1.1694571646246668,17738.89
3, 102408.0,0.3488170515096455,0.9984860774630129,-0.6125275437631839,11804.53
15, 102409.0,-0.8317460740870789,-0.3113283315223991,1.1694571646246668,22396.59
4, 102410.0,-0.8317460740870789,0.9984860774630129,-0.6125275437631839,8644.75
7, 102411.0,0.3488170515096455,-0.3113283315223991,-0.6125275437631839,8541.07
7, 102412.0,0.3488170515096455,-0.7479331345175364,-0.6125275437631839,34055.59
7, 102413.0,0.3488170515096455,-0.7479331345175364,-0.6125275437631839,22866.69
0, 102414.0,0.3488170515096455,0.9984860774630129,1.1694571646246668,15333.35
5, 102415.0,0.3488170515096455,0.12527647147273824,1.1694571646246668,34585.49
0, 102416.0,0.3488170515096455,0.9984860774630129,1.1694571646246668,20533.6
6, 102417.0,-0.8317460740870789,0.5618812744678756,-0.6125275437631839,14215.09
9, 102418.0,0.3488170515096455,-1.1845379375126739,-0.6125275437631839,27731.56
13, 102419.0,0.3488170515096455,-1.1845379375126739,1.1694571646246668,14632.42
11, 102420.0,0.3488170515096455,0.5618812744678756,-0.6125275437631839,14342.95
12, 102421.0,-0.8317460740870789,-0.7479331345175364,-0.6125275437631839,14787.13
13, 102422.0,0.3488170515096455,-1.1845379375126739,2.951441873012518,25593.13
2, 102423.0,-0.8317460740870789,-1.1845379375126739,-0.6125275437631839,8708.88
7, 102424.0,0.3488170515096455,-0.3113283315223991,-0.6125275437631839,18477.65
4, 102425.0,-0.8317460740870789,2.308300486448425,-0.6125275437631839,19419.88
5, 102426.0,0.3488170515096455,-0.7479331345175364,1.1694571646246668,30155.01
7, 102427.0,0.3488170515096455,-0.7479331345175364,-0.6125275437631839,16768.91
10, 102428.0,-0.8317460740870789,-1.1845379375126739,1.1694571646246668,18404.44
14, 102429.0,1.5293801771063698,-0.7479331345175364,-0.6125275437631839,28321.96
1, 102430.0,-0.8317460740870789,-0.3113283315223991,-0.6125275437631839,11753.55
5, 102431.0,0.3488170515096455,0.12527647147273824,1.1694571646246668,22004.66
5, 102432.0,0.3488170515096455,0.12527647147273824,1.1694571646246668,32063.81
2, 102433.0,-0.8317460740870789,-1.6211427405078112,-0.6125275437631839,14879.66
7, 102434.0,0.3488170515096455,-0.3113283315223991,-0.6125275437631839,14330.94
0, 102435.0,0.3488170515096455,1.8716956834532876,1.1694571646246668,22312.73
5, 102436.0,0.3488170515096455,0.12527647147273824,1.1694571646246668,32662.01
13, 102437.0,0.3488170515096455,-1.1845379375126739,1.1694571646246668,18487.7
7, 102438.0,0.3488170515096455,-0.7479331345175364,-0.6125275437631839,17675.64
5, 102439.0,1.5293801771063698,0.12527647147273824,1.1694571646246668,16998.53
1, 102440.0,-0.8317460740870789,0.12527647147273824,-0.6125275437631839,7107.88
11, 102441.0,0.3488170515096455,0.5618812744678756,-0.6125275437631839,15165.09
1, 102442.0,-0.8317460740870789,-0.3113283315223991,-0.6125275437631839,12847.93
3, 102443.0,1.5293801771063698,2.308300486448425,-0.6125275437631839,20292.92
2, 102444.0,-0.8317460740870789,-1.6211427405078112,-0.6125275437631839,7062.99
10, 102445.0,-0.8317460740870789,-0.7479331345175364,1.1694571646246668,17659.21
10, 102446.0,-0.8317460740870789,-0.7479331345175364,1.1694571646246668,33998.55
1, 102447.0,-0.8317460740870789,-0.3113283315223991,-0.6125275437631839,20156.97
1, 102448.0,-0.8317460740870789,-0.3113283315223991,-0.6125275437631839,5019.09
7, 102449.0,0.3488170515096455,-0.7479331345175364,-0.6125275437631839,16161.71
0, 102450.0,1.5293801771063698,1.8716956834532876,1.1694571646246668,22642.18
5, 102451.0,1.5293801771063698,-0.3113283315223991,1.1694571646246668,23430.69
2, 102452.0,-0.8317460740870789,-1.1845379375126739,-0.6125275437631839,7173.7
10, 102453.0,-0.8317460740870789,-0.7479331345175364,1.1694571646246668,25457.54
7, 102454.0,0.3488170515096455,-0.3113283315223991,-0.6125275437631839,11566.81
3, 102455.0,1.5293801771063698,0.9984860774630129,-0.6125275437631839,18510.15
15, 102456.0,-0.8317460740870789,0.12527647147273824,1.1694571646246668,18498.78
0, 102457.0,0.3488170515096455,0.5618812744678756,1.1694571646246668,17473.49
4, 102458.0,-0.8317460740870789,0.9984860774630129,-0.6125275437631839,7722.27
6, 102459.0,-0.8317460740870789,0.5618812744678756,-0.6125275437631839,19144.28
10, 102460.0,-0.8317460740870789,-1.1845379375126739,1.1694571646246668,12554.98
0, 102461.0,0.3488170515096455,0.5618812744678756,1.1694571646246668,18125.96
5, 102462.0,0.3488170515096455,-0.3113283315223991,1.1694571646246668,18571.35
3, 102463.0,1.5293801771063698,1.4350908804581504,-0.6125275437631839,18173.41
4, 102464.0,-0.8317460740870789,1.8716956834532876,-0.6125275437631839,8042.12
14, 102465.0,2.709943302703094,0.12527647147273824,-0.6125275437631839,24376.01
2, 102466.0,-0.8317460740870789,-1.1845379375126739,-0.6125275437631839,14555.62
15, 102467.0,-0.8317460740870789,-0.3113283315223991,1.1694571646246668,15610.46
1, 102468.0,-0.8317460740870789,-0.3113283315223991,-0.6125275437631839,11892.11
12, 102469.0,-0.8317460740870789,-0.7479331345175364,-0.6125275437631839,27108.01
1, 102470.0,-0.8317460740870789,-0.3113283315223991,-0.6125275437631839,12499.6
14, 102471.0,1.5293801771063698,-0.3113283315223991,-0.6125275437631839,15425.7
3, 102472.0,1.5293801771063698,1.4350908804581504,-0.6125275437631839,13690.69
3, 102473.0,0.3488170515096455,1.8716956834532876,-0.6125275437631839,17650.55
2, 102474.0,-0.8317460740870789,-1.1845379375126739,-0.6125275437631839,9702.39
5, 102475.0,0.3488170515096455,-0.7479331345175364,1.1694571646246668,18091.12
4, 102476.0,-0.8317460740870789,1.4350908804581504,-0.6125275437631839,8563.95
4, 102477.0,-0.8317460740870789,1.4350908804581504,-0.6125275437631839,24237.26
13, 102478.0,0.3488170515096455,-1.1845379375126739,1.1694571646246668,16398.99
14, 102479.0,1.5293801771063698,0.5618812744678756,-0.6125275437631839,18236.96
1, 102480.0,-0.8317460740870789,-0.3113283315223991,-0.6125275437631839,27341.36
2, 102481.0,-0.8317460740870789,-1.6211427405078112,-0.6125275437631839,11055.17
14, 102482.0,1.5293801771063698,-0.3113283315223991,-0.6125275437631839,33056.98
14, 102483.0,1.5293801771063698,0.5618812744678756,-0.6125275437631839,12956.73
1, 102484.0,-0.8317460740870789,0.12527647147273824,-0.6125275437631839,9084.01
7, 102485.0,0.3488170515096455,-0.3113283315223991,-0.6125275437631839,9476.94
5, 102486.0,1.5293801771063698,-0.3113283315223991,1.1694571646246668,23251.88
1, 102487.0,-0.8317460740870789,0.12527647147273824,-0.6125275437631839,21166.24
1, 102488.0,-0.8317460740870789,0.12527647147273824,-0.6125275437631839,12679.61
11, 102489.0,0.3488170515096455,0.5618812744678756,-0.6125275437631839,11406.17
7, 102490.0,0.3488170515096455,-0.7479331345175364,-0.6125275437631839,25216.7
5, 102491.0,1.5293801771063698,-0.3113283315223991,1.1694571646246668,30509.22
7, 102492.0,0.3488170515096455,-0.3113283315223991,-0.6125275437631839,13182.83
15, 102493.0,-0.8317460740870789,0.9984860774630129,1.1694571646246668,17748.3
5, 102494.0,0.3488170515096455,0.12527647147273824,1.1694571646246668,15023.28
5, 102495.0,1.5293801771063698,0.12527647147273824,1.1694571646246668,28797.08
3, 102496.0,0.3488170515096455,2.308300486448425,-0.6125275437631839,27800.14
13, 102497.0,0.3488170515096455,-1.6211427405078112,1.1694571646246668,17911.33
7, 102498.0,0.3488170515096455,-0.3113283315223991,-0.6125275437631839,15059.07
11, 102499.0,0.3488170515096455,0.5618812744678756,-0.6125275437631839,14367.67
5, 102500.0,0.3488170515096455,-0.3113283315223991,2.951441873012518,12889.56
6, 102501.0,-0.8317460740870789,0.5618812744678756,-0.6125275437631839,11614.08
12, 102502.0,-0.8317460740870789,-0.7479331345175364,-0.6125275437631839,34355.92
12, 102503.0,-0.8317460740870789,-0.7479331345175364,-0.6125275437631839,8546.16
1, 102504.0,-0.8317460740870789,0.12527647147273824,-0.6125275437631839,8684.51
2, 102505.0,-0.8317460740870789,-1.1845379375126739,-0.6125275437631839,11171.48
12, 102506.0,-0.8317460740870789,-0.7479331345175364,-0.6125275437631839,10240.77
2, 102507.0,-0.8317460740870789,-1.1845379375126739,-0.6125275437631839,30187.93
6, 102508.0,-0.8317460740870789,0.5618812744678756,-0.6125275437631839,11475.46
1, 102509.0,-0.8317460740870789,-0.3113283315223991,-0.6125275437631839,9443.66
1, 102510.0,-0.8317460740870789,-0.3113283315223991,-0.6125275437631839,11525.6
9, 102511.0,0.3488170515096455,-1.1845379375126739,-0.6125275437631839,9363.56
4, 102512.0,-0.8317460740870789,0.9984860774630129,-0.6125275437631839,23345.64
11, 102513.0,0.3488170515096455,0.12527647147273824,-0.6125275437631839,17689.42
13, 102514.0,0.3488170515096455,-1.6211427405078112,1.1694571646246668,19241.63
3, 102515.0,0.3488170515096455,2.744905289443562,-0.6125275437631839,20179.13
5, 102516.0,0.3488170515096455,-0.3113283315223991,1.1694571646246668,31257.77
3, 102517.0,0.3488170515096455,1.8716956834532876,-0.6125275437631839,24074.52
2, 102518.0,-0.8317460740870789,-1.1845379375126739,-0.6125275437631839,10489.28
0, 102519.0,0.3488170515096455,1.4350908804581504,1.1694571646246668,16610.71
9, 102520.0,0.3488170515096455,-1.1845379375126739,-0.6125275437631839,17087.6
11, 102521.0,0.3488170515096455,0.12527647147273824,-0.6125275437631839,25432.75
8, 102522.0,3.8905064282998185,1.4350908804581504,2.951441873012518,24007.11
12, 102523.0,-0.8317460740870789,-0.7479331345175364,-0.6125275437631839,5963.4
5, 102524.0,0.3488170515096455,0.12527647147273824,1.1694571646246668,12377.82
11, 102525.0,0.3488170515096455,0.12527647147273824,-0.6125275437631839,17685.95
5, 102526.0,0.3488170515096455,-0.3113283315223991,1.1694571646246668,18668.1
1, 102527.0,-0.8317460740870789,-0.3113283315223991,-0.6125275437631839,33029.61
1, 102528.0,-0.8317460740870789,0.12527647147273824,-0.6125275437631839,23378.17
7, 102529.0,0.3488170515096455,-0.3113283315223991,-0.6125275437631839,19718.43
1, 102530.0,-0.8317460740870789,0.12527647147273824,-0.6125275437631839,12286.04
11, 102531.0,0.3488170515096455,0.5618812744678756,-0.6125275437631839,9549.72
2, 102532.0,-0.8317460740870789,-1.1845379375126739,-0.6125275437631839,13736.36
4, 102533.0,-0.8317460740870789,0.9984860774630129,-0.6125275437631839,25059.96
13, 102534.0,1.5293801771063698,-1.6211427405078112,1.1694571646246668,18406.35
5, 102535.0,1.5293801771063698,-0.3113283315223991,1.1694571646246668,11619.93
15, 102536.0,-0.8317460740870789,0.5618812744678756,1.1694571646246668,20101.27
8, 102537.0,3.8905064282998185,0.9984860774630129,1.1694571646246668,29677.36
14, 102538.0,1.5293801771063698,-0.3113283315223991,-0.6125275437631839,22269.92
12, 102539.0,-0.8317460740870789,-0.7479331345175364,-0.6125275437631839,13953.7
2, 102540.0,-0.8317460740870789,-1.6211427405078112,-0.6125275437631839,12391.66
11, 102541.0,0.3488170515096455,0.5618812744678756,-0.6125275437631839,14390.76
5, 102542.0,0.3488170515096455,-0.7479331345175364,1.1694571646246668,18306.93
6, 102543.0,-0.8317460740870789,0.5618812744678756,-0.6125275437631839,18032.58
1, 102544.0,-0.8317460740870789,-0.3113283315223991,-0.6125275437631839,7360.41
9, 102545.0,0.3488170515096455,-1.1845379375126739,-0.6125275437631839,30862.63
14, 102546.0,1.5293801771063698,0.12527647147273824,-0.6125275437631839,14907.61
12, 102547.0,-0.8317460740870789,-0.7479331345175364,-0.6125275437631839,20965.61
1, 102548.0,-0.8317460740870789,-0.3113283315223991,-0.6125275437631839,6207.7
0, 102549.0,0.3488170515096455,0.9984860774630129,2.951441873012518,28641.78
1, 102550.0,-0.8317460740870789,0.12527647147273824,-0.6125275437631839,24557.36
6, 102551.0,-0.8317460740870789,0.5618812744678756,-0.6125275437631839,24058.0
5, 102552.0,0.3488170515096455,0.12527647147273824,2.951441873012518,35462.7
7, 102553.0,0.3488170515096455,-0.3113283315223991,-0.6125275437631839,18428.99
2, 102554.0,-0.8317460740870789,-1.6211427405078112,-0.6125275437631839,11023.47
1, 102555.0,-0.8317460740870789,0.12527647147273824,-0.6125275437631839,15558.63
7, 102556.0,0.3488170515096455,-0.3113283315223991,-0.6125275437631839,33244.51
15, 102557.0,-0.8317460740870789,0.5618812744678756,1.1694571646246668,20848.79
2, 102558.0,-0.8317460740870789,-2.0577475435029484,-0.6125275437631839,7289.42
2, 102559.0,-0.8317460740870789,-1.6211427405078112,-0.6125275437631839,22474.28
15, 102560.0,-0.8317460740870789,0.9984860774630129,1.1694571646246668,19437.91
1, 102561.0,-0.8317460740870789,-0.3113283315223991,-0.6125275437631839,12371.63
2, 102562.0,-0.8317460740870789,-1.6211427405078112,-0.6125275437631839,11317.47
2, 102563.0,-0.8317460740870789,-1.1845379375126739,-0.6125275437631839,13235.68
2, 102564.0,-0.8317460740870789,-1.1845379375126739,-0.6125275437631839,10581.6
10, 102565.0,-0.8317460740870789,-1.1845379375126739,1.1694571646246668,29871.16
3, 102566.0,0.3488170515096455,2.308300486448425,-0.6125275437631839,16507.73
4, 102567.0,-0.8317460740870789,2.308300486448425,-0.6125275437631839,10850.5
14, 102568.0,1.5293801771063698,0.5618812744678756,-0.6125275437631839,13358.02
1, 102569.0,-0.8317460740870789,-0.3113283315223991,-0.6125275437631839,12699.69
1, 102570.0,-0.8317460740870789,-0.3113283315223991,-0.6125275437631839,12696.79
1, 102571.0,-0.8317460740870789,-0.3113283315223991,-0.6125275437631839,8452.13
0, 102572.0,1.5293801771063698,0.9984860774630129,1.1694571646246668,25614.16
2, 102573.0,-0.8317460740870789,-1.1845379375126739,-0.6125275437631839,9953.75
12, 102574.0,-0.8317460740870789,-0.7479331345175364,-0.6125275437631839,8204.58
5, 102575.0,0.3488170515096455,-0.7479331345175364,1.1694571646246668,15309.48
14, 102576.0,1.5293801771063698,0.5618812744678756,-0.6125275437631839,33838.3
1, 102577.0,-0.8317460740870789,-0.3113283315223991,-0.6125275437631839,16771.89
4, 102578.0,-0.8317460740870789,0.9984860774630129,-0.6125275437631839,23231.83
3, 102579.0,0.3488170515096455,0.9984860774630129,-0.6125275437631839,14157.76
14, 102580.0,1.5293801771063698,0.5618812744678756,-0.6125275437631839,21673.28
12, 102581.0,-0.8317460740870789,-0.7479331345175364,-0.6125275437631839,24158.12
2, 102582.0,-0.8317460740870789,-1.1845379375126739,-0.6125275437631839,8138.53
11, 102583.0,0.3488170515096455,0.12527647147273824,-0.6125275437631839,31439.12
3, 102584.0,0.3488170515096455,1.4350908804581504,-0.6125275437631839,16851.15
3, 102585.0,0.3488170515096455,0.9984860774630129,-0.6125275437631839,18911.31
9, 102586.0,0.3488170515096455,-1.1845379375126739,-0.6125275437631839,15168.2
0, 102587.0,1.5293801771063698,0.9984860774630129,1.1694571646246668,19092.04
14, 102588.0,1.5293801771063698,0.12527647147273824,-0.6125275437631839,19447.13
1, 102589.0,-0.8317460740870789,-0.3113283315223991,-0.6125275437631839,7084.46
7, 102590.0,0.3488170515096455,-0.3113283315223991,-0.6125275437631839,40945.97
15, 102591.0,-0.8317460740870789,-0.3113283315223991,1.1694571646246668,16587.48
0, 102592.0,0.3488170515096455,0.5618812744678756,1.1694571646246668,24734.28
2, 102593.0,-0.8317460740870789,-1.1845379375126739,-0.6125275437631839,8124.78
7, 102594.0,0.3488170515096455,-0.7479331345175364,-0.6125275437631839,17513.72
1, 102595.0,-0.8317460740870789,0.12527647147273824,-0.6125275437631839,16024.62
6, 102596.0,-0.8317460740870789,0.5618812744678756,-0.6125275437631839,12651.81
1, 102597.0,-0.8317460740870789,0.12527647147273824,-0.6125275437631839,8674.45
12, 102598.0,-0.8317460740870789,-0.7479331345175364,-0.6125275437631839,19431.23
2, 102599.0,-0.8317460740870789,-1.1845379375126739,-0.6125275437631839,10406.97
3, 102600.0,0.3488170515096455,0.9984860774630129,-0.6125275437631839,13952.29
4, 102601.0,-0.8317460740870789,0.9984860774630129,-0.6125275437631839,10837.49
1, 102602.0,-0.8317460740870789,-0.3113283315223991,-0.6125275437631839,10677.46
6, 102603.0,-0.8317460740870789,0.5618812744678756,-0.6125275437631839,29742.12
12, 102604.0,-0.8317460740870789,-0.7479331345175364,-0.6125275437631839,15072.49
5, 102605.0,0.3488170515096455,0.12527647147273824,2.951441873012518,37964.98
11, 102606.0,0.3488170515096455,0.5618812744678756,-0.6125275437631839,12884.01
3, 102607.0,0.3488170515096455,0.9984860774630129,-0.6125275437631839,14912.99
10, 102608.0,-0.8317460740870789,-1.1845379375126739,1.1694571646246668,14997.09
2, 102609.0,-0.8317460740870789,-1.6211427405078112,-0.6125275437631839,5079.44
8, 102610.0,2.709943302703094,0.5618812744678756,1.1694571646246668,27790.7
7, 102611.0,0.3488170515096455,-0.7479331345175364,-0.6125275437631839,16362.5
7, 102612.0,0.3488170515096455,-0.7479331345175364,-0.6125275437631839,27753.35
10, 102613.0,-0.8317460740870789,-2.0577475435029484,2.951441873012518,13085.17
0, 102614.0,1.5293801771063698,2.744905289443562,1.1694571646246668,21805.86
14, 102615.0,1.5293801771063698,0.5618812744678756,-0.6125275437631839,13407.65
12, 102616.0,-0.8317460740870789,-0.7479331345175364,-0.6125275437631839,10317.22
13, 102617.0,0.3488170515096455,-1.1845379375126739,1.1694571646246668,15107.35
7, 102618.0,0.3488170515096455,-0.7479331345175364,-0.6125275437631839,15543.19
4, 102619.0,-0.8317460740870789,0.9984860774630129,-0.6125275437631839,10447.69
3, 102620.0,0.3488170515096455,0.9984860774630129,-0.6125275437631839,13543.41
1, 102621.0,-0.8317460740870789,-0.3113283315223991,-0.6125275437631839,8471.4
1, 102622.0,-0.8317460740870789,0.12527647147273824,-0.6125275437631839,9882.56
11, 102623.0,0.3488170515096455,0.5618812744678756,-0.6125275437631839,25733.28
15, 102624.0,-0.8317460740870789,-0.3113283315223991,1.1694571646246668,12980.32
9, 102625.0,1.5293801771063698,-1.1845379375126739,-0.6125275437631839,23134.95
5, 102626.0,0.3488170515096455,0.12527647147273824,1.1694571646246668,22657.25
12, 102627.0,-0.8317460740870789,-0.7479331345175364,-0.6125275437631839,16189.98
0, 102628.0,0.3488170515096455,0.9984860774630129,1.1694571646246668,20013.74
0, 102629.0,0.3488170515096455,0.5618812744678756,1.1694571646246668,16478.51
2, 102630.0,-0.8317460740870789,-1.1845379375126739,-0.6125275437631839,17298.35
5, 102631.0,0.3488170515096455,-0.7479331345175364,1.1694571646246668,17295.98
6, 102632.0,-0.8317460740870789,0.5618812744678756,-0.6125275437631839,13479.85
7, 102633.0,0.3488170515096455,-0.3113283315223991,-0.6125275437631839,29842.8
2, 102634.0,-0.8317460740870789,-1.6211427405078112,-0.6125275437631839,12376.87
14, 102635.0,1.5293801771063698,0.12527647147273824,-0.6125275437631839,17585.3
15, 102636.0,-0.8317460740870789,0.5618812744678756,1.1694571646246668,12211.83
12, 102637.0,-0.8317460740870789,-0.7479331345175364,-0.6125275437631839,12398.07
0, 102638.0,1.5293801771063698,0.9984860774630129,1.1694571646246668,20267.05
11, 102639.0,0.3488170515096455,0.5618812744678756,-0.6125275437631839,29285.72
1, 102640.0,-0.8317460740870789,-0.3113283315223991,-0.6125275437631839,12731.74
15, 102641.0,-0.8317460740870789,-0.3113283315223991,1.1694571646246668,27068.9
0, 102642.0,0.3488170515096455,1.4350908804581504,2.951441873012518,35885.64
3, 102643.0,0.3488170515096455,0.9984860774630129,-0.6125275437631839,19009.78
0, 102644.0,0.3488170515096455,0.5618812744678756,1.1694571646246668,12887.65
7, 102645.0,0.3488170515096455,-0.3113283315223991,-0.6125275437631839,16780.85
11, 102646.0,0.3488170515096455,0.5618812744678756,-0.6125275437631839,12838.93
3, 102647.0,0.3488170515096455,0.9984860774630129,-0.6125275437631839,14408.25
11, 102648.0,0.3488170515096455,0.12527647147273824,-0.6125275437631839,27118.48
2, 102649.0,-0.8317460740870789,-1.6211427405078112,-0.6125275437631839,1500.0
1, 102650.0,-0.8317460740870789,0.12527647147273824,-0.6125275437631839,11020.26
12, 102651.0,-0.8317460740870789,-0.7479331345175364,-0.6125275437631839,8040.08
11, 102652.0,0.3488170515096455,0.5618812744678756,-0.6125275437631839,11668.34
5, 102653.0,0.3488170515096455,-0.3113283315223991,1.1694571646246668,31882.93
0, 102654.0,1.5293801771063698,0.9984860774630129,2.951441873012518,29677.94
5, 102655.0,0.3488170515096455,0.12527647147273824,1.1694571646246668,29994.75
8, 102656.0,2.709943302703094,1.4350908804581504,-0.6125275437631839,20565.67
7, 102657.0,0.3488170515096455,-0.3113283315223991,-0.6125275437631839,22964.99
0, 102658.0,1.5293801771063698,0.5618812744678756,1.1694571646246668,17807.12
12, 102659.0,-0.8317460740870789,-0.7479331345175364,-0.6125275437631839,11876.01
5, 102660.0,1.5293801771063698,-0.3113283315223991,1.1694571646246668,36022.37
3, 102661.0,0.3488170515096455,0.9984860774630129,-0.6125275437631839,14849.72
1, 102662.0,-0.8317460740870789,-0.3113283315223991,-0.6125275437631839,10056.61
10, 102663.0,-0.8317460740870789,-2.0577475435029484,1.1694571646246668,26219.32
1, 102664.0,-0.8317460740870789,0.12527647147273824,-0.6125275437631839,21920.71
5, 102665.0,0.3488170515096455,0.12527647147273824,1.1694571646246668,28935.12
5, 102666.0,0.3488170515096455,0.12527647147273824,1.1694571646246668,24787.0
13, 102667.0,0.3488170515096455,-1.1845379375126739,1.1694571646246668,24687.74
5, 102668.0,1.5293801771063698,0.12527647147273824,1.1694571646246668,27154.79
10, 102669.0,-0.8317460740870789,-0.7479331345175364,1.1694571646246668,16275.43
3, 102670.0,0.3488170515096455,0.9984860774630129,-0.6125275437631839,13344.37
5, 102671.0,1.5293801771063698,-0.3113283315223991,1.1694571646246668,22958.57
4, 102672.0,-0.8317460740870789,1.4350908804581504,-0.6125275437631839,28966.29
4, 102673.0,-0.8317460740870789,0.9984860774630129,-0.6125275437631839,9764.61
11, 102674.0,0.3488170515096455,0.5618812744678756,-0.6125275437631839,23739.15
1, 102675.0,-0.8317460740870789,-0.3113283315223991,-0.6125275437631839,13857.76
1, 102676.0,-0.8317460740870789,-0.3113283315223991,-0.6125275437631839,10130.32
5, 102677.0,1.5293801771063698,-0.7479331345175364,1.1694571646246668,15864.07
11, 102678.0,0.3488170515096455,0.5618812744678756,-0.6125275437631839,20877.86
11, 102679.0,0.3488170515096455,0.12527647147273824,-0.6125275437631839,15672.02
3, 102680.0,1.5293801771063698,0.9984860774630129,-0.6125275437631839,23100.4
3, 102681.0,0.3488170515096455,0.9984860774630129,-0.6125275437631839,18158.47
12, 102682.0,-0.8317460740870789,-0.7479331345175364,-0.6125275437631839,9801.07
0, 102683.0,1.5293801771063698,0.9984860774630129,1.1694571646246668,23346.48
1, 102684.0,-0.8317460740870789,0.12527647147273824,-0.6125275437631839,23695.12
3, 102685.0,0.3488170515096455,0.9984860774630129,-0.6125275437631839,19424.18
2, 102686.0,-0.8317460740870789,-2.0577475435029484,-0.6125275437631839,8014.1
3, 102687.0,0.3488170515096455,0.9984860774630129,-0.6125275437631839,16950.24
0, 102688.0,0.3488170515096455,1.8716956834532876,1.1694571646246668,11650.98
3, 102689.0,0.3488170515096455,0.9984860774630129,-0.6125275437631839,14627.34
4, 102690.0,-0.8317460740870789,0.9984860774630129,-0.6125275437631839,27509.17
3, 102691.0,0.3488170515096455,1.4350908804581504,-0.6125275437631839,16807.51
7, 102692.0,0.3488170515096455,-0.3113283315223991,-0.6125275437631839,10734.6
15, 102693.0,-0.8317460740870789,0.12527647147273824,2.951441873012518,22040.68
5, 102694.0,0.3488170515096455,0.12527647147273824,1.1694571646246668,19494.54
14, 102695.0,1.5293801771063698,0.5618812744678756,-0.6125275437631839,30471.61
1, 102696.0,-0.8317460740870789,-0.3113283315223991,-0.6125275437631839,12380.87
14, 102697.0,1.5293801771063698,-0.3113283315223991,-0.6125275437631839,10288.78
13, 102698.0,0.3488170515096455,-1.1845379375126739,1.1694571646246668,16834.73
5, 102699.0,0.3488170515096455,0.12527647147273824,1.1694571646246668,15640.52
1, 102700.0,-0.8317460740870789,-0.3113283315223991,-0.6125275437631839,10300.5
5, 102701.0,1.5293801771063698,0.12527647147273824,1.1694571646246668,35103.23
3, 102702.0,0.3488170515096455,0.9984860774630129,-0.6125275437631839,15174.12
15, 102703.0,-0.8317460740870789,0.5618812744678756,1.1694571646246668,16714.74
3, 102704.0,0.3488170515096455,1.4350908804581504,-0.6125275437631839,13244.14
3, 102705.0,0.3488170515096455,0.9984860774630129,-0.6125275437631839,10736.71
6, 102706.0,-0.8317460740870789,0.5618812744678756,-0.6125275437631839,26943.01
1, 102707.0,-0.8317460740870789,0.12527647147273824,-0.6125275437631839,9970.02
2, 102708.0,-0.8317460740870789,-1.1845379375126739,-0.6125275437631839,16149.99
14, 102709.0,1.5293801771063698,-0.3113283315223991,-0.6125275437631839,35787.27
10, 102710.0,-0.8317460740870789,-0.7479331345175364,1.1694571646246668,31213.74
11, 102711.0,0.3488170515096455,0.12527647147273824,-0.6125275437631839,17267.36
11, 102712.0,0.3488170515096455,0.12527647147273824,-0.6125275437631839,14479.63
15, 102713.0,-0.8317460740870789,0.9984860774630129,1.1694571646246668,15407.46
15, 102714.0,-0.8317460740870789,0.12527647147273824,1.1694571646246668,26880.72
2, 102715.0,-0.8317460740870789,-1.1845379375126739,-0.6125275437631839,28510.9
15, 102716.0,-0.8317460740870789,0.12527647147273824,1.1694571646246668,14594.88
12, 102717.0,-0.8317460740870789,-0.7479331345175364,-0.6125275437631839,15811.46
14, 102718.0,1.5293801771063698,0.12527647147273824,-0.6125275437631839,16875.52
0, 102719.0,0.3488170515096455,0.9984860774630129,1.1694571646246668,17295.74
13, 102720.0,0.3488170515096455,-1.1845379375126739,1.1694571646246668,28704.72
3, 102721.0,0.3488170515096455,0.9984860774630129,-0.6125275437631839,18614.63
14, 102722.0,1.5293801771063698,0.12527647147273824,-0.6125275437631839,13246.48
1, 102723.0,-0.8317460740870789,-0.3113283315223991,-0.6125275437631839,23408.25
12, 102724.0,-0.8317460740870789,-0.7479331345175364,-0.6125275437631839,11396.19
2, 102725.0,-0.8317460740870789,-1.1845379375126739,-0.6125275437631839,12682.97
9, 102726.0,0.3488170515096455,-1.6211427405078112,-0.6125275437631839,15329.22
9, 102727.0,0.3488170515096455,-1.1845379375126739,-0.6125275437631839,15830.87
15, 102728.0,-0.8317460740870789,-0.3113283315223991,1.1694571646246668,29384.4
4, 102729.0,-0.8317460740870789,1.4350908804581504,-0.6125275437631839,21300.34
12, 102730.0,-0.8317460740870789,-0.7479331345175364,-0.6125275437631839,12137.07
9, 102731.0,0.3488170515096455,-1.1845379375126739,-0.6125275437631839,11738.36
1, 102732.0,-0.8317460740870789,0.12527647147273824,-0.6125275437631839,30789.0
14, 102733.0,1.5293801771063698,-0.7479331345175364,-0.6125275437631839,20188.2
1, 102734.0,-0.8317460740870789,0.12527647147273824,-0.6125275437631839,12646.84
13, 102735.0,0.3488170515096455,-1.1845379375126739,1.1694571646246668,15897.4
7, 102736.0,0.3488170515096455,-0.3113283315223991,-0.6125275437631839,10097.91
3, 102737.0,0.3488170515096455,0.9984860774630129,-0.6125275437631839,12389.58
9, 102738.0,0.3488170515096455,-1.1845379375126739,-0.6125275437631839,13099.03
12, 102739.0,-0.8317460740870789,-0.7479331345175364,-0.6125275437631839,4826.89
0, 102740.0,0.3488170515096455,0.5618812744678756,1.1694571646246668,14753.52
0, 102741.0,1.5293801771063698,0.9984860774630129,1.1694571646246668,16224.45
4, 102742.0,-0.8317460740870789,2.308300486448425,-0.6125275437631839,11764.67
3, 102743.0,0.3488170515096455,1.4350908804581504,-0.6125275437631839,28329.36
12, 102744.0,-0.8317460740870789,-0.7479331345175364,-0.6125275437631839,6744.46
6, 102745.0,-0.8317460740870789,0.5618812744678756,-0.6125275437631839,23483.69
9, 102746.0,0.3488170515096455,-1.1845379375126739,-0.6125275437631839,19169.64
3, 102747.0,0.3488170515096455,1.4350908804581504,-0.6125275437631839,15366.71
1, 102748.0,-0.8317460740870789,-0.3113283315223991,-0.6125275437631839,14716.85
5, 102749.0,0.3488170515096455,-0.7479331345175364,1.1694571646246668,8990.4
12, 102750.0,-0.8317460740870789,-0.7479331345175364,-0.6125275437631839,8361.86
5, 102751.0,0.3488170515096455,-0.3113283315223991,2.951441873012518,32294.37
3, 102752.0,1.5293801771063698,1.8716956834532876,-0.6125275437631839,19188.69
0, 102753.0,0.3488170515096455,1.8716956834532876,1.1694571646246668,19419.84
2, 102754.0,-0.8317460740870789,-1.1845379375126739,-0.6125275437631839,35039.96
7, 102755.0,0.3488170515096455,-0.7479331345175364,-0.6125275437631839,10592.5
14, 102756.0,2.709943302703094,0.9984860774630129,-0.6125275437631839,42655.15
1, 102757.0,-0.8317460740870789,0.12527647147273824,-0.6125275437631839,16442.85
11, 102758.0,0.3488170515096455,0.12527647147273824,-0.6125275437631839,28362.73
0, 102759.0,0.3488170515096455,2.308300486448425,1.1694571646246668,31967.71
0, 102760.0,1.5293801771063698,0.5618812744678756,2.951441873012518,16976.57
15, 102761.0,-0.8317460740870789,0.5618812744678756,1.1694571646246668,17572.06
2, 102762.0,-0.8317460740870789,-2.0577475435029484,-0.6125275437631839,10560.07
11, 102763.0,0.3488170515096455,0.12527647147273824,-0.6125275437631839,28684.52
3, 102764.0,1.5293801771063698,0.9984860774630129,-0.6125275437631839,21101.35
0, 102765.0,1.5293801771063698,2.744905289443562,2.951441873012518,24401.02
2, 102766.0,-0.8317460740870789,-1.1845379375126739,-0.6125275437631839,14245.21
3, 102767.0,1.5293801771063698,1.4350908804581504,-0.6125275437631839,15542.77
11, 102768.0,0.3488170515096455,0.12527647147273824,-0.6125275437631839,15488.47
5, 102769.0,0.3488170515096455,-0.7479331345175364,2.951441873012518,15803.33
7, 102770.0,0.3488170515096455,-0.7479331345175364,-0.6125275437631839,25831.07
11, 102771.0,0.3488170515096455,0.12527647147273824,-0.6125275437631839,32158.02
1, 102772.0,-0.8317460740870789,-0.3113283315223991,-0.6125275437631839,16324.5
1, 102773.0,-0.8317460740870789,0.12527647147273824,-0.6125275437631839,9033.47
5, 102774.0,0.3488170515096455,0.12527647147273824,1.1694571646246668,18497.88
7, 102775.0,0.3488170515096455,-0.3113283315223991,-0.6125275437631839,29084.11
15, 102776.0,-0.8317460740870789,0.9984860774630129,1.1694571646246668,7805.43
7, 102777.0,0.3488170515096455,-0.7479331345175364,-0.6125275437631839,20645.81
15, 102778.0,-0.8317460740870789,0.9984860774630129,1.1694571646246668,13693.14
12, 102779.0,-0.8317460740870789,-0.7479331345175364,-0.6125275437631839,22943.27
11, 102780.0,0.3488170515096455,0.5618812744678756,-0.6125275437631839,29818.17
8, 102781.0,2.709943302703094,0.12527647147273824,1.1694571646246668,27381.23
14, 102782.0,1.5293801771063698,-0.7479331345175364,-0.6125275437631839,13612.67
15, 102783.0,-0.8317460740870789,1.4350908804581504,1.1694571646246668,9460.16
7, 102784.0,0.3488170515096455,-0.7479331345175364,-0.6125275437631839,15122.96
9, 102785.0,0.3488170515096455,-1.1845379375126739,-0.6125275437631839,9754.94
13, 102786.0,0.3488170515096455,-1.1845379375126739,1.1694571646246668,29800.45
2, 102787.0,-0.8317460740870789,-1.1845379375126739,-0.6125275437631839,25273.92
14, 102788.0,2.709943302703094,0.5618812744678756,-0.6125275437631839,17580.81
8, 102789.0,2.709943302703094,0.9984860774630129,1.1694571646246668,30510.74
2, 102790.0,-0.8317460740870789,-2.0577475435029484,-0.6125275437631839,8724.82
0, 102791.0,0.3488170515096455,0.5618812744678756,1.1694571646246668,34767.74
12, 102792.0,-0.8317460740870789,-0.7479331345175364,-0.6125275437631839,7896.11
14, 102793.0,1.5293801771063698,-0.3113283315223991,-0.6125275437631839,36742.89
3, 102794.0,0.3488170515096455,1.4350908804581504,-0.6125275437631839,9465.5
1, 102795.0,-0.8317460740870789,-0.3113283315223991,-0.6125275437631839,17995.17
2, 102796.0,-0.8317460740870789,-1.1845379375126739,-0.6125275437631839,9747.17
12, 102797.0,-0.8317460740870789,-0.7479331345175364,-0.6125275437631839,16699.51
12, 102798.0,-0.8317460740870789,-0.7479331345175364,-0.6125275437631839,22246.97
5, 102799.0,0.3488170515096455,0.12527647147273824,1.1694571646246668,16119.54
3, 102800.0,1.5293801771063698,0.9984860774630129,-0.6125275437631839,17112.44
15, 102801.0,-0.8317460740870789,0.9984860774630129,1.1694571646246668,14733.03
11, 102802.0,0.3488170515096455,0.5618812744678756,-0.6125275437631839,10797.68
1, 102803.0,-0.8317460740870789,-0.3113283315223991,-0.6125275437631839,29496.86
1, 102804.0,-0.8317460740870789,0.12527647147273824,-0.6125275437631839,10171.94
1, 102805.0,-0.8317460740870789,-0.3113283315223991,-0.6125275437631839,24160.57
12, 102806.0,-0.8317460740870789,-0.7479331345175364,-0.6125275437631839,4401.67
1, 102807.0,-0.8317460740870789,0.12527647147273824,-0.6125275437631839,26285.96
12, 102808.0,-0.8317460740870789,-0.7479331345175364,-0.6125275437631839,29799.23
14, 102809.0,1.5293801771063698,0.12527647147273824,-0.6125275437631839,10112.95
1, 102810.0,-0.8317460740870789,0.12527647147273824,-0.6125275437631839,12488.06
8, 102811.0,3.8905064282998185,2.744905289443562,1.1694571646246668,24058.08
1, 102812.0,-0.8317460740870789,-0.3113283315223991,-0.6125275437631839,12520.7
1, 102813.0,-0.8317460740870789,-0.3113283315223991,-0.6125275437631839,13582.75
3, 102814.0,0.3488170515096455,1.4350908804581504,-0.6125275437631839,18410.72
2, 102815.0,-0.8317460740870789,-1.1845379375126739,-0.6125275437631839,21680.88
5, 102816.0,0.3488170515096455,0.12527647147273824,1.1694571646246668,16099.21
12, 102817.0,-0.8317460740870789,-0.7479331345175364,-0.6125275437631839,6042.23
2, 102818.0,-0.8317460740870789,-1.6211427405078112,-0.6125275437631839,13446.45
9, 102819.0,0.3488170515096455,-1.1845379375126739,-0.6125275437631839,9261.76
1, 102820.0,-0.8317460740870789,-0.3113283315223991,-0.6125275437631839,15487.32
11, 102821.0,0.3488170515096455,0.5618812744678756,-0.6125275437631839,13043.65
4, 102822.0,-0.8317460740870789,1.8716956834532876,-0.6125275437631839,10860.81
2, 102823.0,-0.8317460740870789,-1.6211427405078112,-0.6125275437631839,17868.01
15, 102824.0,-0.8317460740870789,0.12527647147273824,2.951441873012518,16706.83
6, 102825.0,-0.8317460740870789,0.5618812744678756,-0.6125275437631839,32448.17
13, 102826.0,0.3488170515096455,-1.6211427405078112,1.1694571646246668,29229.42
9, 102827.0,0.3488170515096455,-1.1845379375126739,-0.6125275437631839,11122.9
15, 102828.0,-0.8317460740870789,0.5618812744678756,1.1694571646246668,14873.6
1, 102829.0,-0.8317460740870789,0.12527647147273824,-0.6125275437631839,15364.86
2, 102830.0,-0.8317460740870789,-1.6211427405078112,-0.6125275437631839,10679.31
11, 102831.0,0.3488170515096455,0.5618812744678756,-0.6125275437631839,14945.09
10, 102832.0,-0.8317460740870789,-1.1845379375126739,1.1694571646246668,20906.67
0, 102833.0,0.3488170515096455,0.9984860774630129,1.1694571646246668,18344.39
11, 102834.0,0.3488170515096455,0.12527647147273824,-0.6125275437631839,12364.72
1, 102835.0,-0.8317460740870789,0.12527647147273824,-0.6125275437631839,12364.29
5, 102836.0,0.3488170515096455,-0.7479331345175364,1.1694571646246668,7616.03
13, 102837.0,1.5293801771063698,-1.1845379375126739,1.1694571646246668,29448.56
15, 102838.0,-0.8317460740870789,-0.3113283315223991,1.1694571646246668,12284.32
1, 102839.0,-0.8317460740870789,-0.3113283315223991,-0.6125275437631839,20220.2
8, 102840.0,2.709943302703094,0.9984860774630129,1.1694571646246668,20156.14
2, 102841.0,-0.8317460740870789,-1.1845379375126739,-0.6125275437631839,13342.04
0, 102842.0,0.3488170515096455,0.5618812744678756,1.1694571646246668,29635.24
2, 102843.0,-0.8317460740870789,-1.1845379375126739,-0.6125275437631839,8732.72
3, 102844.0,1.5293801771063698,2.308300486448425,-0.6125275437631839,18116.59
0, 102845.0,1.5293801771063698,0.5618812744678756,1.1694571646246668,16645.01
3, 102846.0,0.3488170515096455,1.4350908804581504,-0.6125275437631839,12445.77
2, 102847.0,-0.8317460740870789,-1.1845379375126739,-0.6125275437631839,13699.6
6, 102848.0,-0.8317460740870789,0.5618812744678756,-0.6125275437631839,26600.71
2, 102849.0,-0.8317460740870789,-1.6211427405078112,-0.6125275437631839,32562.92
5, 102850.0,1.5293801771063698,-0.7479331345175364,1.1694571646246668,19605.1
12, 102851.0,-0.8317460740870789,-0.7479331345175364,-0.6125275437631839,26063.57
4, 102852.0,-0.8317460740870789,0.9984860774630129,-0.6125275437631839,9705.02
5, 102853.0,0.3488170515096455,0.12527647147273824,1.1694571646246668,41085.6
1, 102854.0,-0.8317460740870789,-0.3113283315223991,-0.6125275437631839,3528.88
4, 102855.0,-0.8317460740870789,1.4350908804581504,-0.6125275437631839,8490.28
0, 102856.0,1.5293801771063698,0.9984860774630129,2.951441873012518,23614.87
2, 102857.0,-0.8317460740870789,-2.0577475435029484,-0.6125275437631839,18688.32
13, 102858.0,0.3488170515096455,-1.1845379375126739,1.1694571646246668,14809.18
15, 102859.0,-0.8317460740870789,-0.3113283315223991,1.1694571646246668,12876.57
4, 102860.0,-0.8317460740870789,0.9984860774630129,-0.6125275437631839,16074.72
4, 102861.0,-0.8317460740870789,0.9984860774630129,-0.6125275437631839,8405.88
0, 102862.0,1.5293801771063698,0.5618812744678756,1.1694571646246668,33950.47
0, 102863.0,0.3488170515096455,1.4350908804581504,1.1694571646246668,16265.34
10, 102864.0,-0.8317460740870789,-0.7479331345175364,1.1694571646246668,33092.45
12, 102865.0,-0.8317460740870789,-0.7479331345175364,-0.6125275437631839,16662.1
6, 102866.0,-0.8317460740870789,0.5618812744678756,-0.6125275437631839,9797.28
4, 102867.0,-0.8317460740870789,0.9984860774630129,-0.6125275437631839,27594.38
13, 102868.0,1.5293801771063698,-1.1845379375126739,1.1694571646246668,22884.93
15, 102869.0,-0.8317460740870789,0.12527647147273824,1.1694571646246668,13758.74
1, 102870.0,-0.8317460740870789,0.12527647147273824,-0.6125275437631839,9060.56
15, 102871.0,-0.8317460740870789,0.5618812744678756,1.1694571646246668,17113.78
13, 102872.0,0.3488170515096455,-1.1845379375126739,1.1694571646246668,17907.07
9, 102873.0,0.3488170515096455,-1.1845379375126739,-0.6125275437631839,15633.05
5, 102874.0,0.3488170515096455,0.12527647147273824,1.1694571646246668,21296.24
3, 102875.0,0.3488170515096455,0.9984860774630129,-0.6125275437631839,9281.28
15, 102876.0,-0.8317460740870789,-0.3113283315223991,1.1694571646246668,18970.05
15, 102877.0,-0.8317460740870789,0.12527647147273824,1.1694571646246668,15623.48
1, 102878.0,-0.8317460740870789,-0.3113283315223991,-0.6125275437631839,14867.91
6, 102879.0,-0.8317460740870789,0.5618812744678756,-0.6125275437631839,12663.42
13, 102880.0,0.3488170515096455,-1.1845379375126739,2.951441873012518,19649.65
1, 102881.0,-0.8317460740870789,0.12527647147273824,-0.6125275437631839,15065.29
7, 102882.0,0.3488170515096455,-0.3113283315223991,-0.6125275437631839,22565.07
10, 102883.0,-0.8317460740870789,-1.1845379375126739,2.951441873012518,37483.32
0, 102884.0,0.3488170515096455,0.5618812744678756,2.951441873012518,36730.98
10, 102885.0,-0.8317460740870789,-1.1845379375126739,1.1694571646246668,26033.02
1, 102886.0,-0.8317460740870789,0.12527647147273824,-0.6125275437631839,17852.6
1, 102887.0,-0.8317460740870789,0.12527647147273824,-0.6125275437631839,8462.79
0, 102888.0,1.5293801771063698,1.8716956834532876,1.1694571646246668,20363.52
13, 102889.0,0.3488170515096455,-1.1845379375126739,1.1694571646246668,15033.06
1, 102890.0,-0.8317460740870789,0.12527647147273824,-0.6125275437631839,22699.07
12, 102891.0,-0.8317460740870789,-0.7479331345175364,-0.6125275437631839,9517.23
3, 102892.0,0.3488170515096455,0.9984860774630129,-0.6125275437631839,12709.66
6, 102893.0,-0.8317460740870789,0.5618812744678756,-0.6125275437631839,11159.02
1, 102894.0,-0.8317460740870789,-0.3113283315223991,-0.6125275437631839,10910.53
0, 102895.0,0.3488170515096455,0.5618812744678756,1.1694571646246668,16255.53
15, 102896.0,-0.8317460740870789,-0.3113283315223991,1.1694571646246668,30548.81
7, 102897.0,0.3488170515096455,-0.7479331345175364,-0.6125275437631839,11628.22
1, 102898.0,-0.8317460740870789,-0.3113283315223991,-0.6125275437631839,24091.01
4, 102899.0,-0.8317460740870789,1.4350908804581504,-0.6125275437631839,24347.91
5, 102900.0,0.3488170515096455,-0.7479331345175364,1.1694571646246668,15964.64
4, 102901.0,-0.8317460740870789,1.4350908804581504,-0.6125275437631839,14689.92
12, 102902.0,-0.8317460740870789,-0.7479331345175364,-0.6125275437631839,10028.74
15, 102903.0,-0.8317460740870789,0.5618812744678756,1.1694571646246668,19353.2
2, 102904.0,-0.8317460740870789,-1.1845379375126739,-0.6125275437631839,27909.31
12, 102905.0,-0.8317460740870789,-0.7479331345175364,-0.6125275437631839,23368.59
3, 102906.0,0.3488170515096455,3.1815100924386996,-0.6125275437631839,33456.01
11, 102907.0,0.3488170515096455,0.5618812744678756,-0.6125275437631839,15621.13
11, 102908.0,0.3488170515096455,0.12527647147273824,-0.6125275437631839,28209.68
8, 102909.0,3.8905064282998185,1.4350908804581504,1.1694571646246668,27165.01
2, 102910.0,-0.8317460740870789,-1.1845379375126739,-0.6125275437631839,19603.02
1, 102911.0,-0.8317460740870789,0.12527647147273824,-0.6125275437631839,17984.42
2, 102912.0,-0.8317460740870789,-1.6211427405078112,-0.6125275437631839,23251.8
15, 102913.0,-0.8317460740870789,0.12527647147273824,1.1694571646246668,12687.19
7, 102914.0,0.3488170515096455,-0.3113283315223991,-0.6125275437631839,3598.21
7, 102915.0,0.3488170515096455,-0.3113283315223991,-0.6125275437631839,12876.32
12, 102916.0,-0.8317460740870789,-0.7479331345175364,-0.6125275437631839,14395.13
1, 102917.0,-0.8317460740870789,-0.3113283315223991,-0.6125275437631839,26762.75
11, 102918.0,0.3488170515096455,0.5618812744678756,-0.6125275437631839,29060.12
3, 102919.0,0.3488170515096455,2.744905289443562,-0.6125275437631839,35788.32
11, 102920.0,0.3488170515096455,0.12527647147273824,-0.6125275437631839,19235.87
15, 102921.0,-0.8317460740870789,0.9984860774630129,1.1694571646246668,18166.21
12, 102922.0,-0.8317460740870789,-0.7479331345175364,-0.6125275437631839,11501.75
12, 102923.0,-0.8317460740870789,-0.7479331345175364,-0.6125275437631839,10818.48
15, 102924.0,-0.8317460740870789,-0.3113283315223991,1.1694571646246668,15428.91
1, 102925.0,-0.8317460740870789,0.12527647147273824,-0.6125275437631839,15440.45
2, 102926.0,-0.8317460740870789,-1.1845379375126739,-0.6125275437631839,13462.03
7, 102927.0,0.3488170515096455,-0.7479331345175364,-0.6125275437631839,20086.15
4, 102928.0,-0.8317460740870789,1.4350908804581504,-0.6125275437631839,22130.42
3, 102929.0,0.3488170515096455,0.9984860774630129,-0.6125275437631839,11789.88
7, 102930.0,0.3488170515096455,-0.3113283315223991,-0.6125275437631839,21027.95
8, 102931.0,2.709943302703094,-0.3113283315223991,1.1694571646246668,35697.91
12, 102932.0,-0.8317460740870789,-0.7479331345175364,-0.6125275437631839,11711.61
5, 102933.0,0.3488170515096455,-0.3113283315223991,1.1694571646246668,13444.2
2, 102934.0,-0.8317460740870789,-2.0577475435029484,-0.6125275437631839,14278.99
2, 102935.0,-0.8317460740870789,-1.1845379375126739,-0.6125275437631839,23477.08
0, 102936.0,0.3488170515096455,0.5618812744678756,2.951441873012518,25256.2
11, 102937.0,0.3488170515096455,0.5618812744678756,-0.6125275437631839,14406.89
5, 102938.0,0.3488170515096455,-0.3113283315223991,1.1694571646246668,13288.62
13, 102939.0,2.709943302703094,-1.1845379375126739,1.1694571646246668,20356.36
12, 102940.0,-0.8317460740870789,-0.7479331345175364,-0.6125275437631839,12287.93
12, 102941.0,-0.8317460740870789,-0.7479331345175364,-0.6125275437631839,13514.82
11, 102942.0,0.3488170515096455,0.5618812744678756,-0.6125275437631839,33667.56
6, 102943.0,-0.8317460740870789,0.5618812744678756,-0.6125275437631839,10752.62
1, 102944.0,-0.8317460740870789,0.12527647147273824,-0.6125275437631839,13564.25
11, 102945.0,0.3488170515096455,0.12527647147273824,-0.6125275437631839,11370.79
1, 102946.0,-0.8317460740870789,-0.3113283315223991,-0.6125275437631839,3808.61
7, 102947.0,0.3488170515096455,-0.7479331345175364,-0.6125275437631839,21553.85
2, 102948.0,-0.8317460740870789,-1.1845379375126739,-0.6125275437631839,7403.7
9, 102949.0,0.3488170515096455,-1.1845379375126739,-0.6125275437631839,16587.46
10, 102950.0,-0.8317460740870789,-0.7479331345175364,1.1694571646246668,26025.75
3, 102951.0,1.5293801771063698,1.4350908804581504,-0.6125275437631839,19329.55
14, 102952.0,1.5293801771063698,-0.7479331345175364,-0.6125275437631839,10433.3
2, 102953.0,-0.8317460740870789,-1.6211427405078112,-0.6125275437631839,12821.18
4, 102954.0,-0.8317460740870789,2.744905289443562,-0.6125275437631839,18173.42
15, 102955.0,-0.8317460740870789,0.9984860774630129,1.1694571646246668,22353.33
14, 102956.0,1.5293801771063698,0.5618812744678756,-0.6125275437631839,25564.23
12, 102957.0,-0.8317460740870789,-0.7479331345175364,-0.6125275437631839,9170.38
15, 102958.0,-0.8317460740870789,0.12527647147273824,2.951441873012518,15292.13
10, 102959.0,-0.8317460740870789,-0.7479331345175364,1.1694571646246668,16991.95
12, 102960.0,-0.8317460740870789,-0.7479331345175364,-0.6125275437631839,13915.04
15, 102961.0,-0.8317460740870789,0.5618812744678756,1.1694571646246668,14123.28
0, 102962.0,0.3488170515096455,1.4350908804581504,1.1694571646246668,15641.85
13, 102963.0,0.3488170515096455,-1.6211427405078112,1.1694571646246668,17565.0
0, 102964.0,0.3488170515096455,0.9984860774630129,1.1694571646246668,25394.94
15, 102965.0,-0.8317460740870789,0.9984860774630129,1.1694571646246668,12797.9
0, 102966.0,0.3488170515096455,0.9984860774630129,1.1694571646246668,14879.3
5, 102967.0,0.3488170515096455,-0.3113283315223991,1.1694571646246668,11652.39
13, 102968.0,0.3488170515096455,-1.1845379375126739,1.1694571646246668,31585.03
9, 102969.0,0.3488170515096455,-1.6211427405078112,-0.6125275437631839,14368.09
10, 102970.0,-0.8317460740870789,-0.3113283315223991,2.951441873012518,17276.03
2, 102971.0,-0.8317460740870789,-1.1845379375126739,-0.6125275437631839,12178.53
3, 102972.0,0.3488170515096455,1.4350908804581504,-0.6125275437631839,8893.59
5, 102973.0,0.3488170515096455,0.12527647147273824,1.1694571646246668,16599.82
0, 102974.0,1.5293801771063698,2.308300486448425,1.1694571646246668,34078.99
15, 102975.0,-0.8317460740870789,0.12527647147273824,1.1694571646246668,25917.09
1, 102976.0,-0.8317460740870789,0.12527647147273824,-0.6125275437631839,20165.68
1, 102977.0,-0.8317460740870789,0.12527647147273824,-0.6125275437631839,11570.42
15, 102978.0,-0.8317460740870789,-0.3113283315223991,1.1694571646246668,19879.83
2, 102979.0,-0.8317460740870789,-1.1845379375126739,-0.6125275437631839,12830.36
4, 102980.0,-0.8317460740870789,0.9984860774630129,-0.6125275437631839,33593.97
1, 102981.0,-0.8317460740870789,-0.3113283315223991,-0.6125275437631839,25268.38
11, 102982.0,0.3488170515096455,0.12527647147273824,-0.6125275437631839,8945.09
2, 102983.0,-0.8317460740870789,-1.6211427405078112,-0.6125275437631839,32003.38
12, 102984.0,-0.8317460740870789,-0.7479331345175364,-0.6125275437631839,8445.86
15, 102985.0,-0.8317460740870789,0.12527647147273824,1.1694571646246668,14733.54
13, 102986.0,0.3488170515096455,-1.6211427405078112,1.1694571646246668,19753.48
10, 102987.0,-0.8317460740870789,-1.1845379375126739,1.1694571646246668,35463.54
3, 102988.0,0.3488170515096455,1.4350908804581504,-0.6125275437631839,25632.37
7, 102989.0,0.3488170515096455,-0.7479331345175364,-0.6125275437631839,30463.26
6, 102990.0,-0.8317460740870789,0.5618812744678756,-0.6125275437631839,22692.35
14, 102991.0,1.5293801771063698,-0.7479331345175364,-0.6125275437631839,26590.62
5, 102992.0,0.3488170515096455,-0.7479331345175364,1.1694571646246668,31013.13
9, 102993.0,0.3488170515096455,-1.1845379375126739,-0.6125275437631839,16377.01
4, 102994.0,-0.8317460740870789,0.9984860774630129,-0.6125275437631839,8697.75
12, 102995.0,-0.8317460740870789,-0.7479331345175364,-0.6125275437631839,31610.66
3, 102996.0,0.3488170515096455,1.4350908804581504,-0.6125275437631839,17278.26
12, 102997.0,-0.8317460740870789,-0.7479331345175364,-0.6125275437631839,17533.56
1, 102998.0,-0.8317460740870789,-0.3113283315223991,-0.6125275437631839,26589.39
9, 102999.0,0.3488170515096455,-1.1845379375126739,-0.6125275437631839,16856.34
15, 103000.0,-0.8317460740870789,0.9984860774630129,1.1694571646246668,12242.5
8, 103001.0,2.709943302703094,0.12527647147273824,2.951441873012518,24255.04
12, 103002.0,-0.8317460740870789,-0.7479331345175364,-0.6125275437631839,13823.7
14, 103003.0,1.5293801771063698,-0.7479331345175364,-0.6125275437631839,17258.19
14, 103004.0,1.5293801771063698,0.12527647147273824,-0.6125275437631839,15663.4
3, 103005.0,0.3488170515096455,1.4350908804581504,-0.6125275437631839,23563.31
7, 103006.0,0.3488170515096455,-0.3113283315223991,-0.6125275437631839,9604.88
12, 103007.0,-0.8317460740870789,-0.7479331345175364,-0.6125275437631839,8379.85
0, 103008.0,0.3488170515096455,0.5618812744678756,1.1694571646246668,18460.53
1, 103009.0,-0.8317460740870789,0.12527647147273824,-0.6125275437631839,4196.89
9, 103010.0,1.5293801771063698,-1.1845379375126739,-0.6125275437631839,24517.26
4, 103011.0,-0.8317460740870789,0.9984860774630129,-0.6125275437631839,6581.13
3, 103012.0,0.3488170515096455,1.8716956834532876,-0.6125275437631839,9696.14
4, 103013.0,-0.8317460740870789,1.8716956834532876,-0.6125275437631839,26685.88
10, 103014.0,-0.8317460740870789,-1.1845379375126739,1.1694571646246668,27978.65
5, 103015.0,0.3488170515096455,-0.3113283315223991,1.1694571646246668,16127.8
1, 103016.0,-0.8317460740870789,0.12527647147273824,-0.6125275437631839,9231.85
12, 103017.0,-0.8317460740870789,-0.7479331345175364,-0.6125275437631839,18816.1
12, 103018.0,-0.8317460740870789,-0.7479331345175364,-0.6125275437631839,10498.07
7, 103019.0,0.3488170515096455,-0.3113283315223991,-0.6125275437631839,14328.04
1, 103020.0,-0.8317460740870789,0.12527647147273824,-0.6125275437631839,10739.69
3, 103021.0,0.3488170515096455,1.4350908804581504,-0.6125275437631839,27449.23
12, 103022.0,-0.8317460740870789,-0.7479331345175364,-0.6125275437631839,30293.69
11, 103023.0,0.3488170515096455,0.12527647147273824,-0.6125275437631839,14181.96
2, 103024.0,-0.8317460740870789,-1.1845379375126739,-0.6125275437631839,6778.79
4, 103025.0,-0.8317460740870789,0.9984860774630129,-0.6125275437631839,9802.54
8, 103026.0,2.709943302703094,0.12527647147273824,1.1694571646246668,22812.61
5, 103027.0,0.3488170515096455,0.12527647147273824,2.951441873012518,38609.99
7, 103028.0,0.3488170515096455,-0.7479331345175364,-0.6125275437631839,7560.29
6, 103029.0,-0.8317460740870789,0.5618812744678756,-0.6125275437631839,21106.55
12, 103030.0,-0.8317460740870789,-0.7479331345175364,-0.6125275437631839,10897.04
3, 103031.0,0.3488170515096455,0.9984860774630129,-0.6125275437631839,31261.99
15, 103032.0,-0.8317460740870789,0.5618812744678756,1.1694571646246668,13151.88
1, 103033.0,-0.8317460740870789,-0.3113283315223991,-0.6125275437631839,13881.93
3, 103034.0,0.3488170515096455,0.9984860774630129,-0.6125275437631839,8993.91
5, 103035.0,0.3488170515096455,0.12527647147273824,2.951441873012518,15167.97
5, 103036.0,2.709943302703094,-0.7479331345175364,1.1694571646246668,17174.51
1, 103037.0,-0.8317460740870789,-0.3113283315223991,-0.6125275437631839,27813.57
6, 103038.0,-0.8317460740870789,0.5618812744678756,-0.6125275437631839,29851.92
0, 103039.0,1.5293801771063698,0.5618812744678756,1.1694571646246668,32907.19
12, 103040.0,-0.8317460740870789,-0.7479331345175364,-0.6125275437631839,11353.13
5, 103041.0,0.3488170515096455,0.12527647147273824,1.1694571646246668,15209.93
1, 103042.0,-0.8317460740870789,-0.3113283315223991,-0.6125275437631839,31259.6
7, 103043.0,0.3488170515096455,-0.7479331345175364,-0.6125275437631839,30551.23
11, 103044.0,0.3488170515096455,0.5618812744678756,-0.6125275437631839,11694.98
1, 103045.0,-0.8317460740870789,-0.3113283315223991,-0.6125275437631839,25307.91
13, 103046.0,1.5293801771063698,-1.6211427405078112,1.1694571646246668,24157.81
3, 103047.0,0.3488170515096455,2.308300486448425,-0.6125275437631839,17800.89
7, 103048.0,0.3488170515096455,-0.7479331345175364,-0.6125275437631839,18812.5
5, 103049.0,1.5293801771063698,-0.3113283315223991,1.1694571646246668,13197.01
7, 103050.0,0.3488170515096455,-0.3113283315223991,-0.6125275437631839,17314.42
10, 103051.0,-0.8317460740870789,-0.7479331345175364,1.1694571646246668,18680.63
1, 103052.0,-0.8317460740870789,-0.3113283315223991,-0.6125275437631839,15082.68
10, 103053.0,-0.8317460740870789,-0.7479331345175364,1.1694571646246668,15854.49
1, 103054.0,-0.8317460740870789,-0.3113283315223991,-0.6125275437631839,7290.47
12, 103055.0,-0.8317460740870789,-0.7479331345175364,-0.6125275437631839,5003.04
4, 103056.0,-0.8317460740870789,0.9984860774630129,-0.6125275437631839,7208.32
10, 103057.0,-0.8317460740870789,-1.6211427405078112,1.1694571646246668,14570.41
10, 103058.0,-0.8317460740870789,-0.7479331345175364,1.1694571646246668,18719.42
15, 103059.0,-0.8317460740870789,-0.3113283315223991,1.1694571646246668,31586.37
4, 103060.0,-0.8317460740870789,0.9984860774630129,-0.6125275437631839,17630.63
15, 103061.0,-0.8317460740870789,-0.3113283315223991,1.1694571646246668,15726.19
14, 103062.0,1.5293801771063698,0.5618812744678756,-0.6125275437631839,29644.4
11, 103063.0,0.3488170515096455,0.12527647147273824,-0.6125275437631839,28045.52
9, 103064.0,0.3488170515096455,-1.1845379375126739,-0.6125275437631839,14216.75
8, 103065.0,5.071069553896543,2.308300486448425,1.1694571646246668,31474.91
4, 103066.0,-0.8317460740870789,1.4350908804581504,-0.6125275437631839,33500.97
12, 103067.0,-0.8317460740870789,-0.7479331345175364,-0.6125275437631839,11105.68
3, 103068.0,0.3488170515096455,0.9984860774630129,-0.6125275437631839,10827.88
14, 103069.0,1.5293801771063698,0.5618812744678756,-0.6125275437631839,17360.92
12, 103070.0,-0.8317460740870789,-0.7479331345175364,-0.6125275437631839,29778.25
0, 103071.0,1.5293801771063698,0.5618812744678756,1.1694571646246668,35712.22
2, 103072.0,-0.8317460740870789,-1.6211427405078112,-0.6125275437631839,10301.73
2, 103073.0,-0.8317460740870789,-1.6211427405078112,-0.6125275437631839,6730.63
12, 103074.0,-0.8317460740870789,-0.7479331345175364,-0.6125275437631839,10466.34
4, 103075.0,-0.8317460740870789,0.9984860774630129,-0.6125275437631839,12015.86
7, 103076.0,0.3488170515096455,-0.3113283315223991,-0.6125275437631839,16359.38
3, 103077.0,0.3488170515096455,1.4350908804581504,-0.6125275437631839,24596.2
0, 103078.0,0.3488170515096455,0.5618812744678756,1.1694571646246668,32639.56
1, 103079.0,-0.8317460740870789,-0.3113283315223991,-0.6125275437631839,32262.3
8, 103080.0,3.8905064282998185,3.1815100924386996,1.1694571646246668,20497.9
15, 103081.0,-0.8317460740870789,0.12527647147273824,1.1694571646246668,18399.12
1, 103082.0,-0.8317460740870789,0.12527647147273824,-0.6125275437631839,13125.62
15, 103083.0,-0.8317460740870789,0.12527647147273824,1.1694571646246668,29985.91
0, 103084.0,0.3488170515096455,0.9984860774630129,1.1694571646246668,22029.51
4, 103085.0,-0.8317460740870789,1.8716956834532876,-0.6125275437631839,28582.61
7, 103086.0,0.3488170515096455,-0.7479331345175364,-0.6125275437631839,13770.73
12, 103087.0,-0.8317460740870789,-0.7479331345175364,-0.6125275437631839,13086.76
1, 103088.0,-0.8317460740870789,-0.3113283315223991,-0.6125275437631839,13523.5
6, 103089.0,-0.8317460740870789,0.5618812744678756,-0.6125275437631839,8061.51
9, 103090.0,0.3488170515096455,-1.6211427405078112,-0.6125275437631839,12342.95
5, 103091.0,0.3488170515096455,-0.3113283315223991,2.951441873012518,19993.34
8, 103092.0,3.8905064282998185,1.8716956834532876,1.1694571646246668,43137.69
10, 103093.0,-0.8317460740870789,-1.6211427405078112,1.1694571646246668,33463.91
1, 103094.0,-0.8317460740870789,0.12527647147273824,-0.6125275437631839,22798.73
1, 103095.0,-0.8317460740870789,-0.3113283315223991,-0.6125275437631839,13488.96
12, 103096.0,-0.8317460740870789,-0.7479331345175364,-0.6125275437631839,13593.1
1, 103097.0,-0.8317460740870789,-0.3113283315223991,-0.6125275437631839,12593.13
14, 103098.0,1.5293801771063698,0.5618812744678756,-0.6125275437631839,16530.06
7, 103099.0,0.3488170515096455,-0.3113283315223991,-0.6125275437631839,9861.49
15, 103100.0,-0.8317460740870789,-0.3113283315223991,1.1694571646246668,21435.58
5, 103101.0,0.3488170515096455,-0.3113283315223991,1.1694571646246668,19376.33
2, 103102.0,-0.8317460740870789,-1.1845379375126739,-0.6125275437631839,12293.19
8, 103103.0,2.709943302703094,1.4350908804581504,1.1694571646246668,26201.52
7, 103104.0,0.3488170515096455,-0.7479331345175364,-0.6125275437631839,14098.26
3, 103105.0,0.3488170515096455,1.4350908804581504,-0.6125275437631839,9856.46
15, 103106.0,-0.8317460740870789,0.5618812744678756,1.1694571646246668,19364.78
0, 103107.0,1.5293801771063698,0.5618812744678756,1.1694571646246668,31713.23
1, 103108.0,-0.8317460740870789,-0.3113283315223991,-0.6125275437631839,8404.24
11, 103109.0,0.3488170515096455,0.5618812744678756,-0.6125275437631839,8537.67
1, 103110.0,-0.8317460740870789,-0.3113283315223991,-0.6125275437631839,10774.81
1, 103111.0,-0.8317460740870789,-0.3113283315223991,-0.6125275437631839,10291.98
3, 103112.0,0.3488170515096455,0.9984860774630129,-0.6125275437631839,14450.24
7, 103113.0,0.3488170515096455,-0.3113283315223991,-0.6125275437631839,17068.69
1, 103114.0,-0.8317460740870789,-0.3113283315223991,-0.6125275437631839,8465.53
1, 103115.0,-0.8317460740870789,0.12527647147273824,-0.6125275437631839,25176.02
0, 103116.0,0.3488170515096455,0.5618812744678756,2.951441873012518,24071.45
12, 103117.0,-0.8317460740870789,-0.7479331345175364,-0.6125275437631839,17462.44
8, 103118.0,2.709943302703094,-0.3113283315223991,1.1694571646246668,26869.22
12, 103119.0,-0.8317460740870789,-0.7479331345175364,-0.6125275437631839,14288.14
15, 103120.0,-0.8317460740870789,0.12527647147273824,1.1694571646246668,22627.63
8, 103121.0,3.8905064282998185,0.12527647147273824,1.1694571646246668,31739.9
15, 103122.0,-0.8317460740870789,-0.3113283315223991,1.1694571646246668,15693.94
7, 103123.0,0.3488170515096455,-0.3113283315223991,-0.6125275437631839,9543.69
5, 103124.0,0.3488170515096455,-0.3113283315223991,2.951441873012518,33783.7
14, 103125.0,1.5293801771063698,0.5618812744678756,-0.6125275437631839,16723.09
1, 103126.0,-0.8317460740870789,-0.3113283315223991,-0.6125275437631839,12718.32
0, 103127.0,0.3488170515096455,1.8716956834532876,4.733426581400368,28873.19
2, 103128.0,-0.8317460740870789,-1.1845379375126739,-0.6125275437631839,13632.07
3, 103129.0,0.3488170515096455,0.9984860774630129,-0.6125275437631839,19110.71
1, 103130.0,-0.8317460740870789,-0.3113283315223991,-0.6125275437631839,16153.98
14, 103131.0,1.5293801771063698,-0.7479331345175364,-0.6125275437631839,15340.52
1, 103132.0,-0.8317460740870789,-0.3113283315223991,-0.6125275437631839,17437.7
5, 103133.0,0.3488170515096455,-0.3113283315223991,1.1694571646246668,14002.42
12, 103134.0,-0.8317460740870789,-0.7479331345175364,-0.6125275437631839,9746.01
7, 103135.0,0.3488170515096455,-0.7479331345175364,-0.6125275437631839,12617.88
7, 103136.0,0.3488170515096455,-0.3113283315223991,-0.6125275437631839,16807.94
0, 103137.0,0.3488170515096455,1.4350908804581504,2.951441873012518,22531.21
5, 103138.0,1.5293801771063698,0.12527647147273824,1.1694571646246668,18253.22
11, 103139.0,0.3488170515096455,0.12527647147273824,-0.6125275437631839,16157.99
1, 103140.0,-0.8317460740870789,-0.3113283315223991,-0.6125275437631839,13704.36
11, 103141.0,0.3488170515096455,0.12527647147273824,-0.6125275437631839,9435.53
1, 103142.0,-0.8317460740870789,0.12527647147273824,-0.6125275437631839,5782.03
7, 103143.0,0.3488170515096455,-0.3113283315223991,-0.6125275437631839,33008.57
12, 103144.0,-0.8317460740870789,-0.7479331345175364,-0.6125275437631839,14853.72
8, 103145.0,2.709943302703094,1.4350908804581504,1.1694571646246668,22464.03
12, 103146.0,-0.8317460740870789,-0.7479331345175364,-0.6125275437631839,12580.35
11, 103147.0,0.3488170515096455,0.12527647147273824,-0.6125275437631839,14936.17
8, 103148.0,2.709943302703094,0.12527647147273824,1.1694571646246668,31055.74
0, 103149.0,0.3488170515096455,0.9984860774630129,1.1694571646246668,21270.41
2, 103150.0,-0.8317460740870789,-1.1845379375126739,-0.6125275437631839,9926.67
15, 103151.0,-0.8317460740870789,0.12527647147273824,1.1694571646246668,14034.17
0, 103152.0,1.5293801771063698,0.9984860774630129,1.1694571646246668,29147.36
10, 103153.0,-0.8317460740870789,-0.7479331345175364,1.1694571646246668,14231.3
5, 103154.0,0.3488170515096455,-0.3113283315223991,1.1694571646246668,9790.48
2, 103155.0,-0.8317460740870789,-2.0577475435029484,-0.6125275437631839,19830.4
0, 103156.0,1.5293801771063698,0.5618812744678756,1.1694571646246668,19183.26
9, 103157.0,0.3488170515096455,-1.6211427405078112,-0.6125275437631839,13713.79
4, 103158.0,-0.8317460740870789,0.9984860774630129,-0.6125275437631839,25309.63
11, 103159.0,0.3488170515096455,0.5618812744678756,-0.6125275437631839,8416.17
4, 103160.0,-0.8317460740870789,0.9984860774630129,-0.6125275437631839,14862.67
6, 103161.0,-0.8317460740870789,0.5618812744678756,-0.6125275437631839,14970.35
14, 103162.0,1.5293801771063698,-0.3113283315223991,-0.6125275437631839,21648.27
14, 103163.0,2.709943302703094,0.5618812744678756,-0.6125275437631839,21137.52
8, 103164.0,2.709943302703094,1.4350908804581504,-0.6125275437631839,25194.48
10, 103165.0,-0.8317460740870789,-1.1845379375126739,1.1694571646246668,16137.8
12, 103166.0,-0.8317460740870789,-0.7479331345175364,-0.6125275437631839,16671.43
4, 103167.0,-0.8317460740870789,2.744905289443562,1.1694571646246668,8990.4
14, 103168.0,1.5293801771063698,0.12527647147273824,-0.6125275437631839,19033.56
8, 103169.0,2.709943302703094,2.744905289443562,-0.6125275437631839,17099.09
2, 103170.0,-0.8317460740870789,-1.1845379375126739,-0.6125275437631839,8340.21
2, 103171.0,-0.8317460740870789,-1.1845379375126739,-0.6125275437631839,12971.06
11, 103172.0,0.3488170515096455,0.12527647147273824,-0.6125275437631839,13694.91
12, 103173.0,-0.8317460740870789,-0.7479331345175364,-0.6125275437631839,10786.66
11, 103174.0,0.3488170515096455,0.12527647147273824,-0.6125275437631839,13678.68
1, 103175.0,-0.8317460740870789,0.12527647147273824,-0.6125275437631839,19301.51
10, 103176.0,-0.8317460740870789,-1.6211427405078112,1.1694571646246668,15850.2
5, 103177.0,0.3488170515096455,-0.3113283315223991,1.1694571646246668,13928.72
1, 103178.0,-0.8317460740870789,0.12527647147273824,-0.6125275437631839,15851.5
6, 103179.0,-0.8317460740870789,0.5618812744678756,-0.6125275437631839,9470.64
10, 103180.0,-0.8317460740870789,-0.7479331345175364,1.1694571646246668,9966.62
5, 103181.0,1.5293801771063698,-0.3113283315223991,1.1694571646246668,14791.04
7, 103182.0,0.3488170515096455,-0.7479331345175364,-0.6125275437631839,12275.97
7, 103183.0,0.3488170515096455,-0.3113283315223991,-0.6125275437631839,15183.95
1, 103184.0,-0.8317460740870789,0.12527647147273824,-0.6125275437631839,16511.98
5, 103185.0,0.3488170515096455,-0.7479331345175364,1.1694571646246668,22189.42
1, 103186.0,-0.8317460740870789,-0.3113283315223991,-0.6125275437631839,31246.24
14, 103187.0,1.5293801771063698,0.5618812744678756,-0.6125275437631839,16664.55
2, 103188.0,-0.8317460740870789,-1.1845379375126739,-0.6125275437631839,13451.2
11, 103189.0,0.3488170515096455,0.5618812744678756,-0.6125275437631839,15822.43
11, 103190.0,0.3488170515096455,0.12527647147273824,-0.6125275437631839,9741.47
12, 103191.0,-0.8317460740870789,-0.7479331345175364,-0.6125275437631839,9625.79
3, 103192.0,0.3488170515096455,0.9984860774630129,-0.6125275437631839,14480.53
1, 103193.0,-0.8317460740870789,0.12527647147273824,-0.6125275437631839,9846.76
2, 103194.0,-0.8317460740870789,-1.1845379375126739,-0.6125275437631839,15220.54
0, 103195.0,1.5293801771063698,1.4350908804581504,1.1694571646246668,28114.87
15, 103196.0,-0.8317460740870789,0.12527647147273824,1.1694571646246668,35504.33
12, 103197.0,-0.8317460740870789,-0.7479331345175364,-0.6125275437631839,5488.79
0, 103198.0,0.3488170515096455,1.4350908804581504,1.1694571646246668,13065.05
12, 103199.0,-0.8317460740870789,-0.7479331345175364,-0.6125275437631839,7497.43
5, 103200.0,0.3488170515096455,0.12527647147273824,1.1694571646246668,16774.48
11, 103201.0,0.3488170515096455,0.5618812744678756,-0.6125275437631839,14587.78
4, 103202.0,-0.8317460740870789,1.4350908804581504,-0.6125275437631839,13201.31
12, 103203.0,-0.8317460740870789,-0.7479331345175364,-0.6125275437631839,11082.64
5, 103204.0,1.5293801771063698,-0.3113283315223991,1.1694571646246668,21496.57
5, 103205.0,0.3488170515096455,-0.3113283315223991,1.1694571646246668,20959.56
1, 103206.0,-0.8317460740870789,0.12527647147273824,-0.6125275437631839,14060.66
4, 103207.0,-0.8317460740870789,1.4350908804581504,-0.6125275437631839,7077.01
1, 103208.0,-0.8317460740870789,-0.3113283315223991,-0.6125275437631839,35491.98
15, 103209.0,-0.8317460740870789,-0.3113283315223991,1.1694571646246668,21213.98
7, 103210.0,0.3488170515096455,-0.3113283315223991,-0.6125275437631839,13728.15
12, 103211.0,-0.8317460740870789,-0.7479331345175364,-0.6125275437631839,17156.47
15, 103212.0,-0.8317460740870789,-0.3113283315223991,1.1694571646246668,15398.36
5, 103213.0,0.3488170515096455,-0.3113283315223991,4.733426581400368,24710.11
2, 103214.0,-0.8317460740870789,-1.1845379375126739,-0.6125275437631839,16711.56
4, 103215.0,-0.8317460740870789,0.9984860774630129,-0.6125275437631839,18087.62
7, 103216.0,0.3488170515096455,-0.7479331345175364,-0.6125275437631839,29663.87
2, 103217.0,-0.8317460740870789,-1.6211427405078112,-0.6125275437631839,8667.27
3, 103218.0,1.5293801771063698,0.9984860774630129,-0.6125275437631839,17799.1
15, 103219.0,-0.8317460740870789,0.12527647147273824,1.1694571646246668,13442.4
4, 103220.0,-0.8317460740870789,1.4350908804581504,-0.6125275437631839,7898.08
3, 103221.0,0.3488170515096455,1.4350908804581504,-0.6125275437631839,17970.93
3, 103222.0,0.3488170515096455,0.9984860774630129,-0.6125275437631839,15230.72
8, 103223.0,2.709943302703094,0.9984860774630129,2.951441873012518,20042.91
14, 103224.0,1.5293801771063698,-0.7479331345175364,-0.6125275437631839,30859.95
12, 103225.0,-0.8317460740870789,-0.7479331345175364,-0.6125275437631839,7011.83
1, 103226.0,-0.8317460740870789,0.12527647147273824,-0.6125275437631839,9117.44
5, 103227.0,0.3488170515096455,-0.3113283315223991,1.1694571646246668,24055.99
12, 103228.0,-0.8317460740870789,-0.7479331345175364,-0.6125275437631839,10584.3
2, 103229.0,-0.8317460740870789,-1.1845379375126739,-0.6125275437631839,8586.15
8, 103230.0,5.071069553896543,1.8716956834532876,-0.6125275437631839,28902.06
8, 103231.0,2.709943302703094,1.8716956834532876,1.1694571646246668,22327.34
6, 103232.0,-0.8317460740870789,0.5618812744678756,-0.6125275437631839,14877.31
10, 103233.0,-0.8317460740870789,-1.1845379375126739,1.1694571646246668,17318.12
3, 103234.0,0.3488170515096455,0.9984860774630129,-0.6125275437631839,9393.03
3, 103235.0,0.3488170515096455,3.618114895433837,-0.6125275437631839,15954.97
5, 103236.0,0.3488170515096455,-0.7479331345175364,1.1694571646246668,15670.25
0, 103237.0,1.5293801771063698,0.5618812744678756,1.1694571646246668,21679.77
1, 103238.0,-0.8317460740870789,-0.3113283315223991,-0.6125275437631839,20013.78
14, 103239.0,2.709943302703094,-0.3113283315223991,-0.6125275437631839,18322.14
2, 103240.0,-0.8317460740870789,-1.1845379375126739,-0.6125275437631839,11105.11
0, 103241.0,1.5293801771063698,0.5618812744678756,1.1694571646246668,19134.92
2, 103242.0,-0.8317460740870789,-1.1845379375126739,-0.6125275437631839,15514.52
12, 103243.0,-0.8317460740870789,-0.7479331345175364,-0.6125275437631839,16831.86
11, 103244.0,0.3488170515096455,0.5618812744678756,-0.6125275437631839,16791.63
2, 103245.0,-0.8317460740870789,-1.1845379375126739,-0.6125275437631839,14961.69
14, 103246.0,1.5293801771063698,0.12527647147273824,-0.6125275437631839,13285.48
14, 103247.0,1.5293801771063698,0.5618812744678756,-0.6125275437631839,19900.15
2, 103248.0,-0.8317460740870789,-1.1845379375126739,-0.6125275437631839,10060.01
1, 103249.0,-0.8317460740870789,0.12527647147273824,-0.6125275437631839,16001.75
1, 103250.0,-0.8317460740870789,-0.3113283315223991,-0.6125275437631839,26962.29
11, 103251.0,0.3488170515096455,0.5618812744678756,-0.6125275437631839,34837.96
7, 103252.0,0.3488170515096455,-0.7479331345175364,-0.6125275437631839,10212.2
7, 103253.0,0.3488170515096455,-0.3113283315223991,-0.6125275437631839,10953.02
3, 103254.0,0.3488170515096455,0.9984860774630129,-0.6125275437631839,17446.0
1, 103255.0,-0.8317460740870789,-0.3113283315223991,-0.6125275437631839,18238.8
3, 103256.0,0.3488170515096455,1.8716956834532876,-0.6125275437631839,13960.51
0, 103257.0,1.5293801771063698,2.744905289443562,1.1694571646246668,37104.49
5, 103258.0,1.5293801771063698,-0.3113283315223991,1.1694571646246668,14050.88
1, 103259.0,-0.8317460740870789,-0.3113283315223991,-0.6125275437631839,17091.52
14, 103260.0,1.5293801771063698,0.5618812744678756,-0.6125275437631839,18598.67
3, 103261.0,0.3488170515096455,1.8716956834532876,-0.6125275437631839,23752.8
7, 103262.0,0.3488170515096455,-0.7479331345175364,-0.6125275437631839,16724.75
4, 103263.0,-0.8317460740870789,1.4350908804581504,-0.6125275437631839,28683.3
13, 103264.0,1.5293801771063698,-1.1845379375126739,1.1694571646246668,19068.48
0, 103265.0,1.5293801771063698,0.9984860774630129,1.1694571646246668,20228.44
8, 103266.0,3.8905064282998185,1.8716956834532876,-0.6125275437631839,26154.25
3, 103267.0,0.3488170515096455,0.9984860774630129,-0.6125275437631839,11779.1
13, 103268.0,1.5293801771063698,-1.1845379375126739,2.951441873012518,20216.8
2, 103269.0,-0.8317460740870789,-2.0577475435029484,-0.6125275437631839,11688.98
4, 103270.0,-0.8317460740870789,0.9984860774630129,-0.6125275437631839,9335.85
12, 103271.0,-0.8317460740870789,-0.7479331345175364,-0.6125275437631839,12654.33
9, 103272.0,0.3488170515096455,-1.6211427405078112,-0.6125275437631839,17398.55
4, 103273.0,-0.8317460740870789,0.9984860774630129,-0.6125275437631839,18144.21
2, 103274.0,-0.8317460740870789,-1.6211427405078112,-0.6125275437631839,9039.09
1, 103275.0,-0.8317460740870789,0.12527647147273824,-0.6125275437631839,25519.65
1, 103276.0,-0.8317460740870789,-0.3113283315223991,-0.6125275437631839,12808.92
3, 103277.0,0.3488170515096455,2.308300486448425,-0.6125275437631839,16203.62
1, 103278.0,-0.8317460740870789,-0.3113283315223991,-0.6125275437631839,6614.84
2, 103279.0,-0.8317460740870789,-1.1845379375126739,-0.6125275437631839,23096.38
11, 103280.0,0.3488170515096455,0.5618812744678756,-0.6125275437631839,30722.0
4, 103281.0,-0.8317460740870789,0.9984860774630129,-0.6125275437631839,13734.73
1, 103282.0,-0.8317460740870789,-0.3113283315223991,-0.6125275437631839,25192.78
6, 103283.0,-0.8317460740870789,0.5618812744678756,-0.6125275437631839,6207.76
5, 103284.0,0.3488170515096455,-0.3113283315223991,1.1694571646246668,22744.8
2, 103285.0,-0.8317460740870789,-1.1845379375126739,-0.6125275437631839,12225.63
14, 103286.0,1.5293801771063698,-0.3113283315223991,-0.6125275437631839,17550.43
1, 103287.0,-0.8317460740870789,-0.3113283315223991,-0.6125275437631839,10580.33
13, 103288.0,0.3488170515096455,-1.1845379375126739,1.1694571646246668,40722.04
1, 103289.0,-0.8317460740870789,-0.3113283315223991,-0.6125275437631839,29049.67
2, 103290.0,-0.8317460740870789,-1.1845379375126739,-0.6125275437631839,18003.93
1, 103291.0,-0.8317460740870789,0.12527647147273824,-0.6125275437631839,8286.94
9, 103292.0,0.3488170515096455,-1.1845379375126739,-0.6125275437631839,14133.59
1, 103293.0,-0.8317460740870789,-0.3113283315223991,-0.6125275437631839,7810.59
5, 103294.0,0.3488170515096455,-0.7479331345175364,1.1694571646246668,27875.89
13, 103295.0,0.3488170515096455,-1.1845379375126739,4.733426581400368,22005.95
6, 103296.0,-0.8317460740870789,0.5618812744678756,-0.6125275437631839,15261.71
7, 103297.0,0.3488170515096455,-0.7479331345175364,-0.6125275437631839,15365.03
10, 103298.0,-0.8317460740870789,-1.1845379375126739,1.1694571646246668,12352.64
3, 103299.0,0.3488170515096455,0.9984860774630129,-0.6125275437631839,14301.63
0, 103300.0,1.5293801771063698,0.9984860774630129,1.1694571646246668,40644.33
0, 103301.0,1.5293801771063698,0.5618812744678756,2.951441873012518,34216.16
7, 103302.0,0.3488170515096455,-0.3113283315223991,-0.6125275437631839,17362.3
7, 103303.0,0.3488170515096455,-0.3113283315223991,-0.6125275437631839,26030.2
6, 103304.0,-0.8317460740870789,0.5618812744678756,-0.6125275437631839,15386.0
2, 103305.0,-0.8317460740870789,-1.6211427405078112,-0.6125275437631839,15880.43
11, 103306.0,0.3488170515096455,0.5618812744678756,-0.6125275437631839,12813.39
1, 103307.0,-0.8317460740870789,-0.3113283315223991,-0.6125275437631839,8542.01
14, 103308.0,1.5293801771063698,-0.3113283315223991,-0.6125275437631839,17777.75
1, 103309.0,-0.8317460740870789,-0.3113283315223991,-0.6125275437631839,11546.64
12, 103310.0,-0.8317460740870789,-0.7479331345175364,-0.6125275437631839,9449.95
12, 103311.0,-0.8317460740870789,-0.7479331345175364,-0.6125275437631839,17904.87
1, 103312.0,-0.8317460740870789,0.12527647147273824,-0.6125275437631839,12429.15
10, 103313.0,-0.8317460740870789,-0.7479331345175364,1.1694571646246668,21682.52
1, 103314.0,-0.8317460740870789,-0.3113283315223991,-0.6125275437631839,20819.02
4, 103315.0,-0.8317460740870789,0.9984860774630129,-0.6125275437631839,11321.24
0, 103316.0,0.3488170515096455,0.9984860774630129,1.1694571646246668,20412.49
7, 103317.0,0.3488170515096455,-0.3113283315223991,-0.6125275437631839,14814.45
1, 103318.0,-0.8317460740870789,0.12527647147273824,-0.6125275437631839,13953.71
2, 103319.0,-0.8317460740870789,-1.1845379375126739,-0.6125275437631839,24947.0
5, 103320.0,1.5293801771063698,-0.7479331345175364,1.1694571646246668,25517.07
1, 103321.0,-0.8317460740870789,-0.3113283315223991,-0.6125275437631839,29538.74
11, 103322.0,0.3488170515096455,0.12527647147273824,-0.6125275437631839,10455.2
12, 103323.0,-0.8317460740870789,-0.7479331345175364,-0.6125275437631839,20360.72
7, 103324.0,0.3488170515096455,-0.3113283315223991,-0.6125275437631839,9644.3
6, 103325.0,-0.8317460740870789,0.5618812744678756,-0.6125275437631839,11647.89
9, 103326.0,0.3488170515096455,-1.1845379375126739,-0.6125275437631839,11150.37
10, 103327.0,-0.8317460740870789,-0.7479331345175364,1.1694571646246668,29998.27
0, 103328.0,1.5293801771063698,1.8716956834532876,1.1694571646246668,41073.26
9, 103329.0,1.5293801771063698,-1.1845379375126739,-0.6125275437631839,18058.4
0, 103330.0,1.5293801771063698,1.8716956834532876,1.1694571646246668,28736.95
2, 103331.0,-0.8317460740870789,-1.1845379375126739,-0.6125275437631839,19411.58
0, 103332.0,1.5293801771063698,1.4350908804581504,2.951441873012518,27642.93
1, 103333.0,-0.8317460740870789,0.12527647147273824,-0.6125275437631839,11312.78
0, 103334.0,1.5293801771063698,0.5618812744678756,2.951441873012518,31513.94
11, 103335.0,0.3488170515096455,0.12527647147273824,-0.6125275437631839,20953.93
12, 103336.0,-0.8317460740870789,-0.7479331345175364,-0.6125275437631839,5817.51
0, 103337.0,0.3488170515096455,0.5618812744678756,1.1694571646246668,19486.15
12, 103338.0,-0.8317460740870789,-0.7479331345175364,-0.6125275437631839,9134.27
14, 103339.0,1.5293801771063698,0.5618812744678756,-0.6125275437631839,28491.81
7, 103340.0,0.3488170515096455,-0.3113283315223991,-0.6125275437631839,15307.0
5, 103341.0,0.3488170515096455,-0.3113283315223991,1.1694571646246668,19403.46
9, 103342.0,0.3488170515096455,-1.1845379375126739,-0.6125275437631839,10434.81
12, 103343.0,-0.8317460740870789,-0.7479331345175364,-0.6125275437631839,8988.44
13, 103344.0,0.3488170515096455,-1.1845379375126739,1.1694571646246668,18646.1
2, 103345.0,-0.8317460740870789,-1.1845379375126739,-0.6125275437631839,25219.28
15, 103346.0,-0.8317460740870789,-0.3113283315223991,1.1694571646246668,10845.8
3, 103347.0,1.5293801771063698,0.9984860774630129,-0.6125275437631839,14695.73
14, 103348.0,1.5293801771063698,0.5618812744678756,-0.6125275437631839,18224.72
2, 103349.0,-0.8317460740870789,-1.1845379375126739,-0.6125275437631839,25796.7
11, 103350.0,0.3488170515096455,0.12527647147273824,-0.6125275437631839,25475.73
3, 103351.0,1.5293801771063698,1.8716956834532876,-0.6125275437631839,13427.38
7, 103352.0,0.3488170515096455,-0.7479331345175364,-0.6125275437631839,21005.73
15, 103353.0,-0.8317460740870789,-0.3113283315223991,1.1694571646246668,14843.18
4, 103354.0,-0.8317460740870789,0.9984860774630129,-0.6125275437631839,7842.14
15, 103355.0,-0.8317460740870789,-0.3113283315223991,1.1694571646246668,20873.19
6, 103356.0,-0.8317460740870789,0.5618812744678756,-0.6125275437631839,14080.61
13, 103357.0,0.3488170515096455,-1.6211427405078112,2.951441873012518,40667.24
2, 103358.0,-0.8317460740870789,-1.1845379375126739,-0.6125275437631839,10181.15
9, 103359.0,0.3488170515096455,-1.6211427405078112,-0.6125275437631839,14373.41
1, 103360.0,-0.8317460740870789,-0.3113283315223991,-0.6125275437631839,10808.87
3, 103361.0,1.5293801771063698,0.9984860774630129,-0.6125275437631839,13001.09
2, 103362.0,-0.8317460740870789,-2.0577475435029484,-0.6125275437631839,22209.72
1, 103363.0,-0.8317460740870789,-0.3113283315223991,-0.6125275437631839,7570.82
5, 103364.0,0.3488170515096455,-0.7479331345175364,1.1694571646246668,18969.83
1, 103365.0,-0.8317460740870789,0.12527647147273824,-0.6125275437631839,10136.38
12, 103366.0,-0.8317460740870789,-0.7479331345175364,-0.6125275437631839,11334.71
5, 103367.0,1.5293801771063698,-0.3113283315223991,1.1694571646246668,21000.92
2, 103368.0,-0.8317460740870789,-1.1845379375126739,-0.6125275437631839,9429.1
1, 103369.0,-0.8317460740870789,0.12527647147273824,-0.6125275437631839,8205.86
7, 103370.0,0.3488170515096455,-0.3113283315223991,-0.6125275437631839,15310.54
10, 103371.0,-0.8317460740870789,-1.1845379375126739,1.1694571646246668,14398.08
15, 103372.0,-0.8317460740870789,0.9984860774630129,1.1694571646246668,18038.4
2, 103373.0,-0.8317460740870789,-1.6211427405078112,-0.6125275437631839,9075.84
11, 103374.0,0.3488170515096455,0.5618812744678756,-0.6125275437631839,10253.63
5, 103375.0,0.3488170515096455,0.12527647147273824,1.1694571646246668,20711.81
7, 103376.0,0.3488170515096455,-0.7479331345175364,-0.6125275437631839,10878.38
5, 103377.0,0.3488170515096455,0.12527647147273824,1.1694571646246668,32420.08
15, 103378.0,-0.8317460740870789,1.4350908804581504,1.1694571646246668,16444.66
5, 103379.0,0.3488170515096455,-0.3113283315223991,1.1694571646246668,26068.78
2, 103380.0,-0.8317460740870789,-1.6211427405078112,-0.6125275437631839,28172.69
1, 103381.0,-0.8317460740870789,-0.3113283315223991,-0.6125275437631839,13571.37
3, 103382.0,0.3488170515096455,2.744905289443562,-0.6125275437631839,23959.88
9, 103383.0,0.3488170515096455,-1.1845379375126739,-0.6125275437631839,8630.43
10, 103384.0,-0.8317460740870789,-0.7479331345175364,1.1694571646246668,16908.39
2, 103385.0,-0.8317460740870789,-1.1845379375126739,-0.6125275437631839,9243.42
7, 103386.0,0.3488170515096455,-0.7479331345175364,-0.6125275437631839,12374.89
2, 103387.0,-0.8317460740870789,-1.6211427405078112,-0.6125275437631839,7840.08
9, 103388.0,1.5293801771063698,-1.6211427405078112,-0.6125275437631839,12920.17
7, 103389.0,0.3488170515096455,-0.7479331345175364,-0.6125275437631839,12052.2
7, 103390.0,0.3488170515096455,-0.7479331345175364,-0.6125275437631839,11566.97
14, 103391.0,1.5293801771063698,0.12527647147273824,-0.6125275437631839,19025.48
1, 103392.0,-0.8317460740870789,-0.3113283315223991,-0.6125275437631839,9717.62
7, 103393.0,0.3488170515096455,-0.3113283315223991,-0.6125275437631839,17302.22
11, 103394.0,0.3488170515096455,0.5618812744678756,-0.6125275437631839,28352.5
2, 103395.0,-0.8317460740870789,-1.1845379375126739,-0.6125275437631839,7890.12
14, 103396.0,1.5293801771063698,0.12527647147273824,-0.6125275437631839,17534.66
14, 103397.0,1.5293801771063698,-0.3113283315223991,-0.6125275437631839,34955.11
6, 103398.0,-0.8317460740870789,0.5618812744678756,-0.6125275437631839,14027.95
12, 103399.0,-0.8317460740870789,-0.7479331345175364,-0.6125275437631839,10672.47
1, 103400.0,-0.8317460740870789,-0.3113283315223991,-0.6125275437631839,9149.91
5, 103401.0,1.5293801771063698,-0.3113283315223991,1.1694571646246668,34447.03
4, 103402.0,-0.8317460740870789,1.8716956834532876,-0.6125275437631839,12046.22
13, 103403.0,0.3488170515096455,-1.6211427405078112,2.951441873012518,17076.15
3, 103404.0,0.3488170515096455,0.9984860774630129,-0.6125275437631839,19525.25
12, 103405.0,-0.8317460740870789,-0.7479331345175364,-0.6125275437631839,11246.6
9, 103406.0,0.3488170515096455,-1.6211427405078112,-0.6125275437631839,15764.07
1, 103407.0,-0.8317460740870789,-0.3113283315223991,-0.6125275437631839,31232.2
1, 103408.0,-0.8317460740870789,-0.3113283315223991,-0.6125275437631839,12238.28
1, 103409.0,-0.8317460740870789,-0.3113283315223991,-0.6125275437631839,15484.51
1, 103410.0,-0.8317460740870789,-0.3113283315223991,-0.6125275437631839,14187.17
3, 103411.0,0.3488170515096455,1.4350908804581504,-0.6125275437631839,27242.01
3, 103412.0,0.3488170515096455,1.4350908804581504,-0.6125275437631839,17071.93
11, 103413.0,0.3488170515096455,0.5618812744678756,-0.6125275437631839,30662.14
3, 103414.0,0.3488170515096455,1.4350908804581504,-0.6125275437631839,19595.22
6, 103415.0,-0.8317460740870789,0.5618812744678756,-0.6125275437631839,13685.49
2, 103416.0,-0.8317460740870789,-1.1845379375126739,-0.6125275437631839,8734.3
6, 103417.0,-0.8317460740870789,0.5618812744678756,-0.6125275437631839,12092.72
4, 103418.0,-0.8317460740870789,0.9984860774630129,-0.6125275437631839,6855.46
1, 103419.0,-0.8317460740870789,-0.3113283315223991,-0.6125275437631839,18911.08
4, 103420.0,-0.8317460740870789,1.4350908804581504,-0.6125275437631839,22945.16
0, 103421.0,0.3488170515096455,1.8716956834532876,1.1694571646246668,15077.2
0, 103422.0,1.5293801771063698,0.9984860774630129,1.1694571646246668,21969.53
10, 103423.0,-0.8317460740870789,-0.7479331345175364,1.1694571646246668,9475.89
11, 103424.0,0.3488170515096455,0.12527647147273824,-0.6125275437631839,10335.18
10, 103425.0,-0.8317460740870789,-0.7479331345175364,1.1694571646246668,13785.93
4, 103426.0,-0.8317460740870789,0.9984860774630129,-0.6125275437631839,13105.56
0, 103427.0,1.5293801771063698,0.5618812744678756,1.1694571646246668,33898.12
1, 103428.0,-0.8317460740870789,0.12527647147273824,-0.6125275437631839,30615.86
10, 103429.0,-0.8317460740870789,-1.1845379375126739,2.951441873012518,15190.75
5, 103430.0,1.5293801771063698,-0.3113283315223991,1.1694571646246668,15502.75
12, 103431.0,-0.8317460740870789,-0.7479331345175364,-0.6125275437631839,10235.91
3, 103432.0,0.3488170515096455,0.9984860774630129,-0.6125275437631839,14463.85
15, 103433.0,-0.8317460740870789,0.12527647147273824,1.1694571646246668,14072.49
0, 103434.0,1.5293801771063698,0.5618812744678756,1.1694571646246668,13585.23
0, 103435.0,1.5293801771063698,0.9984860774630129,1.1694571646246668,24245.38
6, 103436.0,-0.8317460740870789,0.5618812744678756,-0.6125275437631839,10699.27
1, 103437.0,-0.8317460740870789,-0.3113283315223991,-0.6125275437631839,22413.21
7, 103438.0,0.3488170515096455,-0.3113283315223991,-0.6125275437631839,18789.29
9, 103439.0,0.3488170515096455,-1.6211427405078112,-0.6125275437631839,11427.42
8, 103440.0,2.709943302703094,1.4350908804581504,1.1694571646246668,24854.17
2, 103441.0,-0.8317460740870789,-1.1845379375126739,-0.6125275437631839,10722.26
2, 103442.0,-0.8317460740870789,-1.1845379375126739,-0.6125275437631839,10332.92
1, 103443.0,-0.8317460740870789,0.12527647147273824,-0.6125275437631839,20460.97
0, 103444.0,1.5293801771063698,2.744905289443562,1.1694571646246668,21763.31
0, 103445.0,0.3488170515096455,0.5618812744678756,1.1694571646246668,15852.66
12, 103446.0,-0.8317460740870789,-0.7479331345175364,-0.6125275437631839,6218.03
2, 103447.0,-0.8317460740870789,-1.1845379375126739,-0.6125275437631839,16830.74
1, 103448.0,-0.8317460740870789,0.12527647147273824,-0.6125275437631839,15492.91
5, 103449.0,1.5293801771063698,-0.3113283315223991,1.1694571646246668,13875.84
13, 103450.0,0.3488170515096455,-1.6211427405078112,1.1694571646246668,28961.62
2, 103451.0,-0.8317460740870789,-1.1845379375126739,-0.6125275437631839,12806.72
14, 103452.0,1.5293801771063698,-0.7479331345175364,-0.6125275437631839,13563.27
3, 103453.0,1.5293801771063698,1.8716956834532876,-0.6125275437631839,23059.76
1, 103454.0,-0.8317460740870789,-0.3113283315223991,-0.6125275437631839,20955.24
12, 103455.0,-0.8317460740870789,-0.7479331345175364,-0.6125275437631839,29524.68
1, 103456.0,-0.8317460740870789,0.12527647147273824,-0.6125275437631839,12665.88
1, 103457.0,-0.8317460740870789,-0.3113283315223991,-0.6125275437631839,6410.25
11, 103458.0,0.3488170515096455,0.12527647147273824,-0.6125275437631839,18210.69
9, 103459.0,0.3488170515096455,-1.1845379375126739,-0.6125275437631839,28788.86
15, 103460.0,-0.8317460740870789,0.12527647147273824,2.951441873012518,15335.34
3, 103461.0,0.3488170515096455,0.9984860774630129,-0.6125275437631839,17562.63
5, 103462.0,0.3488170515096455,0.12527647147273824,1.1694571646246668,14378.01
2, 103463.0,-0.8317460740870789,-1.6211427405078112,-0.6125275437631839,19707.64
12, 103464.0,-0.8317460740870789,-0.7479331345175364,-0.6125275437631839,20319.57
11, 103465.0,0.3488170515096455,0.5618812744678756,-0.6125275437631839,15759.09
11, 103466.0,0.3488170515096455,0.12527647147273824,-0.6125275437631839,16265.52
0, 103467.0,0.3488170515096455,0.9984860774630129,1.1694571646246668,18450.73
0, 103468.0,1.5293801771063698,1.4350908804581504,1.1694571646246668,28494.79
15, 103469.0,-0.8317460740870789,-0.3113283315223991,1.1694571646246668,20398.37
7, 103470.0,0.3488170515096455,-0.3113283315223991,-0.6125275437631839,27774.52
12, 103471.0,-0.8317460740870789,-0.7479331345175364,-0.6125275437631839,17932.6
5, 103472.0,0.3488170515096455,0.12527647147273824,2.951441873012518,17508.98
0, 103473.0,1.5293801771063698,0.9984860774630129,1.1694571646246668,25567.19
0, 103474.0,1.5293801771063698,0.5618812744678756,1.1694571646246668,17045.48
13, 103475.0,0.3488170515096455,-1.1845379375126739,1.1694571646246668,23867.58
0, 103476.0,0.3488170515096455,0.5618812744678756,1.1694571646246668,19434.18
8, 103477.0,2.709943302703094,-0.3113283315223991,1.1694571646246668,13535.62
12, 103478.0,-0.8317460740870789,-0.7479331345175364,-0.6125275437631839,11895.11
15, 103479.0,-0.8317460740870789,1.4350908804581504,1.1694571646246668,13675.04
3, 103480.0,0.3488170515096455,1.4350908804581504,-0.6125275437631839,10669.85
6, 103481.0,-0.8317460740870789,0.5618812744678756,-0.6125275437631839,30255.05
3, 103482.0,1.5293801771063698,0.9984860774630129,-0.6125275437631839,17174.25
1, 103483.0,-0.8317460740870789,0.12527647147273824,-0.6125275437631839,13984.05
7, 103484.0,0.3488170515096455,-0.7479331345175364,-0.6125275437631839,22833.08
7, 103485.0,0.3488170515096455,-0.3113283315223991,-0.6125275437631839,12392.45
11, 103486.0,0.3488170515096455,0.5618812744678756,-0.6125275437631839,31049.8
0, 103487.0,1.5293801771063698,0.5618812744678756,1.1694571646246668,18533.19
2, 103488.0,-0.8317460740870789,-2.0577475435029484,-0.6125275437631839,15048.53
5, 103489.0,0.3488170515096455,0.12527647147273824,1.1694571646246668,17590.65
14, 103490.0,2.709943302703094,0.9984860774630129,-0.6125275437631839,33458.81
5, 103491.0,0.3488170515096455,0.12527647147273824,1.1694571646246668,12751.62
12, 103492.0,-0.8317460740870789,-0.7479331345175364,-0.6125275437631839,16719.83
2, 103493.0,-0.8317460740870789,-1.1845379375126739,-0.6125275437631839,9678.7
3, 103494.0,0.3488170515096455,1.4350908804581504,-0.6125275437631839,15053.61
1, 103495.0,-0.8317460740870789,0.12527647147273824,-0.6125275437631839,9543.23
1, 103496.0,-0.8317460740870789,-0.3113283315223991,-0.6125275437631839,13756.59
0, 103497.0,1.5293801771063698,1.4350908804581504,2.951441873012518,33193.69
7, 103498.0,0.3488170515096455,-0.3113283315223991,-0.6125275437631839,18388.36
1, 103499.0,-0.8317460740870789,-0.3113283315223991,-0.6125275437631839,14535.11
5, 103500.0,1.5293801771063698,0.12527647147273824,1.1694571646246668,18114.36
15, 103501.0,-0.8317460740870789,0.9984860774630129,1.1694571646246668,24107.89
12, 103502.0,-0.8317460740870789,-0.7479331345175364,-0.6125275437631839,23284.59
13, 103503.0,0.3488170515096455,-1.1845379375126739,1.1694571646246668,18847.94
1, 103504.0,-0.8317460740870789,-0.3113283315223991,-0.6125275437631839,23663.28
6, 103505.0,-0.8317460740870789,0.5618812744678756,-0.6125275437631839,8490.95
1, 103506.0,-0.8317460740870789,-0.3113283315223991,-0.6125275437631839,13835.35
2, 103507.0,-0.8317460740870789,-1.1845379375126739,-0.6125275437631839,17759.19
2, 103508.0,-0.8317460740870789,-1.1845379375126739,-0.6125275437631839,14280.48
8, 103509.0,2.709943302703094,1.8716956834532876,1.1694571646246668,41300.28
5, 103510.0,0.3488170515096455,-0.7479331345175364,1.1694571646246668,26730.43
3, 103511.0,1.5293801771063698,1.8716956834532876,-0.6125275437631839,21595.11
5, 103512.0,0.3488170515096455,-0.3113283315223991,1.1694571646246668,14293.99
9, 103513.0,0.3488170515096455,-1.6211427405078112,-0.6125275437631839,11856.06
9, 103514.0,0.3488170515096455,-1.6211427405078112,-0.6125275437631839,15796.57
0, 103515.0,1.5293801771063698,0.9984860774630129,1.1694571646246668,20421.9
1, 103516.0,-0.8317460740870789,0.12527647147273824,-0.6125275437631839,25740.02
0, 103517.0,0.3488170515096455,2.744905289443562,1.1694571646246668,20727.67
6, 103518.0,-0.8317460740870789,0.5618812744678756,-0.6125275437631839,12742.5
15, 103519.0,-0.8317460740870789,0.12527647147273824,1.1694571646246668,21310.76
11, 103520.0,0.3488170515096455,0.5618812744678756,-0.6125275437631839,16203.25
5, 103521.0,0.3488170515096455,-0.3113283315223991,1.1694571646246668,13854.04
15, 103522.0,-0.8317460740870789,0.12527647147273824,1.1694571646246668,15666.48
1, 103523.0,-0.8317460740870789,-0.3113283315223991,-0.6125275437631839,15644.65
11, 103524.0,0.3488170515096455,0.12527647147273824,-0.6125275437631839,12380.7
10, 103525.0,-0.8317460740870789,-1.6211427405078112,1.1694571646246668,14303.17
4, 103526.0,-0.8317460740870789,0.9984860774630129,-0.6125275437631839,23908.99
9, 103527.0,0.3488170515096455,-1.1845379375126739,-0.6125275437631839,10849.25
4, 103528.0,-0.8317460740870789,2.744905289443562,-0.6125275437631839,16092.55
9, 103529.0,0.3488170515096455,-1.1845379375126739,-0.6125275437631839,11043.99
11, 103530.0,0.3488170515096455,0.5618812744678756,-0.6125275437631839,12848.92
2, 103531.0,-0.8317460740870789,-1.1845379375126739,-0.6125275437631839,12790.82
3, 103532.0,1.5293801771063698,2.308300486448425,-0.6125275437631839,23604.69
1, 103533.0,-0.8317460740870789,0.12527647147273824,-0.6125275437631839,12454.65
10, 103534.0,-0.8317460740870789,-1.1845379375126739,1.1694571646246668,28470.21
1, 103535.0,-0.8317460740870789,-0.3113283315223991,-0.6125275437631839,13532.35
12, 103536.0,-0.8317460740870789,-0.7479331345175364,-0.6125275437631839,7013.86
6, 103537.0,-0.8317460740870789,0.5618812744678756,-0.6125275437631839,8891.01
1, 103538.0,-0.8317460740870789,0.12527647147273824,-0.6125275437631839,16270.05
1, 103539.0,-0.8317460740870789,-0.3113283315223991,-0.6125275437631839,37733.63
6, 103540.0,-0.8317460740870789,0.5618812744678756,-0.6125275437631839,23075.06
15, 103541.0,-0.8317460740870789,0.12527647147273824,1.1694571646246668,7924.84
2, 103542.0,-0.8317460740870789,-1.1845379375126739,-0.6125275437631839,16149.16
0, 103543.0,1.5293801771063698,0.9984860774630129,1.1694571646246668,20467.33
1, 103544.0,-0.8317460740870789,0.12527647147273824,-0.6125275437631839,11002.49
5, 103545.0,0.3488170515096455,0.12527647147273824,1.1694571646246668,10583.21
7, 103546.0,0.3488170515096455,-0.3113283315223991,-0.6125275437631839,13786.1
5, 103547.0,0.3488170515096455,-0.7479331345175364,1.1694571646246668,20343.89
4, 103548.0,-0.8317460740870789,0.9984860774630129,-0.6125275437631839,24353.36
3, 103549.0,1.5293801771063698,1.8716956834532876,-0.6125275437631839,18160.44
11, 103550.0,0.3488170515096455,0.5618812744678756,-0.6125275437631839,9791.34
0, 103551.0,0.3488170515096455,1.4350908804581504,1.1694571646246668,17552.2
7, 103552.0,0.3488170515096455,-0.7479331345175364,-0.6125275437631839,6111.92
1, 103553.0,-0.8317460740870789,0.12527647147273824,-0.6125275437631839,10948.65
13, 103554.0,0.3488170515096455,-1.1845379375126739,1.1694571646246668,18621.7
1, 103555.0,-0.8317460740870789,-0.3113283315223991,-0.6125275437631839,12802.6
2, 103556.0,-0.8317460740870789,-1.1845379375126739,-0.6125275437631839,14285.08
0, 103557.0,0.3488170515096455,0.5618812744678756,1.1694571646246668,31552.27
1, 103558.0,-0.8317460740870789,0.12527647147273824,-0.6125275437631839,23048.17
5, 103559.0,0.3488170515096455,0.12527647147273824,1.1694571646246668,20081.43
11, 103560.0,0.3488170515096455,0.5618812744678756,-0.6125275437631839,18362.18
2, 103561.0,-0.8317460740870789,-1.1845379375126739,-0.6125275437631839,8053.16
15, 103562.0,-0.8317460740870789,0.9984860774630129,1.1694571646246668,20020.63
6, 103563.0,-0.8317460740870789,0.5618812744678756,-0.6125275437631839,23415.93
10, 103564.0,-0.8317460740870789,-1.6211427405078112,1.1694571646246668,13964.48
0, 103565.0,0.3488170515096455,1.8716956834532876,1.1694571646246668,22183.41
6, 103566.0,-0.8317460740870789,0.5618812744678756,-0.6125275437631839,10972.05
12, 103567.0,-0.8317460740870789,-0.7479331345175364,-0.6125275437631839,26314.93
10, 103568.0,-0.8317460740870789,-0.7479331345175364,1.1694571646246668,10232.67
1, 103569.0,-0.8317460740870789,-0.3113283315223991,-0.6125275437631839,11720.94
10, 103570.0,-0.8317460740870789,-1.6211427405078112,1.1694571646246668,9317.82
0, 103571.0,0.3488170515096455,0.5618812744678756,1.1694571646246668,14677.16
12, 103572.0,-0.8317460740870789,-0.7479331345175364,-0.6125275437631839,13502.91
6, 103573.0,-0.8317460740870789,0.5618812744678756,-0.6125275437631839,6871.89
15, 103574.0,-0.8317460740870789,-0.3113283315223991,1.1694571646246668,22042.19
1, 103575.0,-0.8317460740870789,0.12527647147273824,-0.6125275437631839,13393.13
15, 103576.0,-0.8317460740870789,1.4350908804581504,1.1694571646246668,35264.29
7, 103577.0,0.3488170515096455,-0.3113283315223991,-0.6125275437631839,9524.75
2, 103578.0,-0.8317460740870789,-1.6211427405078112,-0.6125275437631839,10215.61
9, 103579.0,0.3488170515096455,-1.1845379375126739,-0.6125275437631839,16045.35
12, 103580.0,-0.8317460740870789,-0.7479331345175364,-0.6125275437631839,10077.65
1, 103581.0,-0.8317460740870789,-0.3113283315223991,-0.6125275437631839,9623.31
12, 103582.0,-0.8317460740870789,-0.7479331345175364,-0.6125275437631839,14921.11
3, 103583.0,0.3488170515096455,0.9984860774630129,-0.6125275437631839,21525.27
4, 103584.0,-0.8317460740870789,0.9984860774630129,-0.6125275437631839,9087.82
12, 103585.0,-0.8317460740870789,-0.7479331345175364,-0.6125275437631839,23925.14
1, 103586.0,-0.8317460740870789,-0.3113283315223991,-0.6125275437631839,13935.79
0, 103587.0,0.3488170515096455,4.054719698428975,1.1694571646246668,20483.77
10, 103588.0,-0.8317460740870789,-0.7479331345175364,1.1694571646246668,12408.8
5, 103589.0,1.5293801771063698,-0.7479331345175364,1.1694571646246668,31127.38
5, 103590.0,0.3488170515096455,-0.3113283315223991,1.1694571646246668,11502.47
0, 103591.0,0.3488170515096455,1.8716956834532876,2.951441873012518,39168.37
0, 103592.0,1.5293801771063698,0.9984860774630129,4.733426581400368,44709.66
11, 103593.0,0.3488170515096455,0.5618812744678756,-0.6125275437631839,15690.55
9, 103594.0,0.3488170515096455,-1.1845379375126739,-0.6125275437631839,15076.09
6, 103595.0,-0.8317460740870789,0.5618812744678756,-0.6125275437631839,15618.96
7, 103596.0,0.3488170515096455,-0.3113283315223991,-0.6125275437631839,12506.99
6, 103597.0,-0.8317460740870789,0.5618812744678756,-0.6125275437631839,20223.14
1, 103598.0,-0.8317460740870789,0.12527647147273824,-0.6125275437631839,30117.16
11, 103599.0,0.3488170515096455,0.5618812744678756,-0.6125275437631839,37523.19
2, 103600.0,-0.8317460740870789,-1.1845379375126739,-0.6125275437631839,26519.16
12, 103601.0,-0.8317460740870789,-0.7479331345175364,-0.6125275437631839,15595.56
6, 103602.0,-0.8317460740870789,0.5618812744678756,-0.6125275437631839,9449.25
5, 103603.0,0.3488170515096455,0.12527647147273824,1.1694571646246668,32740.52
5, 103604.0,1.5293801771063698,-0.3113283315223991,1.1694571646246668,26624.05
2, 103605.0,-0.8317460740870789,-1.1845379375126739,-0.6125275437631839,16187.66
11, 103606.0,0.3488170515096455,0.5618812744678756,-0.6125275437631839,9628.86
14, 103607.0,1.5293801771063698,-0.3113283315223991,-0.6125275437631839,15445.12
6, 103608.0,-0.8317460740870789,0.5618812744678756,-0.6125275437631839,7104.04
11, 103609.0,0.3488170515096455,0.12527647147273824,-0.6125275437631839,21196.47
1, 103610.0,-0.8317460740870789,-0.3113283315223991,-0.6125275437631839,9568.15
2, 103611.0,-0.8317460740870789,-1.1845379375126739,-0.6125275437631839,31251.97
0, 103612.0,1.5293801771063698,0.5618812744678756,1.1694571646246668,19609.18
12, 103613.0,-0.8317460740870789,-0.7479331345175364,-0.6125275437631839,9406.68
10, 103614.0,-0.8317460740870789,-0.7479331345175364,2.951441873012518,25098.25
6, 103615.0,-0.8317460740870789,0.5618812744678756,-0.6125275437631839,24497.68
12, 103616.0,-0.8317460740870789,-0.7479331345175364,-0.6125275437631839,15197.17
15, 103617.0,-0.8317460740870789,0.5618812744678756,1.1694571646246668,17976.27
1, 103618.0,-0.8317460740870789,-0.3113283315223991,-0.6125275437631839,25990.06
1, 103619.0,-0.8317460740870789,-0.3113283315223991,-0.6125275437631839,8059.52
3, 103620.0,1.5293801771063698,1.8716956834532876,-0.6125275437631839,17411.71
0, 103621.0,1.5293801771063698,0.5618812744678756,2.951441873012518,28171.44
7, 103622.0,0.3488170515096455,-0.3113283315223991,-0.6125275437631839,31065.65
12, 103623.0,-0.8317460740870789,-0.7479331345175364,-0.6125275437631839,14296.5
2, 103624.0,-0.8317460740870789,-1.6211427405078112,-0.6125275437631839,23771.94
7, 103625.0,0.3488170515096455,-0.3113283315223991,-0.6125275437631839,11130.11
11, 103626.0,0.3488170515096455,0.5618812744678756,-0.6125275437631839,20060.89
11, 103627.0,0.3488170515096455,0.5618812744678756,-0.6125275437631839,11202.16
15, 103628.0,-0.8317460740870789,0.5618812744678756,1.1694571646246668,16437.97
0, 103629.0,0.3488170515096455,0.9984860774630129,2.951441873012518,32758.73
5, 103630.0,0.3488170515096455,0.12527647147273824,1.1694571646246668,16834.76
12, 103631.0,-0.8317460740870789,-0.7479331345175364,-0.6125275437631839,14570.86
10, 103632.0,-0.8317460740870789,-0.7479331345175364,1.1694571646246668,17275.58
11, 103633.0,0.3488170515096455,0.12527647147273824,-0.6125275437631839,14293.0
11, 103634.0,0.3488170515096455,0.12527647147273824,-0.6125275437631839,22484.31
1, 103635.0,-0.8317460740870789,-0.3113283315223991,-0.6125275437631839,9221.7
10, 103636.0,-0.8317460740870789,-0.7479331345175364,1.1694571646246668,27625.53
2, 103637.0,-0.8317460740870789,-1.6211427405078112,-0.6125275437631839,7092.19
15, 103638.0,-0.8317460740870789,0.12527647147273824,1.1694571646246668,35256.32
4, 103639.0,-0.8317460740870789,1.8716956834532876,-0.6125275437631839,12262.66
1, 103640.0,-0.8317460740870789,0.12527647147273824,-0.6125275437631839,13206.62
12, 103641.0,-0.8317460740870789,-0.7479331345175364,-0.6125275437631839,12365.43
9, 103642.0,0.3488170515096455,-1.1845379375126739,-0.6125275437631839,11426.54
3, 103643.0,0.3488170515096455,0.9984860774630129,-0.6125275437631839,15622.3
1, 103644.0,-0.8317460740870789,-0.3113283315223991,-0.6125275437631839,12315.48
2, 103645.0,-0.8317460740870789,-1.1845379375126739,-0.6125275437631839,14128.59
6, 103646.0,-0.8317460740870789,0.5618812744678756,-0.6125275437631839,8311.89
13, 103647.0,0.3488170515096455,-1.1845379375126739,1.1694571646246668,12117.06
5, 103648.0,0.3488170515096455,0.12527647147273824,1.1694571646246668,22102.14
1, 103649.0,-0.8317460740870789,-0.3113283315223991,-0.6125275437631839,17502.09
14, 103650.0,1.5293801771063698,0.12527647147273824,-0.6125275437631839,18203.46
14, 103651.0,1.5293801771063698,0.5618812744678756,-0.6125275437631839,31344.92
0, 103652.0,1.5293801771063698,0.9984860774630129,1.1694571646246668,37004.0
3, 103653.0,1.5293801771063698,0.9984860774630129,-0.6125275437631839,19283.78
6, 103654.0,-0.8317460740870789,0.5618812744678756,-0.6125275437631839,8246.05
7, 103655.0,0.3488170515096455,-0.3113283315223991,-0.6125275437631839,13764.63
2, 103656.0,-0.8317460740870789,-1.6211427405078112,-0.6125275437631839,5888.11
9, 103657.0,0.3488170515096455,-1.1845379375126739,-0.6125275437631839,29552.14
15, 103658.0,-0.8317460740870789,0.5618812744678756,1.1694571646246668,16065.21
10, 103659.0,-0.8317460740870789,-0.7479331345175364,1.1694571646246668,13282.38
0, 103660.0,1.5293801771063698,1.4350908804581504,2.951441873012518,25171.51
7, 103661.0,0.3488170515096455,-0.3113283315223991,-0.6125275437631839,16032.29
13, 103662.0,0.3488170515096455,-1.1845379375126739,1.1694571646246668,18842.04
8, 103663.0,2.709943302703094,1.4350908804581504,1.1694571646246668,16682.86
2, 103664.0,-0.8317460740870789,-1.1845379375126739,-0.6125275437631839,8600.89
6, 103665.0,-0.8317460740870789,0.5618812744678756,-0.6125275437631839,10371.09
1, 103666.0,-0.8317460740870789,0.12527647147273824,-0.6125275437631839,18505.65
2, 103667.0,-0.8317460740870789,-1.1845379375126739,-0.6125275437631839,5750.73
4, 103668.0,-0.8317460740870789,1.4350908804581504,-0.6125275437631839,16004.92
3, 103669.0,1.5293801771063698,1.8716956834532876,-0.6125275437631839,16700.14
0, 103670.0,0.3488170515096455,0.5618812744678756,1.1694571646246668,17759.59
1, 103671.0,-0.8317460740870789,-0.3113283315223991,-0.6125275437631839,15595.45
1, 103672.0,-0.8317460740870789,0.12527647147273824,-0.6125275437631839,16375.98
7, 103673.0,0.3488170515096455,-0.7479331345175364,-0.6125275437631839,13881.75
0, 103674.0,1.5293801771063698,1.8716956834532876,2.951441873012518,25248.5
8, 103675.0,2.709943302703094,1.4350908804581504,-0.6125275437631839,21534.93
15, 103676.0,-0.8317460740870789,0.5618812744678756,1.1694571646246668,12056.26
0, 103677.0,0.3488170515096455,1.8716956834532876,1.1694571646246668,20184.66
12, 103678.0,-0.8317460740870789,-0.7479331345175364,-0.6125275437631839,7292.4
4, 103679.0,-0.8317460740870789,0.9984860774630129,-0.6125275437631839,28711.85
11, 103680.0,0.3488170515096455,0.12527647147273824,-0.6125275437631839,13115.17
7, 103681.0,0.3488170515096455,-0.7479331345175364,-0.6125275437631839,10518.68
0, 103682.0,0.3488170515096455,2.308300486448425,1.1694571646246668,22783.69
7, 103683.0,0.3488170515096455,-0.3113283315223991,-0.6125275437631839,12585.19
15, 103684.0,-0.8317460740870789,0.12527647147273824,1.1694571646246668,19208.84
13, 103685.0,0.3488170515096455,-1.1845379375126739,1.1694571646246668,17449.49
4, 103686.0,-0.8317460740870789,2.308300486448425,-0.6125275437631839,17509.34
1, 103687.0,-0.8317460740870789,0.12527647147273824,-0.6125275437631839,5950.81
7, 103688.0,0.3488170515096455,-0.3113283315223991,-0.6125275437631839,18598.62
9, 103689.0,0.3488170515096455,-1.1845379375126739,-0.6125275437631839,18442.71
5, 103690.0,0.3488170515096455,-0.3113283315223991,1.1694571646246668,27645.86
12, 103691.0,-0.8317460740870789,-0.7479331345175364,-0.6125275437631839,13103.67
14, 103692.0,1.5293801771063698,0.5618812744678756,-0.6125275437631839,33440.2
10, 103693.0,-0.8317460740870789,-1.1845379375126739,1.1694571646246668,12836.32
12, 103694.0,-0.8317460740870789,-0.7479331345175364,-0.6125275437631839,15789.28
11, 103695.0,0.3488170515096455,0.12527647147273824,-0.6125275437631839,29482.67
2, 103696.0,-0.8317460740870789,-1.1845379375126739,-0.6125275437631839,9688.38
7, 103697.0,0.3488170515096455,-0.7479331345175364,-0.6125275437631839,16766.79
1, 103698.0,-0.8317460740870789,0.12527647147273824,-0.6125275437631839,28660.92
13, 103699.0,1.5293801771063698,-1.1845379375126739,1.1694571646246668,15115.51
5, 103700.0,0.3488170515096455,0.12527647147273824,1.1694571646246668,12747.38
9, 103701.0,0.3488170515096455,-1.1845379375126739,-0.6125275437631839,18026.33
0, 103702.0,1.5293801771063698,0.9984860774630129,4.733426581400368,24595.34
11, 103703.0,0.3488170515096455,0.12527647147273824,-0.6125275437631839,15613.26
10, 103704.0,-0.8317460740870789,-1.6211427405078112,1.1694571646246668,16267.14
8, 103705.0,3.8905064282998185,0.9984860774630129,1.1694571646246668,31783.13
2, 103706.0,-0.8317460740870789,-1.1845379375126739,-0.6125275437631839,11299.52
1, 103707.0,-0.8317460740870789,0.12527647147273824,-0.6125275437631839,23199.58
14, 103708.0,1.5293801771063698,0.12527647147273824,-0.6125275437631839,27673.55
11, 103709.0,0.3488170515096455,0.5618812744678756,-0.6125275437631839,7332.92
13, 103710.0,0.3488170515096455,-1.6211427405078112,1.1694571646246668,30868.38
0, 103711.0,1.5293801771063698,0.5618812744678756,2.951441873012518,22644.86
11, 103712.0,0.3488170515096455,0.12527647147273824,-0.6125275437631839,17456.33
2, 103713.0,-0.8317460740870789,-1.1845379375126739,-0.6125275437631839,12531.18
1, 103714.0,-0.8317460740870789,-0.3113283315223991,-0.6125275437631839,12036.85
0, 103715.0,0.3488170515096455,0.5618812744678756,2.951441873012518,25067.52
5, 103716.0,0.3488170515096455,-0.7479331345175364,1.1694571646246668,31069.26
2, 103717.0,-0.8317460740870789,-1.6211427405078112,-0.6125275437631839,27768.7
3, 103718.0,1.5293801771063698,0.9984860774630129,-0.6125275437631839,16297.05
11, 103719.0,0.3488170515096455,0.5618812744678756,-0.6125275437631839,17585.24
12, 103720.0,-0.8317460740870789,-0.7479331345175364,-0.6125275437631839,13025.26
0, 103721.0,0.3488170515096455,1.4350908804581504,1.1694571646246668,29234.71
11, 103722.0,0.3488170515096455,0.12527647147273824,-0.6125275437631839,13628.9
1, 103723.0,-0.8317460740870789,0.12527647147273824,-0.6125275437631839,11870.13
1, 103724.0,-0.8317460740870789,0.12527647147273824,-0.6125275437631839,12324.27
11, 103725.0,0.3488170515096455,0.12527647147273824,-0.6125275437631839,9049.2
1, 103726.0,-0.8317460740870789,-0.3113283315223991,-0.6125275437631839,29431.09
9, 103727.0,0.3488170515096455,-1.1845379375126739,-0.6125275437631839,10364.99
1, 103728.0,-0.8317460740870789,-0.3113283315223991,-0.6125275437631839,9705.04
9, 103729.0,0.3488170515096455,-1.1845379375126739,-0.6125275437631839,11290.32
13, 103730.0,1.5293801771063698,-1.1845379375126739,1.1694571646246668,24147.67
6, 103731.0,-0.8317460740870789,0.5618812744678756,-0.6125275437631839,11096.49
3, 103732.0,1.5293801771063698,1.4350908804581504,-0.6125275437631839,15935.93
1, 103733.0,-0.8317460740870789,0.12527647147273824,-0.6125275437631839,14416.73
7, 103734.0,0.3488170515096455,-0.3113283315223991,-0.6125275437631839,17136.58
0, 103735.0,0.3488170515096455,1.8716956834532876,2.951441873012518,24264.69
1, 103736.0,-0.8317460740870789,0.12527647147273824,-0.6125275437631839,7959.16
3, 103737.0,1.5293801771063698,2.308300486448425,-0.6125275437631839,21239.94
10, 103738.0,-0.8317460740870789,-1.1845379375126739,1.1694571646246668,22894.16
1, 103739.0,-0.8317460740870789,-0.3113283315223991,-0.6125275437631839,16496.85
0, 103740.0,0.3488170515096455,0.5618812744678756,1.1694571646246668,38460.02
4, 103741.0,-0.8317460740870789,0.9984860774630129,-0.6125275437631839,17384.36
12, 103742.0,-0.8317460740870789,-0.7479331345175364,-0.6125275437631839,11796.41
6, 103743.0,-0.8317460740870789,0.5618812744678756,-0.6125275437631839,21905.1
2, 103744.0,-0.8317460740870789,-1.1845379375126739,-0.6125275437631839,6287.72
9, 103745.0,0.3488170515096455,-1.1845379375126739,-0.6125275437631839,19803.23
9, 103746.0,0.3488170515096455,-1.1845379375126739,-0.6125275437631839,20832.02
15, 103747.0,-0.8317460740870789,-0.3113283315223991,1.1694571646246668,11146.0
7, 103748.0,0.3488170515096455,-0.7479331345175364,-0.6125275437631839,9185.28
10, 103749.0,-0.8317460740870789,-2.0577475435029484,1.1694571646246668,18726.26
14, 103750.0,1.5293801771063698,-0.7479331345175364,-0.6125275437631839,32304.49
13, 103751.0,0.3488170515096455,-1.6211427405078112,1.1694571646246668,8218.01
3, 103752.0,0.3488170515096455,0.9984860774630129,-0.6125275437631839,27404.45
1, 103753.0,-0.8317460740870789,-0.3113283315223991,-0.6125275437631839,7293.36
12, 103754.0,-0.8317460740870789,-0.7479331345175364,-0.6125275437631839,14971.29
1, 103755.0,-0.8317460740870789,-0.3113283315223991,-0.6125275437631839,24143.63
0, 103756.0,0.3488170515096455,1.8716956834532876,1.1694571646246668,24178.29
1, 103757.0,-0.8317460740870789,0.12527647147273824,-0.6125275437631839,14699.22
0, 103758.0,0.3488170515096455,0.5618812744678756,1.1694571646246668,29033.54
15, 103759.0,-0.8317460740870789,0.12527647147273824,1.1694571646246668,12980.64
12, 103760.0,-0.8317460740870789,-0.7479331345175364,-0.6125275437631839,20478.48
0, 103761.0,0.3488170515096455,0.9984860774630129,1.1694571646246668,16164.11
15, 103762.0,-0.8317460740870789,0.5618812744678756,1.1694571646246668,10073.48
1, 103763.0,-0.8317460740870789,-0.3113283315223991,-0.6125275437631839,15986.06
5, 103764.0,0.3488170515096455,0.12527647147273824,1.1694571646246668,19930.98
7, 103765.0,0.3488170515096455,-0.7479331345175364,-0.6125275437631839,23630.92
14, 103766.0,1.5293801771063698,-0.7479331345175364,-0.6125275437631839,21129.49
12, 103767.0,-0.8317460740870789,-0.7479331345175364,-0.6125275437631839,16931.39
7, 103768.0,0.3488170515096455,-0.3113283315223991,-0.6125275437631839,16631.16
7, 103769.0,0.3488170515096455,-0.7479331345175364,-0.6125275437631839,29371.34
7, 103770.0,0.3488170515096455,-0.3113283315223991,-0.6125275437631839,14326.08
0, 103771.0,0.3488170515096455,1.4350908804581504,1.1694571646246668,15675.2
2, 103772.0,-0.8317460740870789,-1.1845379375126739,-0.6125275437631839,11370.12
1, 103773.0,-0.8317460740870789,0.12527647147273824,-0.6125275437631839,32224.68
1, 103774.0,-0.8317460740870789,0.12527647147273824,-0.6125275437631839,13137.38
1, 103775.0,-0.8317460740870789,-0.3113283315223991,-0.6125275437631839,14589.43
3, 103776.0,1.5293801771063698,2.308300486448425,-0.6125275437631839,20562.95
2, 103777.0,-0.8317460740870789,-1.1845379375126739,-0.6125275437631839,13184.87
0, 103778.0,0.3488170515096455,2.744905289443562,1.1694571646246668,38465.29
1, 103779.0,-0.8317460740870789,0.12527647147273824,-0.6125275437631839,26343.99
2, 103780.0,-0.8317460740870789,-2.0577475435029484,-0.6125275437631839,27074.55
12, 103781.0,-0.8317460740870789,-0.7479331345175364,-0.6125275437631839,14598.04
5, 103782.0,0.3488170515096455,-0.3113283315223991,1.1694571646246668,20012.79
5, 103783.0,1.5293801771063698,-0.7479331345175364,1.1694571646246668,23439.17
15, 103784.0,-0.8317460740870789,-0.3113283315223991,1.1694571646246668,19267.8
10, 103785.0,-0.8317460740870789,-1.1845379375126739,1.1694571646246668,13101.73
2, 103786.0,-0.8317460740870789,-1.1845379375126739,-0.6125275437631839,17333.81
15, 103787.0,-0.8317460740870789,0.12527647147273824,1.1694571646246668,12518.46
5, 103788.0,0.3488170515096455,0.12527647147273824,1.1694571646246668,12733.34
5, 103789.0,0.3488170515096455,0.12527647147273824,1.1694571646246668,14233.55
3, 103790.0,1.5293801771063698,0.9984860774630129,-0.6125275437631839,25031.81
2, 103791.0,-0.8317460740870789,-1.6211427405078112,-0.6125275437631839,14271.09
0, 103792.0,0.3488170515096455,0.5618812744678756,1.1694571646246668,16738.07
2, 103793.0,-0.8317460740870789,-1.1845379375126739,-0.6125275437631839,24123.73
1, 103794.0,-0.8317460740870789,-0.3113283315223991,-0.6125275437631839,5481.73
1, 103795.0,-0.8317460740870789,0.12527647147273824,-0.6125275437631839,10832.85
2, 103796.0,-0.8317460740870789,-1.1845379375126739,-0.6125275437631839,6717.39
6, 103797.0,-0.8317460740870789,0.5618812744678756,-0.6125275437631839,13843.38
7, 103798.0,0.3488170515096455,-0.7479331345175364,-0.6125275437631839,31284.58
7, 103799.0,0.3488170515096455,-0.3113283315223991,-0.6125275437631839,30664.99
2, 103800.0,-0.8317460740870789,-1.6211427405078112,-0.6125275437631839,16210.56
3, 103801.0,0.3488170515096455,0.9984860774630129,-0.6125275437631839,12136.9
11, 103802.0,0.3488170515096455,0.12527647147273824,-0.6125275437631839,20183.54
12, 103803.0,-0.8317460740870789,-0.7479331345175364,-0.6125275437631839,9301.71
11, 103804.0,0.3488170515096455,0.5618812744678756,-0.6125275437631839,13497.33
1, 103805.0,-0.8317460740870789,-0.3113283315223991,-0.6125275437631839,13131.18
12, 103806.0,-0.8317460740870789,-0.7479331345175364,-0.6125275437631839,12907.66
1, 103807.0,-0.8317460740870789,-0.3113283315223991,-0.6125275437631839,31869.98
1, 103808.0,-0.8317460740870789,0.12527647147273824,-0.6125275437631839,30246.86
11, 103809.0,0.3488170515096455,0.5618812744678756,-0.6125275437631839,25944.5
0, 103810.0,0.3488170515096455,0.5618812744678756,1.1694571646246668,26010.36
1, 103811.0,-0.8317460740870789,-0.3113283315223991,-0.6125275437631839,23516.24
10, 103812.0,-0.8317460740870789,-1.1845379375126739,1.1694571646246668,29278.1
15, 103813.0,-0.8317460740870789,0.9984860774630129,1.1694571646246668,13330.26
14, 103814.0,1.5293801771063698,-0.3113283315223991,-0.6125275437631839,18185.9
8, 103815.0,2.709943302703094,1.4350908804581504,1.1694571646246668,23787.61
1, 103816.0,-0.8317460740870789,-0.3113283315223991,-0.6125275437631839,8755.97
2, 103817.0,-0.8317460740870789,-1.1845379375126739,-0.6125275437631839,6962.14
8, 103818.0,2.709943302703094,0.12527647147273824,2.951441873012518,17563.54
12, 103819.0,-0.8317460740870789,-0.7479331345175364,-0.6125275437631839,18900.12
0, 103820.0,1.5293801771063698,1.4350908804581504,1.1694571646246668,21088.98
11, 103821.0,0.3488170515096455,0.5618812744678756,-0.6125275437631839,15198.84
12, 103822.0,-0.8317460740870789,-0.7479331345175364,-0.6125275437631839,19873.41
7, 103823.0,0.3488170515096455,-0.7479331345175364,-0.6125275437631839,21239.15
9, 103824.0,0.3488170515096455,-1.1845379375126739,-0.6125275437631839,14782.22
2, 103825.0,-0.8317460740870789,-1.6211427405078112,-0.6125275437631839,25260.53
7, 103826.0,0.3488170515096455,-0.7479331345175364,-0.6125275437631839,14695.97
9, 103827.0,0.3488170515096455,-1.6211427405078112,-0.6125275437631839,30298.03
8, 103828.0,2.709943302703094,0.9984860774630129,2.951441873012518,28548.99
0, 103829.0,0.3488170515096455,1.8716956834532876,1.1694571646246668,13398.2
0, 103830.0,0.3488170515096455,0.9984860774630129,1.1694571646246668,19196.96
0, 103831.0,0.3488170515096455,0.5618812744678756,1.1694571646246668,23810.15
8, 103832.0,2.709943302703094,1.8716956834532876,2.951441873012518,32690.5
0, 103833.0,1.5293801771063698,0.5618812744678756,1.1694571646246668,19799.3
6, 103834.0,-0.8317460740870789,0.5618812744678756,-0.6125275437631839,13779.22
2, 103835.0,-0.8317460740870789,-1.1845379375126739,-0.6125275437631839,9970.84
1, 103836.0,-0.8317460740870789,-0.3113283315223991,-0.6125275437631839,8410.89
7, 103837.0,0.3488170515096455,-0.7479331345175364,-0.6125275437631839,26199.81
2, 103838.0,-0.8317460740870789,-1.1845379375126739,-0.6125275437631839,24707.25
2, 103839.0,-0.8317460740870789,-1.1845379375126739,-0.6125275437631839,11163.48
1, 103840.0,-0.8317460740870789,0.12527647147273824,-0.6125275437631839,8627.74
12, 103841.0,-0.8317460740870789,-0.7479331345175364,-0.6125275437631839,16538.38
9, 103842.0,1.5293801771063698,-1.6211427405078112,-0.6125275437631839,19961.0
12, 103843.0,-0.8317460740870789,-0.7479331345175364,-0.6125275437631839,8692.15
4, 103844.0,-0.8317460740870789,0.9984860774630129,-0.6125275437631839,9235.73
7, 103845.0,0.3488170515096455,-0.3113283315223991,-0.6125275437631839,18616.33
13, 103846.0,1.5293801771063698,-1.6211427405078112,1.1694571646246668,27277.73
12, 103847.0,-0.8317460740870789,-0.7479331345175364,-0.6125275437631839,13063.27
7, 103848.0,0.3488170515096455,-0.7479331345175364,-0.6125275437631839,13775.49
4, 103849.0,-0.8317460740870789,1.4350908804581504,-0.6125275437631839,10387.2
5, 103850.0,0.3488170515096455,0.12527647147273824,1.1694571646246668,13826.86
5, 103851.0,1.5293801771063698,-0.3113283315223991,1.1694571646246668,18576.54
11, 103852.0,0.3488170515096455,0.5618812744678756,-0.6125275437631839,19817.93
0, 103853.0,0.3488170515096455,1.4350908804581504,1.1694571646246668,18719.86
4, 103854.0,-0.8317460740870789,0.9984860774630129,-0.6125275437631839,10023.86
11, 103855.0,0.3488170515096455,0.12527647147273824,-0.6125275437631839,16757.02
11, 103856.0,0.3488170515096455,0.5618812744678756,-0.6125275437631839,14020.95
4, 103857.0,-0.8317460740870789,0.9984860774630129,-0.6125275437631839,14746.34
15, 103858.0,-0.8317460740870789,0.12527647147273824,1.1694571646246668,15092.41
10, 103859.0,-0.8317460740870789,-0.7479331345175364,1.1694571646246668,25628.1
5, 103860.0,0.3488170515096455,-0.3113283315223991,1.1694571646246668,26430.16
1, 103861.0,-0.8317460740870789,-0.3113283315223991,-0.6125275437631839,7212.99
7, 103862.0,0.3488170515096455,-0.3113283315223991,-0.6125275437631839,18012.25
12, 103863.0,-0.8317460740870789,-0.7479331345175364,-0.6125275437631839,11184.17
10, 103864.0,-0.8317460740870789,-1.1845379375126739,1.1694571646246668,26629.74
1, 103865.0,-0.8317460740870789,-0.3113283315223991,-0.6125275437631839,17513.83
6, 103866.0,-0.8317460740870789,0.5618812744678756,-0.6125275437631839,16435.61
0, 103867.0,1.5293801771063698,2.308300486448425,1.1694571646246668,22078.75
10, 103868.0,-0.8317460740870789,-1.1845379375126739,1.1694571646246668,14573.16
9, 103869.0,0.3488170515096455,-1.1845379375126739,-0.6125275437631839,17832.6
0, 103870.0,0.3488170515096455,3.1815100924386996,1.1694571646246668,19674.02
6, 103871.0,-0.8317460740870789,0.5618812744678756,-0.6125275437631839,13894.49
10, 103872.0,-0.8317460740870789,-0.7479331345175364,2.951441873012518,16008.56
1, 103873.0,-0.8317460740870789,0.12527647147273824,-0.6125275437631839,10625.11
4, 103874.0,-0.8317460740870789,1.8716956834532876,-0.6125275437631839,5482.9
15, 103875.0,-0.8317460740870789,1.8716956834532876,1.1694571646246668,14436.98
10, 103876.0,-0.8317460740870789,-0.7479331345175364,1.1694571646246668,22726.88
14, 103877.0,1.5293801771063698,0.12527647147273824,-0.6125275437631839,20695.25
15, 103878.0,-0.8317460740870789,0.9984860774630129,1.1694571646246668,16113.69
5, 103879.0,0.3488170515096455,0.12527647147273824,1.1694571646246668,16541.38
6, 103880.0,-0.8317460740870789,0.5618812744678756,-0.6125275437631839,17864.0
5, 103881.0,0.3488170515096455,-0.7479331345175364,1.1694571646246668,20725.9
2, 103882.0,-0.8317460740870789,-1.6211427405078112,-0.6125275437631839,9659.36
3, 103883.0,0.3488170515096455,0.9984860774630129,-0.6125275437631839,30679.59
2, 103884.0,-0.8317460740870789,-1.6211427405078112,-0.6125275437631839,13690.81
1, 103885.0,-0.8317460740870789,-0.3113283315223991,-0.6125275437631839,21529.82
14, 103886.0,1.5293801771063698,-0.3113283315223991,-0.6125275437631839,20233.29
5, 103887.0,0.3488170515096455,0.12527647147273824,1.1694571646246668,28222.77
9, 103888.0,0.3488170515096455,-2.0577475435029484,-0.6125275437631839,17463.33
5, 103889.0,0.3488170515096455,0.12527647147273824,2.951441873012518,31059.83
11, 103890.0,0.3488170515096455,0.5618812744678756,-0.6125275437631839,33820.37
1, 103891.0,-0.8317460740870789,0.12527647147273824,-0.6125275437631839,24680.25
3, 103892.0,1.5293801771063698,1.8716956834532876,-0.6125275437631839,24618.26
1, 103893.0,-0.8317460740870789,0.12527647147273824,-0.6125275437631839,19976.06
14, 103894.0,2.709943302703094,-0.3113283315223991,-0.6125275437631839,14090.45
9, 103895.0,0.3488170515096455,-1.1845379375126739,-0.6125275437631839,7511.97
3, 103896.0,1.5293801771063698,1.4350908804581504,-0.6125275437631839,17292.59
12, 103897.0,-0.8317460740870789,-0.7479331345175364,-0.6125275437631839,6201.89
2, 103898.0,-0.8317460740870789,-1.6211427405078112,-0.6125275437631839,7601.17
1, 103899.0,-0.8317460740870789,0.12527647147273824,-0.6125275437631839,7998.94
14, 103900.0,1.5293801771063698,-0.7479331345175364,-0.6125275437631839,16222.91
3, 103901.0,0.3488170515096455,0.9984860774630129,-0.6125275437631839,15255.53
0, 103902.0,1.5293801771063698,1.4350908804581504,1.1694571646246668,18648.54
5, 103903.0,0.3488170515096455,0.12527647147273824,1.1694571646246668,17770.26
1, 103904.0,-0.8317460740870789,0.12527647147273824,-0.6125275437631839,16600.83
15, 103905.0,-0.8317460740870789,0.12527647147273824,1.1694571646246668,11412.8
2, 103906.0,-0.8317460740870789,-1.6211427405078112,-0.6125275437631839,17030.68
10, 103907.0,-0.8317460740870789,-0.7479331345175364,1.1694571646246668,16575.47
13, 103908.0,1.5293801771063698,-1.6211427405078112,1.1694571646246668,20146.12
1, 103909.0,-0.8317460740870789,0.12527647147273824,-0.6125275437631839,14856.35
15, 103910.0,-0.8317460740870789,-0.3113283315223991,1.1694571646246668,17491.72
5, 103911.0,0.3488170515096455,0.12527647147273824,1.1694571646246668,23160.84
1, 103912.0,-0.8317460740870789,-0.3113283315223991,-0.6125275437631839,9800.4
1, 103913.0,-0.8317460740870789,0.12527647147273824,-0.6125275437631839,12167.65
7, 103914.0,0.3488170515096455,-0.3113283315223991,-0.6125275437631839,10135.91
2, 103915.0,-0.8317460740870789,-2.0577475435029484,-0.6125275437631839,13403.91
14, 103916.0,1.5293801771063698,-0.3113283315223991,-0.6125275437631839,20768.18
5, 103917.0,1.5293801771063698,-0.3113283315223991,1.1694571646246668,19615.91
1, 103918.0,-0.8317460740870789,-0.3113283315223991,-0.6125275437631839,15066.85
14, 103919.0,1.5293801771063698,0.12527647147273824,-0.6125275437631839,23654.42
8, 103920.0,3.8905064282998185,3.1815100924386996,-0.6125275437631839,28944.93
0, 103921.0,0.3488170515096455,0.5618812744678756,1.1694571646246668,18578.52
3, 103922.0,1.5293801771063698,2.744905289443562,-0.6125275437631839,37149.06
5, 103923.0,0.3488170515096455,-0.3113283315223991,1.1694571646246668,20793.07
11, 103924.0,0.3488170515096455,0.5618812744678756,-0.6125275437631839,11629.69
15, 103925.0,-0.8317460740870789,1.4350908804581504,1.1694571646246668,21747.35
7, 103926.0,0.3488170515096455,-0.7479331345175364,-0.6125275437631839,22693.67
0, 103927.0,0.3488170515096455,0.9984860774630129,1.1694571646246668,17994.22
1, 103928.0,-0.8317460740870789,0.12527647147273824,-0.6125275437631839,9170.8
5, 103929.0,0.3488170515096455,-0.7479331345175364,1.1694571646246668,17359.74
1, 103930.0,-0.8317460740870789,0.12527647147273824,-0.6125275437631839,5902.85
11, 103931.0,0.3488170515096455,0.5618812744678756,-0.6125275437631839,27685.83
5, 103932.0,0.3488170515096455,0.12527647147273824,1.1694571646246668,17660.39
15, 103933.0,-0.8317460740870789,0.5618812744678756,1.1694571646246668,20299.1
11, 103934.0,0.3488170515096455,0.12527647147273824,-0.6125275437631839,10043.15
2, 103935.0,-0.8317460740870789,-1.1845379375126739,-0.6125275437631839,15985.03
10, 103936.0,-0.8317460740870789,-2.0577475435029484,1.1694571646246668,9986.38
7, 103937.0,0.3488170515096455,-0.7479331345175364,-0.6125275437631839,12651.15
14, 103938.0,1.5293801771063698,0.12527647147273824,-0.6125275437631839,28960.15
0, 103939.0,0.3488170515096455,0.5618812744678756,2.951441873012518,23725.5
12, 103940.0,-0.8317460740870789,-0.7479331345175364,-0.6125275437631839,7239.45
1, 103941.0,-0.8317460740870789,0.12527647147273824,-0.6125275437631839,14350.5
5, 103942.0,0.3488170515096455,0.12527647147273824,1.1694571646246668,33349.13
5, 103943.0,0.3488170515096455,-0.3113283315223991,1.1694571646246668,17582.52
2, 103944.0,-0.8317460740870789,-1.1845379375126739,-0.6125275437631839,30400.15
5, 103945.0,0.3488170515096455,-0.7479331345175364,1.1694571646246668,8585.08
2, 103946.0,-0.8317460740870789,-1.6211427405078112,-0.6125275437631839,27113.2
6, 103947.0,-0.8317460740870789,0.5618812744678756,-0.6125275437631839,26138.75
4, 103948.0,-0.8317460740870789,1.4350908804581504,-0.6125275437631839,11941.52
9, 103949.0,0.3488170515096455,-1.1845379375126739,-0.6125275437631839,28560.03
14, 103950.0,1.5293801771063698,0.12527647147273824,-0.6125275437631839,22692.81
8, 103951.0,2.709943302703094,1.4350908804581504,-0.6125275437631839,17785.89
9, 103952.0,0.3488170515096455,-1.6211427405078112,-0.6125275437631839,8840.54
1, 103953.0,-0.8317460740870789,-0.3113283315223991,-0.6125275437631839,8932.59
11, 103954.0,0.3488170515096455,0.12527647147273824,-0.6125275437631839,24328.32
1, 103955.0,-0.8317460740870789,-0.3113283315223991,-0.6125275437631839,3496.79
0, 103956.0,1.5293801771063698,1.4350908804581504,1.1694571646246668,20446.37
2, 103957.0,-0.8317460740870789,-1.6211427405078112,-0.6125275437631839,14594.59
7, 103958.0,0.3488170515096455,-0.3113283315223991,-0.6125275437631839,31825.89
5, 103959.0,0.3488170515096455,-0.7479331345175364,2.951441873012518,23504.85
2, 103960.0,-0.8317460740870789,-1.1845379375126739,-0.6125275437631839,3676.12
3, 103961.0,0.3488170515096455,1.4350908804581504,-0.6125275437631839,19614.8
10, 103962.0,-0.8317460740870789,-1.1845379375126739,1.1694571646246668,14325.15
0, 103963.0,0.3488170515096455,1.4350908804581504,1.1694571646246668,19016.67
5, 103964.0,1.5293801771063698,0.12527647147273824,1.1694571646246668,19304.75
14, 103965.0,1.5293801771063698,0.5618812744678756,-0.6125275437631839,30152.47
3, 103966.0,0.3488170515096455,1.4350908804581504,-0.6125275437631839,14594.67
15, 103967.0,-0.8317460740870789,0.5618812744678756,1.1694571646246668,10033.91
3, 103968.0,1.5293801771063698,2.308300486448425,-0.6125275437631839,31035.5
9, 103969.0,0.3488170515096455,-1.1845379375126739,-0.6125275437631839,18058.38
3, 103970.0,1.5293801771063698,1.4350908804581504,-0.6125275437631839,26808.56
13, 103971.0,0.3488170515096455,-1.6211427405078112,1.1694571646246668,40079.94
11, 103972.0,0.3488170515096455,0.12527647147273824,-0.6125275437631839,25574.55
3, 103973.0,0.3488170515096455,2.744905289443562,-0.6125275437631839,34227.89
2, 103974.0,-0.8317460740870789,-1.6211427405078112,-0.6125275437631839,7762.74
4, 103975.0,-0.8317460740870789,0.9984860774630129,-0.6125275437631839,15024.05
7, 103976.0,0.3488170515096455,-0.7479331345175364,-0.6125275437631839,10715.45
2, 103977.0,-0.8317460740870789,-1.6211427405078112,-0.6125275437631839,8582.25
3, 103978.0,0.3488170515096455,1.8716956834532876,-0.6125275437631839,26409.25
5, 103979.0,1.5293801771063698,-0.3113283315223991,2.951441873012518,24229.11
10, 103980.0,-0.8317460740870789,-0.7479331345175364,1.1694571646246668,13799.13
15, 103981.0,-0.8317460740870789,0.12527647147273824,1.1694571646246668,21171.7
13, 103982.0,0.3488170515096455,-1.1845379375126739,2.951441873012518,23093.65
12, 103983.0,-0.8317460740870789,-0.7479331345175364,-0.6125275437631839,20503.72
12, 103984.0,-0.8317460740870789,-0.7479331345175364,-0.6125275437631839,18687.58
6, 103985.0,-0.8317460740870789,0.5618812744678756,-0.6125275437631839,8853.0
11, 103986.0,0.3488170515096455,0.5618812744678756,-0.6125275437631839,15473.87
10, 103987.0,-0.8317460740870789,-1.1845379375126739,1.1694571646246668,19032.96
2, 103988.0,-0.8317460740870789,-1.6211427405078112,-0.6125275437631839,16871.29
12, 103989.0,-0.8317460740870789,-0.7479331345175364,-0.6125275437631839,9113.35
11, 103990.0,0.3488170515096455,0.12527647147273824,-0.6125275437631839,13031.69
7, 103991.0,0.3488170515096455,-0.7479331345175364,-0.6125275437631839,14731.33
1, 103992.0,-0.8317460740870789,0.12527647147273824,-0.6125275437631839,29263.68
14, 103993.0,1.5293801771063698,-0.3113283315223991,-0.6125275437631839,29132.05
7, 103994.0,0.3488170515096455,-0.7479331345175364,-0.6125275437631839,6443.39
10, 103995.0,-0.8317460740870789,-1.6211427405078112,1.1694571646246668,14541.85
1, 103996.0,-0.8317460740870789,0.12527647147273824,-0.6125275437631839,31165.89
0, 103997.0,1.5293801771063698,1.4350908804581504,1.1694571646246668,16496.61
2, 103998.0,-0.8317460740870789,-1.1845379375126739,-0.6125275437631839,5732.63
10, 103999.0,-0.8317460740870789,-1.6211427405078112,1.1694571646246668,11437.53
7, 104000.0,0.3488170515096455,-0.7479331345175364,-0.6125275437631839,27083.95
5, 104001.0,1.5293801771063698,0.12527647147273824,1.1694571646246668,22564.35
10, 104002.0,-0.8317460740870789,-1.1845379375126739,1.1694571646246668,17645.18
6, 104003.0,-0.8317460740870789,0.5618812744678756,-0.6125275437631839,7969.97
15, 104004.0,-0.8317460740870789,-0.3113283315223991,1.1694571646246668,27341.2
2, 104005.0,-0.8317460740870789,-1.1845379375126739,-0.6125275437631839,18992.53
14, 104006.0,2.709943302703094,0.5618812744678756,-0.6125275437631839,18656.86
3, 104007.0,1.5293801771063698,1.4350908804581504,-0.6125275437631839,33432.88
11, 104008.0,0.3488170515096455,0.12527647147273824,-0.6125275437631839,13390.09
1, 104009.0,-0.8317460740870789,-0.3113283315223991,-0.6125275437631839,6926.95
1, 104010.0,-0.8317460740870789,0.12527647147273824,-0.6125275437631839,12264.7
5, 104011.0,0.3488170515096455,-0.3113283315223991,1.1694571646246668,26648.66
2, 104012.0,-0.8317460740870789,-1.6211427405078112,-0.6125275437631839,20969.05
10, 104013.0,-0.8317460740870789,-0.7479331345175364,1.1694571646246668,11714.81
4, 104014.0,-0.8317460740870789,0.9984860774630129,-0.6125275437631839,13060.92
12, 104015.0,-0.8317460740870789,-0.7479331345175364,-0.6125275437631839,12005.62
3, 104016.0,0.3488170515096455,0.9984860774630129,-0.6125275437631839,12166.93
5, 104017.0,0.3488170515096455,0.12527647147273824,1.1694571646246668,16190.11
4, 104018.0,-0.8317460740870789,0.9984860774630129,-0.6125275437631839,15906.29
15, 104019.0,-0.8317460740870789,0.9984860774630129,1.1694571646246668,20970.98
0, 104020.0,0.3488170515096455,1.4350908804581504,1.1694571646246668,37779.29
3, 104021.0,0.3488170515096455,1.4350908804581504,-0.6125275437631839,15967.26
0, 104022.0,1.5293801771063698,1.4350908804581504,1.1694571646246668,21250.65
9, 104023.0,0.3488170515096455,-1.1845379375126739,-0.6125275437631839,14864.63
0, 104024.0,0.3488170515096455,1.4350908804581504,1.1694571646246668,30744.84
15, 104025.0,-0.8317460740870789,0.12527647147273824,1.1694571646246668,27464.43
4, 104026.0,-0.8317460740870789,0.9984860774630129,-0.6125275437631839,12734.76
12, 104027.0,-0.8317460740870789,-0.7479331345175364,-0.6125275437631839,8770.08
13, 104028.0,1.5293801771063698,-1.1845379375126739,1.1694571646246668,22555.67
4, 104029.0,-0.8317460740870789,0.9984860774630129,-0.6125275437631839,26503.73
7, 104030.0,0.3488170515096455,-0.3113283315223991,-0.6125275437631839,31377.72
7, 104031.0,0.3488170515096455,-0.3113283315223991,-0.6125275437631839,15870.25
7, 104032.0,0.3488170515096455,-0.3113283315223991,-0.6125275437631839,31014.17
2, 104033.0,-0.8317460740870789,-2.0577475435029484,-0.6125275437631839,8277.39
0, 104034.0,1.5293801771063698,2.744905289443562,1.1694571646246668,17130.38
7, 104035.0,0.3488170515096455,-0.3113283315223991,-0.6125275437631839,28164.27
1, 104036.0,-0.8317460740870789,0.12527647147273824,-0.6125275437631839,11603.97
12, 104037.0,-0.8317460740870789,-0.7479331345175364,-0.6125275437631839,34398.41
3, 104038.0,1.5293801771063698,0.9984860774630129,-0.6125275437631839,29064.74
6, 104039.0,-0.8317460740870789,0.5618812744678756,-0.6125275437631839,7511.93
5, 104040.0,0.3488170515096455,-0.3113283315223991,1.1694571646246668,26461.02
7, 104041.0,0.3488170515096455,-0.3113283315223991,-0.6125275437631839,10214.19
15, 104042.0,-0.8317460740870789,0.5618812744678756,1.1694571646246668,30006.36
13, 104043.0,0.3488170515096455,-1.6211427405078112,1.1694571646246668,14096.46
11, 104044.0,0.3488170515096455,0.5618812744678756,-0.6125275437631839,24810.19
3, 104045.0,0.3488170515096455,0.9984860774630129,-0.6125275437631839,8423.87
5, 104046.0,1.5293801771063698,0.12527647147273824,1.1694571646246668,20789.92
3, 104047.0,1.5293801771063698,1.4350908804581504,-0.6125275437631839,31701.81
4, 104048.0,-0.8317460740870789,0.9984860774630129,-0.6125275437631839,26277.2
3, 104049.0,0.3488170515096455,0.9984860774630129,-0.6125275437631839,18225.29
7, 104050.0,0.3488170515096455,-0.3113283315223991,-0.6125275437631839,20334.23
0, 104051.0,1.5293801771063698,0.9984860774630129,1.1694571646246668,15900.42
0, 104052.0,0.3488170515096455,1.4350908804581504,1.1694571646246668,14746.82
1, 104053.0,-0.8317460740870789,0.12527647147273824,-0.6125275437631839,9905.54
7, 104054.0,0.3488170515096455,-0.3113283315223991,-0.6125275437631839,30665.11
14, 104055.0,1.5293801771063698,0.5618812744678756,-0.6125275437631839,32403.14
5, 104056.0,0.3488170515096455,-0.3113283315223991,1.1694571646246668,19805.6
12, 104057.0,-0.8317460740870789,-0.7479331345175364,-0.6125275437631839,14888.33
2, 104058.0,-0.8317460740870789,-1.1845379375126739,-0.6125275437631839,14639.01
11, 104059.0,0.3488170515096455,0.12527647147273824,-0.6125275437631839,32179.13
3, 104060.0,0.3488170515096455,0.9984860774630129,-0.6125275437631839,11856.85
14, 104061.0,2.709943302703094,0.9984860774630129,-0.6125275437631839,21345.98
3, 104062.0,0.3488170515096455,1.8716956834532876,-0.6125275437631839,15918.34
1, 104063.0,-0.8317460740870789,-0.3113283315223991,-0.6125275437631839,16138.44
4, 104064.0,-0.8317460740870789,1.8716956834532876,-0.6125275437631839,18377.3
0, 104065.0,0.3488170515096455,1.8716956834532876,1.1694571646246668,16445.96
15, 104066.0,-0.8317460740870789,-0.3113283315223991,1.1694571646246668,13862.92
7, 104067.0,0.3488170515096455,-0.7479331345175364,-0.6125275437631839,16969.96
7, 104068.0,0.3488170515096455,-0.7479331345175364,-0.6125275437631839,27385.89
7, 104069.0,0.3488170515096455,-0.7479331345175364,-0.6125275437631839,18207.55
4, 104070.0,-0.8317460740870789,1.8716956834532876,-0.6125275437631839,10993.56
3, 104071.0,0.3488170515096455,0.9984860774630129,-0.6125275437631839,27264.81
7, 104072.0,0.3488170515096455,-0.7479331345175364,-0.6125275437631839,9711.65
15, 104073.0,-0.8317460740870789,-0.3113283315223991,1.1694571646246668,15980.7
14, 104074.0,1.5293801771063698,0.12527647147273824,-0.6125275437631839,27275.37
1, 104075.0,-0.8317460740870789,0.12527647147273824,-0.6125275437631839,9865.05
5, 104076.0,0.3488170515096455,-0.3113283315223991,1.1694571646246668,24087.34
15, 104077.0,-0.8317460740870789,0.9984860774630129,1.1694571646246668,20358.67
5, 104078.0,1.5293801771063698,0.12527647147273824,1.1694571646246668,15359.55
1, 104079.0,-0.8317460740870789,-0.3113283315223991,-0.6125275437631839,14443.94
6, 104080.0,-0.8317460740870789,0.5618812744678756,-0.6125275437631839,23835.01
9, 104081.0,0.3488170515096455,-1.1845379375126739,-0.6125275437631839,17775.19
11, 104082.0,0.3488170515096455,0.5618812744678756,-0.6125275437631839,13303.48
0, 104083.0,0.3488170515096455,0.5618812744678756,1.1694571646246668,29548.72
3, 104084.0,0.3488170515096455,1.4350908804581504,-0.6125275437631839,14133.03
0, 104085.0,0.3488170515096455,2.744905289443562,1.1694571646246668,14741.23
0, 104086.0,0.3488170515096455,0.9984860774630129,1.1694571646246668,13962.04
0, 104087.0,0.3488170515096455,0.9984860774630129,1.1694571646246668,17168.26
13, 104088.0,1.5293801771063698,-1.6211427405078112,1.1694571646246668,33640.31
12, 104089.0,-0.8317460740870789,-0.7479331345175364,-0.6125275437631839,13266.01
9, 104090.0,0.3488170515096455,-1.6211427405078112,-0.6125275437631839,10549.53
14, 104091.0,1.5293801771063698,0.12527647147273824,-0.6125275437631839,18930.29
7, 104092.0,0.3488170515096455,-0.3113283315223991,-0.6125275437631839,12085.44
8, 104093.0,2.709943302703094,1.4350908804581504,1.1694571646246668,27761.89
5, 104094.0,0.3488170515096455,-0.7479331345175364,1.1694571646246668,21614.7
13, 104095.0,0.3488170515096455,-1.1845379375126739,1.1694571646246668,28935.33
15, 104096.0,-0.8317460740870789,-0.3113283315223991,1.1694571646246668,18488.11
1, 104097.0,-0.8317460740870789,-0.3113283315223991,-0.6125275437631839,11533.6
0, 104098.0,0.3488170515096455,3.1815100924386996,1.1694571646246668,16287.57
5, 104099.0,0.3488170515096455,-0.3113283315223991,1.1694571646246668,16554.02
11, 104100.0,0.3488170515096455,0.12527647147273824,-0.6125275437631839,25363.29
2, 104101.0,-0.8317460740870789,-1.1845379375126739,-0.6125275437631839,7927.1
12, 104102.0,-0.8317460740870789,-0.7479331345175364,-0.6125275437631839,6137.65
9, 104103.0,0.3488170515096455,-1.1845379375126739,-0.6125275437631839,17449.58
3, 104104.0,0.3488170515096455,4.491324501424112,-0.6125275437631839,20154.18
5, 104105.0,0.3488170515096455,-0.3113283315223991,1.1694571646246668,27781.92
1, 104106.0,-0.8317460740870789,0.12527647147273824,-0.6125275437631839,21142.72
2, 104107.0,-0.8317460740870789,-1.1845379375126739,-0.6125275437631839,19548.21
12, 104108.0,-0.8317460740870789,-0.7479331345175364,-0.6125275437631839,12570.55
1, 104109.0,-0.8317460740870789,0.12527647147273824,-0.6125275437631839,13754.06
1, 104110.0,-0.8317460740870789,0.12527647147273824,-0.6125275437631839,25059.2
14, 104111.0,1.5293801771063698,-0.3113283315223991,-0.6125275437631839,33872.43
1, 104112.0,-0.8317460740870789,0.12527647147273824,-0.6125275437631839,12432.76
5, 104113.0,1.5293801771063698,0.12527647147273824,2.951441873012518,22796.14
10, 104114.0,-0.8317460740870789,-0.7479331345175364,1.1694571646246668,26961.38
10, 104115.0,-0.8317460740870789,-0.7479331345175364,2.951441873012518,15649.06
11, 104116.0,0.3488170515096455,0.12527647147273824,-0.6125275437631839,23792.66
6, 104117.0,-0.8317460740870789,0.5618812744678756,-0.6125275437631839,28818.73
2, 104118.0,-0.8317460740870789,-1.1845379375126739,-0.6125275437631839,8620.51
2, 104119.0,-0.8317460740870789,-2.0577475435029484,-0.6125275437631839,27197.76
12, 104120.0,-0.8317460740870789,-0.7479331345175364,-0.6125275437631839,13893.8
10, 104121.0,-0.8317460740870789,-0.3113283315223991,2.951441873012518,20111.81
0, 104122.0,0.3488170515096455,0.5618812744678756,1.1694571646246668,14970.76
1, 104123.0,-0.8317460740870789,0.12527647147273824,-0.6125275437631839,18363.93
8, 104124.0,2.709943302703094,0.12527647147273824,1.1694571646246668,25038.92
0, 104125.0,0.3488170515096455,0.9984860774630129,1.1694571646246668,28185.94
3, 104126.0,0.3488170515096455,0.9984860774630129,-0.6125275437631839,17200.82
14, 104127.0,2.709943302703094,0.5618812744678756,-0.6125275437631839,28857.01
14, 104128.0,1.5293801771063698,0.12527647147273824,-0.6125275437631839,15745.89
1, 104129.0,-0.8317460740870789,0.12527647147273824,-0.6125275437631839,15761.6
5, 104130.0,0.3488170515096455,-0.3113283315223991,1.1694571646246668,26218.05
1, 104131.0,-0.8317460740870789,-0.3113283315223991,-0.6125275437631839,7176.65
6, 104132.0,-0.8317460740870789,0.5618812744678756,-0.6125275437631839,17676.05
1, 104133.0,-0.8317460740870789,0.12527647147273824,-0.6125275437631839,18808.55
1, 104134.0,-0.8317460740870789,0.12527647147273824,-0.6125275437631839,11145.21
1, 104135.0,-0.8317460740870789,-0.3113283315223991,-0.6125275437631839,5520.11
15, 104136.0,-0.8317460740870789,1.8716956834532876,1.1694571646246668,19706.77
2, 104137.0,-0.8317460740870789,-1.1845379375126739,-0.6125275437631839,11599.85
1, 104138.0,-0.8317460740870789,-0.3113283315223991,-0.6125275437631839,11842.59
10, 104139.0,-0.8317460740870789,-0.3113283315223991,2.951441873012518,20202.55
6, 104140.0,-0.8317460740870789,0.5618812744678756,-0.6125275437631839,21881.86
1, 104141.0,-0.8317460740870789,0.12527647147273824,-0.6125275437631839,16517.75
12, 104142.0,-0.8317460740870789,-0.7479331345175364,-0.6125275437631839,7818.39
5, 104143.0,0.3488170515096455,0.12527647147273824,1.1694571646246668,38772.08
14, 104144.0,1.5293801771063698,-0.3113283315223991,-0.6125275437631839,23626.28
12, 104145.0,-0.8317460740870789,-0.7479331345175364,-0.6125275437631839,12146.32
10, 104146.0,-0.8317460740870789,-1.6211427405078112,1.1694571646246668,31554.47
5, 104147.0,1.5293801771063698,0.12527647147273824,2.951441873012518,19325.35
13, 104148.0,0.3488170515096455,-2.0577475435029484,1.1694571646246668,14902.49
12, 104149.0,-0.8317460740870789,-0.7479331345175364,-0.6125275437631839,13722.79
1, 104150.0,-0.8317460740870789,-0.3113283315223991,-0.6125275437631839,11084.16
0, 104151.0,0.3488170515096455,1.4350908804581504,1.1694571646246668,21367.25
2, 104152.0,-0.8317460740870789,-1.6211427405078112,-0.6125275437631839,9493.23
7, 104153.0,0.3488170515096455,-0.3113283315223991,-0.6125275437631839,19735.97
0, 104154.0,1.5293801771063698,1.4350908804581504,1.1694571646246668,22017.79
4, 104155.0,-0.8317460740870789,1.4350908804581504,-0.6125275437631839,14806.31
3, 104156.0,0.3488170515096455,1.4350908804581504,-0.6125275437631839,16230.57
0, 104157.0,0.3488170515096455,0.5618812744678756,1.1694571646246668,23683.79
1, 104158.0,-0.8317460740870789,-0.3113283315223991,-0.6125275437631839,18064.68
0, 104159.0,0.3488170515096455,0.5618812744678756,2.951441873012518,15667.56
12, 104160.0,-0.8317460740870789,-0.7479331345175364,-0.6125275437631839,6061.82
2, 104161.0,-0.8317460740870789,-1.6211427405078112,-0.6125275437631839,22353.99
7, 104162.0,0.3488170515096455,-0.3113283315223991,-0.6125275437631839,16406.48
6, 104163.0,-0.8317460740870789,0.5618812744678756,-0.6125275437631839,13243.89
1, 104164.0,-0.8317460740870789,-0.3113283315223991,-0.6125275437631839,19576.21
1, 104165.0,-0.8317460740870789,-0.3113283315223991,-0.6125275437631839,11822.33
11, 104166.0,0.3488170515096455,0.12527647147273824,-0.6125275437631839,32675.09
13, 104167.0,1.5293801771063698,-1.1845379375126739,1.1694571646246668,24017.48
4, 104168.0,-0.8317460740870789,1.8716956834532876,-0.6125275437631839,3853.69
1, 104169.0,-0.8317460740870789,0.12527647147273824,-0.6125275437631839,11708.81
12, 104170.0,-0.8317460740870789,-0.7479331345175364,-0.6125275437631839,29078.41
14, 104171.0,1.5293801771063698,0.12527647147273824,-0.6125275437631839,24036.95
1, 104172.0,-0.8317460740870789,-0.3113283315223991,-0.6125275437631839,16413.28
7, 104173.0,0.3488170515096455,-0.7479331345175364,-0.6125275437631839,7224.47
1, 104174.0,-0.8317460740870789,-0.3113283315223991,-0.6125275437631839,7580.67
14, 104175.0,1.5293801771063698,-0.7479331345175364,-0.6125275437631839,17183.11
4, 104176.0,-0.8317460740870789,1.4350908804581504,-0.6125275437631839,10956.67
1, 104177.0,-0.8317460740870789,0.12527647147273824,-0.6125275437631839,10199.25
3, 104178.0,1.5293801771063698,0.9984860774630129,-0.6125275437631839,21879.75
2, 104179.0,-0.8317460740870789,-1.1845379375126739,-0.6125275437631839,25843.22
10, 104180.0,-0.8317460740870789,-0.7479331345175364,1.1694571646246668,14312.64
15, 104181.0,-0.8317460740870789,-0.3113283315223991,1.1694571646246668,24434.48
11, 104182.0,0.3488170515096455,0.12527647147273824,-0.6125275437631839,23986.12
4, 104183.0,-0.8317460740870789,1.4350908804581504,-0.6125275437631839,11193.53
10, 104184.0,-0.8317460740870789,-1.1845379375126739,1.1694571646246668,14788.32
0, 104185.0,1.5293801771063698,1.4350908804581504,1.1694571646246668,15706.29
0, 104186.0,1.5293801771063698,1.4350908804581504,1.1694571646246668,21627.01
2, 104187.0,-0.8317460740870789,-1.1845379375126739,-0.6125275437631839,8193.18
11, 104188.0,0.3488170515096455,0.5618812744678756,-0.6125275437631839,21360.29
11, 104189.0,0.3488170515096455,0.12527647147273824,-0.6125275437631839,15215.25
6, 104190.0,-0.8317460740870789,0.5618812744678756,-0.6125275437631839,8350.66
7, 104191.0,0.3488170515096455,-0.3113283315223991,-0.6125275437631839,16731.32
9, 104192.0,0.3488170515096455,-1.1845379375126739,-0.6125275437631839,9867.12
15, 104193.0,-0.8317460740870789,0.12527647147273824,1.1694571646246668,16616.7
10, 104194.0,-0.8317460740870789,-1.1845379375126739,1.1694571646246668,10722.82
3, 104195.0,0.3488170515096455,0.9984860774630129,-0.6125275437631839,22328.73
10, 104196.0,-0.8317460740870789,-0.7479331345175364,2.951441873012518,21421.2
4, 104197.0,-0.8317460740870789,2.308300486448425,1.1694571646246668,16269.07
0, 104198.0,1.5293801771063698,1.8716956834532876,1.1694571646246668,23204.84
15, 104199.0,-0.8317460740870789,-0.3113283315223991,1.1694571646246668,13036.45
15, 104200.0,-0.8317460740870789,0.5618812744678756,1.1694571646246668,20466.05
2, 104201.0,-0.8317460740870789,-1.6211427405078112,-0.6125275437631839,17824.89
5, 104202.0,0.3488170515096455,-0.7479331345175364,2.951441873012518,24940.1
2, 104203.0,-0.8317460740870789,-1.1845379375126739,-0.6125275437631839,11016.31
14, 104204.0,1.5293801771063698,-0.7479331345175364,-0.6125275437631839,13994.54
0, 104205.0,1.5293801771063698,1.8716956834532876,1.1694571646246668,20133.85
8, 104206.0,2.709943302703094,0.5618812744678756,1.1694571646246668,20307.9
1, 104207.0,-0.8317460740870789,-0.3113283315223991,-0.6125275437631839,16580.06
5, 104208.0,0.3488170515096455,-0.7479331345175364,1.1694571646246668,17942.94
12, 104209.0,-0.8317460740870789,-0.7479331345175364,-0.6125275437631839,21693.15
7, 104210.0,0.3488170515096455,-0.7479331345175364,-0.6125275437631839,10024.92
5, 104211.0,1.5293801771063698,-0.3113283315223991,1.1694571646246668,30957.61
3, 104212.0,0.3488170515096455,0.9984860774630129,-0.6125275437631839,15379.71
11, 104213.0,0.3488170515096455,0.5618812744678756,-0.6125275437631839,16807.41
10, 104214.0,-0.8317460740870789,-0.7479331345175364,1.1694571646246668,9785.96
1, 104215.0,-0.8317460740870789,-0.3113283315223991,-0.6125275437631839,24890.2
7, 104216.0,0.3488170515096455,-0.3113283315223991,-0.6125275437631839,25020.49
0, 104217.0,1.5293801771063698,0.5618812744678756,2.951441873012518,20817.92
5, 104218.0,1.5293801771063698,0.12527647147273824,1.1694571646246668,38799.33
12, 104219.0,-0.8317460740870789,-0.7479331345175364,-0.6125275437631839,15559.14
14, 104220.0,1.5293801771063698,-0.7479331345175364,-0.6125275437631839,33411.5
0, 104221.0,0.3488170515096455,0.5618812744678756,1.1694571646246668,13720.89
1, 104222.0,-0.8317460740870789,-0.3113283315223991,-0.6125275437631839,12751.11
10, 104223.0,-0.8317460740870789,-1.1845379375126739,1.1694571646246668,12767.36
12, 104224.0,-0.8317460740870789,-0.7479331345175364,-0.6125275437631839,1637.03
0, 104225.0,0.3488170515096455,1.4350908804581504,1.1694571646246668,15860.61
8, 104226.0,2.709943302703094,1.8716956834532876,-0.6125275437631839,18441.62
14, 104227.0,2.709943302703094,-0.3113283315223991,-0.6125275437631839,17903.2
5, 104228.0,1.5293801771063698,-0.7479331345175364,1.1694571646246668,20100.34
6, 104229.0,-0.8317460740870789,0.5618812744678756,-0.6125275437631839,13200.93
9, 104230.0,0.3488170515096455,-1.1845379375126739,-0.6125275437631839,11718.03
10, 104231.0,-0.8317460740870789,-1.6211427405078112,1.1694571646246668,17767.66
5, 104232.0,0.3488170515096455,-0.3113283315223991,1.1694571646246668,16553.53
10, 104233.0,-0.8317460740870789,-0.7479331345175364,1.1694571646246668,14647.87
7, 104234.0,0.3488170515096455,-0.3113283315223991,-0.6125275437631839,28060.67
12, 104235.0,-0.8317460740870789,-0.7479331345175364,-0.6125275437631839,11569.64
0, 104236.0,0.3488170515096455,1.8716956834532876,1.1694571646246668,19563.62
6, 104237.0,-0.8317460740870789,0.5618812744678756,-0.6125275437631839,11099.76
11, 104238.0,0.3488170515096455,0.12527647147273824,-0.6125275437631839,17802.76
3, 104239.0,1.5293801771063698,0.9984860774630129,-0.6125275437631839,23398.6
3, 104240.0,0.3488170515096455,0.9984860774630129,-0.6125275437631839,13082.77
0, 104241.0,1.5293801771063698,0.5618812744678756,1.1694571646246668,20897.56
0, 104242.0,1.5293801771063698,0.5618812744678756,1.1694571646246668,19996.35
12, 104243.0,-0.8317460740870789,-0.7479331345175364,-0.6125275437631839,11061.99
1, 104244.0,-0.8317460740870789,-0.3113283315223991,-0.6125275437631839,7524.95
13, 104245.0,2.709943302703094,-1.1845379375126739,1.1694571646246668,19689.87
1, 104246.0,-0.8317460740870789,-0.3113283315223991,-0.6125275437631839,7339.99
5, 104247.0,0.3488170515096455,-0.3113283315223991,1.1694571646246668,25822.69
1, 104248.0,-0.8317460740870789,0.12527647147273824,-0.6125275437631839,18485.19
9, 104249.0,0.3488170515096455,-1.6211427405078112,-0.6125275437631839,26680.37
3, 104250.0,1.5293801771063698,0.9984860774630129,-0.6125275437631839,22195.57
1, 104251.0,-0.8317460740870789,0.12527647147273824,-0.6125275437631839,12067.36
10, 104252.0,-0.8317460740870789,-0.7479331345175364,1.1694571646246668,37685.7
0, 104253.0,0.3488170515096455,0.5618812744678756,1.1694571646246668,32714.62
6, 104254.0,-0.8317460740870789,0.5618812744678756,-0.6125275437631839,15153.75
1, 104255.0,-0.8317460740870789,0.12527647147273824,-0.6125275437631839,30509.34
3, 104256.0,1.5293801771063698,0.9984860774630129,-0.6125275437631839,15522.34
12, 104257.0,-0.8317460740870789,-0.7479331345175364,-0.6125275437631839,11909.52
11, 104258.0,0.3488170515096455,0.12527647147273824,-0.6125275437631839,22085.73
2, 104259.0,-0.8317460740870789,-1.1845379375126739,-0.6125275437631839,9704.43
12, 104260.0,-0.8317460740870789,-0.7479331345175364,-0.6125275437631839,12514.49
1, 104261.0,-0.8317460740870789,-0.3113283315223991,-0.6125275437631839,16581.52
5, 104262.0,0.3488170515096455,0.12527647147273824,1.1694571646246668,24226.05
7, 104263.0,0.3488170515096455,-0.3113283315223991,-0.6125275437631839,15684.41
14, 104264.0,1.5293801771063698,0.12527647147273824,-0.6125275437631839,19998.28
6, 104265.0,-0.8317460740870789,0.5618812744678756,-0.6125275437631839,8875.58
6, 104266.0,-0.8317460740870789,0.5618812744678756,-0.6125275437631839,16618.5
1, 104267.0,-0.8317460740870789,0.12527647147273824,-0.6125275437631839,11931.02
2, 104268.0,-0.8317460740870789,-2.0577475435029484,-0.6125275437631839,16080.74
3, 104269.0,1.5293801771063698,1.4350908804581504,-0.6125275437631839,23486.36
7, 104270.0,0.3488170515096455,-0.7479331345175364,-0.6125275437631839,16718.81
7, 104271.0,0.3488170515096455,-0.3113283315223991,-0.6125275437631839,15929.39
0, 104272.0,1.5293801771063698,0.5618812744678756,1.1694571646246668,15361.27
1, 104273.0,-0.8317460740870789,0.12527647147273824,-0.6125275437631839,16173.33
4, 104274.0,-0.8317460740870789,1.8716956834532876,-0.6125275437631839,23376.62
14, 104275.0,1.5293801771063698,-0.3113283315223991,-0.6125275437631839,13807.74
3, 104276.0,1.5293801771063698,0.9984860774630129,-0.6125275437631839,17834.97
6, 104277.0,-0.8317460740870789,0.5618812744678756,-0.6125275437631839,12279.43
15, 104278.0,-0.8317460740870789,0.5618812744678756,1.1694571646246668,18063.63
7, 104279.0,0.3488170515096455,-0.3113283315223991,-0.6125275437631839,13110.48
4, 104280.0,-0.8317460740870789,2.744905289443562,1.1694571646246668,33065.6
1, 104281.0,-0.8317460740870789,-0.3113283315223991,-0.6125275437631839,26561.87
1, 104282.0,-0.8317460740870789,-0.3113283315223991,-0.6125275437631839,20065.9
3, 104283.0,1.5293801771063698,1.4350908804581504,-0.6125275437631839,32988.15
2, 104284.0,-0.8317460740870789,-1.1845379375126739,-0.6125275437631839,37037.62
7, 104285.0,0.3488170515096455,-0.3113283315223991,-0.6125275437631839,21972.39
15, 104286.0,-0.8317460740870789,0.5618812744678756,1.1694571646246668,16442.16
1, 104287.0,-0.8317460740870789,0.12527647147273824,-0.6125275437631839,24775.97
1, 104288.0,-0.8317460740870789,-0.3113283315223991,-0.6125275437631839,33626.33
15, 104289.0,-0.8317460740870789,-0.3113283315223991,1.1694571646246668,13816.49
7, 104290.0,0.3488170515096455,-0.7479331345175364,-0.6125275437631839,16516.74
15, 104291.0,-0.8317460740870789,-0.3113283315223991,1.1694571646246668,21871.58
11, 104292.0,0.3488170515096455,0.12527647147273824,-0.6125275437631839,15932.34
15, 104293.0,-0.8317460740870789,0.12527647147273824,1.1694571646246668,18650.81
0, 104294.0,1.5293801771063698,1.8716956834532876,1.1694571646246668,27821.21
1, 104295.0,-0.8317460740870789,0.12527647147273824,-0.6125275437631839,17897.21
15, 104296.0,-0.8317460740870789,0.12527647147273824,1.1694571646246668,13977.3
6, 104297.0,-0.8317460740870789,0.5618812744678756,-0.6125275437631839,5191.22
5, 104298.0,0.3488170515096455,-0.3113283315223991,1.1694571646246668,16136.17
7, 104299.0,0.3488170515096455,-0.7479331345175364,-0.6125275437631839,16493.46
13, 104300.0,1.5293801771063698,-1.6211427405078112,2.951441873012518,19661.92
11, 104301.0,0.3488170515096455,0.5618812744678756,-0.6125275437631839,23330.59
3, 104302.0,0.3488170515096455,0.9984860774630129,-0.6125275437631839,15880.81
5, 104303.0,0.3488170515096455,0.12527647147273824,1.1694571646246668,38564.44
3, 104304.0,1.5293801771063698,0.9984860774630129,-0.6125275437631839,30436.8
7, 104305.0,0.3488170515096455,-0.3113283315223991,-0.6125275437631839,12356.71
12, 104306.0,-0.8317460740870789,-0.7479331345175364,-0.6125275437631839,13934.63
4, 104307.0,-0.8317460740870789,0.9984860774630129,-0.6125275437631839,13474.4
7, 104308.0,0.3488170515096455,-0.3113283315223991,-0.6125275437631839,13291.34
14, 104309.0,1.5293801771063698,0.12527647147273824,-0.6125275437631839,18055.86
5, 104310.0,1.5293801771063698,0.12527647147273824,1.1694571646246668,24972.23
14, 104311.0,1.5293801771063698,0.12527647147273824,-0.6125275437631839,22787.04
12, 104312.0,-0.8317460740870789,-0.7479331345175364,-0.6125275437631839,9421.59
6, 104313.0,-0.8317460740870789,0.5618812744678756,-0.6125275437631839,8502.14
0, 104314.0,0.3488170515096455,0.9984860774630129,1.1694571646246668,10165.77
10, 104315.0,-0.8317460740870789,-0.7479331345175364,1.1694571646246668,15333.29
10, 104316.0,-0.8317460740870789,-1.1845379375126739,1.1694571646246668,34624.52
2, 104317.0,-0.8317460740870789,-1.6211427405078112,-0.6125275437631839,14091.87
1, 104318.0,-0.8317460740870789,-0.3113283315223991,-0.6125275437631839,25743.14
4, 104319.0,-0.8317460740870789,1.8716956834532876,-0.6125275437631839,11821.17
12, 104320.0,-0.8317460740870789,-0.7479331345175364,-0.6125275437631839,13107.75
6, 104321.0,-0.8317460740870789,0.5618812744678756,-0.6125275437631839,11184.79
5, 104322.0,0.3488170515096455,-0.3113283315223991,1.1694571646246668,16916.72
11, 104323.0,0.3488170515096455,0.5618812744678756,-0.6125275437631839,18515.53
0, 104324.0,0.3488170515096455,1.4350908804581504,1.1694571646246668,15591.04
5, 104325.0,0.3488170515096455,0.12527647147273824,1.1694571646246668,14829.88
2, 104326.0,-0.8317460740870789,-1.6211427405078112,-0.6125275437631839,12032.04
1, 104327.0,-0.8317460740870789,-0.3113283315223991,-0.6125275437631839,12187.81
5, 104328.0,2.709943302703094,-0.3113283315223991,2.951441873012518,30521.26
11, 104329.0,0.3488170515096455,0.5618812744678756,-0.6125275437631839,20530.29
6, 104330.0,-0.8317460740870789,0.5618812744678756,-0.6125275437631839,8109.74
7, 104331.0,0.3488170515096455,-0.3113283315223991,-0.6125275437631839,30371.2
5, 104332.0,1.5293801771063698,-0.3113283315223991,2.951441873012518,24138.18
10, 104333.0,-0.8317460740870789,-1.1845379375126739,1.1694571646246668,17041.36
2, 104334.0,-0.8317460740870789,-1.6211427405078112,-0.6125275437631839,6730.06
3, 104335.0,0.3488170515096455,0.9984860774630129,-0.6125275437631839,18281.34
5, 104336.0,0.3488170515096455,0.12527647147273824,1.1694571646246668,18492.63
8, 104337.0,3.8905064282998185,1.4350908804581504,-0.6125275437631839,24865.07
4, 104338.0,-0.8317460740870789,1.8716956834532876,-0.6125275437631839,15782.38
15, 104339.0,-0.8317460740870789,-0.3113283315223991,1.1694571646246668,15895.18
5, 104340.0,0.3488170515096455,0.12527647147273824,1.1694571646246668,18087.94
7, 104341.0,0.3488170515096455,-0.3113283315223991,-0.6125275437631839,15002.63
3, 104342.0,0.3488170515096455,2.308300486448425,-0.6125275437631839,33145.36
8, 104343.0,2.709943302703094,1.4350908804581504,1.1694571646246668,24091.62
3, 104344.0,1.5293801771063698,0.9984860774630129,-0.6125275437631839,15599.62
2, 104345.0,-0.8317460740870789,-1.1845379375126739,-0.6125275437631839,16844.68
3, 104346.0,0.3488170515096455,2.744905289443562,-0.6125275437631839,12009.41
7, 104347.0,0.3488170515096455,-0.3113283315223991,-0.6125275437631839,12387.12
11, 104348.0,0.3488170515096455,0.12527647147273824,-0.6125275437631839,16596.02
7, 104349.0,0.3488170515096455,-0.7479331345175364,-0.6125275437631839,18178.59
11, 104350.0,0.3488170515096455,0.12527647147273824,-0.6125275437631839,35649.27
11, 104351.0,0.3488170515096455,0.5618812744678756,-0.6125275437631839,32536.91
8, 104352.0,3.8905064282998185,4.054719698428975,1.1694571646246668,37776.29
6, 104353.0,-0.8317460740870789,0.5618812744678756,-0.6125275437631839,10460.03
5, 104354.0,0.3488170515096455,-0.3113283315223991,4.733426581400368,19948.59
2, 104355.0,-0.8317460740870789,-2.0577475435029484,-0.6125275437631839,27674.82
15, 104356.0,-0.8317460740870789,0.12527647147273824,1.1694571646246668,30258.41
1, 104357.0,-0.8317460740870789,-0.3113283315223991,-0.6125275437631839,7488.16
3, 104358.0,1.5293801771063698,0.9984860774630129,-0.6125275437631839,17263.99
4, 104359.0,-0.8317460740870789,0.9984860774630129,-0.6125275437631839,12290.92
3, 104360.0,0.3488170515096455,1.4350908804581504,-0.6125275437631839,17733.48
5, 104361.0,0.3488170515096455,0.12527647147273824,2.951441873012518,31586.26
15, 104362.0,-0.8317460740870789,0.9984860774630129,1.1694571646246668,16290.81
11, 104363.0,0.3488170515096455,0.5618812744678756,-0.6125275437631839,15949.65
13, 104364.0,2.709943302703094,-1.1845379375126739,1.1694571646246668,27095.13
7, 104365.0,0.3488170515096455,-0.7479331345175364,-0.6125275437631839,10902.88
5, 104366.0,0.3488170515096455,-0.3113283315223991,1.1694571646246668,23342.33
3, 104367.0,0.3488170515096455,0.9984860774630129,-0.6125275437631839,16688.68
0, 104368.0,1.5293801771063698,0.5618812744678756,1.1694571646246668,33183.05
13, 104369.0,0.3488170515096455,-1.1845379375126739,1.1694571646246668,16888.46
5, 104370.0,1.5293801771063698,0.12527647147273824,1.1694571646246668,37945.36
5, 104371.0,0.3488170515096455,-0.3113283315223991,1.1694571646246668,17703.59
0, 104372.0,0.3488170515096455,0.5618812744678756,1.1694571646246668,11143.79
0, 104373.0,0.3488170515096455,2.308300486448425,2.951441873012518,22561.91
10, 104374.0,-0.8317460740870789,-0.7479331345175364,1.1694571646246668,6386.03
0, 104375.0,0.3488170515096455,1.4350908804581504,1.1694571646246668,15707.77
11, 104376.0,0.3488170515096455,0.12527647147273824,-0.6125275437631839,10121.19
6, 104377.0,-0.8317460740870789,0.5618812744678756,-0.6125275437631839,18654.13
2, 104378.0,-0.8317460740870789,-1.1845379375126739,-0.6125275437631839,6373.37
1, 104379.0,-0.8317460740870789,0.12527647147273824,-0.6125275437631839,10346.86
2, 104380.0,-0.8317460740870789,-1.1845379375126739,-0.6125275437631839,8995.93
12, 104381.0,-0.8317460740870789,-0.7479331345175364,-0.6125275437631839,12568.69
3, 104382.0,0.3488170515096455,1.8716956834532876,-0.6125275437631839,12057.9
11, 104383.0,0.3488170515096455,0.12527647147273824,-0.6125275437631839,35528.09
3, 104384.0,0.3488170515096455,1.4350908804581504,-0.6125275437631839,33272.34
14, 104385.0,1.5293801771063698,0.12527647147273824,-0.6125275437631839,11568.3
10, 104386.0,-0.8317460740870789,-1.1845379375126739,1.1694571646246668,8633.44
0, 104387.0,1.5293801771063698,0.9984860774630129,1.1694571646246668,22379.16
12, 104388.0,-0.8317460740870789,-0.7479331345175364,-0.6125275437631839,20493.5
2, 104389.0,-0.8317460740870789,-1.1845379375126739,-0.6125275437631839,9048.9
5, 104390.0,0.3488170515096455,0.12527647147273824,2.951441873012518,24279.94
11, 104391.0,0.3488170515096455,0.12527647147273824,-0.6125275437631839,18691.75
15, 104392.0,-0.8317460740870789,-0.3113283315223991,1.1694571646246668,39602.73
2, 104393.0,-0.8317460740870789,-1.1845379375126739,-0.6125275437631839,8197.58
1, 104394.0,-0.8317460740870789,0.12527647147273824,-0.6125275437631839,6977.96
2, 104395.0,-0.8317460740870789,-1.1845379375126739,-0.6125275437631839,22674.86
1, 104396.0,-0.8317460740870789,0.12527647147273824,-0.6125275437631839,16568.06
2, 104397.0,-0.8317460740870789,-2.0577475435029484,-0.6125275437631839,20060.3
4, 104398.0,-0.8317460740870789,1.8716956834532876,-0.6125275437631839,14289.59
5, 104399.0,0.3488170515096455,-0.7479331345175364,1.1694571646246668,18676.03
2, 104400.0,-0.8317460740870789,-1.1845379375126739,-0.6125275437631839,12647.34
12, 104401.0,-0.8317460740870789,-0.7479331345175364,-0.6125275437631839,15373.17
4, 104402.0,-0.8317460740870789,1.8716956834532876,-0.6125275437631839,12483.3
15, 104403.0,-0.8317460740870789,0.12527647147273824,1.1694571646246668,9241.62
7, 104404.0,0.3488170515096455,-0.7479331345175364,-0.6125275437631839,12192.08
2, 104405.0,-0.8317460740870789,-1.1845379375126739,-0.6125275437631839,10165.49
14, 104406.0,1.5293801771063698,-0.3113283315223991,-0.6125275437631839,20844.15
0, 104407.0,0.3488170515096455,0.9984860774630129,1.1694571646246668,22436.85
12, 104408.0,-0.8317460740870789,-0.7479331345175364,-0.6125275437631839,7742.48
6, 104409.0,-0.8317460740870789,0.5618812744678756,-0.6125275437631839,14866.73
4, 104410.0,-0.8317460740870789,0.9984860774630129,-0.6125275437631839,16458.05
1, 104411.0,-0.8317460740870789,-0.3113283315223991,-0.6125275437631839,12596.96
9, 104412.0,0.3488170515096455,-1.1845379375126739,-0.6125275437631839,14023.0
2, 104413.0,-0.8317460740870789,-1.1845379375126739,-0.6125275437631839,8400.39
1, 104414.0,-0.8317460740870789,-0.3113283315223991,-0.6125275437631839,12417.6
0, 104415.0,0.3488170515096455,1.8716956834532876,1.1694571646246668,20200.03
9, 104416.0,0.3488170515096455,-1.1845379375126739,-0.6125275437631839,22988.76
15, 104417.0,-0.8317460740870789,0.12527647147273824,1.1694571646246668,19549.1
12, 104418.0,-0.8317460740870789,-0.7479331345175364,-0.6125275437631839,7049.85
12, 104419.0,-0.8317460740870789,-0.7479331345175364,-0.6125275437631839,19934.84
4, 104420.0,-0.8317460740870789,0.9984860774630129,-0.6125275437631839,8879.16
1, 104421.0,-0.8317460740870789,-0.3113283315223991,-0.6125275437631839,16013.52
3, 104422.0,1.5293801771063698,1.8716956834532876,-0.6125275437631839,15610.4
1, 104423.0,-0.8317460740870789,0.12527647147273824,-0.6125275437631839,14033.84
12, 104424.0,-0.8317460740870789,-0.7479331345175364,-0.6125275437631839,11514.91
0, 104425.0,0.3488170515096455,1.4350908804581504,1.1694571646246668,11758.46
11, 104426.0,0.3488170515096455,0.12527647147273824,-0.6125275437631839,10881.15
12, 104427.0,-0.8317460740870789,-0.7479331345175364,-0.6125275437631839,18306.83
14, 104428.0,1.5293801771063698,0.12527647147273824,-0.6125275437631839,16772.33
15, 104429.0,-0.8317460740870789,0.5618812744678756,1.1694571646246668,28636.81
8, 104430.0,2.709943302703094,1.4350908804581504,1.1694571646246668,29040.84
14, 104431.0,1.5293801771063698,-0.3113283315223991,-0.6125275437631839,37352.52
15, 104432.0,-0.8317460740870789,0.12527647147273824,1.1694571646246668,13794.53
6, 104433.0,-0.8317460740870789,0.5618812744678756,-0.6125275437631839,12307.48
2, 104434.0,-0.8317460740870789,-2.0577475435029484,-0.6125275437631839,28947.53
11, 104435.0,0.3488170515096455,0.5618812744678756,-0.6125275437631839,14312.11
5, 104436.0,0.3488170515096455,-0.3113283315223991,1.1694571646246668,37398.42
6, 104437.0,-0.8317460740870789,0.5618812744678756,-0.6125275437631839,25756.74
11, 104438.0,0.3488170515096455,0.12527647147273824,-0.6125275437631839,14346.22
13, 104439.0,0.3488170515096455,-1.1845379375126739,2.951441873012518,22033.84
5, 104440.0,1.5293801771063698,0.12527647147273824,1.1694571646246668,33041.49
15, 104441.0,-0.8317460740870789,-0.3113283315223991,1.1694571646246668,23981.19
2, 104442.0,-0.8317460740870789,-1.1845379375126739,-0.6125275437631839,23554.88
7, 104443.0,0.3488170515096455,-0.3113283315223991,-0.6125275437631839,24744.54
5, 104444.0,0.3488170515096455,0.12527647147273824,1.1694571646246668,13682.08
1, 104445.0,-0.8317460740870789,0.12527647147273824,-0.6125275437631839,12031.76
5, 104446.0,1.5293801771063698,-0.3113283315223991,1.1694571646246668,21926.44
4, 104447.0,-0.8317460740870789,2.744905289443562,-0.6125275437631839,14079.6
11, 104448.0,0.3488170515096455,0.5618812744678756,-0.6125275437631839,15690.6
9, 104449.0,1.5293801771063698,-1.1845379375126739,-0.6125275437631839,23004.34
7, 104450.0,0.3488170515096455,-0.3113283315223991,-0.6125275437631839,33570.27
1, 104451.0,-0.8317460740870789,0.12527647147273824,-0.6125275437631839,9048.66
3, 104452.0,0.3488170515096455,0.9984860774630129,-0.6125275437631839,18874.37
13, 104453.0,1.5293801771063698,-1.1845379375126739,1.1694571646246668,23435.59
13, 104454.0,0.3488170515096455,-1.1845379375126739,1.1694571646246668,22669.34
15, 104455.0,-0.8317460740870789,0.12527647147273824,1.1694571646246668,28869.35
1, 104456.0,-0.8317460740870789,0.12527647147273824,-0.6125275437631839,13335.83
3, 104457.0,0.3488170515096455,0.9984860774630129,-0.6125275437631839,29249.93
0, 104458.0,1.5293801771063698,0.9984860774630129,1.1694571646246668,23740.26
2, 104459.0,-0.8317460740870789,-1.6211427405078112,-0.6125275437631839,7002.17
14, 104460.0,1.5293801771063698,0.5618812744678756,-0.6125275437631839,19245.46
3, 104461.0,1.5293801771063698,1.4350908804581504,-0.6125275437631839,22365.32
6, 104462.0,-0.8317460740870789,0.5618812744678756,-0.6125275437631839,22610.05
14, 104463.0,1.5293801771063698,-0.3113283315223991,-0.6125275437631839,24835.8
14, 104464.0,1.5293801771063698,-0.7479331345175364,-0.6125275437631839,15457.86
11, 104465.0,0.3488170515096455,0.12527647147273824,-0.6125275437631839,23343.27
9, 104466.0,0.3488170515096455,-1.1845379375126739,-0.6125275437631839,19739.55
10, 104467.0,-0.8317460740870789,-0.7479331345175364,1.1694571646246668,29689.68
0, 104468.0,0.3488170515096455,0.9984860774630129,1.1694571646246668,29631.55
13, 104469.0,0.3488170515096455,-1.6211427405078112,1.1694571646246668,19553.42
2, 104470.0,-0.8317460740870789,-1.1845379375126739,-0.6125275437631839,8790.21
11, 104471.0,0.3488170515096455,0.5618812744678756,-0.6125275437631839,16825.13
7, 104472.0,0.3488170515096455,-0.7479331345175364,-0.6125275437631839,17337.6
3, 104473.0,0.3488170515096455,0.9984860774630129,-0.6125275437631839,18748.51
1, 104474.0,-0.8317460740870789,-0.3113283315223991,-0.6125275437631839,6831.82
15, 104475.0,-0.8317460740870789,0.9984860774630129,1.1694571646246668,15594.75
8, 104476.0,2.709943302703094,2.744905289443562,-0.6125275437631839,19635.46
3, 104477.0,0.3488170515096455,1.8716956834532876,-0.6125275437631839,17028.49
1, 104478.0,-0.8317460740870789,-0.3113283315223991,-0.6125275437631839,15096.9
10, 104479.0,-0.8317460740870789,-1.1845379375126739,1.1694571646246668,21172.97
0, 104480.0,0.3488170515096455,0.5618812744678756,1.1694571646246668,17950.96
2, 104481.0,-0.8317460740870789,-1.6211427405078112,-0.6125275437631839,7068.98
10, 104482.0,-0.8317460740870789,-1.6211427405078112,1.1694571646246668,17452.55
3, 104483.0,0.3488170515096455,0.9984860774630129,-0.6125275437631839,13125.03
1, 104484.0,-0.8317460740870789,-0.3113283315223991,-0.6125275437631839,25425.67
10, 104485.0,-0.8317460740870789,-0.7479331345175364,2.951441873012518,16094.6
10, 104486.0,-0.8317460740870789,-1.6211427405078112,1.1694571646246668,14440.24
12, 104487.0,-0.8317460740870789,-0.7479331345175364,-0.6125275437631839,12387.77
11, 104488.0,0.3488170515096455,0.5618812744678756,-0.6125275437631839,18846.68
12, 104489.0,-0.8317460740870789,-0.7479331345175364,-0.6125275437631839,23073.22
9, 104490.0,1.5293801771063698,-1.6211427405078112,-0.6125275437631839,18830.69
1, 104491.0,-0.8317460740870789,0.12527647147273824,-0.6125275437631839,8473.03
1, 104492.0,-0.8317460740870789,0.12527647147273824,-0.6125275437631839,5581.52
15, 104493.0,-0.8317460740870789,0.5618812744678756,1.1694571646246668,14515.24
14, 104494.0,1.5293801771063698,-0.3113283315223991,-0.6125275437631839,21499.34
12, 104495.0,-0.8317460740870789,-0.7479331345175364,-0.6125275437631839,13714.43
11, 104496.0,0.3488170515096455,0.12527647147273824,-0.6125275437631839,24224.5
7, 104497.0,0.3488170515096455,-0.3113283315223991,-0.6125275437631839,12662.29
13, 104498.0,0.3488170515096455,-1.1845379375126739,1.1694571646246668,16568.5
12, 104499.0,-0.8317460740870789,-0.7479331345175364,-0.6125275437631839,17362.17
15, 104500.0,-0.8317460740870789,-0.3113283315223991,1.1694571646246668,20542.65
15, 104501.0,-0.8317460740870789,-0.3113283315223991,1.1694571646246668,16312.16
4, 104502.0,-0.8317460740870789,0.9984860774630129,-0.6125275437631839,9788.63
5, 104503.0,1.5293801771063698,-0.7479331345175364,1.1694571646246668,27627.8
7, 104504.0,0.3488170515096455,-0.7479331345175364,-0.6125275437631839,16077.21
3, 104505.0,1.5293801771063698,0.9984860774630129,-0.6125275437631839,31611.59
12, 104506.0,-0.8317460740870789,-0.7479331345175364,-0.6125275437631839,17834.68
7, 104507.0,0.3488170515096455,-0.3113283315223991,-0.6125275437631839,18177.3
5, 104508.0,1.5293801771063698,0.12527647147273824,2.951441873012518,19903.11
9, 104509.0,0.3488170515096455,-1.1845379375126739,-0.6125275437631839,9188.55
10, 104510.0,-0.8317460740870789,-0.7479331345175364,1.1694571646246668,12693.41
12, 104511.0,-0.8317460740870789,-0.7479331345175364,-0.6125275437631839,11846.54
11, 104512.0,0.3488170515096455,0.5618812744678756,-0.6125275437631839,31280.32
1, 104513.0,-0.8317460740870789,0.12527647147273824,-0.6125275437631839,11614.06
10, 104514.0,-0.8317460740870789,-0.7479331345175364,1.1694571646246668,15764.12
5, 104515.0,0.3488170515096455,-0.3113283315223991,1.1694571646246668,15345.61
5, 104516.0,0.3488170515096455,0.12527647147273824,1.1694571646246668,12198.43
1, 104517.0,-0.8317460740870789,0.12527647147273824,-0.6125275437631839,13429.65
2, 104518.0,-0.8317460740870789,-1.6211427405078112,-0.6125275437631839,25585.16
5, 104519.0,0.3488170515096455,0.12527647147273824,1.1694571646246668,31593.55
14, 104520.0,1.5293801771063698,-0.7479331345175364,-0.6125275437631839,14429.33
9, 104521.0,0.3488170515096455,-1.1845379375126739,-0.6125275437631839,15904.02
10, 104522.0,-0.8317460740870789,-0.3113283315223991,2.951441873012518,16324.7
12, 104523.0,-0.8317460740870789,-0.7479331345175364,-0.6125275437631839,17207.05
14, 104524.0,1.5293801771063698,0.12527647147273824,-0.6125275437631839,18049.95
3, 104525.0,0.3488170515096455,0.9984860774630129,-0.6125275437631839,17346.81
2, 104526.0,-0.8317460740870789,-1.1845379375126739,-0.6125275437631839,12156.07
0, 104527.0,1.5293801771063698,0.5618812744678756,2.951441873012518,24827.86
0, 104528.0,0.3488170515096455,1.4350908804581504,1.1694571646246668,16039.17
15, 104529.0,-0.8317460740870789,0.5618812744678756,1.1694571646246668,9142.6
0, 104530.0,1.5293801771063698,1.4350908804581504,2.951441873012518,24399.95
11, 104531.0,0.3488170515096455,0.5618812744678756,-0.6125275437631839,12684.75
2, 104532.0,-0.8317460740870789,-1.1845379375126739,-0.6125275437631839,14068.7
1, 104533.0,-0.8317460740870789,0.12527647147273824,-0.6125275437631839,23770.09
10, 104534.0,-0.8317460740870789,-1.1845379375126739,2.951441873012518,23267.97
7, 104535.0,0.3488170515096455,-0.3113283315223991,-0.6125275437631839,25552.85
0, 104536.0,0.3488170515096455,0.5618812744678756,1.1694571646246668,17377.9
11, 104537.0,0.3488170515096455,0.12527647147273824,-0.6125275437631839,17662.39
6, 104538.0,-0.8317460740870789,0.5618812744678756,-0.6125275437631839,4767.6
3, 104539.0,0.3488170515096455,1.4350908804581504,-0.6125275437631839,26808.17
12, 104540.0,-0.8317460740870789,-0.7479331345175364,-0.6125275437631839,24875.53
0, 104541.0,0.3488170515096455,0.5618812744678756,1.1694571646246668,15008.32
5, 104542.0,0.3488170515096455,-0.7479331345175364,2.951441873012518,25903.28
15, 104543.0,-0.8317460740870789,1.8716956834532876,1.1694571646246668,26643.18
0, 104544.0,0.3488170515096455,1.4350908804581504,1.1694571646246668,20005.64
8, 104545.0,2.709943302703094,0.5618812744678756,1.1694571646246668,28927.76
1, 104546.0,-0.8317460740870789,0.12527647147273824,-0.6125275437631839,9893.76
3, 104547.0,1.5293801771063698,1.8716956834532876,-0.6125275437631839,20232.18
4, 104548.0,-0.8317460740870789,1.4350908804581504,-0.6125275437631839,12475.76
6, 104549.0,-0.8317460740870789,0.5618812744678756,-0.6125275437631839,11344.25
3, 104550.0,0.3488170515096455,0.9984860774630129,-0.6125275437631839,32956.07
11, 104551.0,0.3488170515096455,0.12527647147273824,-0.6125275437631839,10264.35
3, 104552.0,1.5293801771063698,1.4350908804581504,-0.6125275437631839,20233.41
12, 104553.0,-0.8317460740870789,-0.7479331345175364,-0.6125275437631839,28424.04
2, 104554.0,-0.8317460740870789,-1.1845379375126739,-0.6125275437631839,14749.13
4, 104555.0,-0.8317460740870789,1.4350908804581504,-0.6125275437631839,12163.62
2, 104556.0,-0.8317460740870789,-1.1845379375126739,-0.6125275437631839,16899.1
8, 104557.0,2.709943302703094,3.618114895433837,-0.6125275437631839,17462.98
11, 104558.0,0.3488170515096455,0.5618812744678756,-0.6125275437631839,12450.41
9, 104559.0,0.3488170515096455,-1.6211427405078112,-0.6125275437631839,8419.74
3, 104560.0,1.5293801771063698,0.9984860774630129,-0.6125275437631839,16193.21
1, 104561.0,-0.8317460740870789,-0.3113283315223991,-0.6125275437631839,20620.18
1, 104562.0,-0.8317460740870789,-0.3113283315223991,-0.6125275437631839,18134.63
0, 104563.0,0.3488170515096455,1.4350908804581504,1.1694571646246668,16997.54
0, 104564.0,0.3488170515096455,0.9984860774630129,1.1694571646246668,15695.13
0, 104565.0,1.5293801771063698,0.9984860774630129,1.1694571646246668,21490.67
4, 104566.0,-0.8317460740870789,0.9984860774630129,-0.6125275437631839,19053.37
2, 104567.0,-0.8317460740870789,-1.6211427405078112,-0.6125275437631839,24304.5
15, 104568.0,-0.8317460740870789,0.5618812744678756,1.1694571646246668,13878.06
2, 104569.0,-0.8317460740870789,-1.1845379375126739,-0.6125275437631839,10375.82
15, 104570.0,-0.8317460740870789,0.12527647147273824,1.1694571646246668,33427.55
0, 104571.0,0.3488170515096455,1.4350908804581504,1.1694571646246668,30209.56
3, 104572.0,1.5293801771063698,0.9984860774630129,-0.6125275437631839,17433.75
15, 104573.0,-0.8317460740870789,0.9984860774630129,1.1694571646246668,18976.46
4, 104574.0,-0.8317460740870789,0.9984860774630129,-0.6125275437631839,23168.85
8, 104575.0,2.709943302703094,1.8716956834532876,-0.6125275437631839,18408.63
7, 104576.0,0.3488170515096455,-0.3113283315223991,-0.6125275437631839,10640.32
14, 104577.0,1.5293801771063698,-0.7479331345175364,-0.6125275437631839,16294.86
5, 104578.0,1.5293801771063698,0.12527647147273824,1.1694571646246668,23797.16
7, 104579.0,0.3488170515096455,-0.3113283315223991,-0.6125275437631839,27145.23
15, 104580.0,-0.8317460740870789,0.12527647147273824,1.1694571646246668,16180.98
11, 104581.0,0.3488170515096455,0.12527647147273824,-0.6125275437631839,17523.29
12, 104582.0,-0.8317460740870789,-0.7479331345175364,-0.6125275437631839,13423.75
9, 104583.0,0.3488170515096455,-1.1845379375126739,-0.6125275437631839,15584.53
15, 104584.0,-0.8317460740870789,-0.3113283315223991,1.1694571646246668,28507.19
1, 104585.0,-0.8317460740870789,0.12527647147273824,-0.6125275437631839,7538.42
3, 104586.0,0.3488170515096455,1.8716956834532876,-0.6125275437631839,34657.52
10, 104587.0,-0.8317460740870789,-1.1845379375126739,1.1694571646246668,15966.78
2, 104588.0,-0.8317460740870789,-1.6211427405078112,-0.6125275437631839,13735.69
6, 104589.0,-0.8317460740870789,0.5618812744678756,-0.6125275437631839,12056.64
3, 104590.0,0.3488170515096455,0.9984860774630129,-0.6125275437631839,25652.62
9, 104591.0,0.3488170515096455,-1.6211427405078112,-0.6125275437631839,22297.1
11, 104592.0,0.3488170515096455,0.12527647147273824,-0.6125275437631839,11777.56
3, 104593.0,0.3488170515096455,0.9984860774630129,-0.6125275437631839,9009.03
3, 104594.0,1.5293801771063698,0.9984860774630129,-0.6125275437631839,22825.23
2, 104595.0,-0.8317460740870789,-1.1845379375126739,-0.6125275437631839,14218.57
1, 104596.0,-0.8317460740870789,-0.3113283315223991,-0.6125275437631839,8491.11
4, 104597.0,-0.8317460740870789,0.9984860774630129,-0.6125275437631839,28855.09
6, 104598.0,-0.8317460740870789,0.5618812744678756,-0.6125275437631839,9812.23
12, 104599.0,-0.8317460740870789,-0.7479331345175364,-0.6125275437631839,5449.15
8, 104600.0,2.709943302703094,0.5618812744678756,2.951441873012518,28564.81
15, 104601.0,-0.8317460740870789,0.5618812744678756,1.1694571646246668,19407.91
1, 104602.0,-0.8317460740870789,-0.3113283315223991,-0.6125275437631839,13432.17
13, 104603.0,0.3488170515096455,-1.1845379375126739,1.1694571646246668,21220.71
14, 104604.0,1.5293801771063698,-0.7479331345175364,-0.6125275437631839,16622.66
7, 104605.0,0.3488170515096455,-0.3113283315223991,-0.6125275437631839,7473.89
3, 104606.0,1.5293801771063698,1.8716956834532876,-0.6125275437631839,19604.42
2, 104607.0,-0.8317460740870789,-1.1845379375126739,-0.6125275437631839,22963.82
14, 104608.0,1.5293801771063698,-0.3113283315223991,-0.6125275437631839,21303.91
10, 104609.0,-0.8317460740870789,-0.7479331345175364,1.1694571646246668,19846.43
11, 104610.0,0.3488170515096455,0.12527647147273824,-0.6125275437631839,27576.31
5, 104611.0,0.3488170515096455,-0.3113283315223991,1.1694571646246668,23506.93
15, 104612.0,-0.8317460740870789,1.4350908804581504,1.1694571646246668,20482.22
12, 104613.0,-0.8317460740870789,-0.7479331345175364,-0.6125275437631839,31899.08
12, 104614.0,-0.8317460740870789,-0.7479331345175364,-0.6125275437631839,23225.48
5, 104615.0,0.3488170515096455,0.12527647147273824,1.1694571646246668,15665.25
14, 104616.0,1.5293801771063698,0.12527647147273824,-0.6125275437631839,17881.13
7, 104617.0,0.3488170515096455,-0.3113283315223991,-0.6125275437631839,6802.67
1, 104618.0,-0.8317460740870789,0.12527647147273824,-0.6125275437631839,30145.17
1, 104619.0,-0.8317460740870789,0.12527647147273824,-0.6125275437631839,11228.69
5, 104620.0,0.3488170515096455,-0.3113283315223991,1.1694571646246668,28258.22
3, 104621.0,1.5293801771063698,0.9984860774630129,-0.6125275437631839,30525.39
5, 104622.0,0.3488170515096455,0.12527647147273824,1.1694571646246668,24421.86
0, 104623.0,0.3488170515096455,0.5618812744678756,1.1694571646246668,17709.77
12, 104624.0,-0.8317460740870789,-0.7479331345175364,-0.6125275437631839,4836.63
11, 104625.0,0.3488170515096455,0.12527647147273824,-0.6125275437631839,12873.6
10, 104626.0,-0.8317460740870789,-0.7479331345175364,2.951441873012518,15510.71
5, 104627.0,2.709943302703094,-0.7479331345175364,1.1694571646246668,20675.39
7, 104628.0,0.3488170515096455,-0.7479331345175364,-0.6125275437631839,15273.2
11, 104629.0,0.3488170515096455,0.5618812744678756,-0.6125275437631839,30619.13
10, 104630.0,-0.8317460740870789,-0.7479331345175364,1.1694571646246668,14606.65
11, 104631.0,0.3488170515096455,0.5618812744678756,-0.6125275437631839,34532.48
14, 104632.0,1.5293801771063698,0.12527647147273824,-0.6125275437631839,18850.47
3, 104633.0,1.5293801771063698,2.744905289443562,-0.6125275437631839,21101.79
10, 104634.0,-0.8317460740870789,-2.0577475435029484,1.1694571646246668,29696.83
3, 104635.0,0.3488170515096455,1.4350908804581504,-0.6125275437631839,19232.06
0, 104636.0,1.5293801771063698,0.5618812744678756,1.1694571646246668,15847.85
4, 104637.0,-0.8317460740870789,1.4350908804581504,-0.6125275437631839,12543.58
12, 104638.0,-0.8317460740870789,-0.7479331345175364,-0.6125275437631839,28368.04
12, 104639.0,-0.8317460740870789,-0.7479331345175364,-0.6125275437631839,7750.47
1, 104640.0,-0.8317460740870789,0.12527647147273824,-0.6125275437631839,26828.53
4, 104641.0,-0.8317460740870789,2.308300486448425,-0.6125275437631839,10098.53
3, 104642.0,0.3488170515096455,1.4350908804581504,-0.6125275437631839,14326.34
5, 104643.0,1.5293801771063698,-0.7479331345175364,2.951441873012518,35340.13
0, 104644.0,0.3488170515096455,3.1815100924386996,1.1694571646246668,20008.12
1, 104645.0,-0.8317460740870789,0.12527647147273824,-0.6125275437631839,5429.35
1, 104646.0,-0.8317460740870789,0.12527647147273824,-0.6125275437631839,12384.69
10, 104647.0,-0.8317460740870789,-1.1845379375126739,1.1694571646246668,6443.42
9, 104648.0,0.3488170515096455,-1.1845379375126739,-0.6125275437631839,16513.81
6, 104649.0,-0.8317460740870789,0.5618812744678756,-0.6125275437631839,9205.46
7, 104650.0,0.3488170515096455,-0.3113283315223991,-0.6125275437631839,11894.47
2, 104651.0,-0.8317460740870789,-2.0577475435029484,-0.6125275437631839,10719.79
1, 104652.0,-0.8317460740870789,-0.3113283315223991,-0.6125275437631839,13101.96
8, 104653.0,3.8905064282998185,1.4350908804581504,1.1694571646246668,24322.13
3, 104654.0,0.3488170515096455,1.4350908804581504,-0.6125275437631839,17555.78
15, 104655.0,-0.8317460740870789,1.4350908804581504,1.1694571646246668,15071.31
1, 104656.0,-0.8317460740870789,-0.3113283315223991,-0.6125275437631839,32753.61
3, 104657.0,1.5293801771063698,2.308300486448425,-0.6125275437631839,24434.59
6, 104658.0,-0.8317460740870789,0.5618812744678756,-0.6125275437631839,11917.88
6, 104659.0,-0.8317460740870789,0.5618812744678756,-0.6125275437631839,8224.71
5, 104660.0,0.3488170515096455,-0.7479331345175364,1.1694571646246668,13655.15
1, 104661.0,-0.8317460740870789,-0.3113283315223991,-0.6125275437631839,15185.24
9, 104662.0,0.3488170515096455,-1.1845379375126739,-0.6125275437631839,25056.74
12, 104663.0,-0.8317460740870789,-0.7479331345175364,-0.6125275437631839,12269.24
12, 104664.0,-0.8317460740870789,-0.7479331345175364,-0.6125275437631839,10413.44
1, 104665.0,-0.8317460740870789,-0.3113283315223991,-0.6125275437631839,32151.68
11, 104666.0,0.3488170515096455,0.12527647147273824,-0.6125275437631839,15034.74
2, 104667.0,-0.8317460740870789,-1.1845379375126739,-0.6125275437631839,14262.31
3, 104668.0,0.3488170515096455,1.4350908804581504,-0.6125275437631839,19758.55
1, 104669.0,-0.8317460740870789,0.12527647147273824,-0.6125275437631839,28228.86
2, 104670.0,-0.8317460740870789,-1.6211427405078112,-0.6125275437631839,11685.65
7, 104671.0,0.3488170515096455,-0.7479331345175364,-0.6125275437631839,16517.49
5, 104672.0,1.5293801771063698,-0.3113283315223991,1.1694571646246668,17691.6
7, 104673.0,0.3488170515096455,-0.3113283315223991,-0.6125275437631839,16279.05
7, 104674.0,0.3488170515096455,-0.3113283315223991,-0.6125275437631839,17803.16
1, 104675.0,-0.8317460740870789,0.12527647147273824,-0.6125275437631839,7108.8
9, 104676.0,0.3488170515096455,-1.1845379375126739,-0.6125275437631839,15376.88
5, 104677.0,0.3488170515096455,-0.3113283315223991,1.1694571646246668,15125.95
15, 104678.0,-0.8317460740870789,0.12527647147273824,1.1694571646246668,29830.4
11, 104679.0,0.3488170515096455,0.12527647147273824,-0.6125275437631839,22762.26
5, 104680.0,0.3488170515096455,0.12527647147273824,2.951441873012518,13955.64
7, 104681.0,0.3488170515096455,-0.7479331345175364,-0.6125275437631839,11330.26
12, 104682.0,-0.8317460740870789,-0.7479331345175364,-0.6125275437631839,6570.86
1, 104683.0,-0.8317460740870789,-0.3113283315223991,-0.6125275437631839,13842.44
9, 104684.0,1.5293801771063698,-1.1845379375126739,-0.6125275437631839,32508.4
1, 104685.0,-0.8317460740870789,0.12527647147273824,-0.6125275437631839,12474.27
14, 104686.0,3.8905064282998185,0.12527647147273824,-0.6125275437631839,22619.27
2, 104687.0,-0.8317460740870789,-1.6211427405078112,-0.6125275437631839,7833.46
1, 104688.0,-0.8317460740870789,0.12527647147273824,-0.6125275437631839,25331.71
6, 104689.0,-0.8317460740870789,0.5618812744678756,-0.6125275437631839,12107.16
15, 104690.0,-0.8317460740870789,0.12527647147273824,1.1694571646246668,30458.62
12, 104691.0,-0.8317460740870789,-0.7479331345175364,-0.6125275437631839,7121.29
15, 104692.0,-0.8317460740870789,-0.3113283315223991,1.1694571646246668,15490.7
14, 104693.0,1.5293801771063698,0.12527647147273824,-0.6125275437631839,12993.94
1, 104694.0,-0.8317460740870789,0.12527647147273824,-0.6125275437631839,7196.72
11, 104695.0,0.3488170515096455,0.5618812744678756,-0.6125275437631839,15526.73
3, 104696.0,0.3488170515096455,0.9984860774630129,-0.6125275437631839,14392.33
4, 104697.0,-0.8317460740870789,0.9984860774630129,-0.6125275437631839,17335.27
0, 104698.0,0.3488170515096455,0.9984860774630129,1.1694571646246668,26454.64
0, 104699.0,1.5293801771063698,0.5618812744678756,1.1694571646246668,13152.43
1, 104700.0,-0.8317460740870789,-0.3113283315223991,-0.6125275437631839,7743.03
3, 104701.0,1.5293801771063698,0.9984860774630129,-0.6125275437631839,26456.45
2, 104702.0,-0.8317460740870789,-1.1845379375126739,-0.6125275437631839,10351.0
5, 104703.0,0.3488170515096455,-0.7479331345175364,1.1694571646246668,16317.7
7, 104704.0,0.3488170515096455,-0.7479331345175364,-0.6125275437631839,14177.3
0, 104705.0,0.3488170515096455,0.9984860774630129,2.951441873012518,15978.47
1, 104706.0,-0.8317460740870789,0.12527647147273824,-0.6125275437631839,29047.55
4, 104707.0,-0.8317460740870789,0.9984860774630129,-0.6125275437631839,15038.61
10, 104708.0,-0.8317460740870789,-0.7479331345175364,1.1694571646246668,12409.57
12, 104709.0,-0.8317460740870789,-0.7479331345175364,-0.6125275437631839,18171.69
10, 104710.0,-0.8317460740870789,-1.6211427405078112,1.1694571646246668,27257.24
14, 104711.0,1.5293801771063698,0.12527647147273824,-0.6125275437631839,16833.9
1, 104712.0,-0.8317460740870789,0.12527647147273824,-0.6125275437631839,11124.78
5, 104713.0,0.3488170515096455,-0.3113283315223991,1.1694571646246668,19588.64
0, 104714.0,1.5293801771063698,2.308300486448425,1.1694571646246668,23565.07
9, 104715.0,0.3488170515096455,-1.1845379375126739,-0.6125275437631839,12595.61
5, 104716.0,1.5293801771063698,-0.3113283315223991,2.951441873012518,21505.8
4, 104717.0,-0.8317460740870789,0.9984860774630129,-0.6125275437631839,12704.3
5, 104718.0,1.5293801771063698,0.12527647147273824,2.951441873012518,37128.16
3, 104719.0,0.3488170515096455,1.4350908804581504,-0.6125275437631839,10464.49
11, 104720.0,0.3488170515096455,0.12527647147273824,-0.6125275437631839,12492.86
7, 104721.0,0.3488170515096455,-0.3113283315223991,-0.6125275437631839,25239.63
15, 104722.0,-0.8317460740870789,0.5618812744678756,1.1694571646246668,11624.04
2, 104723.0,-0.8317460740870789,-2.0577475435029484,-0.6125275437631839,29139.94
1, 104724.0,-0.8317460740870789,-0.3113283315223991,-0.6125275437631839,12281.18
1, 104725.0,-0.8317460740870789,-0.3113283315223991,-0.6125275437631839,12352.2
13, 104726.0,0.3488170515096455,-1.6211427405078112,1.1694571646246668,31550.86
2, 104727.0,-0.8317460740870789,-1.6211427405078112,-0.6125275437631839,24604.3
0, 104728.0,0.3488170515096455,1.4350908804581504,2.951441873012518,27261.97
1, 104729.0,-0.8317460740870789,0.12527647147273824,-0.6125275437631839,11235.79
5, 104730.0,0.3488170515096455,-0.3113283315223991,1.1694571646246668,13644.97
3, 104731.0,0.3488170515096455,0.9984860774630129,-0.6125275437631839,9994.74
11, 104732.0,0.3488170515096455,0.5618812744678756,-0.6125275437631839,17819.46
1, 104733.0,-0.8317460740870789,0.12527647147273824,-0.6125275437631839,9766.19
7, 104734.0,0.3488170515096455,-0.7479331345175364,-0.6125275437631839,10433.02
13, 104735.0,1.5293801771063698,-1.6211427405078112,1.1694571646246668,22761.3
12, 104736.0,-0.8317460740870789,-0.7479331345175364,-0.6125275437631839,14125.83
3, 104737.0,0.3488170515096455,1.4350908804581504,-0.6125275437631839,11647.54
4, 104738.0,-0.8317460740870789,0.9984860774630129,-0.6125275437631839,15982.55
4, 104739.0,-0.8317460740870789,1.4350908804581504,-0.6125275437631839,14106.49
3, 104740.0,1.5293801771063698,2.308300486448425,-0.6125275437631839,17970.42
0, 104741.0,0.3488170515096455,1.4350908804581504,1.1694571646246668,16485.72
3, 104742.0,1.5293801771063698,1.4350908804581504,-0.6125275437631839,16168.12
5, 104743.0,1.5293801771063698,-0.3113283315223991,2.951441873012518,37752.44
5, 104744.0,1.5293801771063698,-0.3113283315223991,1.1694571646246668,17649.84
11, 104745.0,0.3488170515096455,0.12527647147273824,-0.6125275437631839,24584.0
9, 104746.0,0.3488170515096455,-1.1845379375126739,-0.6125275437631839,12910.02
2, 104747.0,-0.8317460740870789,-1.1845379375126739,-0.6125275437631839,6102.11
13, 104748.0,0.3488170515096455,-1.1845379375126739,2.951441873012518,21403.86
1, 104749.0,-0.8317460740870789,-0.3113283315223991,-0.6125275437631839,12589.73
7, 104750.0,0.3488170515096455,-0.7479331345175364,-0.6125275437631839,31374.54
10, 104751.0,-0.8317460740870789,-0.7479331345175364,1.1694571646246668,13816.03
10, 104752.0,-0.8317460740870789,-0.7479331345175364,1.1694571646246668,19981.46
1, 104753.0,-0.8317460740870789,0.12527647147273824,-0.6125275437631839,12946.01
15, 104754.0,-0.8317460740870789,0.5618812744678756,1.1694571646246668,17664.38
6, 104755.0,-0.8317460740870789,0.5618812744678756,-0.6125275437631839,12374.42
12, 104756.0,-0.8317460740870789,-0.7479331345175364,-0.6125275437631839,21542.13
12, 104757.0,-0.8317460740870789,-0.7479331345175364,-0.6125275437631839,8387.69
15, 104758.0,-0.8317460740870789,1.4350908804581504,2.951441873012518,11013.13
1, 104759.0,-0.8317460740870789,-0.3113283315223991,-0.6125275437631839,9078.55
12, 104760.0,-0.8317460740870789,-0.7479331345175364,-0.6125275437631839,13389.52
8, 104761.0,2.709943302703094,0.12527647147273824,1.1694571646246668,26516.84
7, 104762.0,0.3488170515096455,-0.3113283315223991,-0.6125275437631839,31578.85
4, 104763.0,-0.8317460740870789,0.9984860774630129,-0.6125275437631839,13425.57
7, 104764.0,0.3488170515096455,-0.3113283315223991,-0.6125275437631839,17161.55
7, 104765.0,0.3488170515096455,-0.3113283315223991,-0.6125275437631839,14888.57
11, 104766.0,0.3488170515096455,0.5618812744678756,-0.6125275437631839,22175.41
10, 104767.0,-0.8317460740870789,-1.1845379375126739,1.1694571646246668,18763.62
9, 104768.0,0.3488170515096455,-1.6211427405078112,-0.6125275437631839,17267.89
15, 104769.0,-0.8317460740870789,-0.3113283315223991,1.1694571646246668,13544.1
12, 104770.0,-0.8317460740870789,-0.7479331345175364,-0.6125275437631839,13131.99
7, 104771.0,0.3488170515096455,-0.7479331345175364,-0.6125275437631839,29373.67
4, 104772.0,-0.8317460740870789,1.4350908804581504,-0.6125275437631839,15611.42
2, 104773.0,-0.8317460740870789,-1.1845379375126739,-0.6125275437631839,8492.12
7, 104774.0,0.3488170515096455,-0.7479331345175364,-0.6125275437631839,11222.55
12, 104775.0,-0.8317460740870789,-0.7479331345175364,-0.6125275437631839,15791.96
7, 104776.0,0.3488170515096455,-0.3113283315223991,-0.6125275437631839,14005.33
0, 104777.0,1.5293801771063698,0.9984860774630129,1.1694571646246668,17491.73
2, 104778.0,-0.8317460740870789,-1.1845379375126739,-0.6125275437631839,12935.47
4, 104779.0,-0.8317460740870789,1.4350908804581504,-0.6125275437631839,12169.73
1, 104780.0,-0.8317460740870789,0.12527647147273824,-0.6125275437631839,23914.63
13, 104781.0,0.3488170515096455,-1.1845379375126739,1.1694571646246668,15053.95
4, 104782.0,-0.8317460740870789,0.9984860774630129,-0.6125275437631839,14211.5
11, 104783.0,0.3488170515096455,0.5618812744678756,-0.6125275437631839,13176.76
0, 104784.0,1.5293801771063698,0.9984860774630129,1.1694571646246668,33088.08
1, 104785.0,-0.8317460740870789,-0.3113283315223991,-0.6125275437631839,8539.23
5, 104786.0,0.3488170515096455,-0.3113283315223991,1.1694571646246668,20040.29
1, 104787.0,-0.8317460740870789,-0.3113283315223991,-0.6125275437631839,15875.24
15, 104788.0,-0.8317460740870789,0.5618812744678756,1.1694571646246668,16927.36
5, 104789.0,1.5293801771063698,0.12527647147273824,2.951441873012518,17798.52
9, 104790.0,0.3488170515096455,-1.1845379375126739,-0.6125275437631839,10759.26
12, 104791.0,-0.8317460740870789,-0.7479331345175364,-0.6125275437631839,24274.74
6, 104792.0,-0.8317460740870789,0.5618812744678756,-0.6125275437631839,16398.79
0, 104793.0,1.5293801771063698,1.4350908804581504,1.1694571646246668,26079.9
1, 104794.0,-0.8317460740870789,0.12527647147273824,-0.6125275437631839,16688.69
15, 104795.0,-0.8317460740870789,0.12527647147273824,1.1694571646246668,24945.68
11, 104796.0,0.3488170515096455,0.12527647147273824,-0.6125275437631839,20757.96
11, 104797.0,0.3488170515096455,0.5618812744678756,-0.6125275437631839,21321.14
2, 104798.0,-0.8317460740870789,-1.6211427405078112,-0.6125275437631839,28580.05
7, 104799.0,0.3488170515096455,-0.7479331345175364,-0.6125275437631839,15897.99
1, 104800.0,-0.8317460740870789,-0.3113283315223991,-0.6125275437631839,9382.3
11, 104801.0,0.3488170515096455,0.12527647147273824,-0.6125275437631839,10575.52
1, 104802.0,-0.8317460740870789,0.12527647147273824,-0.6125275437631839,12112.22
9, 104803.0,0.3488170515096455,-2.0577475435029484,-0.6125275437631839,16339.43
1, 104804.0,-0.8317460740870789,0.12527647147273824,-0.6125275437631839,14933.34
0, 104805.0,1.5293801771063698,0.9984860774630129,1.1694571646246668,17339.42
9, 104806.0,1.5293801771063698,-1.1845379375126739,-0.6125275437631839,19659.12
5, 104807.0,0.3488170515096455,-0.7479331345175364,1.1694571646246668,13200.49
7, 104808.0,0.3488170515096455,-0.3113283315223991,-0.6125275437631839,23820.03
5, 104809.0,0.3488170515096455,0.12527647147273824,1.1694571646246668,34432.6
12, 104810.0,-0.8317460740870789,-0.7479331345175364,-0.6125275437631839,8704.44
1, 104811.0,-0.8317460740870789,-0.3113283315223991,-0.6125275437631839,28222.34
3, 104812.0,1.5293801771063698,2.744905289443562,-0.6125275437631839,15666.42
11, 104813.0,0.3488170515096455,0.12527647147273824,-0.6125275437631839,33236.42
14, 104814.0,2.709943302703094,0.12527647147273824,-0.6125275437631839,19625.02
11, 104815.0,0.3488170515096455,0.5618812744678756,-0.6125275437631839,14494.25
15, 104816.0,-0.8317460740870789,-0.3113283315223991,1.1694571646246668,12515.14
6, 104817.0,-0.8317460740870789,0.5618812744678756,-0.6125275437631839,11063.16
12, 104818.0,-0.8317460740870789,-0.7479331345175364,-0.6125275437631839,6518.18
2, 104819.0,-0.8317460740870789,-2.0577475435029484,-0.6125275437631839,29345.56
0, 104820.0,2.709943302703094,0.5618812744678756,4.733426581400368,30400.28
1, 104821.0,-0.8317460740870789,-0.3113283315223991,-0.6125275437631839,11996.39
0, 104822.0,1.5293801771063698,0.9984860774630129,1.1694571646246668,16305.4
7, 104823.0,0.3488170515096455,-0.7479331345175364,-0.6125275437631839,12347.58
11, 104824.0,0.3488170515096455,0.5618812744678756,-0.6125275437631839,10852.75
15, 104825.0,-0.8317460740870789,-0.3113283315223991,1.1694571646246668,14491.69
7, 104826.0,0.3488170515096455,-0.7479331345175364,-0.6125275437631839,23089.8
4, 104827.0,-0.8317460740870789,0.9984860774630129,-0.6125275437631839,11703.95
11, 104828.0,0.3488170515096455,0.12527647147273824,-0.6125275437631839,12205.48
4, 104829.0,-0.8317460740870789,2.308300486448425,-0.6125275437631839,10230.78
2, 104830.0,-0.8317460740870789,-1.1845379375126739,-0.6125275437631839,12024.85
1, 104831.0,-0.8317460740870789,-0.3113283315223991,-0.6125275437631839,10065.96
1, 104832.0,-0.8317460740870789,0.12527647147273824,-0.6125275437631839,11657.84
10, 104833.0,-0.8317460740870789,-0.7479331345175364,1.1694571646246668,21755.82
8, 104834.0,2.709943302703094,1.4350908804581504,2.951441873012518,35342.38
5, 104835.0,1.5293801771063698,0.12527647147273824,1.1694571646246668,22462.74
3, 104836.0,0.3488170515096455,2.744905289443562,-0.6125275437631839,16832.16
3, 104837.0,0.3488170515096455,1.8716956834532876,-0.6125275437631839,13388.02
4, 104838.0,-0.8317460740870789,1.8716956834532876,-0.6125275437631839,28218.57
2, 104839.0,-0.8317460740870789,-1.1845379375126739,-0.6125275437631839,24853.42
11, 104840.0,0.3488170515096455,0.12527647147273824,-0.6125275437631839,29382.96
11, 104841.0,0.3488170515096455,0.12527647147273824,-0.6125275437631839,10166.67
15, 104842.0,-0.8317460740870789,0.5618812744678756,1.1694571646246668,25736.49
3, 104843.0,0.3488170515096455,1.8716956834532876,-0.6125275437631839,15270.68
7, 104844.0,0.3488170515096455,-0.3113283315223991,-0.6125275437631839,5628.21
0, 104845.0,0.3488170515096455,1.8716956834532876,1.1694571646246668,17418.42
1, 104846.0,-0.8317460740870789,0.12527647147273824,-0.6125275437631839,13106.37
10, 104847.0,-0.8317460740870789,-0.7479331345175364,1.1694571646246668,15192.87
0, 104848.0,0.3488170515096455,0.9984860774630129,2.951441873012518,13595.22
0, 104849.0,0.3488170515096455,0.5618812744678756,1.1694571646246668,15997.82
12, 104850.0,-0.8317460740870789,-0.7479331345175364,-0.6125275437631839,10458.82
10, 104851.0,-0.8317460740870789,-0.7479331345175364,2.951441873012518,19922.43
2, 104852.0,-0.8317460740870789,-1.6211427405078112,-0.6125275437631839,9877.15
5, 104853.0,0.3488170515096455,-0.7479331345175364,1.1694571646246668,14758.67
4, 104854.0,-0.8317460740870789,0.9984860774630129,-0.6125275437631839,9860.04
5, 104855.0,0.3488170515096455,0.12527647147273824,1.1694571646246668,15286.56
9, 104856.0,0.3488170515096455,-1.1845379375126739,-0.6125275437631839,25332.85
1, 104857.0,-0.8317460740870789,0.12527647147273824,-0.6125275437631839,7966.17
12, 104858.0,-0.8317460740870789,-0.7479331345175364,-0.6125275437631839,21021.08
3, 104859.0,1.5293801771063698,1.4350908804581504,-0.6125275437631839,17911.85
11, 104860.0,0.3488170515096455,0.5618812744678756,-0.6125275437631839,14726.18
7, 104861.0,0.3488170515096455,-0.7479331345175364,-0.6125275437631839,20109.65
0, 104862.0,0.3488170515096455,0.5618812744678756,1.1694571646246668,12064.3
4, 104863.0,-0.8317460740870789,1.8716956834532876,-0.6125275437631839,11886.35
0, 104864.0,1.5293801771063698,1.4350908804581504,2.951441873012518,26783.81
15, 104865.0,-0.8317460740870789,0.5618812744678756,1.1694571646246668,20988.02
0, 104866.0,1.5293801771063698,2.308300486448425,1.1694571646246668,28354.34
12, 104867.0,-0.8317460740870789,-0.7479331345175364,-0.6125275437631839,9778.3
8, 104868.0,2.709943302703094,0.5618812744678756,1.1694571646246668,19140.24
3, 104869.0,0.3488170515096455,1.4350908804581504,-0.6125275437631839,19051.28
7, 104870.0,0.3488170515096455,-0.7479331345175364,-0.6125275437631839,13627.57
1, 104871.0,-0.8317460740870789,-0.3113283315223991,-0.6125275437631839,14791.61
14, 104872.0,1.5293801771063698,-0.7479331345175364,-0.6125275437631839,18983.19
15, 104873.0,-0.8317460740870789,-0.3113283315223991,1.1694571646246668,20008.19
13, 104874.0,1.5293801771063698,-1.1845379375126739,1.1694571646246668,15894.38
1, 104875.0,-0.8317460740870789,0.12527647147273824,-0.6125275437631839,17858.02
5, 104876.0,0.3488170515096455,-0.3113283315223991,1.1694571646246668,23303.66
5, 104877.0,1.5293801771063698,-0.7479331345175364,1.1694571646246668,21484.13
7, 104878.0,0.3488170515096455,-0.3113283315223991,-0.6125275437631839,23506.86
9, 104879.0,0.3488170515096455,-1.1845379375126739,-0.6125275437631839,10949.65
5, 104880.0,0.3488170515096455,-0.3113283315223991,1.1694571646246668,31192.47
5, 104881.0,0.3488170515096455,0.12527647147273824,2.951441873012518,17793.36
7, 104882.0,0.3488170515096455,-0.7479331345175364,-0.6125275437631839,23124.5
3, 104883.0,0.3488170515096455,1.4350908804581504,-0.6125275437631839,10749.62
4, 104884.0,-0.8317460740870789,1.8716956834532876,-0.6125275437631839,11647.31
1, 104885.0,-0.8317460740870789,-0.3113283315223991,-0.6125275437631839,9300.28
1, 104886.0,-0.8317460740870789,0.12527647147273824,-0.6125275437631839,8871.63
14, 104887.0,1.5293801771063698,0.5618812744678756,-0.6125275437631839,20105.36
4, 104888.0,-0.8317460740870789,2.308300486448425,-0.6125275437631839,23983.01
0, 104889.0,0.3488170515096455,2.308300486448425,1.1694571646246668,18542.74
0, 104890.0,1.5293801771063698,0.9984860774630129,1.1694571646246668,33493.58
15, 104891.0,-0.8317460740870789,0.12527647147273824,1.1694571646246668,21137.38
5, 104892.0,1.5293801771063698,0.12527647147273824,2.951441873012518,17989.93
4, 104893.0,-0.8317460740870789,1.4350908804581504,-0.6125275437631839,8577.1
2, 104894.0,-0.8317460740870789,-1.1845379375126739,-0.6125275437631839,2485.37
11, 104895.0,0.3488170515096455,0.12527647147273824,-0.6125275437631839,14190.18
0, 104896.0,0.3488170515096455,0.9984860774630129,2.951441873012518,17824.21
1, 104897.0,-0.8317460740870789,-0.3113283315223991,-0.6125275437631839,13940.73
12, 104898.0,-0.8317460740870789,-0.7479331345175364,-0.6125275437631839,9778.19
11, 104899.0,0.3488170515096455,0.12527647147273824,-0.6125275437631839,13895.61
9, 104900.0,0.3488170515096455,-1.1845379375126739,-0.6125275437631839,12249.17
12, 104901.0,-0.8317460740870789,-0.7479331345175364,-0.6125275437631839,12265.33
1, 104902.0,-0.8317460740870789,-0.3113283315223991,-0.6125275437631839,10219.74
2, 104903.0,-0.8317460740870789,-1.6211427405078112,-0.6125275437631839,12158.85
15, 104904.0,-0.8317460740870789,0.5618812744678756,1.1694571646246668,13899.21
4, 104905.0,-0.8317460740870789,0.9984860774630129,-0.6125275437631839,16161.33
7, 104906.0,0.3488170515096455,-0.3113283315223991,-0.6125275437631839,12791.0
1, 104907.0,-0.8317460740870789,-0.3113283315223991,-0.6125275437631839,3950.69
5, 104908.0,0.3488170515096455,-0.3113283315223991,1.1694571646246668,17041.76
11, 104909.0,0.3488170515096455,0.12527647147273824,-0.6125275437631839,14892.73
1, 104910.0,-0.8317460740870789,-0.3113283315223991,-0.6125275437631839,6692.4
15, 104911.0,-0.8317460740870789,-0.3113283315223991,1.1694571646246668,10628.46
4, 104912.0,-0.8317460740870789,0.9984860774630129,-0.6125275437631839,10909.19
14, 104913.0,2.709943302703094,0.12527647147273824,-0.6125275437631839,18606.29
11, 104914.0,0.3488170515096455,0.12527647147273824,-0.6125275437631839,10386.38
5, 104915.0,0.3488170515096455,0.12527647147273824,1.1694571646246668,24549.83
10, 104916.0,-0.8317460740870789,-1.1845379375126739,1.1694571646246668,14410.5
2, 104917.0,-0.8317460740870789,-1.6211427405078112,-0.6125275437631839,13968.2
2, 104918.0,-0.8317460740870789,-1.1845379375126739,-0.6125275437631839,9850.83
12, 104919.0,-0.8317460740870789,-0.7479331345175364,-0.6125275437631839,18688.0
15, 104920.0,-0.8317460740870789,0.12527647147273824,1.1694571646246668,15701.52
5, 104921.0,0.3488170515096455,-0.7479331345175364,1.1694571646246668,33056.62
7, 104922.0,0.3488170515096455,-0.3113283315223991,-0.6125275437631839,9931.51
8, 104923.0,2.709943302703094,0.9984860774630129,2.951441873012518,24933.79
1, 104924.0,-0.8317460740870789,-0.3113283315223991,-0.6125275437631839,29602.32
11, 104925.0,0.3488170515096455,0.12527647147273824,-0.6125275437631839,26209.66
1, 104926.0,-0.8317460740870789,0.12527647147273824,-0.6125275437631839,12035.36
11, 104927.0,0.3488170515096455,0.12527647147273824,-0.6125275437631839,7179.21
1, 104928.0,-0.8317460740870789,0.12527647147273824,-0.6125275437631839,8182.88
3, 104929.0,0.3488170515096455,1.4350908804581504,-0.6125275437631839,7534.51
3, 104930.0,0.3488170515096455,1.8716956834532876,-0.6125275437631839,8519.02
14, 104931.0,1.5293801771063698,0.5618812744678756,-0.6125275437631839,27976.58
15, 104932.0,-0.8317460740870789,0.12527647147273824,1.1694571646246668,16394.57
1, 104933.0,-0.8317460740870789,0.12527647147273824,-0.6125275437631839,17275.75
5, 104934.0,0.3488170515096455,-0.3113283315223991,1.1694571646246668,15596.76
6, 104935.0,-0.8317460740870789,0.5618812744678756,-0.6125275437631839,10740.14
9, 104936.0,0.3488170515096455,-1.1845379375126739,-0.6125275437631839,12925.93
0, 104937.0,0.3488170515096455,0.9984860774630129,1.1694571646246668,28442.48
13, 104938.0,0.3488170515096455,-1.1845379375126739,1.1694571646246668,29328.0
6, 104939.0,-0.8317460740870789,0.5618812744678756,-0.6125275437631839,12744.29
5, 104940.0,0.3488170515096455,-0.7479331345175364,1.1694571646246668,20573.05
15, 104941.0,-0.8317460740870789,-0.3113283315223991,1.1694571646246668,16091.72
2, 104942.0,-0.8317460740870789,-1.1845379375126739,-0.6125275437631839,12693.7
1, 104943.0,-0.8317460740870789,0.12527647147273824,-0.6125275437631839,14709.54
5, 104944.0,1.5293801771063698,-0.7479331345175364,2.951441873012518,20517.59
10, 104945.0,-0.8317460740870789,-0.3113283315223991,2.951441873012518,18705.03
5, 104946.0,1.5293801771063698,0.12527647147273824,1.1694571646246668,31343.59
12, 104947.0,-0.8317460740870789,-0.7479331345175364,-0.6125275437631839,13976.95
2, 104948.0,-0.8317460740870789,-1.1845379375126739,-0.6125275437631839,6713.02
1, 104949.0,-0.8317460740870789,-0.3113283315223991,-0.6125275437631839,7937.78
12, 104950.0,-0.8317460740870789,-0.7479331345175364,-0.6125275437631839,20696.97
10, 104951.0,-0.8317460740870789,-0.7479331345175364,1.1694571646246668,19698.95
12, 104952.0,-0.8317460740870789,-0.7479331345175364,-0.6125275437631839,8492.91
1, 104953.0,-0.8317460740870789,0.12527647147273824,-0.6125275437631839,21824.61
3, 104954.0,1.5293801771063698,1.8716956834532876,-0.6125275437631839,24188.29
3, 104955.0,0.3488170515096455,1.4350908804581504,-0.6125275437631839,33253.52
0, 104956.0,1.5293801771063698,2.308300486448425,2.951441873012518,36271.04
15, 104957.0,-0.8317460740870789,-0.3113283315223991,1.1694571646246668,17592.71
9, 104958.0,0.3488170515096455,-1.1845379375126739,-0.6125275437631839,16365.72
14, 104959.0,1.5293801771063698,0.5618812744678756,-0.6125275437631839,35838.0
11, 104960.0,0.3488170515096455,0.5618812744678756,-0.6125275437631839,17559.14
6, 104961.0,-0.8317460740870789,0.5618812744678756,-0.6125275437631839,10245.18
7, 104962.0,0.3488170515096455,-0.3113283315223991,-0.6125275437631839,19591.2
2, 104963.0,-0.8317460740870789,-2.0577475435029484,-0.6125275437631839,10986.66
3, 104964.0,0.3488170515096455,0.9984860774630129,-0.6125275437631839,10269.8
3, 104965.0,1.5293801771063698,0.9984860774630129,-0.6125275437631839,17280.15
14, 104966.0,1.5293801771063698,0.5618812744678756,-0.6125275437631839,31466.98
4, 104967.0,-0.8317460740870789,1.4350908804581504,-0.6125275437631839,11321.82
7, 104968.0,0.3488170515096455,-0.7479331345175364,-0.6125275437631839,18964.68
11, 104969.0,0.3488170515096455,0.5618812744678756,-0.6125275437631839,21935.8
11, 104970.0,0.3488170515096455,0.12527647147273824,-0.6125275437631839,16460.57
6, 104971.0,-0.8317460740870789,0.5618812744678756,-0.6125275437631839,7723.43
13, 104972.0,2.709943302703094,-1.1845379375126739,1.1694571646246668,24779.64
14, 104973.0,1.5293801771063698,0.5618812744678756,-0.6125275437631839,30360.38
10, 104974.0,-0.8317460740870789,-1.1845379375126739,1.1694571646246668,16255.12
5, 104975.0,1.5293801771063698,-0.7479331345175364,1.1694571646246668,27289.53
12, 104976.0,-0.8317460740870789,-0.7479331345175364,-0.6125275437631839,12305.56
1, 104977.0,-0.8317460740870789,-0.3113283315223991,-0.6125275437631839,9634.09
1, 104978.0,-0.8317460740870789,0.12527647147273824,-0.6125275437631839,19411.58
11, 104979.0,0.3488170515096455,0.12527647147273824,-0.6125275437631839,14986.79
1, 104980.0,-0.8317460740870789,0.12527647147273824,-0.6125275437631839,13540.05
1, 104981.0,-0.8317460740870789,0.12527647147273824,-0.6125275437631839,9646.41
6, 104982.0,-0.8317460740870789,0.5618812744678756,-0.6125275437631839,10635.91
5, 104983.0,0.3488170515096455,-0.3113283315223991,1.1694571646246668,12081.51
7, 104984.0,0.3488170515096455,-0.3113283315223991,-0.6125275437631839,13022.07
0, 104985.0,1.5293801771063698,1.4350908804581504,1.1694571646246668,20477.39
2, 104986.0,-0.8317460740870789,-1.1845379375126739,-0.6125275437631839,30288.36
3, 104987.0,0.3488170515096455,0.9984860774630129,-0.6125275437631839,11518.95
0, 104988.0,0.3488170515096455,0.5618812744678756,1.1694571646246668,17003.53
1, 104989.0,-0.8317460740870789,0.12527647147273824,-0.6125275437631839,10353.91
6, 104990.0,-0.8317460740870789,0.5618812744678756,-0.6125275437631839,10206.49
0, 104991.0,1.5293801771063698,0.5618812744678756,2.951441873012518,28074.9
7, 104992.0,0.3488170515096455,-0.7479331345175364,-0.6125275437631839,18417.1
13, 104993.0,0.3488170515096455,-2.0577475435029484,1.1694571646246668,16159.77
1, 104994.0,-0.8317460740870789,-0.3113283315223991,-0.6125275437631839,13858.27
3, 104995.0,0.3488170515096455,0.9984860774630129,-0.6125275437631839,24615.91
2, 104996.0,-0.8317460740870789,-1.1845379375126739,-0.6125275437631839,14992.05
0, 104997.0,0.3488170515096455,1.4350908804581504,1.1694571646246668,24168.9
6, 104998.0,-0.8317460740870789,0.5618812744678756,-0.6125275437631839,11370.16
0, 104999.0,1.5293801771063698,1.4350908804581504,1.1694571646246668,34624.81
1, 105000.0,-0.8317460740870789,-0.3113283315223991,-0.6125275437631839,11202.24
1, 105001.0,-0.8317460740870789,-0.3113283315223991,-0.6125275437631839,25638.01
1, 105002.0,-0.8317460740870789,-0.3113283315223991,-0.6125275437631839,10305.83
12, 105003.0,-0.8317460740870789,-0.7479331345175364,-0.6125275437631839,8098.97
1, 105004.0,-0.8317460740870789,0.12527647147273824,-0.6125275437631839,31399.21
12, 105005.0,-0.8317460740870789,-0.7479331345175364,-0.6125275437631839,24755.89
2, 105006.0,-0.8317460740870789,-1.1845379375126739,-0.6125275437631839,7654.49
15, 105007.0,-0.8317460740870789,0.5618812744678756,1.1694571646246668,11410.72
5, 105008.0,0.3488170515096455,-0.7479331345175364,1.1694571646246668,9737.43
10, 105009.0,-0.8317460740870789,-0.7479331345175364,1.1694571646246668,17765.75
0, 105010.0,0.3488170515096455,0.5618812744678756,1.1694571646246668,26576.63
11, 105011.0,0.3488170515096455,0.12527647147273824,-0.6125275437631839,9260.24
15, 105012.0,-0.8317460740870789,0.5618812744678756,1.1694571646246668,18734.1
12, 105013.0,-0.8317460740870789,-0.7479331345175364,-0.6125275437631839,21804.19
2, 105014.0,-0.8317460740870789,-1.6211427405078112,-0.6125275437631839,11252.28
11, 105015.0,0.3488170515096455,0.12527647147273824,-0.6125275437631839,12449.89
1, 105016.0,-0.8317460740870789,0.12527647147273824,-0.6125275437631839,11966.37
0, 105017.0,0.3488170515096455,1.4350908804581504,1.1694571646246668,34032.65
11, 105018.0,0.3488170515096455,0.12527647147273824,-0.6125275437631839,15042.68
7, 105019.0,0.3488170515096455,-0.3113283315223991,-0.6125275437631839,13007.56
3, 105020.0,0.3488170515096455,2.744905289443562,-0.6125275437631839,24553.0
8, 105021.0,2.709943302703094,0.9984860774630129,2.951441873012518,30086.89
11, 105022.0,0.3488170515096455,0.5618812744678756,-0.6125275437631839,15603.8
5, 105023.0,0.3488170515096455,-0.7479331345175364,1.1694571646246668,37355.93
8, 105024.0,3.8905064282998185,1.4350908804581504,2.951441873012518,34317.66
15, 105025.0,-0.8317460740870789,0.5618812744678756,1.1694571646246668,14114.45
7, 105026.0,0.3488170515096455,-0.3113283315223991,-0.6125275437631839,13014.75
5, 105027.0,1.5293801771063698,-0.7479331345175364,2.951441873012518,20705.15
7, 105028.0,0.3488170515096455,-0.7479331345175364,-0.6125275437631839,19432.99
1, 105029.0,-0.8317460740870789,0.12527647147273824,-0.6125275437631839,30124.71
8, 105030.0,2.709943302703094,2.308300486448425,-0.6125275437631839,28746.77
14, 105031.0,1.5293801771063698,0.12527647147273824,-0.6125275437631839,15788.82
0, 105032.0,0.3488170515096455,0.9984860774630129,1.1694571646246668,14799.59
2, 105033.0,-0.8317460740870789,-1.1845379375126739,-0.6125275437631839,9521.48
0, 105034.0,1.5293801771063698,0.5618812744678756,1.1694571646246668,23964.08
0, 105035.0,1.5293801771063698,1.4350908804581504,1.1694571646246668,20575.23
1, 105036.0,-0.8317460740870789,-0.3113283315223991,-0.6125275437631839,9957.64
10, 105037.0,-0.8317460740870789,-1.1845379375126739,1.1694571646246668,9734.45
1, 105038.0,-0.8317460740870789,0.12527647147273824,-0.6125275437631839,8705.23
1, 105039.0,-0.8317460740870789,-0.3113283315223991,-0.6125275437631839,11651.55
11, 105040.0,0.3488170515096455,0.5618812744678756,-0.6125275437631839,20953.3
1, 105041.0,-0.8317460740870789,-0.3113283315223991,-0.6125275437631839,26977.59
3, 105042.0,0.3488170515096455,1.4350908804581504,-0.6125275437631839,24135.3
2, 105043.0,-0.8317460740870789,-1.1845379375126739,-0.6125275437631839,9547.6
11, 105044.0,0.3488170515096455,0.12527647147273824,-0.6125275437631839,12450.25
15, 105045.0,-0.8317460740870789,0.12527647147273824,1.1694571646246668,28793.4
4, 105046.0,-0.8317460740870789,1.4350908804581504,-0.6125275437631839,14010.02
2, 105047.0,-0.8317460740870789,-1.6211427405078112,-0.6125275437631839,27074.89
1, 105048.0,-0.8317460740870789,-0.3113283315223991,-0.6125275437631839,10160.75
7, 105049.0,0.3488170515096455,-0.3113283315223991,-0.6125275437631839,8446.29
7, 105050.0,0.3488170515096455,-0.3113283315223991,-0.6125275437631839,33023.54
15, 105051.0,-0.8317460740870789,0.5618812744678756,1.1694571646246668,12747.57
1, 105052.0,-0.8317460740870789,-0.3113283315223991,-0.6125275437631839,15671.46
12, 105053.0,-0.8317460740870789,-0.7479331345175364,-0.6125275437631839,24118.26
5, 105054.0,0.3488170515096455,0.12527647147273824,1.1694571646246668,16701.94
4, 105055.0,-0.8317460740870789,0.9984860774630129,-0.6125275437631839,12775.36
0, 105056.0,1.5293801771063698,1.8716956834532876,1.1694571646246668,43302.8
11, 105057.0,0.3488170515096455,0.12527647147273824,-0.6125275437631839,14767.87
10, 105058.0,-0.8317460740870789,-1.1845379375126739,1.1694571646246668,32020.14
12, 105059.0,-0.8317460740870789,-0.7479331345175364,-0.6125275437631839,8558.98
1, 105060.0,-0.8317460740870789,-0.3113283315223991,-0.6125275437631839,11475.51
1, 105061.0,-0.8317460740870789,0.12527647147273824,-0.6125275437631839,15608.84
1, 105062.0,-0.8317460740870789,0.12527647147273824,-0.6125275437631839,17179.54
15, 105063.0,-0.8317460740870789,1.8716956834532876,1.1694571646246668,18768.1
11, 105064.0,0.3488170515096455,0.12527647147273824,-0.6125275437631839,9558.39
2, 105065.0,-0.8317460740870789,-1.1845379375126739,-0.6125275437631839,14815.88
7, 105066.0,0.3488170515096455,-0.7479331345175364,-0.6125275437631839,32300.6
1, 105067.0,-0.8317460740870789,-0.3113283315223991,-0.6125275437631839,24292.16
10, 105068.0,-0.8317460740870789,-1.1845379375126739,1.1694571646246668,8575.14
12, 105069.0,-0.8317460740870789,-0.7479331345175364,-0.6125275437631839,6804.23
1, 105070.0,-0.8317460740870789,0.12527647147273824,-0.6125275437631839,14767.29
4, 105071.0,-0.8317460740870789,0.9984860774630129,-0.6125275437631839,22539.77
0, 105072.0,1.5293801771063698,1.4350908804581504,1.1694571646246668,39874.02
11, 105073.0,0.3488170515096455,0.5618812744678756,-0.6125275437631839,12892.02
10, 105074.0,-0.8317460740870789,-0.7479331345175364,2.951441873012518,18193.2
3, 105075.0,0.3488170515096455,0.9984860774630129,-0.6125275437631839,12832.18
5, 105076.0,0.3488170515096455,0.12527647147273824,1.1694571646246668,19236.12
5, 105077.0,0.3488170515096455,0.12527647147273824,1.1694571646246668,17025.04
6, 105078.0,-0.8317460740870789,0.5618812744678756,-0.6125275437631839,12779.59
2, 105079.0,-0.8317460740870789,-1.1845379375126739,-0.6125275437631839,11327.96
15, 105080.0,-0.8317460740870789,-0.3113283315223991,1.1694571646246668,13218.09
1, 105081.0,-0.8317460740870789,0.12527647147273824,-0.6125275437631839,29726.65
13, 105082.0,0.3488170515096455,-1.1845379375126739,1.1694571646246668,15768.66
2, 105083.0,-0.8317460740870789,-1.1845379375126739,-0.6125275437631839,29936.35
1, 105084.0,-0.8317460740870789,-0.3113283315223991,-0.6125275437631839,8122.37
4, 105085.0,-0.8317460740870789,0.9984860774630129,-0.6125275437631839,11311.23
12, 105086.0,-0.8317460740870789,-0.7479331345175364,-0.6125275437631839,9651.07
1, 105087.0,-0.8317460740870789,-0.3113283315223991,-0.6125275437631839,12912.34
13, 105088.0,0.3488170515096455,-1.1845379375126739,1.1694571646246668,24313.04
2, 105089.0,-0.8317460740870789,-1.1845379375126739,-0.6125275437631839,2735.59
13, 105090.0,0.3488170515096455,-1.1845379375126739,1.1694571646246668,19195.68
0, 105091.0,0.3488170515096455,0.9984860774630129,1.1694571646246668,17894.88
12, 105092.0,-0.8317460740870789,-0.7479331345175364,-0.6125275437631839,13473.89
10, 105093.0,-0.8317460740870789,-0.7479331345175364,1.1694571646246668,28631.96
4, 105094.0,-0.8317460740870789,2.308300486448425,-0.6125275437631839,24524.85
0, 105095.0,0.3488170515096455,0.9984860774630129,1.1694571646246668,24395.69
3, 105096.0,0.3488170515096455,0.9984860774630129,-0.6125275437631839,31924.54
2, 105097.0,-0.8317460740870789,-1.1845379375126739,-0.6125275437631839,10162.85
1, 105098.0,-0.8317460740870789,-0.3113283315223991,-0.6125275437631839,13596.33
15, 105099.0,-0.8317460740870789,0.9984860774630129,1.1694571646246668,18229.72
5, 105100.0,1.5293801771063698,-0.3113283315223991,1.1694571646246668,40328.32
0, 105101.0,0.3488170515096455,1.4350908804581504,2.951441873012518,27271.22
7, 105102.0,0.3488170515096455,-0.3113283315223991,-0.6125275437631839,13784.39
1, 105103.0,-0.8317460740870789,-0.3113283315223991,-0.6125275437631839,11944.06
4, 105104.0,-0.8317460740870789,2.744905289443562,1.1694571646246668,29560.34
15, 105105.0,-0.8317460740870789,0.12527647147273824,1.1694571646246668,15561.08
10, 105106.0,-0.8317460740870789,-1.6211427405078112,1.1694571646246668,16972.67
8, 105107.0,2.709943302703094,0.9984860774630129,1.1694571646246668,49332.68
3, 105108.0,0.3488170515096455,0.9984860774630129,-0.6125275437631839,17258.04
3, 105109.0,0.3488170515096455,1.4350908804581504,-0.6125275437631839,16478.37
9, 105110.0,0.3488170515096455,-1.6211427405078112,-0.6125275437631839,34365.6
11, 105111.0,0.3488170515096455,0.5618812744678756,-0.6125275437631839,11072.23
0, 105112.0,1.5293801771063698,0.9984860774630129,1.1694571646246668,21892.69
5, 105113.0,0.3488170515096455,-0.3113283315223991,1.1694571646246668,25931.72
15, 105114.0,-0.8317460740870789,0.9984860774630129,1.1694571646246668,20825.99
4, 105115.0,-0.8317460740870789,1.4350908804581504,-0.6125275437631839,23860.1
14, 105116.0,1.5293801771063698,-0.3113283315223991,-0.6125275437631839,16428.09
1, 105117.0,-0.8317460740870789,-0.3113283315223991,-0.6125275437631839,16566.9
1, 105118.0,-0.8317460740870789,0.12527647147273824,-0.6125275437631839,10609.61
3, 105119.0,0.3488170515096455,1.4350908804581504,-0.6125275437631839,13700.53
2, 105120.0,-0.8317460740870789,-1.6211427405078112,-0.6125275437631839,16158.54
7, 105121.0,0.3488170515096455,-0.3113283315223991,-0.6125275437631839,31792.15
1, 105122.0,-0.8317460740870789,0.12527647147273824,-0.6125275437631839,17563.14
11, 105123.0,0.3488170515096455,0.5618812744678756,-0.6125275437631839,14749.9
1, 105124.0,-0.8317460740870789,0.12527647147273824,-0.6125275437631839,9357.09
7, 105125.0,0.3488170515096455,-0.3113283315223991,-0.6125275437631839,12170.47
15, 105126.0,-0.8317460740870789,0.5618812744678756,1.1694571646246668,14345.32
2, 105127.0,-0.8317460740870789,-1.1845379375126739,-0.6125275437631839,11193.44
12, 105128.0,-0.8317460740870789,-0.7479331345175364,-0.6125275437631839,32205.99
15, 105129.0,-0.8317460740870789,0.12527647147273824,1.1694571646246668,17189.75
2, 105130.0,-0.8317460740870789,-1.1845379375126739,-0.6125275437631839,13381.57
3, 105131.0,1.5293801771063698,3.1815100924386996,-0.6125275437631839,32750.24
6, 105132.0,-0.8317460740870789,0.5618812744678756,-0.6125275437631839,14406.52
1, 105133.0,-0.8317460740870789,-0.3113283315223991,-0.6125275437631839,6014.94
1, 105134.0,-0.8317460740870789,0.12527647147273824,-0.6125275437631839,13943.84
6, 105135.0,-0.8317460740870789,0.5618812744678756,-0.6125275437631839,11826.29
7, 105136.0,0.3488170515096455,-0.7479331345175364,-0.6125275437631839,12804.0
8, 105137.0,3.8905064282998185,2.308300486448425,1.1694571646246668,20048.3
14, 105138.0,1.5293801771063698,-0.7479331345175364,-0.6125275437631839,12638.36
15, 105139.0,-0.8317460740870789,-0.3113283315223991,1.1694571646246668,10746.61
3, 105140.0,0.3488170515096455,2.308300486448425,-0.6125275437631839,23633.74
12, 105141.0,-0.8317460740870789,-0.7479331345175364,-0.6125275437631839,21757.39
7, 105142.0,0.3488170515096455,-0.7479331345175364,-0.6125275437631839,15766.38
12, 105143.0,-0.8317460740870789,-0.7479331345175364,-0.6125275437631839,14037.66
5, 105144.0,1.5293801771063698,0.12527647147273824,1.1694571646246668,17021.09
14, 105145.0,1.5293801771063698,-0.3113283315223991,-0.6125275437631839,31208.59
10, 105146.0,-0.8317460740870789,-0.7479331345175364,1.1694571646246668,31362.71
9, 105147.0,0.3488170515096455,-1.1845379375126739,-0.6125275437631839,29183.43
0, 105148.0,0.3488170515096455,0.9984860774630129,1.1694571646246668,14549.97
3, 105149.0,0.3488170515096455,1.4350908804581504,-0.6125275437631839,14816.86
11, 105150.0,0.3488170515096455,0.5618812744678756,-0.6125275437631839,25068.82
13, 105151.0,1.5293801771063698,-1.6211427405078112,1.1694571646246668,22072.74
7, 105152.0,0.3488170515096455,-0.3113283315223991,-0.6125275437631839,8879.9
1, 105153.0,-0.8317460740870789,-0.3113283315223991,-0.6125275437631839,22636.89
7, 105154.0,0.3488170515096455,-0.7479331345175364,-0.6125275437631839,18188.98
1, 105155.0,-0.8317460740870789,0.12527647147273824,-0.6125275437631839,16454.22
10, 105156.0,-0.8317460740870789,-1.1845379375126739,1.1694571646246668,10568.17
3, 105157.0,0.3488170515096455,1.8716956834532876,-0.6125275437631839,17612.44
8, 105158.0,3.8905064282998185,0.9984860774630129,-0.6125275437631839,17506.08
5, 105159.0,0.3488170515096455,-0.7479331345175364,1.1694571646246668,26635.01
4, 105160.0,-0.8317460740870789,1.4350908804581504,-0.6125275437631839,6214.19
6, 105161.0,-0.8317460740870789,0.5618812744678756,-0.6125275437631839,16513.86
5, 105162.0,0.3488170515096455,0.12527647147273824,1.1694571646246668,30969.33
0, 105163.0,1.5293801771063698,0.5618812744678756,2.951441873012518,39423.53
3, 105164.0,1.5293801771063698,2.308300486448425,-0.6125275437631839,16441.3
4, 105165.0,-0.8317460740870789,1.4350908804581504,-0.6125275437631839,15227.33
7, 105166.0,0.3488170515096455,-0.3113283315223991,-0.6125275437631839,10402.91
3, 105167.0,1.5293801771063698,1.8716956834532876,-0.6125275437631839,18174.7
5, 105168.0,0.3488170515096455,0.12527647147273824,2.951441873012518,17396.8
3, 105169.0,0.3488170515096455,2.744905289443562,-0.6125275437631839,19087.39
14, 105170.0,1.5293801771063698,-0.7479331345175364,-0.6125275437631839,27013.85
0, 105171.0,0.3488170515096455,2.744905289443562,1.1694571646246668,13376.89
3, 105172.0,0.3488170515096455,1.8716956834532876,-0.6125275437631839,17693.95
9, 105173.0,0.3488170515096455,-1.6211427405078112,-0.6125275437631839,11633.12
1, 105174.0,-0.8317460740870789,-0.3113283315223991,-0.6125275437631839,6701.03
12, 105175.0,-0.8317460740870789,-0.7479331345175364,-0.6125275437631839,29897.58
9, 105176.0,0.3488170515096455,-1.1845379375126739,-0.6125275437631839,31383.65
1, 105177.0,-0.8317460740870789,0.12527647147273824,-0.6125275437631839,22387.86
2, 105178.0,-0.8317460740870789,-1.1845379375126739,-0.6125275437631839,13074.16
11, 105179.0,0.3488170515096455,0.12527647147273824,-0.6125275437631839,13132.65
15, 105180.0,-0.8317460740870789,0.12527647147273824,1.1694571646246668,11531.8
1, 105181.0,-0.8317460740870789,0.12527647147273824,-0.6125275437631839,6707.72
2, 105182.0,-0.8317460740870789,-1.1845379375126739,-0.6125275437631839,5894.25
1, 105183.0,-0.8317460740870789,-0.3113283315223991,-0.6125275437631839,22748.0
10, 105184.0,-0.8317460740870789,-1.1845379375126739,1.1694571646246668,20543.21
4, 105185.0,-0.8317460740870789,0.9984860774630129,-0.6125275437631839,26328.82
5, 105186.0,0.3488170515096455,-0.3113283315223991,2.951441873012518,20731.51
1, 105187.0,-0.8317460740870789,-0.3113283315223991,-0.6125275437631839,16350.2
1, 105188.0,-0.8317460740870789,-0.3113283315223991,-0.6125275437631839,15323.85
3, 105189.0,1.5293801771063698,1.4350908804581504,-0.6125275437631839,25800.35
1, 105190.0,-0.8317460740870789,0.12527647147273824,-0.6125275437631839,16490.07
2, 105191.0,-0.8317460740870789,-1.1845379375126739,-0.6125275437631839,9897.0
1, 105192.0,-0.8317460740870789,-0.3113283315223991,-0.6125275437631839,7455.79
2, 105193.0,-0.8317460740870789,-1.1845379375126739,-0.6125275437631839,24256.54
8, 105194.0,2.709943302703094,0.5618812744678756,1.1694571646246668,27788.57
1, 105195.0,-0.8317460740870789,0.12527647147273824,-0.6125275437631839,15096.17
2, 105196.0,-0.8317460740870789,-1.1845379375126739,-0.6125275437631839,30759.36
7, 105197.0,0.3488170515096455,-0.7479331345175364,-0.6125275437631839,6413.86
3, 105198.0,0.3488170515096455,1.4350908804581504,-0.6125275437631839,11160.22
1, 105199.0,-0.8317460740870789,-0.3113283315223991,-0.6125275437631839,15216.46
13, 105200.0,1.5293801771063698,-1.1845379375126739,2.951441873012518,21944.03
3, 105201.0,1.5293801771063698,2.308300486448425,-0.6125275437631839,23337.07
9, 105202.0,1.5293801771063698,-1.6211427405078112,-0.6125275437631839,20646.58
1, 105203.0,-0.8317460740870789,0.12527647147273824,-0.6125275437631839,13555.53
1, 105204.0,-0.8317460740870789,0.12527647147273824,-0.6125275437631839,11493.63
15, 105205.0,-0.8317460740870789,0.5618812744678756,1.1694571646246668,19461.77
5, 105206.0,1.5293801771063698,0.12527647147273824,1.1694571646246668,18437.9
14, 105207.0,1.5293801771063698,0.5618812744678756,-0.6125275437631839,13416.52
7, 105208.0,0.3488170515096455,-0.7479331345175364,-0.6125275437631839,12865.82
5, 105209.0,0.3488170515096455,0.12527647147273824,1.1694571646246668,15562.27
1, 105210.0,-0.8317460740870789,-0.3113283315223991,-0.6125275437631839,16599.5
3, 105211.0,1.5293801771063698,1.8716956834532876,-0.6125275437631839,18031.45
9, 105212.0,0.3488170515096455,-1.1845379375126739,-0.6125275437631839,12440.35
3, 105213.0,0.3488170515096455,1.4350908804581504,-0.6125275437631839,10482.87
14, 105214.0,2.709943302703094,-0.3113283315223991,-0.6125275437631839,25040.76
2, 105215.0,-0.8317460740870789,-2.0577475435029484,-0.6125275437631839,9086.6
7, 105216.0,0.3488170515096455,-0.7479331345175364,-0.6125275437631839,13155.48
0, 105217.0,1.5293801771063698,0.5618812744678756,1.1694571646246668,25698.09
3, 105218.0,0.3488170515096455,1.4350908804581504,-0.6125275437631839,27023.29
14, 105219.0,1.5293801771063698,-0.7479331345175364,-0.6125275437631839,18987.72
2, 105220.0,-0.8317460740870789,-1.1845379375126739,-0.6125275437631839,10377.45
3, 105221.0,0.3488170515096455,2.308300486448425,-0.6125275437631839,10010.65
4, 105222.0,-0.8317460740870789,1.8716956834532876,-0.6125275437631839,24148.94
5, 105223.0,0.3488170515096455,-0.3113283315223991,1.1694571646246668,15267.29
11, 105224.0,0.3488170515096455,0.5618812744678756,-0.6125275437631839,19958.87
9, 105225.0,0.3488170515096455,-1.1845379375126739,-0.6125275437631839,12701.09
5, 105226.0,0.3488170515096455,-0.7479331345175364,1.1694571646246668,12419.59
12, 105227.0,-0.8317460740870789,-0.7479331345175364,-0.6125275437631839,6069.94
7, 105228.0,0.3488170515096455,-0.3113283315223991,-0.6125275437631839,12112.77
3, 105229.0,0.3488170515096455,2.744905289443562,-0.6125275437631839,11036.32
13, 105230.0,0.3488170515096455,-1.6211427405078112,1.1694571646246668,18748.57
0, 105231.0,0.3488170515096455,0.5618812744678756,1.1694571646246668,12783.65
10, 105232.0,-0.8317460740870789,-1.1845379375126739,1.1694571646246668,14763.62
3, 105233.0,0.3488170515096455,2.744905289443562,-0.6125275437631839,20098.17
1, 105234.0,-0.8317460740870789,-0.3113283315223991,-0.6125275437631839,7512.38
12, 105235.0,-0.8317460740870789,-0.7479331345175364,-0.6125275437631839,19073.71
3, 105236.0,0.3488170515096455,1.8716956834532876,-0.6125275437631839,10976.08
15, 105237.0,-0.8317460740870789,-0.3113283315223991,1.1694571646246668,19182.05
1, 105238.0,-0.8317460740870789,0.12527647147273824,-0.6125275437631839,9884.19
1, 105239.0,-0.8317460740870789,0.12527647147273824,-0.6125275437631839,28642.94
2, 105240.0,-0.8317460740870789,-2.0577475435029484,-0.6125275437631839,10704.52
3, 105241.0,1.5293801771063698,0.9984860774630129,-0.6125275437631839,16683.52
9, 105242.0,0.3488170515096455,-1.1845379375126739,-0.6125275437631839,14901.64
14, 105243.0,1.5293801771063698,0.5618812744678756,-0.6125275437631839,12435.8
11, 105244.0,0.3488170515096455,0.5618812744678756,-0.6125275437631839,12266.39
7, 105245.0,0.3488170515096455,-0.3113283315223991,-0.6125275437631839,13384.85
3, 105246.0,1.5293801771063698,1.4350908804581504,-0.6125275437631839,31745.63
1, 105247.0,-0.8317460740870789,-0.3113283315223991,-0.6125275437631839,19146.05
12, 105248.0,-0.8317460740870789,-0.7479331345175364,-0.6125275437631839,12072.3
2, 105249.0,-0.8317460740870789,-1.6211427405078112,-0.6125275437631839,8294.58
7, 105250.0,0.3488170515096455,-0.7479331345175364,-0.6125275437631839,37031.02
7, 105251.0,0.3488170515096455,-0.3113283315223991,-0.6125275437631839,10391.48
4, 105252.0,-0.8317460740870789,0.9984860774630129,-0.6125275437631839,10709.05
12, 105253.0,-0.8317460740870789,-0.7479331345175364,-0.6125275437631839,10315.0
10, 105254.0,-0.8317460740870789,-0.7479331345175364,1.1694571646246668,32020.2
8, 105255.0,3.8905064282998185,0.5618812744678756,1.1694571646246668,21909.44
4, 105256.0,-0.8317460740870789,1.4350908804581504,-0.6125275437631839,12017.6
7, 105257.0,0.3488170515096455,-0.7479331345175364,-0.6125275437631839,10625.84
14, 105258.0,1.5293801771063698,0.5618812744678756,-0.6125275437631839,15650.89
12, 105259.0,-0.8317460740870789,-0.7479331345175364,-0.6125275437631839,12396.49
4, 105260.0,-0.8317460740870789,1.4350908804581504,-0.6125275437631839,12254.21
2, 105261.0,-0.8317460740870789,-1.1845379375126739,-0.6125275437631839,14505.6
1, 105262.0,-0.8317460740870789,-0.3113283315223991,-0.6125275437631839,22136.79
2, 105263.0,-0.8317460740870789,-1.6211427405078112,-0.6125275437631839,11516.25
7, 105264.0,0.3488170515096455,-0.7479331345175364,-0.6125275437631839,10886.79
14, 105265.0,2.709943302703094,0.12527647147273824,-0.6125275437631839,17622.94
11, 105266.0,0.3488170515096455,0.5618812744678756,-0.6125275437631839,13404.74
1, 105267.0,-0.8317460740870789,0.12527647147273824,-0.6125275437631839,10354.07
6, 105268.0,-0.8317460740870789,0.5618812744678756,-0.6125275437631839,15801.19
12, 105269.0,-0.8317460740870789,-0.7479331345175364,-0.6125275437631839,9487.42
8, 105270.0,3.8905064282998185,0.5618812744678756,1.1694571646246668,23409.93
11, 105271.0,0.3488170515096455,0.12527647147273824,-0.6125275437631839,29835.42
11, 105272.0,0.3488170515096455,0.12527647147273824,-0.6125275437631839,28358.96
5, 105273.0,0.3488170515096455,-0.7479331345175364,1.1694571646246668,16172.51
1, 105274.0,-0.8317460740870789,-0.3113283315223991,-0.6125275437631839,25753.57
5, 105275.0,0.3488170515096455,0.12527647147273824,2.951441873012518,20310.65
5, 105276.0,1.5293801771063698,-0.3113283315223991,1.1694571646246668,38131.17
3, 105277.0,0.3488170515096455,1.4350908804581504,-0.6125275437631839,11695.39
8, 105278.0,2.709943302703094,1.8716956834532876,1.1694571646246668,17387.57
10, 105279.0,-0.8317460740870789,-0.7479331345175364,1.1694571646246668,8941.27
14, 105280.0,2.709943302703094,0.9984860774630129,-0.6125275437631839,24176.84
3, 105281.0,0.3488170515096455,1.4350908804581504,-0.6125275437631839,11725.65
3, 105282.0,0.3488170515096455,1.8716956834532876,-0.6125275437631839,15732.93
2, 105283.0,-0.8317460740870789,-1.1845379375126739,-0.6125275437631839,11624.2
5, 105284.0,0.3488170515096455,-0.3113283315223991,1.1694571646246668,11357.42
7, 105285.0,0.3488170515096455,-0.7479331345175364,-0.6125275437631839,16380.42
3, 105286.0,0.3488170515096455,3.1815100924386996,-0.6125275437631839,17888.66
13, 105287.0,1.5293801771063698,-1.1845379375126739,1.1694571646246668,29374.72
8, 105288.0,2.709943302703094,0.12527647147273824,2.951441873012518,29015.62
1, 105289.0,-0.8317460740870789,0.12527647147273824,-0.6125275437631839,8096.65
7, 105290.0,0.3488170515096455,-0.7479331345175364,-0.6125275437631839,13190.93
11, 105291.0,0.3488170515096455,0.12527647147273824,-0.6125275437631839,26944.63
15, 105292.0,-0.8317460740870789,-0.3113283315223991,1.1694571646246668,27976.37
15, 105293.0,-0.8317460740870789,0.9984860774630129,1.1694571646246668,13367.89
2, 105294.0,-0.8317460740870789,-1.1845379375126739,-0.6125275437631839,23239.56
5, 105295.0,1.5293801771063698,-0.3113283315223991,1.1694571646246668,28085.48
11, 105296.0,0.3488170515096455,0.5618812744678756,-0.6125275437631839,28141.84
2, 105297.0,-0.8317460740870789,-2.0577475435029484,-0.6125275437631839,7744.02
7, 105298.0,0.3488170515096455,-0.3113283315223991,-0.6125275437631839,14322.84
0, 105299.0,0.3488170515096455,1.8716956834532876,1.1694571646246668,34997.24
1, 105300.0,-0.8317460740870789,-0.3113283315223991,-0.6125275437631839,9990.62
6, 105301.0,-0.8317460740870789,0.5618812744678756,-0.6125275437631839,9812.09
14, 105302.0,2.709943302703094,0.12527647147273824,-0.6125275437631839,29313.09
2, 105303.0,-0.8317460740870789,-1.1845379375126739,-0.6125275437631839,15860.45
13, 105304.0,0.3488170515096455,-1.1845379375126739,1.1694571646246668,16632.39
11, 105305.0,0.3488170515096455,0.12527647147273824,-0.6125275437631839,13197.83
8, 105306.0,2.709943302703094,4.491324501424112,-0.6125275437631839,30497.18
6, 105307.0,-0.8317460740870789,0.5618812744678756,-0.6125275437631839,14036.06
2, 105308.0,-0.8317460740870789,-1.1845379375126739,-0.6125275437631839,13342.62
1, 105309.0,-0.8317460740870789,-0.3113283315223991,-0.6125275437631839,24718.83
0, 105310.0,0.3488170515096455,0.5618812744678756,1.1694571646246668,9655.78
14, 105311.0,1.5293801771063698,0.12527647147273824,-0.6125275437631839,12158.11
13, 105312.0,0.3488170515096455,-1.1845379375126739,1.1694571646246668,37812.15
5, 105313.0,1.5293801771063698,0.12527647147273824,2.951441873012518,32232.48
3, 105314.0,0.3488170515096455,1.8716956834532876,-0.6125275437631839,10778.64
2, 105315.0,-0.8317460740870789,-1.1845379375126739,-0.6125275437631839,10749.75
3, 105316.0,0.3488170515096455,0.9984860774630129,-0.6125275437631839,29363.2
13, 105317.0,0.3488170515096455,-1.1845379375126739,1.1694571646246668,17776.73
10, 105318.0,-0.8317460740870789,-0.7479331345175364,1.1694571646246668,15853.59
1, 105319.0,-0.8317460740870789,0.12527647147273824,-0.6125275437631839,8132.7
15, 105320.0,-0.8317460740870789,-0.3113283315223991,1.1694571646246668,13548.44
5, 105321.0,1.5293801771063698,0.12527647147273824,1.1694571646246668,16599.35
0, 105322.0,1.5293801771063698,3.618114895433837,2.951441873012518,45392.01
11, 105323.0,0.3488170515096455,0.12527647147273824,-0.6125275437631839,35482.8
1, 105324.0,-0.8317460740870789,0.12527647147273824,-0.6125275437631839,23862.39
13, 105325.0,0.3488170515096455,-1.1845379375126739,1.1694571646246668,28456.57
15, 105326.0,-0.8317460740870789,0.12527647147273824,1.1694571646246668,11457.97
14, 105327.0,2.709943302703094,-0.3113283315223991,-0.6125275437631839,39190.84
1, 105328.0,-0.8317460740870789,-0.3113283315223991,-0.6125275437631839,23415.31
1, 105329.0,-0.8317460740870789,0.12527647147273824,-0.6125275437631839,10507.39
10, 105330.0,-0.8317460740870789,-1.1845379375126739,1.1694571646246668,16646.74
2, 105331.0,-0.8317460740870789,-1.1845379375126739,-0.6125275437631839,16491.24
2, 105332.0,-0.8317460740870789,-1.6211427405078112,-0.6125275437631839,12179.92
11, 105333.0,0.3488170515096455,0.12527647147273824,-0.6125275437631839,30850.3
11, 105334.0,0.3488170515096455,0.5618812744678756,-0.6125275437631839,13934.97
2, 105335.0,-0.8317460740870789,-2.0577475435029484,-0.6125275437631839,12252.5
13, 105336.0,0.3488170515096455,-1.1845379375126739,1.1694571646246668,16816.1
3, 105337.0,0.3488170515096455,0.9984860774630129,-0.6125275437631839,20441.63
11, 105338.0,0.3488170515096455,0.12527647147273824,-0.6125275437631839,27269.35
12, 105339.0,-0.8317460740870789,-0.7479331345175364,-0.6125275437631839,12059.96
12, 105340.0,-0.8317460740870789,-0.7479331345175364,-0.6125275437631839,22506.38
2, 105341.0,-0.8317460740870789,-1.1845379375126739,-0.6125275437631839,8058.88
2, 105342.0,-0.8317460740870789,-1.1845379375126739,-0.6125275437631839,13184.44
7, 105343.0,0.3488170515096455,-0.7479331345175364,-0.6125275437631839,30359.45
7, 105344.0,0.3488170515096455,-0.3113283315223991,-0.6125275437631839,16866.36
6, 105345.0,-0.8317460740870789,0.5618812744678756,-0.6125275437631839,12535.49
7, 105346.0,0.3488170515096455,-0.7479331345175364,-0.6125275437631839,26818.09
5, 105347.0,0.3488170515096455,0.12527647147273824,1.1694571646246668,28463.78
15, 105348.0,-0.8317460740870789,-0.3113283315223991,1.1694571646246668,25133.8
1, 105349.0,-0.8317460740870789,-0.3113283315223991,-0.6125275437631839,30268.46
3, 105350.0,1.5293801771063698,1.8716956834532876,-0.6125275437631839,23810.96
10, 105351.0,-0.8317460740870789,-1.6211427405078112,1.1694571646246668,21177.19
14, 105352.0,1.5293801771063698,0.12527647147273824,-0.6125275437631839,20227.81
6, 105353.0,-0.8317460740870789,0.5618812744678756,-0.6125275437631839,14347.18
4, 105354.0,-0.8317460740870789,0.9984860774630129,-0.6125275437631839,24590.61
14, 105355.0,1.5293801771063698,-0.3113283315223991,-0.6125275437631839,18049.87
14, 105356.0,1.5293801771063698,0.12527647147273824,-0.6125275437631839,17918.1
8, 105357.0,2.709943302703094,0.12527647147273824,1.1694571646246668,25768.48
12, 105358.0,-0.8317460740870789,-0.7479331345175364,-0.6125275437631839,15273.31
15, 105359.0,-0.8317460740870789,0.5618812744678756,1.1694571646246668,25512.28
7, 105360.0,0.3488170515096455,-0.7479331345175364,-0.6125275437631839,11075.87
1, 105361.0,-0.8317460740870789,0.12527647147273824,-0.6125275437631839,24561.95
11, 105362.0,0.3488170515096455,0.12527647147273824,-0.6125275437631839,32715.55
5, 105363.0,0.3488170515096455,-0.3113283315223991,1.1694571646246668,15071.35
2, 105364.0,-0.8317460740870789,-1.6211427405078112,-0.6125275437631839,8147.42
5, 105365.0,0.3488170515096455,-0.3113283315223991,1.1694571646246668,13023.04
12, 105366.0,-0.8317460740870789,-0.7479331345175364,-0.6125275437631839,13598.37
9, 105367.0,0.3488170515096455,-1.1845379375126739,-0.6125275437631839,12512.26
8, 105368.0,3.8905064282998185,-0.3113283315223991,1.1694571646246668,28701.47
10, 105369.0,-0.8317460740870789,-0.7479331345175364,1.1694571646246668,17157.11
0, 105370.0,0.3488170515096455,0.5618812744678756,2.951441873012518,34261.59
10, 105371.0,-0.8317460740870789,-1.1845379375126739,1.1694571646246668,23981.14
5, 105372.0,0.3488170515096455,-0.7479331345175364,1.1694571646246668,16093.62
12, 105373.0,-0.8317460740870789,-0.7479331345175364,-0.6125275437631839,27346.79
0, 105374.0,0.3488170515096455,0.5618812744678756,1.1694571646246668,31017.61
3, 105375.0,0.3488170515096455,0.9984860774630129,-0.6125275437631839,19418.14
3, 105376.0,0.3488170515096455,1.8716956834532876,-0.6125275437631839,13471.48
10, 105377.0,-0.8317460740870789,-0.3113283315223991,2.951441873012518,39038.67
0, 105378.0,0.3488170515096455,0.5618812744678756,1.1694571646246668,12227.66
1, 105379.0,-0.8317460740870789,-0.3113283315223991,-0.6125275437631839,29237.01
4, 105380.0,-0.8317460740870789,0.9984860774630129,-0.6125275437631839,28903.06
6, 105381.0,-0.8317460740870789,0.5618812744678756,-0.6125275437631839,13867.5
1, 105382.0,-0.8317460740870789,-0.3113283315223991,-0.6125275437631839,12296.62
10, 105383.0,-0.8317460740870789,-0.7479331345175364,1.1694571646246668,12218.08
13, 105384.0,0.3488170515096455,-1.6211427405078112,1.1694571646246668,21546.79
0, 105385.0,0.3488170515096455,1.8716956834532876,1.1694571646246668,12537.45
5, 105386.0,1.5293801771063698,-0.7479331345175364,2.951441873012518,25096.68
1, 105387.0,-0.8317460740870789,0.12527647147273824,-0.6125275437631839,5758.12
1, 105388.0,-0.8317460740870789,0.12527647147273824,-0.6125275437631839,12876.33
15, 105389.0,-0.8317460740870789,-0.3113283315223991,1.1694571646246668,22733.21
12, 105390.0,-0.8317460740870789,-0.7479331345175364,-0.6125275437631839,3352.49
7, 105391.0,0.3488170515096455,-0.7479331345175364,-0.6125275437631839,17480.11
14, 105392.0,2.709943302703094,-1.1845379375126739,-0.6125275437631839,17505.58
1, 105393.0,-0.8317460740870789,0.12527647147273824,-0.6125275437631839,18469.6
1, 105394.0,-0.8317460740870789,-0.3113283315223991,-0.6125275437631839,14218.51
7, 105395.0,0.3488170515096455,-0.3113283315223991,-0.6125275437631839,31945.79
0, 105396.0,1.5293801771063698,2.308300486448425,1.1694571646246668,19130.52
12, 105397.0,-0.8317460740870789,-0.7479331345175364,-0.6125275437631839,29566.83
6, 105398.0,-0.8317460740870789,0.5618812744678756,-0.6125275437631839,24721.34
2, 105399.0,-0.8317460740870789,-1.6211427405078112,-0.6125275437631839,21776.79
0, 105400.0,0.3488170515096455,0.5618812744678756,1.1694571646246668,16947.65
3, 105401.0,1.5293801771063698,2.744905289443562,-0.6125275437631839,41019.06
8, 105402.0,2.709943302703094,2.308300486448425,1.1694571646246668,28891.85
4, 105403.0,-0.8317460740870789,0.9984860774630129,-0.6125275437631839,9270.58
4, 105404.0,-0.8317460740870789,1.4350908804581504,-0.6125275437631839,12144.3
7, 105405.0,0.3488170515096455,-0.3113283315223991,-0.6125275437631839,20080.46
4, 105406.0,-0.8317460740870789,2.308300486448425,-0.6125275437631839,9983.03
14, 105407.0,1.5293801771063698,0.12527647147273824,-0.6125275437631839,14543.23
15, 105408.0,-0.8317460740870789,-0.3113283315223991,1.1694571646246668,10885.64
3, 105409.0,0.3488170515096455,0.9984860774630129,-0.6125275437631839,9355.28
2, 105410.0,-0.8317460740870789,-1.1845379375126739,-0.6125275437631839,17374.02
10, 105411.0,-0.8317460740870789,-0.7479331345175364,1.1694571646246668,14601.51
2, 105412.0,-0.8317460740870789,-1.6211427405078112,-0.6125275437631839,11926.36
6, 105413.0,-0.8317460740870789,0.5618812744678756,-0.6125275437631839,19645.12
1, 105414.0,-0.8317460740870789,-0.3113283315223991,-0.6125275437631839,11399.83
0, 105415.0,0.3488170515096455,0.5618812744678756,2.951441873012518,31689.66
11, 105416.0,0.3488170515096455,0.5618812744678756,-0.6125275437631839,29632.03
0, 105417.0,0.3488170515096455,0.5618812744678756,2.951441873012518,19264.86
8, 105418.0,3.8905064282998185,1.4350908804581504,1.1694571646246668,31489.87
0, 105419.0,0.3488170515096455,0.5618812744678756,1.1694571646246668,28673.16
3, 105420.0,0.3488170515096455,0.9984860774630129,-0.6125275437631839,13900.91
1, 105421.0,-0.8317460740870789,0.12527647147273824,-0.6125275437631839,10270.49
1, 105422.0,-0.8317460740870789,-0.3113283315223991,-0.6125275437631839,18423.19
3, 105423.0,0.3488170515096455,0.9984860774630129,-0.6125275437631839,21357.02
6, 105424.0,-0.8317460740870789,0.5618812744678756,-0.6125275437631839,22710.11
3, 105425.0,1.5293801771063698,1.4350908804581504,-0.6125275437631839,25560.33
11, 105426.0,0.3488170515096455,0.5618812744678756,-0.6125275437631839,16258.59
2, 105427.0,-0.8317460740870789,-1.6211427405078112,-0.6125275437631839,13749.93
5, 105428.0,0.3488170515096455,-0.3113283315223991,1.1694571646246668,24195.23
15, 105429.0,-0.8317460740870789,0.12527647147273824,1.1694571646246668,17334.41
5, 105430.0,0.3488170515096455,-0.7479331345175364,1.1694571646246668,29991.3
7, 105431.0,0.3488170515096455,-0.3113283315223991,-0.6125275437631839,10765.76
3, 105432.0,1.5293801771063698,0.9984860774630129,-0.6125275437631839,31569.91
12, 105433.0,-0.8317460740870789,-0.7479331345175364,-0.6125275437631839,19696.9
1, 105434.0,-0.8317460740870789,0.12527647147273824,-0.6125275437631839,9100.59
0, 105435.0,0.3488170515096455,0.9984860774630129,1.1694571646246668,31696.44
1, 105436.0,-0.8317460740870789,0.12527647147273824,-0.6125275437631839,10204.0
15, 105437.0,-0.8317460740870789,0.12527647147273824,1.1694571646246668,22581.11
2, 105438.0,-0.8317460740870789,-1.6211427405078112,-0.6125275437631839,32539.17
0, 105439.0,1.5293801771063698,0.5618812744678756,1.1694571646246668,30258.11
6, 105440.0,-0.8317460740870789,0.5618812744678756,-0.6125275437631839,8072.47
2, 105441.0,-0.8317460740870789,-1.1845379375126739,-0.6125275437631839,4501.06
0, 105442.0,1.5293801771063698,1.4350908804581504,1.1694571646246668,20609.93
1, 105443.0,-0.8317460740870789,0.12527647147273824,-0.6125275437631839,8233.69
12, 105444.0,-0.8317460740870789,-0.7479331345175364,-0.6125275437631839,20149.36
0, 105445.0,0.3488170515096455,0.5618812744678756,1.1694571646246668,16711.44
0, 105446.0,1.5293801771063698,0.5618812744678756,2.951441873012518,21374.16
9, 105447.0,0.3488170515096455,-1.6211427405078112,-0.6125275437631839,13395.15
0, 105448.0,1.5293801771063698,2.308300486448425,1.1694571646246668,19786.05
2, 105449.0,-0.8317460740870789,-1.1845379375126739,-0.6125275437631839,8886.09
11, 105450.0,0.3488170515096455,0.12527647147273824,-0.6125275437631839,18874.24
0, 105451.0,0.3488170515096455,1.4350908804581504,1.1694571646246668,12917.7
10, 105452.0,-0.8317460740870789,-1.6211427405078112,1.1694571646246668,16955.11
4, 105453.0,-0.8317460740870789,0.9984860774630129,-0.6125275437631839,12197.27
3, 105454.0,0.3488170515096455,0.9984860774630129,-0.6125275437631839,7051.85
1, 105455.0,-0.8317460740870789,-0.3113283315223991,-0.6125275437631839,23079.59
5, 105456.0,1.5293801771063698,-0.7479331345175364,1.1694571646246668,21739.96
1, 105457.0,-0.8317460740870789,0.12527647147273824,-0.6125275437631839,7594.38
1, 105458.0,-0.8317460740870789,-0.3113283315223991,-0.6125275437631839,9747.41
15, 105459.0,-0.8317460740870789,0.12527647147273824,1.1694571646246668,18900.43
6, 105460.0,-0.8317460740870789,0.5618812744678756,-0.6125275437631839,7143.77
14, 105461.0,1.5293801771063698,0.5618812744678756,-0.6125275437631839,14571.32
7, 105462.0,0.3488170515096455,-0.7479331345175364,-0.6125275437631839,11831.62
1, 105463.0,-0.8317460740870789,-0.3113283315223991,-0.6125275437631839,21336.03
12, 105464.0,-0.8317460740870789,-0.7479331345175364,-0.6125275437631839,26008.55
0, 105465.0,0.3488170515096455,0.9984860774630129,1.1694571646246668,15381.53
7, 105466.0,0.3488170515096455,-0.3113283315223991,-0.6125275437631839,16523.19
9, 105467.0,0.3488170515096455,-1.1845379375126739,-0.6125275437631839,8143.27
5, 105468.0,0.3488170515096455,-0.3113283315223991,1.1694571646246668,30502.83
1, 105469.0,-0.8317460740870789,-0.3113283315223991,-0.6125275437631839,16305.72
12, 105470.0,-0.8317460740870789,-0.7479331345175364,-0.6125275437631839,17444.68
1, 105471.0,-0.8317460740870789,-0.3113283315223991,-0.6125275437631839,29521.35
2, 105472.0,-0.8317460740870789,-1.1845379375126739,-0.6125275437631839,11991.02
0, 105473.0,0.3488170515096455,0.9984860774630129,1.1694571646246668,21695.98
1, 105474.0,-0.8317460740870789,-0.3113283315223991,-0.6125275437631839,13126.18
1, 105475.0,-0.8317460740870789,-0.3113283315223991,-0.6125275437631839,27116.49
6, 105476.0,-0.8317460740870789,0.5618812744678756,-0.6125275437631839,10751.09
4, 105477.0,-0.8317460740870789,0.9984860774630129,-0.6125275437631839,10712.31
5, 105478.0,0.3488170515096455,-0.7479331345175364,1.1694571646246668,17862.82
5, 105479.0,0.3488170515096455,-0.3113283315223991,4.733426581400368,31977.42
13, 105480.0,0.3488170515096455,-1.6211427405078112,1.1694571646246668,26642.15
7, 105481.0,0.3488170515096455,-0.3113283315223991,-0.6125275437631839,10399.7
2, 105482.0,-0.8317460740870789,-2.0577475435029484,-0.6125275437631839,9823.58
15, 105483.0,-0.8317460740870789,1.4350908804581504,1.1694571646246668,12867.28
12, 105484.0,-0.8317460740870789,-0.7479331345175364,-0.6125275437631839,14876.94
6, 105485.0,-0.8317460740870789,0.5618812744678756,-0.6125275437631839,15812.6
11, 105486.0,0.3488170515096455,0.12527647147273824,-0.6125275437631839,15921.97
4, 105487.0,-0.8317460740870789,0.9984860774630129,-0.6125275437631839,12624.94
1, 105488.0,-0.8317460740870789,-0.3113283315223991,-0.6125275437631839,23168.2
5, 105489.0,0.3488170515096455,-0.3113283315223991,1.1694571646246668,29079.78
10, 105490.0,-0.8317460740870789,-1.6211427405078112,1.1694571646246668,20370.97
0, 105491.0,0.3488170515096455,0.5618812744678756,1.1694571646246668,25297.77
10, 105492.0,-0.8317460740870789,-1.1845379375126739,1.1694571646246668,13771.49
8, 105493.0,2.709943302703094,4.491324501424112,1.1694571646246668,27308.5
3, 105494.0,0.3488170515096455,0.9984860774630129,-0.6125275437631839,12127.09
14, 105495.0,1.5293801771063698,-0.3113283315223991,-0.6125275437631839,19285.86
0, 105496.0,0.3488170515096455,1.4350908804581504,1.1694571646246668,27555.43
9, 105497.0,0.3488170515096455,-1.6211427405078112,-0.6125275437631839,11070.42
4, 105498.0,-0.8317460740870789,2.744905289443562,-0.6125275437631839,14482.41
1, 105499.0,-0.8317460740870789,-0.3113283315223991,-0.6125275437631839,12682.84
3, 105500.0,0.3488170515096455,0.9984860774630129,-0.6125275437631839,14659.65
7, 105501.0,0.3488170515096455,-0.3113283315223991,-0.6125275437631839,15188.03
15, 105502.0,-0.8317460740870789,1.4350908804581504,1.1694571646246668,27130.25
5, 105503.0,0.3488170515096455,0.12527647147273824,1.1694571646246668,22542.44
6, 105504.0,-0.8317460740870789,0.5618812744678756,-0.6125275437631839,9034.53
14, 105505.0,1.5293801771063698,0.5618812744678756,-0.6125275437631839,14913.89
4, 105506.0,-0.8317460740870789,0.9984860774630129,-0.6125275437631839,14368.79
6, 105507.0,-0.8317460740870789,0.5618812744678756,-0.6125275437631839,19048.53
3, 105508.0,0.3488170515096455,1.8716956834532876,-0.6125275437631839,18275.7
10, 105509.0,-0.8317460740870789,-1.1845379375126739,1.1694571646246668,14011.6
3, 105510.0,0.3488170515096455,1.4350908804581504,-0.6125275437631839,16816.01
1, 105511.0,-0.8317460740870789,0.12527647147273824,-0.6125275437631839,17710.14
12, 105512.0,-0.8317460740870789,-0.7479331345175364,-0.6125275437631839,10884.54
1, 105513.0,-0.8317460740870789,0.12527647147273824,-0.6125275437631839,13488.7
10, 105514.0,-0.8317460740870789,-0.7479331345175364,2.951441873012518,20917.64
15, 105515.0,-0.8317460740870789,-0.3113283315223991,1.1694571646246668,19373.42
1, 105516.0,-0.8317460740870789,0.12527647147273824,-0.6125275437631839,15153.2
13, 105517.0,0.3488170515096455,-1.6211427405078112,1.1694571646246668,15392.92
1, 105518.0,-0.8317460740870789,0.12527647147273824,-0.6125275437631839,8431.77
6, 105519.0,-0.8317460740870789,0.5618812744678756,-0.6125275437631839,14923.07
11, 105520.0,0.3488170515096455,0.12527647147273824,-0.6125275437631839,11379.57
10, 105521.0,-0.8317460740870789,-1.1845379375126739,1.1694571646246668,29087.87
15, 105522.0,-0.8317460740870789,1.8716956834532876,1.1694571646246668,10978.08
5, 105523.0,0.3488170515096455,-0.3113283315223991,1.1694571646246668,24608.75
15, 105524.0,-0.8317460740870789,0.9984860774630129,1.1694571646246668,15505.56
15, 105525.0,-0.8317460740870789,1.8716956834532876,1.1694571646246668,12533.59
8, 105526.0,2.709943302703094,2.308300486448425,-0.6125275437631839,17213.57
6, 105527.0,-0.8317460740870789,0.5618812744678756,-0.6125275437631839,17518.85
1, 105528.0,-0.8317460740870789,-0.3113283315223991,-0.6125275437631839,8158.7
4, 105529.0,-0.8317460740870789,0.9984860774630129,-0.6125275437631839,25742.54
4, 105530.0,-0.8317460740870789,1.4350908804581504,-0.6125275437631839,29075.38
7, 105531.0,0.3488170515096455,-0.7479331345175364,-0.6125275437631839,14257.06
2, 105532.0,-0.8317460740870789,-1.6211427405078112,-0.6125275437631839,10275.26
12, 105533.0,-0.8317460740870789,-0.7479331345175364,-0.6125275437631839,8693.38
10, 105534.0,-0.8317460740870789,-0.7479331345175364,1.1694571646246668,14302.24
10, 105535.0,-0.8317460740870789,-0.7479331345175364,1.1694571646246668,14366.55
2, 105536.0,-0.8317460740870789,-1.1845379375126739,-0.6125275437631839,14954.49
11, 105537.0,0.3488170515096455,0.5618812744678756,-0.6125275437631839,11389.73
7, 105538.0,0.3488170515096455,-0.3113283315223991,-0.6125275437631839,17912.36
6, 105539.0,-0.8317460740870789,0.5618812744678756,-0.6125275437631839,12831.97
1, 105540.0,-0.8317460740870789,-0.3113283315223991,-0.6125275437631839,10817.26
0, 105541.0,0.3488170515096455,1.8716956834532876,2.951441873012518,16765.38
2, 105542.0,-0.8317460740870789,-1.1845379375126739,-0.6125275437631839,36946.89
3, 105543.0,0.3488170515096455,1.8716956834532876,-0.6125275437631839,15292.12
11, 105544.0,0.3488170515096455,0.12527647147273824,-0.6125275437631839,24616.85
1, 105545.0,-0.8317460740870789,-0.3113283315223991,-0.6125275437631839,12046.05
1, 105546.0,-0.8317460740870789,-0.3113283315223991,-0.6125275437631839,15334.69
1, 105547.0,-0.8317460740870789,0.12527647147273824,-0.6125275437631839,17944.3
8, 105548.0,2.709943302703094,0.9984860774630129,1.1694571646246668,30725.79
2, 105549.0,-0.8317460740870789,-1.1845379375126739,-0.6125275437631839,10350.41
10, 105550.0,-0.8317460740870789,-1.1845379375126739,1.1694571646246668,13624.16
3, 105551.0,1.5293801771063698,1.8716956834532876,-0.6125275437631839,18067.23
11, 105552.0,0.3488170515096455,0.5618812744678756,-0.6125275437631839,29969.11
1, 105553.0,-0.8317460740870789,-0.3113283315223991,-0.6125275437631839,9646.46
11, 105554.0,0.3488170515096455,0.12527647147273824,-0.6125275437631839,12796.43
5, 105555.0,0.3488170515096455,-0.3113283315223991,1.1694571646246668,13077.63
2, 105556.0,-0.8317460740870789,-2.0577475435029484,-0.6125275437631839,10085.92
4, 105557.0,-0.8317460740870789,0.9984860774630129,-0.6125275437631839,12009.35
3, 105558.0,1.5293801771063698,1.8716956834532876,-0.6125275437631839,17215.21
5, 105559.0,0.3488170515096455,0.12527647147273824,1.1694571646246668,22484.29
5, 105560.0,0.3488170515096455,0.12527647147273824,1.1694571646246668,36275.36
2, 105561.0,-0.8317460740870789,-1.6211427405078112,-0.6125275437631839,5240.71
2, 105562.0,-0.8317460740870789,-1.6211427405078112,-0.6125275437631839,7514.69
9, 105563.0,0.3488170515096455,-1.1845379375126739,-0.6125275437631839,34486.16
11, 105564.0,0.3488170515096455,0.12527647147273824,-0.6125275437631839,10217.96
2, 105565.0,-0.8317460740870789,-1.6211427405078112,-0.6125275437631839,21271.75
5, 105566.0,1.5293801771063698,-0.7479331345175364,1.1694571646246668,13325.61
0, 105567.0,0.3488170515096455,0.5618812744678756,1.1694571646246668,15972.41
11, 105568.0,0.3488170515096455,0.12527647147273824,-0.6125275437631839,13045.03
2, 105569.0,-0.8317460740870789,-1.6211427405078112,-0.6125275437631839,11099.26
3, 105570.0,0.3488170515096455,2.308300486448425,-0.6125275437631839,21251.05
10, 105571.0,-0.8317460740870789,-1.6211427405078112,1.1694571646246668,12939.98
1, 105572.0,-0.8317460740870789,-0.3113283315223991,-0.6125275437631839,7799.23
6, 105573.0,-0.8317460740870789,0.5618812744678756,-0.6125275437631839,22430.13
1, 105574.0,-0.8317460740870789,0.12527647147273824,-0.6125275437631839,15448.18
10, 105575.0,-0.8317460740870789,-1.1845379375126739,1.1694571646246668,23929.09
1, 105576.0,-0.8317460740870789,0.12527647147273824,-0.6125275437631839,15674.77
4, 105577.0,-0.8317460740870789,1.8716956834532876,-0.6125275437631839,12626.15
4, 105578.0,-0.8317460740870789,1.8716956834532876,-0.6125275437631839,11240.0
0, 105579.0,1.5293801771063698,0.5618812744678756,1.1694571646246668,13036.23
5, 105580.0,0.3488170515096455,0.12527647147273824,1.1694571646246668,16586.47
12, 105581.0,-0.8317460740870789,-0.7479331345175364,-0.6125275437631839,22931.06
3, 105582.0,0.3488170515096455,0.9984860774630129,-0.6125275437631839,14466.12
1, 105583.0,-0.8317460740870789,-0.3113283315223991,-0.6125275437631839,9359.79
2, 105584.0,-0.8317460740870789,-1.6211427405078112,-0.6125275437631839,13486.94
7, 105585.0,0.3488170515096455,-0.3113283315223991,-0.6125275437631839,23200.59
14, 105586.0,2.709943302703094,0.5618812744678756,-0.6125275437631839,26868.7
1, 105587.0,-0.8317460740870789,0.12527647147273824,-0.6125275437631839,5584.99
15, 105588.0,-0.8317460740870789,0.12527647147273824,1.1694571646246668,12929.96
12, 105589.0,-0.8317460740870789,-0.7479331345175364,-0.6125275437631839,3676.59
5, 105590.0,0.3488170515096455,0.12527647147273824,1.1694571646246668,24876.25
3, 105591.0,0.3488170515096455,1.4350908804581504,-0.6125275437631839,17220.29
11, 105592.0,0.3488170515096455,0.12527647147273824,-0.6125275437631839,14738.59
1, 105593.0,-0.8317460740870789,-0.3113283315223991,-0.6125275437631839,23112.07
12, 105594.0,-0.8317460740870789,-0.7479331345175364,-0.6125275437631839,31916.34
3, 105595.0,0.3488170515096455,0.9984860774630129,-0.6125275437631839,15228.97
5, 105596.0,0.3488170515096455,-0.7479331345175364,2.951441873012518,18647.52
15, 105597.0,-0.8317460740870789,0.12527647147273824,1.1694571646246668,20398.59
5, 105598.0,0.3488170515096455,-0.3113283315223991,1.1694571646246668,21958.65
1, 105599.0,-0.8317460740870789,-0.3113283315223991,-0.6125275437631839,7966.13
3, 105600.0,1.5293801771063698,2.308300486448425,-0.6125275437631839,16117.3
11, 105601.0,0.3488170515096455,0.5618812744678756,-0.6125275437631839,12726.42
13, 105602.0,0.3488170515096455,-1.1845379375126739,1.1694571646246668,15709.44
2, 105603.0,-0.8317460740870789,-1.1845379375126739,-0.6125275437631839,8062.12
10, 105604.0,-0.8317460740870789,-1.1845379375126739,1.1694571646246668,11435.19
13, 105605.0,0.3488170515096455,-1.1845379375126739,1.1694571646246668,28198.75
7, 105606.0,0.3488170515096455,-0.7479331345175364,-0.6125275437631839,13447.44
4, 105607.0,-0.8317460740870789,1.4350908804581504,-0.6125275437631839,21409.71
12, 105608.0,-0.8317460740870789,-0.7479331345175364,-0.6125275437631839,12138.71
14, 105609.0,1.5293801771063698,-0.3113283315223991,-0.6125275437631839,14828.19
14, 105610.0,1.5293801771063698,-0.3113283315223991,-0.6125275437631839,17494.6
4, 105611.0,-0.8317460740870789,0.9984860774630129,-0.6125275437631839,7731.33
15, 105612.0,-0.8317460740870789,0.9984860774630129,1.1694571646246668,18241.53
5, 105613.0,0.3488170515096455,-0.3113283315223991,1.1694571646246668,20591.73
7, 105614.0,0.3488170515096455,-0.3113283315223991,-0.6125275437631839,27760.29
12, 105615.0,-0.8317460740870789,-0.7479331345175364,-0.6125275437631839,12585.87
5, 105616.0,1.5293801771063698,-0.7479331345175364,1.1694571646246668,14548.9
7, 105617.0,0.3488170515096455,-0.3113283315223991,-0.6125275437631839,14092.69
4, 105618.0,-0.8317460740870789,0.9984860774630129,-0.6125275437631839,22950.22
6, 105619.0,-0.8317460740870789,0.5618812744678756,-0.6125275437631839,6520.34
9, 105620.0,1.5293801771063698,-1.1845379375126739,-0.6125275437631839,19375.43
7, 105621.0,0.3488170515096455,-0.7479331345175364,-0.6125275437631839,17030.68
13, 105622.0,0.3488170515096455,-1.6211427405078112,1.1694571646246668,18123.76
7, 105623.0,0.3488170515096455,-0.3113283315223991,-0.6125275437631839,16379.04
9, 105624.0,0.3488170515096455,-1.1845379375126739,-0.6125275437631839,7436.3
4, 105625.0,-0.8317460740870789,1.8716956834532876,-0.6125275437631839,15941.51
11, 105626.0,0.3488170515096455,0.12527647147273824,-0.6125275437631839,31446.85
5, 105627.0,0.3488170515096455,-0.3113283315223991,1.1694571646246668,26185.79
7, 105628.0,0.3488170515096455,-0.7479331345175364,-0.6125275437631839,13101.15
15, 105629.0,-0.8317460740870789,0.12527647147273824,1.1694571646246668,15034.61
12, 105630.0,-0.8317460740870789,-0.7479331345175364,-0.6125275437631839,25683.17
4, 105631.0,-0.8317460740870789,0.9984860774630129,-0.6125275437631839,18699.9
2, 105632.0,-0.8317460740870789,-1.6211427405078112,-0.6125275437631839,12789.92
11, 105633.0,0.3488170515096455,0.5618812744678756,-0.6125275437631839,15259.94
7, 105634.0,0.3488170515096455,-0.3113283315223991,-0.6125275437631839,11842.18
7, 105635.0,0.3488170515096455,-0.7479331345175364,-0.6125275437631839,13421.29
11, 105636.0,0.3488170515096455,0.5618812744678756,-0.6125275437631839,14569.88
15, 105637.0,-0.8317460740870789,0.12527647147273824,1.1694571646246668,14648.52
1, 105638.0,-0.8317460740870789,-0.3113283315223991,-0.6125275437631839,17126.18
15, 105639.0,-0.8317460740870789,-0.3113283315223991,1.1694571646246668,18291.4
10, 105640.0,-0.8317460740870789,-0.7479331345175364,1.1694571646246668,31304.14
2, 105641.0,-0.8317460740870789,-2.0577475435029484,-0.6125275437631839,15077.01
0, 105642.0,0.3488170515096455,0.5618812744678756,1.1694571646246668,15714.76
10, 105643.0,-0.8317460740870789,-0.7479331345175364,1.1694571646246668,9971.32
12, 105644.0,-0.8317460740870789,-0.7479331345175364,-0.6125275437631839,17456.15
6, 105645.0,-0.8317460740870789,0.5618812744678756,-0.6125275437631839,6223.45
0, 105646.0,0.3488170515096455,1.4350908804581504,1.1694571646246668,18363.61
3, 105647.0,0.3488170515096455,0.9984860774630129,-0.6125275437631839,23991.35
9, 105648.0,1.5293801771063698,-1.1845379375126739,-0.6125275437631839,19013.62
6, 105649.0,-0.8317460740870789,0.5618812744678756,-0.6125275437631839,8714.43
1, 105650.0,-0.8317460740870789,0.12527647147273824,-0.6125275437631839,8959.02
12, 105651.0,-0.8317460740870789,-0.7479331345175364,-0.6125275437631839,18188.62
9, 105652.0,0.3488170515096455,-1.1845379375126739,-0.6125275437631839,11404.61
15, 105653.0,-0.8317460740870789,-0.3113283315223991,1.1694571646246668,16476.92
2, 105654.0,-0.8317460740870789,-1.1845379375126739,-0.6125275437631839,15424.16
0, 105655.0,0.3488170515096455,2.308300486448425,1.1694571646246668,18195.93
7, 105656.0,0.3488170515096455,-0.7479331345175364,-0.6125275437631839,14671.44
0, 105657.0,0.3488170515096455,0.5618812744678756,1.1694571646246668,15782.23
15, 105658.0,-0.8317460740870789,0.12527647147273824,1.1694571646246668,36629.71
2, 105659.0,-0.8317460740870789,-1.1845379375126739,-0.6125275437631839,26662.48
8, 105660.0,3.8905064282998185,1.4350908804581504,1.1694571646246668,23399.27
14, 105661.0,1.5293801771063698,0.12527647147273824,-0.6125275437631839,21797.51
12, 105662.0,-0.8317460740870789,-0.7479331345175364,-0.6125275437631839,11982.59
2, 105663.0,-0.8317460740870789,-1.1845379375126739,-0.6125275437631839,14529.58
5, 105664.0,0.3488170515096455,-0.7479331345175364,1.1694571646246668,14964.45
1, 105665.0,-0.8317460740870789,-0.3113283315223991,-0.6125275437631839,17703.97
5, 105666.0,2.709943302703094,-0.3113283315223991,2.951441873012518,48706.14
1, 105667.0,-0.8317460740870789,0.12527647147273824,-0.6125275437631839,17735.75
13, 105668.0,0.3488170515096455,-1.6211427405078112,1.1694571646246668,14627.18
6, 105669.0,-0.8317460740870789,0.5618812744678756,-0.6125275437631839,13723.26
12, 105670.0,-0.8317460740870789,-0.7479331345175364,-0.6125275437631839,13000.74
15, 105671.0,-0.8317460740870789,1.4350908804581504,1.1694571646246668,14673.25
12, 105672.0,-0.8317460740870789,-0.7479331345175364,-0.6125275437631839,12699.27
0, 105673.0,1.5293801771063698,0.9984860774630129,1.1694571646246668,16608.61
10, 105674.0,-0.8317460740870789,-0.7479331345175364,1.1694571646246668,15253.93
3, 105675.0,0.3488170515096455,2.308300486448425,-0.6125275437631839,15277.07
1, 105676.0,-0.8317460740870789,-0.3113283315223991,-0.6125275437631839,19303.84
13, 105677.0,0.3488170515096455,-1.6211427405078112,1.1694571646246668,26246.09
2, 105678.0,-0.8317460740870789,-1.1845379375126739,-0.6125275437631839,11428.69
0, 105679.0,0.3488170515096455,0.9984860774630129,1.1694571646246668,18571.1
2, 105680.0,-0.8317460740870789,-1.1845379375126739,-0.6125275437631839,23478.01
1, 105681.0,-0.8317460740870789,0.12527647147273824,-0.6125275437631839,5754.87
12, 105682.0,-0.8317460740870789,-0.7479331345175364,-0.6125275437631839,15140.12
14, 105683.0,1.5293801771063698,-0.7479331345175364,-0.6125275437631839,14181.93
15, 105684.0,-0.8317460740870789,0.12527647147273824,1.1694571646246668,11117.34
3, 105685.0,0.3488170515096455,1.4350908804581504,-0.6125275437631839,20829.56
2, 105686.0,-0.8317460740870789,-1.6211427405078112,-0.6125275437631839,12592.09
14, 105687.0,1.5293801771063698,0.12527647147273824,-0.6125275437631839,23976.95
1, 105688.0,-0.8317460740870789,-0.3113283315223991,-0.6125275437631839,8800.61
14, 105689.0,2.709943302703094,0.5618812744678756,-0.6125275437631839,21398.49
15, 105690.0,-0.8317460740870789,0.12527647147273824,1.1694571646246668,20167.41
0, 105691.0,0.3488170515096455,0.5618812744678756,1.1694571646246668,19234.9
2, 105692.0,-0.8317460740870789,-1.1845379375126739,-0.6125275437631839,8316.31
7, 105693.0,0.3488170515096455,-0.3113283315223991,-0.6125275437631839,18616.92
8, 105694.0,2.709943302703094,1.4350908804581504,-0.6125275437631839,30930.23
15, 105695.0,-0.8317460740870789,0.12527647147273824,1.1694571646246668,14895.66
7, 105696.0,0.3488170515096455,-0.7479331345175364,-0.6125275437631839,20982.76
15, 105697.0,-0.8317460740870789,0.5618812744678756,1.1694571646246668,11148.48
4, 105698.0,-0.8317460740870789,0.9984860774630129,-0.6125275437631839,26778.12
12, 105699.0,-0.8317460740870789,-0.7479331345175364,-0.6125275437631839,20030.83
8, 105700.0,2.709943302703094,1.4350908804581504,-0.6125275437631839,36256.32
5, 105701.0,1.5293801771063698,-0.3113283315223991,2.951441873012518,32648.55
0, 105702.0,0.3488170515096455,0.5618812744678756,1.1694571646246668,16936.76
2, 105703.0,-0.8317460740870789,-1.6211427405078112,-0.6125275437631839,18411.84
13, 105704.0,0.3488170515096455,-1.1845379375126739,2.951441873012518,17911.27
2, 105705.0,-0.8317460740870789,-1.6211427405078112,-0.6125275437631839,12712.07
12, 105706.0,-0.8317460740870789,-0.7479331345175364,-0.6125275437631839,18649.26
0, 105707.0,0.3488170515096455,0.9984860774630129,1.1694571646246668,16724.67
9, 105708.0,0.3488170515096455,-1.1845379375126739,-0.6125275437631839,25096.88
2, 105709.0,-0.8317460740870789,-1.1845379375126739,-0.6125275437631839,8180.24
3, 105710.0,0.3488170515096455,2.308300486448425,-0.6125275437631839,11340.05
5, 105711.0,0.3488170515096455,-0.7479331345175364,2.951441873012518,21407.48
14, 105712.0,1.5293801771063698,-0.3113283315223991,-0.6125275437631839,34088.16
3, 105713.0,1.5293801771063698,2.308300486448425,-0.6125275437631839,19622.85
0, 105714.0,1.5293801771063698,0.9984860774630129,1.1694571646246668,16280.06
2, 105715.0,-0.8317460740870789,-1.1845379375126739,-0.6125275437631839,10872.18
2, 105716.0,-0.8317460740870789,-1.1845379375126739,-0.6125275437631839,8332.31
1, 105717.0,-0.8317460740870789,0.12527647147273824,-0.6125275437631839,13373.16
2, 105718.0,-0.8317460740870789,-2.0577475435029484,-0.6125275437631839,15499.74
7, 105719.0,0.3488170515096455,-0.3113283315223991,-0.6125275437631839,22816.3
1, 105720.0,-0.8317460740870789,-0.3113283315223991,-0.6125275437631839,20211.82
2, 105721.0,-0.8317460740870789,-1.1845379375126739,-0.6125275437631839,13036.69
12, 105722.0,-0.8317460740870789,-0.7479331345175364,-0.6125275437631839,12593.58
11, 105723.0,0.3488170515096455,0.12527647147273824,-0.6125275437631839,16617.98
8, 105724.0,2.709943302703094,2.308300486448425,2.951441873012518,44303.43
4, 105725.0,-0.8317460740870789,1.4350908804581504,-0.6125275437631839,8902.35
0, 105726.0,0.3488170515096455,0.5618812744678756,1.1694571646246668,16959.06
8, 105727.0,2.709943302703094,2.308300486448425,1.1694571646246668,24488.47
3, 105728.0,0.3488170515096455,0.9984860774630129,-0.6125275437631839,27686.51
5, 105729.0,0.3488170515096455,-0.7479331345175364,1.1694571646246668,13870.56
1, 105730.0,-0.8317460740870789,-0.3113283315223991,-0.6125275437631839,19597.31
11, 105731.0,0.3488170515096455,0.12527647147273824,-0.6125275437631839,23492.57
1, 105732.0,-0.8317460740870789,0.12527647147273824,-0.6125275437631839,6998.18
12, 105733.0,-0.8317460740870789,-0.7479331345175364,-0.6125275437631839,28711.27
12, 105734.0,-0.8317460740870789,-0.7479331345175364,-0.6125275437631839,16406.81
3, 105735.0,0.3488170515096455,0.9984860774630129,-0.6125275437631839,7190.89
6, 105736.0,-0.8317460740870789,0.5618812744678756,-0.6125275437631839,8421.42
10, 105737.0,-0.8317460740870789,-0.7479331345175364,1.1694571646246668,20204.72
12, 105738.0,-0.8317460740870789,-0.7479331345175364,-0.6125275437631839,24262.07
1, 105739.0,-0.8317460740870789,-0.3113283315223991,-0.6125275437631839,14816.61
14, 105740.0,2.709943302703094,0.12527647147273824,-0.6125275437631839,18571.98
5, 105741.0,0.3488170515096455,-0.7479331345175364,1.1694571646246668,19291.9
2, 105742.0,-0.8317460740870789,-1.1845379375126739,-0.6125275437631839,10938.82
2, 105743.0,-0.8317460740870789,-1.1845379375126739,-0.6125275437631839,11244.79
7, 105744.0,0.3488170515096455,-0.7479331345175364,-0.6125275437631839,21082.21
14, 105745.0,1.5293801771063698,0.5618812744678756,-0.6125275437631839,21568.72
10, 105746.0,-0.8317460740870789,-1.6211427405078112,1.1694571646246668,12843.51
1, 105747.0,-0.8317460740870789,0.12527647147273824,-0.6125275437631839,16881.62
11, 105748.0,0.3488170515096455,0.12527647147273824,-0.6125275437631839,16565.75
3, 105749.0,0.3488170515096455,0.9984860774630129,-0.6125275437631839,27382.99
3, 105750.0,1.5293801771063698,1.8716956834532876,-0.6125275437631839,22546.56
3, 105751.0,1.5293801771063698,1.4350908804581504,-0.6125275437631839,14205.31
12, 105752.0,-0.8317460740870789,-0.7479331345175364,-0.6125275437631839,7460.02
4, 105753.0,-0.8317460740870789,0.9984860774630129,-0.6125275437631839,22228.1
4, 105754.0,-0.8317460740870789,2.744905289443562,1.1694571646246668,27712.29
10, 105755.0,-0.8317460740870789,-1.1845379375126739,1.1694571646246668,16075.37
1, 105756.0,-0.8317460740870789,-0.3113283315223991,-0.6125275437631839,25635.69
2, 105757.0,-0.8317460740870789,-1.1845379375126739,-0.6125275437631839,5705.55
11, 105758.0,0.3488170515096455,0.12527647147273824,-0.6125275437631839,13804.13
15, 105759.0,-0.8317460740870789,0.12527647147273824,1.1694571646246668,17323.55
11, 105760.0,0.3488170515096455,0.12527647147273824,-0.6125275437631839,14155.85
5, 105761.0,1.5293801771063698,0.12527647147273824,1.1694571646246668,41983.03
0, 105762.0,0.3488170515096455,0.5618812744678756,1.1694571646246668,15579.38
7, 105763.0,0.3488170515096455,-0.7479331345175364,-0.6125275437631839,13689.18
12, 105764.0,-0.8317460740870789,-0.7479331345175364,-0.6125275437631839,14014.88
1, 105765.0,-0.8317460740870789,0.12527647147273824,-0.6125275437631839,12039.87
9, 105766.0,0.3488170515096455,-1.6211427405078112,-0.6125275437631839,28291.49
12, 105767.0,-0.8317460740870789,-0.7479331345175364,-0.6125275437631839,14416.07
6, 105768.0,-0.8317460740870789,0.5618812744678756,-0.6125275437631839,24695.94
4, 105769.0,-0.8317460740870789,1.8716956834532876,-0.6125275437631839,12704.61
5, 105770.0,0.3488170515096455,0.12527647147273824,1.1694571646246668,15202.64
3, 105771.0,1.5293801771063698,1.4350908804581504,-0.6125275437631839,17587.95
2, 105772.0,-0.8317460740870789,-1.1845379375126739,-0.6125275437631839,9554.2
10, 105773.0,-0.8317460740870789,-1.6211427405078112,1.1694571646246668,34899.43
4, 105774.0,-0.8317460740870789,2.308300486448425,-0.6125275437631839,16112.79
11, 105775.0,0.3488170515096455,0.12527647147273824,-0.6125275437631839,30635.03
1, 105776.0,-0.8317460740870789,-0.3113283315223991,-0.6125275437631839,10343.75
5, 105777.0,0.3488170515096455,-0.7479331345175364,1.1694571646246668,27537.25
0, 105778.0,0.3488170515096455,0.9984860774630129,1.1694571646246668,15716.82
12, 105779.0,-0.8317460740870789,-0.7479331345175364,-0.6125275437631839,17649.02
4, 105780.0,-0.8317460740870789,0.9984860774630129,-0.6125275437631839,29985.54
7, 105781.0,0.3488170515096455,-0.3113283315223991,-0.6125275437631839,31840.19
2, 105782.0,-0.8317460740870789,-1.1845379375126739,-0.6125275437631839,23850.32
10, 105783.0,-0.8317460740870789,-0.7479331345175364,1.1694571646246668,17322.23
12, 105784.0,-0.8317460740870789,-0.7479331345175364,-0.6125275437631839,10798.43
1, 105785.0,-0.8317460740870789,0.12527647147273824,-0.6125275437631839,6221.89
8, 105786.0,2.709943302703094,2.308300486448425,-0.6125275437631839,18892.89
11, 105787.0,0.3488170515096455,0.12527647147273824,-0.6125275437631839,16532.6
15, 105788.0,-0.8317460740870789,0.5618812744678756,1.1694571646246668,35465.47
2, 105789.0,-0.8317460740870789,-1.1845379375126739,-0.6125275437631839,30721.45
12, 105790.0,-0.8317460740870789,-0.7479331345175364,-0.6125275437631839,17107.79
3, 105791.0,0.3488170515096455,1.4350908804581504,-0.6125275437631839,17092.89
15, 105792.0,-0.8317460740870789,0.12527647147273824,1.1694571646246668,15941.96
1, 105793.0,-0.8317460740870789,0.12527647147273824,-0.6125275437631839,29126.66
5, 105794.0,1.5293801771063698,0.12527647147273824,1.1694571646246668,16682.75
2, 105795.0,-0.8317460740870789,-1.6211427405078112,-0.6125275437631839,14909.4
15, 105796.0,-0.8317460740870789,0.5618812744678756,1.1694571646246668,28823.14
1, 105797.0,-0.8317460740870789,-0.3113283315223991,-0.6125275437631839,15795.12
8, 105798.0,2.709943302703094,-0.3113283315223991,1.1694571646246668,21860.24
0, 105799.0,1.5293801771063698,3.1815100924386996,1.1694571646246668,29912.15
3, 105800.0,0.3488170515096455,1.4350908804581504,-0.6125275437631839,30377.06
2, 105801.0,-0.8317460740870789,-1.1845379375126739,-0.6125275437631839,16001.36
7, 105802.0,0.3488170515096455,-0.3113283315223991,-0.6125275437631839,16355.53
6, 105803.0,-0.8317460740870789,0.5618812744678756,-0.6125275437631839,14363.14
1, 105804.0,-0.8317460740870789,-0.3113283315223991,-0.6125275437631839,6242.27
3, 105805.0,0.3488170515096455,1.4350908804581504,-0.6125275437631839,12235.26
7, 105806.0,0.3488170515096455,-0.7479331345175364,-0.6125275437631839,26181.0
14, 105807.0,2.709943302703094,0.5618812744678756,-0.6125275437631839,25752.43
11, 105808.0,0.3488170515096455,0.12527647147273824,-0.6125275437631839,30944.68
0, 105809.0,0.3488170515096455,0.5618812744678756,1.1694571646246668,19581.51
11, 105810.0,0.3488170515096455,0.12527647147273824,-0.6125275437631839,11399.13
11, 105811.0,0.3488170515096455,0.12527647147273824,-0.6125275437631839,17270.3
10, 105812.0,-0.8317460740870789,-0.7479331345175364,1.1694571646246668,11428.66
1, 105813.0,-0.8317460740870789,-0.3113283315223991,-0.6125275437631839,13619.96
11, 105814.0,0.3488170515096455,0.5618812744678756,-0.6125275437631839,14543.8
13, 105815.0,0.3488170515096455,-1.1845379375126739,1.1694571646246668,17436.28
8, 105816.0,2.709943302703094,0.5618812744678756,2.951441873012518,46694.76
12, 105817.0,-0.8317460740870789,-0.7479331345175364,-0.6125275437631839,12142.68
10, 105818.0,-0.8317460740870789,-1.6211427405078112,1.1694571646246668,28697.74
0, 105819.0,0.3488170515096455,0.5618812744678756,1.1694571646246668,19892.05
1, 105820.0,-0.8317460740870789,0.12527647147273824,-0.6125275437631839,20561.98
3, 105821.0,0.3488170515096455,1.4350908804581504,-0.6125275437631839,23874.72
8, 105822.0,2.709943302703094,0.5618812744678756,1.1694571646246668,21159.5
5, 105823.0,0.3488170515096455,-0.3113283315223991,1.1694571646246668,20008.41
7, 105824.0,0.3488170515096455,-0.3113283315223991,-0.6125275437631839,14355.17
2, 105825.0,-0.8317460740870789,-1.1845379375126739,-0.6125275437631839,11390.68
1, 105826.0,-0.8317460740870789,0.12527647147273824,-0.6125275437631839,10270.04
1, 105827.0,-0.8317460740870789,0.12527647147273824,-0.6125275437631839,8851.46
2, 105828.0,-0.8317460740870789,-1.6211427405078112,-0.6125275437631839,10016.48
0, 105829.0,0.3488170515096455,1.8716956834532876,1.1694571646246668,32259.2
1, 105830.0,-0.8317460740870789,0.12527647147273824,-0.6125275437631839,11161.71
0, 105831.0,0.3488170515096455,1.8716956834532876,1.1694571646246668,15554.5
2, 105832.0,-0.8317460740870789,-1.1845379375126739,-0.6125275437631839,18437.15
12, 105833.0,-0.8317460740870789,-0.7479331345175364,-0.6125275437631839,5645.94
15, 105834.0,-0.8317460740870789,0.9984860774630129,1.1694571646246668,10384.12
4, 105835.0,-0.8317460740870789,0.9984860774630129,-0.6125275437631839,12908.25
1, 105836.0,-0.8317460740870789,-0.3113283315223991,-0.6125275437631839,13247.74
4, 105837.0,-0.8317460740870789,1.8716956834532876,-0.6125275437631839,15181.3
15, 105838.0,-0.8317460740870789,0.5618812744678756,1.1694571646246668,7305.63
5, 105839.0,0.3488170515096455,0.12527647147273824,1.1694571646246668,12241.66
10, 105840.0,-0.8317460740870789,-1.1845379375126739,1.1694571646246668,11037.12
1, 105841.0,-0.8317460740870789,-0.3113283315223991,-0.6125275437631839,17070.68
0, 105842.0,0.3488170515096455,0.5618812744678756,1.1694571646246668,17194.18
2, 105843.0,-0.8317460740870789,-1.1845379375126739,-0.6125275437631839,9770.54
12, 105844.0,-0.8317460740870789,-0.7479331345175364,-0.6125275437631839,7645.94
6, 105845.0,-0.8317460740870789,0.5618812744678756,-0.6125275437631839,13494.89
2, 105846.0,-0.8317460740870789,-1.1845379375126739,-0.6125275437631839,9449.86
7, 105847.0,0.3488170515096455,-0.3113283315223991,-0.6125275437631839,14016.9
12, 105848.0,-0.8317460740870789,-0.7479331345175364,-0.6125275437631839,6090.48
11, 105849.0,0.3488170515096455,0.5618812744678756,-0.6125275437631839,14973.12
1, 105850.0,-0.8317460740870789,-0.3113283315223991,-0.6125275437631839,5923.01
1, 105851.0,-0.8317460740870789,0.12527647147273824,-0.6125275437631839,6742.6
3, 105852.0,0.3488170515096455,0.9984860774630129,-0.6125275437631839,13415.23
14, 105853.0,1.5293801771063698,0.5618812744678756,-0.6125275437631839,16883.68
1, 105854.0,-0.8317460740870789,-0.3113283315223991,-0.6125275437631839,20061.2
1, 105855.0,-0.8317460740870789,-0.3113283315223991,-0.6125275437631839,24399.91
5, 105856.0,1.5293801771063698,0.12527647147273824,1.1694571646246668,25338.69
1, 105857.0,-0.8317460740870789,0.12527647147273824,-0.6125275437631839,14187.6
7, 105858.0,0.3488170515096455,-0.3113283315223991,-0.6125275437631839,18336.69
5, 105859.0,0.3488170515096455,0.12527647147273824,1.1694571646246668,15592.68
0, 105860.0,1.5293801771063698,0.9984860774630129,1.1694571646246668,18140.58
6, 105861.0,-0.8317460740870789,0.5618812744678756,-0.6125275437631839,15849.13
11, 105862.0,0.3488170515096455,0.5618812744678756,-0.6125275437631839,28613.71
4, 105863.0,-0.8317460740870789,0.9984860774630129,-0.6125275437631839,8996.77
3, 105864.0,1.5293801771063698,0.9984860774630129,-0.6125275437631839,17185.72
11, 105865.0,0.3488170515096455,0.12527647147273824,-0.6125275437631839,14195.7
0, 105866.0,0.3488170515096455,0.5618812744678756,1.1694571646246668,14955.08
11, 105867.0,0.3488170515096455,0.12527647147273824,-0.6125275437631839,15467.51
9, 105868.0,0.3488170515096455,-1.1845379375126739,-0.6125275437631839,20001.06
12, 105869.0,-0.8317460740870789,-0.7479331345175364,-0.6125275437631839,28576.01
11, 105870.0,0.3488170515096455,0.12527647147273824,-0.6125275437631839,15902.37
8, 105871.0,3.8905064282998185,0.5618812744678756,2.951441873012518,25640.93
14, 105872.0,2.709943302703094,0.9984860774630129,-0.6125275437631839,21918.31
12, 105873.0,-0.8317460740870789,-0.7479331345175364,-0.6125275437631839,9337.16
0, 105874.0,1.5293801771063698,1.8716956834532876,1.1694571646246668,27074.52
3, 105875.0,1.5293801771063698,1.8716956834532876,-0.6125275437631839,11197.6
5, 105876.0,0.3488170515096455,-0.3113283315223991,1.1694571646246668,32368.79
10, 105877.0,-0.8317460740870789,-1.6211427405078112,1.1694571646246668,23748.28
11, 105878.0,0.3488170515096455,0.5618812744678756,-0.6125275437631839,22564.7
4, 105879.0,-0.8317460740870789,0.9984860774630129,-0.6125275437631839,13446.86
1, 105880.0,-0.8317460740870789,0.12527647147273824,-0.6125275437631839,36541.95
12, 105881.0,-0.8317460740870789,-0.7479331345175364,-0.6125275437631839,8311.75
2, 105882.0,-0.8317460740870789,-1.1845379375126739,-0.6125275437631839,25274.97
10, 105883.0,-0.8317460740870789,-0.7479331345175364,1.1694571646246668,13290.58
10, 105884.0,-0.8317460740870789,-0.7479331345175364,1.1694571646246668,14769.64
12, 105885.0,-0.8317460740870789,-0.7479331345175364,-0.6125275437631839,10201.21
11, 105886.0,0.3488170515096455,0.5618812744678756,-0.6125275437631839,19566.85
4, 105887.0,-0.8317460740870789,1.4350908804581504,-0.6125275437631839,16576.35
7, 105888.0,0.3488170515096455,-0.3113283315223991,-0.6125275437631839,20739.1
12, 105889.0,-0.8317460740870789,-0.7479331345175364,-0.6125275437631839,25925.84
7, 105890.0,0.3488170515096455,-0.3113283315223991,-0.6125275437631839,22137.69
5, 105891.0,0.3488170515096455,-0.3113283315223991,1.1694571646246668,15266.45
1, 105892.0,-0.8317460740870789,-0.3113283315223991,-0.6125275437631839,25579.66
10, 105893.0,-0.8317460740870789,-1.1845379375126739,1.1694571646246668,16545.48
7, 105894.0,0.3488170515096455,-0.3113283315223991,-0.6125275437631839,14314.57
12, 105895.0,-0.8317460740870789,-0.7479331345175364,-0.6125275437631839,28614.66
2, 105896.0,-0.8317460740870789,-1.1845379375126739,-0.6125275437631839,12344.64
11, 105897.0,0.3488170515096455,0.5618812744678756,-0.6125275437631839,16754.1
8, 105898.0,2.709943302703094,1.8716956834532876,-0.6125275437631839,27785.99
10, 105899.0,-0.8317460740870789,-0.7479331345175364,1.1694571646246668,12034.57
3, 105900.0,0.3488170515096455,0.9984860774630129,-0.6125275437631839,6814.58
1, 105901.0,-0.8317460740870789,-0.3113283315223991,-0.6125275437631839,14992.23
3, 105902.0,0.3488170515096455,0.9984860774630129,-0.6125275437631839,10979.36
7, 105903.0,0.3488170515096455,-0.3113283315223991,-0.6125275437631839,20487.76
2, 105904.0,-0.8317460740870789,-1.1845379375126739,-0.6125275437631839,13148.87
15, 105905.0,-0.8317460740870789,-0.3113283315223991,1.1694571646246668,14109.86
7, 105906.0,0.3488170515096455,-0.3113283315223991,-0.6125275437631839,16963.76
15, 105907.0,-0.8317460740870789,0.12527647147273824,1.1694571646246668,14477.53
10, 105908.0,-0.8317460740870789,-0.7479331345175364,1.1694571646246668,15764.46
14, 105909.0,2.709943302703094,0.5618812744678756,-0.6125275437631839,22056.23
1, 105910.0,-0.8317460740870789,0.12527647147273824,-0.6125275437631839,13372.23
3, 105911.0,0.3488170515096455,0.9984860774630129,-0.6125275437631839,28132.52
15, 105912.0,-0.8317460740870789,0.5618812744678756,1.1694571646246668,17165.65
1, 105913.0,-0.8317460740870789,-0.3113283315223991,-0.6125275437631839,13091.8
1, 105914.0,-0.8317460740870789,-0.3113283315223991,-0.6125275437631839,16984.46
10, 105915.0,-0.8317460740870789,-1.6211427405078112,1.1694571646246668,11174.66
11, 105916.0,0.3488170515096455,0.12527647147273824,-0.6125275437631839,26027.37
9, 105917.0,1.5293801771063698,-1.1845379375126739,-0.6125275437631839,16289.82
9, 105918.0,0.3488170515096455,-1.6211427405078112,-0.6125275437631839,16164.27
2, 105919.0,-0.8317460740870789,-1.6211427405078112,-0.6125275437631839,9634.4
4, 105920.0,-0.8317460740870789,1.4350908804581504,-0.6125275437631839,11912.66
12, 105921.0,-0.8317460740870789,-0.7479331345175364,-0.6125275437631839,29478.43
3, 105922.0,0.3488170515096455,0.9984860774630129,-0.6125275437631839,9647.55
6, 105923.0,-0.8317460740870789,0.5618812744678756,-0.6125275437631839,13740.2
3, 105924.0,1.5293801771063698,2.744905289443562,-0.6125275437631839,11431.48
2, 105925.0,-0.8317460740870789,-1.1845379375126739,-0.6125275437631839,9819.8
2, 105926.0,-0.8317460740870789,-1.1845379375126739,-0.6125275437631839,31034.57
3, 105927.0,1.5293801771063698,0.9984860774630129,-0.6125275437631839,13758.2
1, 105928.0,-0.8317460740870789,0.12527647147273824,-0.6125275437631839,10500.34
2, 105929.0,-0.8317460740870789,-2.0577475435029484,-0.6125275437631839,8765.08
7, 105930.0,0.3488170515096455,-0.7479331345175364,-0.6125275437631839,12974.06
2, 105931.0,-0.8317460740870789,-1.1845379375126739,-0.6125275437631839,4839.1
14, 105932.0,1.5293801771063698,0.12527647147273824,-0.6125275437631839,24351.37
4, 105933.0,-0.8317460740870789,0.9984860774630129,-0.6125275437631839,13832.26
5, 105934.0,0.3488170515096455,-0.3113283315223991,1.1694571646246668,16857.82
5, 105935.0,0.3488170515096455,0.12527647147273824,1.1694571646246668,15974.79
0, 105936.0,0.3488170515096455,0.5618812744678756,2.951441873012518,35487.17
8, 105937.0,2.709943302703094,0.5618812744678756,2.951441873012518,40549.63
12, 105938.0,-0.8317460740870789,-0.7479331345175364,-0.6125275437631839,5660.43
8, 105939.0,3.8905064282998185,0.12527647147273824,1.1694571646246668,25310.56
7, 105940.0,0.3488170515096455,-0.7479331345175364,-0.6125275437631839,18114.85
5, 105941.0,1.5293801771063698,0.12527647147273824,1.1694571646246668,27170.4
4, 105942.0,-0.8317460740870789,0.9984860774630129,-0.6125275437631839,9730.3
1, 105943.0,-0.8317460740870789,-0.3113283315223991,-0.6125275437631839,14784.9
2, 105944.0,-0.8317460740870789,-1.1845379375126739,-0.6125275437631839,9012.85
15, 105945.0,-0.8317460740870789,-0.3113283315223991,1.1694571646246668,8728.79
12, 105946.0,-0.8317460740870789,-0.7479331345175364,-0.6125275437631839,15166.16
1, 105947.0,-0.8317460740870789,0.12527647147273824,-0.6125275437631839,7175.09
2, 105948.0,-0.8317460740870789,-1.1845379375126739,-0.6125275437631839,12114.81
1, 105949.0,-0.8317460740870789,-0.3113283315223991,-0.6125275437631839,9282.1
3, 105950.0,1.5293801771063698,0.9984860774630129,-0.6125275437631839,19152.81
0, 105951.0,1.5293801771063698,1.4350908804581504,1.1694571646246668,23619.18
4, 105952.0,-0.8317460740870789,1.4350908804581504,-0.6125275437631839,17544.32
5, 105953.0,0.3488170515096455,0.12527647147273824,1.1694571646246668,16829.23
3, 105954.0,1.5293801771063698,0.9984860774630129,-0.6125275437631839,32005.23
3, 105955.0,0.3488170515096455,1.8716956834532876,-0.6125275437631839,15303.75
11, 105956.0,0.3488170515096455,0.5618812744678756,-0.6125275437631839,12413.44
4, 105957.0,-0.8317460740870789,0.9984860774630129,-0.6125275437631839,21860.52
15, 105958.0,-0.8317460740870789,-0.3113283315223991,1.1694571646246668,9040.58
15, 105959.0,-0.8317460740870789,0.12527647147273824,1.1694571646246668,10939.17
3, 105960.0,0.3488170515096455,2.308300486448425,-0.6125275437631839,16179.88
6, 105961.0,-0.8317460740870789,0.5618812744678756,-0.6125275437631839,15296.79
2, 105962.0,-0.8317460740870789,-2.0577475435029484,-0.6125275437631839,15036.15
1, 105963.0,-0.8317460740870789,-0.3113283315223991,-0.6125275437631839,21298.92
0, 105964.0,1.5293801771063698,0.5618812744678756,1.1694571646246668,22258.72
2, 105965.0,-0.8317460740870789,-1.1845379375126739,-0.6125275437631839,11973.36
9, 105966.0,0.3488170515096455,-1.1845379375126739,-0.6125275437631839,14153.52
1, 105967.0,-0.8317460740870789,-0.3113283315223991,-0.6125275437631839,26862.81
1, 105968.0,-0.8317460740870789,0.12527647147273824,-0.6125275437631839,11064.75
1, 105969.0,-0.8317460740870789,0.12527647147273824,-0.6125275437631839,12285.0
10, 105970.0,-0.8317460740870789,-1.1845379375126739,2.951441873012518,18145.73
14, 105971.0,1.5293801771063698,-0.3113283315223991,-0.6125275437631839,13704.19
2, 105972.0,-0.8317460740870789,-1.6211427405078112,-0.6125275437631839,16425.64
7, 105973.0,0.3488170515096455,-0.7479331345175364,-0.6125275437631839,13312.2
11, 105974.0,0.3488170515096455,0.5618812744678756,-0.6125275437631839,7352.31
9, 105975.0,1.5293801771063698,-1.1845379375126739,-0.6125275437631839,14012.2
13, 105976.0,0.3488170515096455,-1.1845379375126739,1.1694571646246668,16169.95
14, 105977.0,1.5293801771063698,0.12527647147273824,-0.6125275437631839,28970.12
10, 105978.0,-0.8317460740870789,-0.7479331345175364,1.1694571646246668,14141.0
6, 105979.0,-0.8317460740870789,0.5618812744678756,-0.6125275437631839,30763.51
7, 105980.0,0.3488170515096455,-0.3113283315223991,-0.6125275437631839,17413.57
6, 105981.0,-0.8317460740870789,0.5618812744678756,-0.6125275437631839,16827.76
3, 105982.0,1.5293801771063698,0.9984860774630129,-0.6125275437631839,17673.64
4, 105983.0,-0.8317460740870789,0.9984860774630129,-0.6125275437631839,25360.91
1, 105984.0,-0.8317460740870789,-0.3113283315223991,-0.6125275437631839,12672.08
5, 105985.0,1.5293801771063698,-0.3113283315223991,1.1694571646246668,17787.07
3, 105986.0,0.3488170515096455,2.744905289443562,-0.6125275437631839,13351.72
12, 105987.0,-0.8317460740870789,-0.7479331345175364,-0.6125275437631839,10260.26
5, 105988.0,0.3488170515096455,-0.7479331345175364,2.951441873012518,20605.94
6, 105989.0,-0.8317460740870789,0.5618812744678756,-0.6125275437631839,26714.84
4, 105990.0,-0.8317460740870789,0.9984860774630129,-0.6125275437631839,12453.01
1, 105991.0,-0.8317460740870789,0.12527647147273824,-0.6125275437631839,28198.99
14, 105992.0,1.5293801771063698,0.12527647147273824,-0.6125275437631839,22945.34
2, 105993.0,-0.8317460740870789,-1.6211427405078112,-0.6125275437631839,15040.52
3, 105994.0,0.3488170515096455,0.9984860774630129,-0.6125275437631839,12476.6
0, 105995.0,1.5293801771063698,0.9984860774630129,1.1694571646246668,34609.57
4, 105996.0,-0.8317460740870789,1.4350908804581504,-0.6125275437631839,14917.0
11, 105997.0,0.3488170515096455,0.12527647147273824,-0.6125275437631839,25303.98
0, 105998.0,0.3488170515096455,0.5618812744678756,1.1694571646246668,22704.13
4, 105999.0,-0.8317460740870789,0.9984860774630129,-0.6125275437631839,8133.84
14, 106000.0,1.5293801771063698,-0.7479331345175364,-0.6125275437631839,12096.72
10, 106001.0,-0.8317460740870789,-1.6211427405078112,1.1694571646246668,21616.74
2, 106002.0,-0.8317460740870789,-1.1845379375126739,-0.6125275437631839,15243.42
11, 106003.0,0.3488170515096455,0.12527647147273824,-0.6125275437631839,19209.32
7, 106004.0,0.3488170515096455,-0.3113283315223991,-0.6125275437631839,14727.78
3, 106005.0,0.3488170515096455,1.4350908804581504,-0.6125275437631839,14376.36
0, 106006.0,0.3488170515096455,0.9984860774630129,1.1694571646246668,13134.53
12, 106007.0,-0.8317460740870789,-0.7479331345175364,-0.6125275437631839,11545.85
1, 106008.0,-0.8317460740870789,0.12527647147273824,-0.6125275437631839,18962.75
7, 106009.0,0.3488170515096455,-0.3113283315223991,-0.6125275437631839,16855.63
15, 106010.0,-0.8317460740870789,-0.3113283315223991,1.1694571646246668,30134.89
2, 106011.0,-0.8317460740870789,-1.1845379375126739,-0.6125275437631839,5102.6
10, 106012.0,-0.8317460740870789,-0.7479331345175364,1.1694571646246668,14405.1
2, 106013.0,-0.8317460740870789,-2.0577475435029484,-0.6125275437631839,6813.33
3, 106014.0,0.3488170515096455,0.9984860774630129,-0.6125275437631839,16165.79
14, 106015.0,1.5293801771063698,0.12527647147273824,-0.6125275437631839,21142.14
2, 106016.0,-0.8317460740870789,-1.1845379375126739,-0.6125275437631839,8806.11
1, 106017.0,-0.8317460740870789,-0.3113283315223991,-0.6125275437631839,12334.95
5, 106018.0,1.5293801771063698,0.12527647147273824,1.1694571646246668,25939.34
1, 106019.0,-0.8317460740870789,-0.3113283315223991,-0.6125275437631839,17139.86
11, 106020.0,0.3488170515096455,0.12527647147273824,-0.6125275437631839,19439.18
2, 106021.0,-0.8317460740870789,-1.6211427405078112,-0.6125275437631839,9617.14
10, 106022.0,-0.8317460740870789,-0.7479331345175364,1.1694571646246668,16067.76
9, 106023.0,0.3488170515096455,-1.1845379375126739,-0.6125275437631839,14720.08
1, 106024.0,-0.8317460740870789,-0.3113283315223991,-0.6125275437631839,11591.23
4, 106025.0,-0.8317460740870789,1.4350908804581504,-0.6125275437631839,9057.72
4, 106026.0,-0.8317460740870789,1.8716956834532876,-0.6125275437631839,13516.88
10, 106027.0,-0.8317460740870789,-0.7479331345175364,1.1694571646246668,32811.31
5, 106028.0,0.3488170515096455,-0.3113283315223991,1.1694571646246668,18578.76
12, 106029.0,-0.8317460740870789,-0.7479331345175364,-0.6125275437631839,21752.8
6, 106030.0,-0.8317460740870789,0.5618812744678756,-0.6125275437631839,4337.15
9, 106031.0,0.3488170515096455,-1.1845379375126739,-0.6125275437631839,9290.58
6, 106032.0,-0.8317460740870789,0.5618812744678756,-0.6125275437631839,18259.52
2, 106033.0,-0.8317460740870789,-1.1845379375126739,-0.6125275437631839,11800.21
15, 106034.0,-0.8317460740870789,1.8716956834532876,1.1694571646246668,12325.71
14, 106035.0,1.5293801771063698,-0.3113283315223991,-0.6125275437631839,32416.54
12, 106036.0,-0.8317460740870789,-0.7479331345175364,-0.6125275437631839,20127.08
2, 106037.0,-0.8317460740870789,-2.0577475435029484,-0.6125275437631839,14270.82
12, 106038.0,-0.8317460740870789,-0.7479331345175364,-0.6125275437631839,17854.06
10, 106039.0,-0.8317460740870789,-1.6211427405078112,1.1694571646246668,10364.55
9, 106040.0,1.5293801771063698,-1.1845379375126739,-0.6125275437631839,15943.44
11, 106041.0,0.3488170515096455,0.5618812744678756,-0.6125275437631839,10688.73
0, 106042.0,0.3488170515096455,0.5618812744678756,1.1694571646246668,34782.72
11, 106043.0,0.3488170515096455,0.5618812744678756,-0.6125275437631839,13241.31
1, 106044.0,-0.8317460740870789,-0.3113283315223991,-0.6125275437631839,7105.75
7, 106045.0,0.3488170515096455,-0.3113283315223991,-0.6125275437631839,17706.47
12, 106046.0,-0.8317460740870789,-0.7479331345175364,-0.6125275437631839,11021.25
11, 106047.0,0.3488170515096455,0.12527647147273824,-0.6125275437631839,31454.47
0, 106048.0,0.3488170515096455,0.9984860774630129,1.1694571646246668,11034.98
12, 106049.0,-0.8317460740870789,-0.7479331345175364,-0.6125275437631839,9859.34
7, 106050.0,0.3488170515096455,-0.7479331345175364,-0.6125275437631839,16662.0
12, 106051.0,-0.8317460740870789,-0.7479331345175364,-0.6125275437631839,11410.29
15, 106052.0,-0.8317460740870789,-0.3113283315223991,1.1694571646246668,13325.86
15, 106053.0,-0.8317460740870789,0.9984860774630129,1.1694571646246668,10385.26
1, 106054.0,-0.8317460740870789,-0.3113283315223991,-0.6125275437631839,13112.91
11, 106055.0,0.3488170515096455,0.12527647147273824,-0.6125275437631839,15239.07
3, 106056.0,0.3488170515096455,2.308300486448425,-0.6125275437631839,11012.27
0, 106057.0,0.3488170515096455,1.4350908804581504,1.1694571646246668,13124.85
0, 106058.0,0.3488170515096455,0.5618812744678756,1.1694571646246668,31490.36
3, 106059.0,1.5293801771063698,2.308300486448425,-0.6125275437631839,22276.39
2, 106060.0,-0.8317460740870789,-1.1845379375126739,-0.6125275437631839,6198.22
0, 106061.0,0.3488170515096455,0.9984860774630129,1.1694571646246668,18076.56
3, 106062.0,0.3488170515096455,0.9984860774630129,-0.6125275437631839,17014.78
11, 106063.0,0.3488170515096455,0.12527647147273824,-0.6125275437631839,11076.08
15, 106064.0,-0.8317460740870789,0.12527647147273824,1.1694571646246668,14762.17
9, 106065.0,0.3488170515096455,-1.1845379375126739,-0.6125275437631839,13343.22
0, 106066.0,1.5293801771063698,3.1815100924386996,1.1694571646246668,30834.38
1, 106067.0,-0.8317460740870789,0.12527647147273824,-0.6125275437631839,9324.71
1, 106068.0,-0.8317460740870789,-0.3113283315223991,-0.6125275437631839,12349.8
11, 106069.0,0.3488170515096455,0.12527647147273824,-0.6125275437631839,14664.82
12, 106070.0,-0.8317460740870789,-0.7479331345175364,-0.6125275437631839,10170.6
14, 106071.0,1.5293801771063698,-0.3113283315223991,-0.6125275437631839,15187.19
6, 106072.0,-0.8317460740870789,0.5618812744678756,-0.6125275437631839,21589.91
3, 106073.0,0.3488170515096455,0.9984860774630129,-0.6125275437631839,29926.77
1, 106074.0,-0.8317460740870789,-0.3113283315223991,-0.6125275437631839,9585.45
1, 106075.0,-0.8317460740870789,-0.3113283315223991,-0.6125275437631839,15821.72
13, 106076.0,0.3488170515096455,-1.6211427405078112,1.1694571646246668,12990.73
6, 106077.0,-0.8317460740870789,0.5618812744678756,-0.6125275437631839,8183.99
10, 106078.0,-0.8317460740870789,-0.7479331345175364,1.1694571646246668,14788.88
7, 106079.0,0.3488170515096455,-0.3113283315223991,-0.6125275437631839,11734.35
11, 106080.0,0.3488170515096455,0.12527647147273824,-0.6125275437631839,16634.35
4, 106081.0,-0.8317460740870789,1.4350908804581504,-0.6125275437631839,7497.85
1, 106082.0,-0.8317460740870789,-0.3113283315223991,-0.6125275437631839,8053.27
1, 106083.0,-0.8317460740870789,-0.3113283315223991,-0.6125275437631839,17846.39
3, 106084.0,0.3488170515096455,0.9984860774630129,-0.6125275437631839,20220.38
14, 106085.0,1.5293801771063698,0.12527647147273824,-0.6125275437631839,15696.45
5, 106086.0,0.3488170515096455,-0.3113283315223991,1.1694571646246668,30005.22
4, 106087.0,-0.8317460740870789,2.308300486448425,-0.6125275437631839,15460.49
11, 106088.0,0.3488170515096455,0.5618812744678756,-0.6125275437631839,21140.28
1, 106089.0,-0.8317460740870789,-0.3113283315223991,-0.6125275437631839,29238.09
4, 106090.0,-0.8317460740870789,0.9984860774630129,-0.6125275437631839,12567.81
12, 106091.0,-0.8317460740870789,-0.7479331345175364,-0.6125275437631839,12343.28
10, 106092.0,-0.8317460740870789,-1.1845379375126739,2.951441873012518,16107.08
15, 106093.0,-0.8317460740870789,-0.3113283315223991,1.1694571646246668,17750.36
7, 106094.0,0.3488170515096455,-0.3113283315223991,-0.6125275437631839,15077.28
1, 106095.0,-0.8317460740870789,-0.3113283315223991,-0.6125275437631839,23237.71
0, 106096.0,0.3488170515096455,0.5618812744678756,1.1694571646246668,32762.52
13, 106097.0,1.5293801771063698,-1.6211427405078112,1.1694571646246668,34650.02
2, 106098.0,-0.8317460740870789,-1.1845379375126739,-0.6125275437631839,16779.19
12, 106099.0,-0.8317460740870789,-0.7479331345175364,-0.6125275437631839,14981.81
5, 106100.0,1.5293801771063698,-0.3113283315223991,1.1694571646246668,22805.03
0, 106101.0,0.3488170515096455,0.9984860774630129,1.1694571646246668,31677.68
1, 106102.0,-0.8317460740870789,0.12527647147273824,-0.6125275437631839,17093.4
8, 106103.0,3.8905064282998185,1.4350908804581504,2.951441873012518,30542.47
1, 106104.0,-0.8317460740870789,-0.3113283315223991,-0.6125275437631839,11739.72
9, 106105.0,0.3488170515096455,-1.6211427405078112,-0.6125275437631839,16838.01
2, 106106.0,-0.8317460740870789,-1.6211427405078112,-0.6125275437631839,17147.56
3, 106107.0,0.3488170515096455,2.744905289443562,-0.6125275437631839,25646.69
3, 106108.0,1.5293801771063698,2.744905289443562,-0.6125275437631839,30579.26
12, 106109.0,-0.8317460740870789,-0.7479331345175364,-0.6125275437631839,15242.2
2, 106110.0,-0.8317460740870789,-1.6211427405078112,-0.6125275437631839,13511.11
1, 106111.0,-0.8317460740870789,-0.3113283315223991,-0.6125275437631839,9198.56
1, 106112.0,-0.8317460740870789,-0.3113283315223991,-0.6125275437631839,10881.67
11, 106113.0,0.3488170515096455,0.5618812744678756,-0.6125275437631839,18129.45
7, 106114.0,0.3488170515096455,-0.3113283315223991,-0.6125275437631839,22629.17
9, 106115.0,0.3488170515096455,-1.1845379375126739,-0.6125275437631839,26946.03
15, 106116.0,-0.8317460740870789,-0.3113283315223991,1.1694571646246668,21897.45
5, 106117.0,0.3488170515096455,-0.7479331345175364,1.1694571646246668,15511.46
1, 106118.0,-0.8317460740870789,-0.3113283315223991,-0.6125275437631839,11282.24
1, 106119.0,-0.8317460740870789,0.12527647147273824,-0.6125275437631839,12444.75
12, 106120.0,-0.8317460740870789,-0.7479331345175364,-0.6125275437631839,9745.15
1, 106121.0,-0.8317460740870789,0.12527647147273824,-0.6125275437631839,4854.58
4, 106122.0,-0.8317460740870789,0.9984860774630129,-0.6125275437631839,14420.82
11, 106123.0,0.3488170515096455,0.5618812744678756,-0.6125275437631839,22311.22
12, 106124.0,-0.8317460740870789,-0.7479331345175364,-0.6125275437631839,8521.81
4, 106125.0,-0.8317460740870789,2.308300486448425,-0.6125275437631839,12244.92
9, 106126.0,0.3488170515096455,-1.6211427405078112,-0.6125275437631839,20913.8
1, 106127.0,-0.8317460740870789,0.12527647147273824,-0.6125275437631839,18077.77
5, 106128.0,0.3488170515096455,-0.3113283315223991,1.1694571646246668,17254.08
4, 106129.0,-0.8317460740870789,2.308300486448425,-0.6125275437631839,37706.36
12, 106130.0,-0.8317460740870789,-0.7479331345175364,-0.6125275437631839,8812.08
1, 106131.0,-0.8317460740870789,0.12527647147273824,-0.6125275437631839,24382.94
6, 106132.0,-0.8317460740870789,0.5618812744678756,-0.6125275437631839,11387.77
11, 106133.0,0.3488170515096455,0.5618812744678756,-0.6125275437631839,9819.56
14, 106134.0,1.5293801771063698,-0.3113283315223991,-0.6125275437631839,16213.03
1, 106135.0,-0.8317460740870789,-0.3113283315223991,-0.6125275437631839,13319.17
13, 106136.0,0.3488170515096455,-1.1845379375126739,1.1694571646246668,21359.64
11, 106137.0,0.3488170515096455,0.5618812744678756,-0.6125275437631839,37169.81
7, 106138.0,0.3488170515096455,-0.3113283315223991,-0.6125275437631839,14675.45
7, 106139.0,0.3488170515096455,-0.3113283315223991,-0.6125275437631839,15085.25
6, 106140.0,-0.8317460740870789,0.5618812744678756,-0.6125275437631839,9369.72
0, 106141.0,0.3488170515096455,0.5618812744678756,1.1694571646246668,32873.08
12, 106142.0,-0.8317460740870789,-0.7479331345175364,-0.6125275437631839,11174.61
7, 106143.0,0.3488170515096455,-0.7479331345175364,-0.6125275437631839,15136.92
14, 106144.0,1.5293801771063698,0.12527647147273824,-0.6125275437631839,15364.42
11, 106145.0,0.3488170515096455,0.12527647147273824,-0.6125275437631839,21721.34
10, 106146.0,-0.8317460740870789,-0.7479331345175364,1.1694571646246668,11619.06
12, 106147.0,-0.8317460740870789,-0.7479331345175364,-0.6125275437631839,6729.64
2, 106148.0,-0.8317460740870789,-2.0577475435029484,-0.6125275437631839,10789.67
8, 106149.0,2.709943302703094,0.9984860774630129,1.1694571646246668,30724.24
1, 106150.0,-0.8317460740870789,-0.3113283315223991,-0.6125275437631839,8281.1
2, 106151.0,-0.8317460740870789,-1.1845379375126739,-0.6125275437631839,12436.83
1, 106152.0,-0.8317460740870789,-0.3113283315223991,-0.6125275437631839,11279.64
7, 106153.0,0.3488170515096455,-0.3113283315223991,-0.6125275437631839,15977.76
2, 106154.0,-0.8317460740870789,-1.1845379375126739,-0.6125275437631839,17748.89
2, 106155.0,-0.8317460740870789,-1.1845379375126739,-0.6125275437631839,22058.18
15, 106156.0,-0.8317460740870789,-0.3113283315223991,1.1694571646246668,26786.11
15, 106157.0,-0.8317460740870789,0.5618812744678756,1.1694571646246668,14496.06
9, 106158.0,0.3488170515096455,-1.1845379375126739,-0.6125275437631839,10586.15
11, 106159.0,0.3488170515096455,0.12527647147273824,-0.6125275437631839,11686.44
2, 106160.0,-0.8317460740870789,-1.1845379375126739,-0.6125275437631839,31271.9
10, 106161.0,-0.8317460740870789,-0.7479331345175364,1.1694571646246668,23449.05
10, 106162.0,-0.8317460740870789,-1.6211427405078112,1.1694571646246668,34461.78
3, 106163.0,1.5293801771063698,1.4350908804581504,-0.6125275437631839,14235.78
1, 106164.0,-0.8317460740870789,-0.3113283315223991,-0.6125275437631839,11804.53
1, 106165.0,-0.8317460740870789,0.12527647147273824,-0.6125275437631839,29189.43
7, 106166.0,0.3488170515096455,-0.3113283315223991,-0.6125275437631839,34692.21
2, 106167.0,-0.8317460740870789,-1.6211427405078112,-0.6125275437631839,6059.31
5, 106168.0,0.3488170515096455,-0.7479331345175364,1.1694571646246668,16761.18
1, 106169.0,-0.8317460740870789,-0.3113283315223991,-0.6125275437631839,16097.07
6, 106170.0,-0.8317460740870789,0.5618812744678756,-0.6125275437631839,11573.81
11, 106171.0,0.3488170515096455,0.5618812744678756,-0.6125275437631839,14563.4
2, 106172.0,-0.8317460740870789,-1.1845379375126739,-0.6125275437631839,7239.35
2, 106173.0,-0.8317460740870789,-2.0577475435029484,-0.6125275437631839,16043.43
11, 106174.0,0.3488170515096455,0.12527647147273824,-0.6125275437631839,16503.78
5, 106175.0,1.5293801771063698,-0.7479331345175364,1.1694571646246668,29841.17
11, 106176.0,0.3488170515096455,0.12527647147273824,-0.6125275437631839,26831.93
3, 106177.0,0.3488170515096455,1.4350908804581504,-0.6125275437631839,12217.24
5, 106178.0,0.3488170515096455,-0.7479331345175364,1.1694571646246668,34431.65
1, 106179.0,-0.8317460740870789,-0.3113283315223991,-0.6125275437631839,4453.94
1, 106180.0,-0.8317460740870789,-0.3113283315223991,-0.6125275437631839,9914.2
5, 106181.0,1.5293801771063698,-0.3113283315223991,1.1694571646246668,19784.06
11, 106182.0,0.3488170515096455,0.12527647147273824,-0.6125275437631839,18266.03
14, 106183.0,2.709943302703094,0.9984860774630129,-0.6125275437631839,11899.27
8, 106184.0,2.709943302703094,0.5618812744678756,2.951441873012518,24625.45
15, 106185.0,-0.8317460740870789,1.4350908804581504,2.951441873012518,18203.08
5, 106186.0,0.3488170515096455,0.12527647147273824,1.1694571646246668,18113.51
14, 106187.0,1.5293801771063698,-0.3113283315223991,-0.6125275437631839,16501.45
1, 106188.0,-0.8317460740870789,-0.3113283315223991,-0.6125275437631839,25627.71
2, 106189.0,-0.8317460740870789,-1.6211427405078112,-0.6125275437631839,15630.44
8, 106190.0,2.709943302703094,0.9984860774630129,1.1694571646246668,31169.3
6, 106191.0,-0.8317460740870789,0.5618812744678756,-0.6125275437631839,7989.92
2, 106192.0,-0.8317460740870789,-1.1845379375126739,-0.6125275437631839,7947.46
1, 106193.0,-0.8317460740870789,0.12527647147273824,-0.6125275437631839,10461.39
15, 106194.0,-0.8317460740870789,0.5618812744678756,1.1694571646246668,20404.63
7, 106195.0,0.3488170515096455,-0.3113283315223991,-0.6125275437631839,15524.36
13, 106196.0,0.3488170515096455,-1.6211427405078112,1.1694571646246668,15876.4
1, 106197.0,-0.8317460740870789,0.12527647147273824,-0.6125275437631839,13085.28
9, 106198.0,1.5293801771063698,-1.1845379375126739,-0.6125275437631839,28567.48
15, 106199.0,-0.8317460740870789,0.5618812744678756,1.1694571646246668,12921.77
14, 106200.0,1.5293801771063698,0.5618812744678756,-0.6125275437631839,19527.67
7, 106201.0,0.3488170515096455,-0.7479331345175364,-0.6125275437631839,17618.03
3, 106202.0,0.3488170515096455,0.9984860774630129,-0.6125275437631839,13238.28
2, 106203.0,-0.8317460740870789,-1.1845379375126739,-0.6125275437631839,14958.14
6, 106204.0,-0.8317460740870789,0.5618812744678756,-0.6125275437631839,14646.31
3, 106205.0,1.5293801771063698,0.9984860774630129,-0.6125275437631839,10978.12
11, 106206.0,0.3488170515096455,0.5618812744678756,-0.6125275437631839,16206.54
1, 106207.0,-0.8317460740870789,-0.3113283315223991,-0.6125275437631839,13794.5
2, 106208.0,-0.8317460740870789,-2.0577475435029484,-0.6125275437631839,15438.91
2, 106209.0,-0.8317460740870789,-1.1845379375126739,-0.6125275437631839,15290.07
14, 106210.0,1.5293801771063698,-0.7479331345175364,-0.6125275437631839,12579.85
5, 106211.0,1.5293801771063698,-0.3113283315223991,1.1694571646246668,34656.55
3, 106212.0,0.3488170515096455,0.9984860774630129,-0.6125275437631839,17934.35
1, 106213.0,-0.8317460740870789,0.12527647147273824,-0.6125275437631839,14764.53
2, 106214.0,-0.8317460740870789,-1.1845379375126739,-0.6125275437631839,18553.41
14, 106215.0,1.5293801771063698,-0.3113283315223991,-0.6125275437631839,14064.39
7, 106216.0,0.3488170515096455,-0.3113283315223991,-0.6125275437631839,12397.39
13, 106217.0,0.3488170515096455,-2.0577475435029484,1.1694571646246668,22126.87
3, 106218.0,1.5293801771063698,1.8716956834532876,-0.6125275437631839,20104.11
0, 106219.0,0.3488170515096455,0.9984860774630129,1.1694571646246668,39190.97
8, 106220.0,2.709943302703094,1.4350908804581504,-0.6125275437631839,15933.84
7, 106221.0,0.3488170515096455,-0.7479331345175364,-0.6125275437631839,28373.84
3, 106222.0,0.3488170515096455,0.9984860774630129,-0.6125275437631839,26411.16
5, 106223.0,1.5293801771063698,0.12527647147273824,2.951441873012518,24318.83
1, 106224.0,-0.8317460740870789,-0.3113283315223991,-0.6125275437631839,11355.63
6, 106225.0,-0.8317460740870789,0.5618812744678756,-0.6125275437631839,31412.56
11, 106226.0,0.3488170515096455,0.5618812744678756,-0.6125275437631839,11551.42
15, 106227.0,-0.8317460740870789,-0.3113283315223991,1.1694571646246668,16976.78
5, 106228.0,1.5293801771063698,0.12527647147273824,1.1694571646246668,31441.78
9, 106229.0,0.3488170515096455,-1.1845379375126739,-0.6125275437631839,15961.37
0, 106230.0,0.3488170515096455,1.8716956834532876,1.1694571646246668,17044.31
15, 106231.0,-0.8317460740870789,0.12527647147273824,1.1694571646246668,18250.2
1, 106232.0,-0.8317460740870789,-0.3113283315223991,-0.6125275437631839,7702.83
14, 106233.0,1.5293801771063698,0.12527647147273824,-0.6125275437631839,21219.48
2, 106234.0,-0.8317460740870789,-1.1845379375126739,-0.6125275437631839,25587.5
7, 106235.0,0.3488170515096455,-0.3113283315223991,-0.6125275437631839,31754.63
7, 106236.0,0.3488170515096455,-0.3113283315223991,-0.6125275437631839,17798.89
7, 106237.0,0.3488170515096455,-0.3113283315223991,-0.6125275437631839,12342.57
15, 106238.0,-0.8317460740870789,0.9984860774630129,2.951441873012518,22027.67
15, 106239.0,-0.8317460740870789,0.12527647147273824,1.1694571646246668,22526.57
3, 106240.0,0.3488170515096455,0.9984860774630129,-0.6125275437631839,11434.78
8, 106241.0,2.709943302703094,0.5618812744678756,2.951441873012518,34365.85
12, 106242.0,-0.8317460740870789,-0.7479331345175364,-0.6125275437631839,14357.59
7, 106243.0,0.3488170515096455,-0.3113283315223991,-0.6125275437631839,17483.99
1, 106244.0,-0.8317460740870789,-0.3113283315223991,-0.6125275437631839,11424.82
9, 106245.0,0.3488170515096455,-1.1845379375126739,-0.6125275437631839,11867.17
10, 106246.0,-0.8317460740870789,-1.1845379375126739,1.1694571646246668,8037.93
5, 106247.0,0.3488170515096455,0.12527647147273824,1.1694571646246668,29916.83
1, 106248.0,-0.8317460740870789,0.12527647147273824,-0.6125275437631839,11058.17
10, 106249.0,-0.8317460740870789,-0.7479331345175364,1.1694571646246668,15371.99
11, 106250.0,0.3488170515096455,0.12527647147273824,-0.6125275437631839,6916.55
1, 106251.0,-0.8317460740870789,-0.3113283315223991,-0.6125275437631839,11387.54
11, 106252.0,0.3488170515096455,0.12527647147273824,-0.6125275437631839,14052.27
8, 106253.0,2.709943302703094,4.491324501424112,-0.6125275437631839,20394.1
2, 106254.0,-0.8317460740870789,-1.1845379375126739,-0.6125275437631839,23647.59
2, 106255.0,-0.8317460740870789,-1.1845379375126739,-0.6125275437631839,14804.18
14, 106256.0,1.5293801771063698,-0.7479331345175364,-0.6125275437631839,18346.97
5, 106257.0,1.5293801771063698,-0.7479331345175364,1.1694571646246668,26284.22
4, 106258.0,-0.8317460740870789,0.9984860774630129,-0.6125275437631839,9513.7
7, 106259.0,0.3488170515096455,-0.7479331345175364,-0.6125275437631839,15742.27
2, 106260.0,-0.8317460740870789,-2.0577475435029484,-0.6125275437631839,25472.79
2, 106261.0,-0.8317460740870789,-1.1845379375126739,-0.6125275437631839,8613.77
7, 106262.0,0.3488170515096455,-0.3113283315223991,-0.6125275437631839,17161.46
3, 106263.0,0.3488170515096455,1.8716956834532876,-0.6125275437631839,18190.7
9, 106264.0,0.3488170515096455,-1.1845379375126739,-0.6125275437631839,18304.45
12, 106265.0,-0.8317460740870789,-0.7479331345175364,-0.6125275437631839,25073.83
14, 106266.0,1.5293801771063698,-0.7479331345175364,-0.6125275437631839,19119.09
5, 106267.0,0.3488170515096455,-0.7479331345175364,1.1694571646246668,16804.18
15, 106268.0,-0.8317460740870789,-0.3113283315223991,1.1694571646246668,15230.31
7, 106269.0,0.3488170515096455,-0.3113283315223991,-0.6125275437631839,20595.5
7, 106270.0,0.3488170515096455,-0.3113283315223991,-0.6125275437631839,16241.87
14, 106271.0,1.5293801771063698,-0.7479331345175364,-0.6125275437631839,16407.61
15, 106272.0,-0.8317460740870789,0.5618812744678756,1.1694571646246668,17657.35
11, 106273.0,0.3488170515096455,0.12527647147273824,-0.6125275437631839,13519.59
6, 106274.0,-0.8317460740870789,0.5618812744678756,-0.6125275437631839,23341.7
11, 106275.0,0.3488170515096455,0.5618812744678756,-0.6125275437631839,19579.26
1, 106276.0,-0.8317460740870789,0.12527647147273824,-0.6125275437631839,14566.84
4, 106277.0,-0.8317460740870789,0.9984860774630129,-0.6125275437631839,15474.04
11, 106278.0,0.3488170515096455,0.5618812744678756,-0.6125275437631839,16263.26
0, 106279.0,0.3488170515096455,1.4350908804581504,1.1694571646246668,16025.59
12, 106280.0,-0.8317460740870789,-0.7479331345175364,-0.6125275437631839,14999.14
2, 106281.0,-0.8317460740870789,-1.6211427405078112,-0.6125275437631839,19542.17
14, 106282.0,1.5293801771063698,-0.7479331345175364,-0.6125275437631839,29130.77
12, 106283.0,-0.8317460740870789,-0.7479331345175364,-0.6125275437631839,6921.57
7, 106284.0,0.3488170515096455,-0.3113283315223991,-0.6125275437631839,8003.2
0, 106285.0,0.3488170515096455,1.4350908804581504,1.1694571646246668,16016.9
9, 106286.0,1.5293801771063698,-1.1845379375126739,-0.6125275437631839,30950.87
5, 106287.0,0.3488170515096455,-0.3113283315223991,1.1694571646246668,18129.81
10, 106288.0,-0.8317460740870789,-1.6211427405078112,1.1694571646246668,15481.85
12, 106289.0,-0.8317460740870789,-0.7479331345175364,-0.6125275437631839,17425.34
2, 106290.0,-0.8317460740870789,-1.1845379375126739,-0.6125275437631839,23331.07
11, 106291.0,0.3488170515096455,0.12527647147273824,-0.6125275437631839,18259.43
2, 106292.0,-0.8317460740870789,-1.6211427405078112,-0.6125275437631839,11697.02
3, 106293.0,0.3488170515096455,1.8716956834532876,-0.6125275437631839,15911.57
10, 106294.0,-0.8317460740870789,-0.3113283315223991,2.951441873012518,30977.81
7, 106295.0,0.3488170515096455,-0.7479331345175364,-0.6125275437631839,21786.48
11, 106296.0,0.3488170515096455,0.12527647147273824,-0.6125275437631839,12846.53
1, 106297.0,-0.8317460740870789,0.12527647147273824,-0.6125275437631839,7011.58
14, 106298.0,1.5293801771063698,-0.7479331345175364,-0.6125275437631839,12975.57
3, 106299.0,1.5293801771063698,1.4350908804581504,-0.6125275437631839,26001.2
4, 106300.0,-0.8317460740870789,1.4350908804581504,-0.6125275437631839,11541.16
1, 106301.0,-0.8317460740870789,-0.3113283315223991,-0.6125275437631839,9113.87
5, 106302.0,1.5293801771063698,0.12527647147273824,1.1694571646246668,17372.15
4, 106303.0,-0.8317460740870789,1.4350908804581504,-0.6125275437631839,23366.79
1, 106304.0,-0.8317460740870789,0.12527647147273824,-0.6125275437631839,11675.31
10, 106305.0,-0.8317460740870789,-1.1845379375126739,1.1694571646246668,19717.91
14, 106306.0,3.8905064282998185,0.12527647147273824,-0.6125275437631839,41144.58
1, 106307.0,-0.8317460740870789,0.12527647147273824,-0.6125275437631839,26795.98
15, 106308.0,-0.8317460740870789,-0.3113283315223991,1.1694571646246668,16871.29
14, 106309.0,1.5293801771063698,0.5618812744678756,-0.6125275437631839,17803.47
0, 106310.0,0.3488170515096455,0.5618812744678756,2.951441873012518,20343.56
13, 106311.0,0.3488170515096455,-1.1845379375126739,1.1694571646246668,14559.45
13, 106312.0,0.3488170515096455,-1.1845379375126739,1.1694571646246668,16434.52
11, 106313.0,0.3488170515096455,0.12527647147273824,-0.6125275437631839,14468.74
11, 106314.0,0.3488170515096455,0.5618812744678756,-0.6125275437631839,10918.2
1, 106315.0,-0.8317460740870789,0.12527647147273824,-0.6125275437631839,13843.42
1, 106316.0,-0.8317460740870789,0.12527647147273824,-0.6125275437631839,19222.58
11, 106317.0,0.3488170515096455,0.12527647147273824,-0.6125275437631839,11381.88
5, 106318.0,0.3488170515096455,-0.7479331345175364,1.1694571646246668,14933.66
14, 106319.0,1.5293801771063698,0.12527647147273824,-0.6125275437631839,15289.49
10, 106320.0,-0.8317460740870789,-1.1845379375126739,1.1694571646246668,11209.78
1, 106321.0,-0.8317460740870789,0.12527647147273824,-0.6125275437631839,22610.56
10, 106322.0,-0.8317460740870789,-1.6211427405078112,1.1694571646246668,28562.74
1, 106323.0,-0.8317460740870789,-0.3113283315223991,-0.6125275437631839,17470.07
8, 106324.0,2.709943302703094,1.8716956834532876,1.1694571646246668,24179.23
2, 106325.0,-0.8317460740870789,-1.6211427405078112,-0.6125275437631839,27104.73
15, 106326.0,-0.8317460740870789,-0.3113283315223991,1.1694571646246668,14417.66
15, 106327.0,-0.8317460740870789,1.4350908804581504,1.1694571646246668,25180.93
15, 106328.0,-0.8317460740870789,0.5618812744678756,1.1694571646246668,22789.72
3, 106329.0,1.5293801771063698,1.4350908804581504,-0.6125275437631839,15117.7
14, 106330.0,1.5293801771063698,-0.3113283315223991,-0.6125275437631839,18069.16
15, 106331.0,-0.8317460740870789,0.5618812744678756,1.1694571646246668,11663.25
12, 106332.0,-0.8317460740870789,-0.7479331345175364,-0.6125275437631839,25074.87
14, 106333.0,2.709943302703094,0.9984860774630129,-0.6125275437631839,19926.05
13, 106334.0,0.3488170515096455,-1.6211427405078112,4.733426581400368,29223.9
0, 106335.0,1.5293801771063698,2.308300486448425,1.1694571646246668,28199.78
0, 106336.0,1.5293801771063698,1.4350908804581504,2.951441873012518,31940.85
4, 106337.0,-0.8317460740870789,0.9984860774630129,-0.6125275437631839,11930.92
1, 106338.0,-0.8317460740870789,-0.3113283315223991,-0.6125275437631839,26386.08
13, 106339.0,0.3488170515096455,-1.6211427405078112,1.1694571646246668,13686.96
0, 106340.0,0.3488170515096455,0.5618812744678756,1.1694571646246668,25375.97
0, 106341.0,0.3488170515096455,0.5618812744678756,1.1694571646246668,17984.67
7, 106342.0,0.3488170515096455,-0.7479331345175364,-0.6125275437631839,16234.94
11, 106343.0,0.3488170515096455,0.5618812744678756,-0.6125275437631839,17345.13
12, 106344.0,-0.8317460740870789,-0.7479331345175364,-0.6125275437631839,12724.0
3, 106345.0,0.3488170515096455,0.9984860774630129,-0.6125275437631839,11953.89
15, 106346.0,-0.8317460740870789,0.12527647147273824,1.1694571646246668,11278.9
1, 106347.0,-0.8317460740870789,-0.3113283315223991,-0.6125275437631839,14039.95
7, 106348.0,0.3488170515096455,-0.3113283315223991,-0.6125275437631839,19911.15
10, 106349.0,-0.8317460740870789,-0.7479331345175364,1.1694571646246668,15388.34
14, 106350.0,2.709943302703094,0.5618812744678756,-0.6125275437631839,13026.88
5, 106351.0,0.3488170515096455,-0.3113283315223991,1.1694571646246668,31606.52
1, 106352.0,-0.8317460740870789,-0.3113283315223991,-0.6125275437631839,10133.75
7, 106353.0,0.3488170515096455,-0.3113283315223991,-0.6125275437631839,22133.91
5, 106354.0,1.5293801771063698,0.12527647147273824,1.1694571646246668,36456.73
14, 106355.0,1.5293801771063698,-0.3113283315223991,-0.6125275437631839,26391.9
11, 106356.0,0.3488170515096455,0.12527647147273824,-0.6125275437631839,14947.4
15, 106357.0,-0.8317460740870789,-0.3113283315223991,1.1694571646246668,24965.99
6, 106358.0,-0.8317460740870789,0.5618812744678756,-0.6125275437631839,13870.64
1, 106359.0,-0.8317460740870789,-0.3113283315223991,-0.6125275437631839,5949.79
1, 106360.0,-0.8317460740870789,-0.3113283315223991,-0.6125275437631839,12500.22
5, 106361.0,0.3488170515096455,-0.3113283315223991,1.1694571646246668,14361.39
11, 106362.0,0.3488170515096455,0.5618812744678756,-0.6125275437631839,21347.1
3, 106363.0,0.3488170515096455,0.9984860774630129,-0.6125275437631839,12078.51
5, 106364.0,1.5293801771063698,-0.3113283315223991,1.1694571646246668,23936.83
11, 106365.0,0.3488170515096455,0.12527647147273824,-0.6125275437631839,11980.32
9, 106366.0,0.3488170515096455,-1.1845379375126739,-0.6125275437631839,11588.87
12, 106367.0,-0.8317460740870789,-0.7479331345175364,-0.6125275437631839,9549.33
6, 106368.0,-0.8317460740870789,0.5618812744678756,-0.6125275437631839,14828.39
1, 106369.0,-0.8317460740870789,-0.3113283315223991,-0.6125275437631839,7860.73
0, 106370.0,1.5293801771063698,1.4350908804581504,1.1694571646246668,14342.32
1, 106371.0,-0.8317460740870789,-0.3113283315223991,-0.6125275437631839,8548.02
2, 106372.0,-0.8317460740870789,-1.6211427405078112,-0.6125275437631839,11982.49
5, 106373.0,0.3488170515096455,-0.3113283315223991,2.951441873012518,16325.32
11, 106374.0,0.3488170515096455,0.12527647147273824,-0.6125275437631839,11569.29
6, 106375.0,-0.8317460740870789,0.5618812744678756,-0.6125275437631839,3952.41
3, 106376.0,1.5293801771063698,0.9984860774630129,-0.6125275437631839,18542.02
11, 106377.0,0.3488170515096455,0.12527647147273824,-0.6125275437631839,15963.89
15, 106378.0,-0.8317460740870789,0.5618812744678756,1.1694571646246668,11056.09
3, 106379.0,0.3488170515096455,0.9984860774630129,-0.6125275437631839,14623.73
11, 106380.0,0.3488170515096455,0.12527647147273824,-0.6125275437631839,18075.93
11, 106381.0,0.3488170515096455,0.12527647147273824,-0.6125275437631839,17909.04
2, 106382.0,-0.8317460740870789,-1.1845379375126739,-0.6125275437631839,6303.71
12, 106383.0,-0.8317460740870789,-0.7479331345175364,-0.6125275437631839,26756.73
1, 106384.0,-0.8317460740870789,0.12527647147273824,-0.6125275437631839,4695.51
0, 106385.0,1.5293801771063698,0.9984860774630129,1.1694571646246668,18579.06
11, 106386.0,0.3488170515096455,0.12527647147273824,-0.6125275437631839,23727.36
1, 106387.0,-0.8317460740870789,-0.3113283315223991,-0.6125275437631839,11270.17
3, 106388.0,0.3488170515096455,2.308300486448425,-0.6125275437631839,19834.39
1, 106389.0,-0.8317460740870789,-0.3113283315223991,-0.6125275437631839,10286.3
7, 106390.0,0.3488170515096455,-0.7479331345175364,-0.6125275437631839,16861.24
7, 106391.0,0.3488170515096455,-0.3113283315223991,-0.6125275437631839,18443.51
15, 106392.0,-0.8317460740870789,-0.3113283315223991,1.1694571646246668,8675.9
2, 106393.0,-0.8317460740870789,-1.1845379375126739,-0.6125275437631839,9141.95
8, 106394.0,3.8905064282998185,2.744905289443562,-0.6125275437631839,38117.34
11, 106395.0,0.3488170515096455,0.5618812744678756,-0.6125275437631839,14174.38
0, 106396.0,0.3488170515096455,0.9984860774630129,1.1694571646246668,13262.37
0, 106397.0,-0.8317460740870789,2.308300486448425,2.951441873012518,19162.97
1, 106398.0,-0.8317460740870789,0.12527647147273824,-0.6125275437631839,7803.22
1, 106399.0,-0.8317460740870789,-0.3113283315223991,-0.6125275437631839,12475.93
1, 106400.0,-0.8317460740870789,0.12527647147273824,-0.6125275437631839,12359.48
9, 106401.0,0.3488170515096455,-1.6211427405078112,-0.6125275437631839,17056.25
11, 106402.0,0.3488170515096455,0.12527647147273824,-0.6125275437631839,15772.85
9, 106403.0,0.3488170515096455,-1.6211427405078112,-0.6125275437631839,5333.22
10, 106404.0,-0.8317460740870789,-1.6211427405078112,1.1694571646246668,16380.82
14, 106405.0,1.5293801771063698,0.12527647147273824,-0.6125275437631839,19732.01
1, 106406.0,-0.8317460740870789,-0.3113283315223991,-0.6125275437631839,9533.31
0, 106407.0,0.3488170515096455,2.308300486448425,1.1694571646246668,16562.17
14, 106408.0,1.5293801771063698,0.12527647147273824,-0.6125275437631839,20836.34
7, 106409.0,0.3488170515096455,-0.3113283315223991,-0.6125275437631839,9717.2
10, 106410.0,-0.8317460740870789,-0.7479331345175364,1.1694571646246668,39595.97
2, 106411.0,-0.8317460740870789,-1.1845379375126739,-0.6125275437631839,11343.59
4, 106412.0,-0.8317460740870789,1.4350908804581504,-0.6125275437631839,18989.49
2, 106413.0,-0.8317460740870789,-1.1845379375126739,-0.6125275437631839,7330.81
12, 106414.0,-0.8317460740870789,-0.7479331345175364,-0.6125275437631839,10138.93
2, 106415.0,-0.8317460740870789,-1.1845379375126739,-0.6125275437631839,32737.0
2, 106416.0,-0.8317460740870789,-1.6211427405078112,-0.6125275437631839,7894.9
2, 106417.0,-0.8317460740870789,-1.6211427405078112,-0.6125275437631839,8108.35
1, 106418.0,-0.8317460740870789,0.12527647147273824,-0.6125275437631839,6563.0
11, 106419.0,0.3488170515096455,0.5618812744678756,-0.6125275437631839,36008.74
1, 106420.0,-0.8317460740870789,0.12527647147273824,-0.6125275437631839,6585.47
3, 106421.0,0.3488170515096455,0.9984860774630129,-0.6125275437631839,27540.55
5, 106422.0,0.3488170515096455,-0.7479331345175364,1.1694571646246668,15913.57
10, 106423.0,-0.8317460740870789,-0.7479331345175364,2.951441873012518,17257.13
0, 106424.0,0.3488170515096455,0.9984860774630129,1.1694571646246668,18302.16
1, 106425.0,-0.8317460740870789,0.12527647147273824,-0.6125275437631839,15095.78
1, 106426.0,-0.8317460740870789,-0.3113283315223991,-0.6125275437631839,20687.39
12, 106427.0,-0.8317460740870789,-0.7479331345175364,-0.6125275437631839,12702.7
14, 106428.0,1.5293801771063698,0.5618812744678756,-0.6125275437631839,30777.59
0, 106429.0,1.5293801771063698,1.4350908804581504,1.1694571646246668,21123.95
1, 106430.0,-0.8317460740870789,-0.3113283315223991,-0.6125275437631839,14541.97
1, 106431.0,-0.8317460740870789,0.12527647147273824,-0.6125275437631839,7266.93
12, 106432.0,-0.8317460740870789,-0.7479331345175364,-0.6125275437631839,17193.5
12, 106433.0,-0.8317460740870789,-0.7479331345175364,-0.6125275437631839,14727.83
1, 106434.0,-0.8317460740870789,-0.3113283315223991,-0.6125275437631839,20991.95
6, 106435.0,-0.8317460740870789,0.5618812744678756,-0.6125275437631839,7605.02
7, 106436.0,0.3488170515096455,-0.3113283315223991,-0.6125275437631839,17087.09
15, 106437.0,-0.8317460740870789,0.5618812744678756,1.1694571646246668,9511.28
0, 106438.0,0.3488170515096455,0.5618812744678756,1.1694571646246668,15006.27
9, 106439.0,0.3488170515096455,-1.6211427405078112,-0.6125275437631839,36360.61
1, 106440.0,-0.8317460740870789,-0.3113283315223991,-0.6125275437631839,7920.22
7, 106441.0,0.3488170515096455,-0.7479331345175364,-0.6125275437631839,11855.22
7, 106442.0,0.3488170515096455,-0.3113283315223991,-0.6125275437631839,14269.2
13, 106443.0,0.3488170515096455,-1.6211427405078112,1.1694571646246668,17670.45
9, 106444.0,0.3488170515096455,-1.6211427405078112,-0.6125275437631839,26073.32
14, 106445.0,1.5293801771063698,0.5618812744678756,-0.6125275437631839,22142.7
15, 106446.0,-0.8317460740870789,0.5618812744678756,1.1694571646246668,17684.39
15, 106447.0,-0.8317460740870789,-0.3113283315223991,1.1694571646246668,28767.99
12, 106448.0,-0.8317460740870789,-0.7479331345175364,-0.6125275437631839,6681.73
10, 106449.0,-0.8317460740870789,-1.1845379375126739,1.1694571646246668,13607.25
5, 106450.0,0.3488170515096455,-0.7479331345175364,1.1694571646246668,14877.65
5, 106451.0,1.5293801771063698,0.12527647147273824,2.951441873012518,24776.23
13, 106452.0,0.3488170515096455,-1.6211427405078112,1.1694571646246668,18215.31
4, 106453.0,-0.8317460740870789,0.9984860774630129,-0.6125275437631839,9801.84
4, 106454.0,-0.8317460740870789,1.4350908804581504,-0.6125275437631839,22974.3
15, 106455.0,-0.8317460740870789,0.12527647147273824,1.1694571646246668,15443.04
14, 106456.0,1.5293801771063698,0.12527647147273824,-0.6125275437631839,17219.16
5, 106457.0,0.3488170515096455,-0.3113283315223991,1.1694571646246668,15466.01
7, 106458.0,0.3488170515096455,-0.7479331345175364,-0.6125275437631839,14344.02
7, 106459.0,0.3488170515096455,-0.3113283315223991,-0.6125275437631839,17300.78
7, 106460.0,0.3488170515096455,-0.7479331345175364,-0.6125275437631839,12172.42
6, 106461.0,-0.8317460740870789,0.5618812744678756,-0.6125275437631839,21830.36
7, 106462.0,0.3488170515096455,-0.7479331345175364,-0.6125275437631839,13038.19
5, 106463.0,0.3488170515096455,0.12527647147273824,1.1694571646246668,14821.3
0, 106464.0,0.3488170515096455,0.5618812744678756,1.1694571646246668,24379.39
12, 106465.0,-0.8317460740870789,-0.7479331345175364,-0.6125275437631839,13060.75
15, 106466.0,-0.8317460740870789,-0.3113283315223991,1.1694571646246668,12827.8
3, 106467.0,0.3488170515096455,1.4350908804581504,-0.6125275437631839,16788.16
9, 106468.0,1.5293801771063698,-1.1845379375126739,-0.6125275437631839,14397.33
4, 106469.0,-0.8317460740870789,1.4350908804581504,-0.6125275437631839,8549.69
7, 106470.0,0.3488170515096455,-0.7479331345175364,-0.6125275437631839,7702.8
5, 106471.0,1.5293801771063698,-0.7479331345175364,2.951441873012518,40462.23
14, 106472.0,1.5293801771063698,0.12527647147273824,-0.6125275437631839,33216.28
1, 106473.0,-0.8317460740870789,-0.3113283315223991,-0.6125275437631839,17693.81
1, 106474.0,-0.8317460740870789,0.12527647147273824,-0.6125275437631839,13699.41
7, 106475.0,0.3488170515096455,-0.7479331345175364,-0.6125275437631839,28603.65
9, 106476.0,0.3488170515096455,-1.1845379375126739,-0.6125275437631839,20723.03
6, 106477.0,-0.8317460740870789,0.5618812744678756,-0.6125275437631839,13402.54
12, 106478.0,-0.8317460740870789,-0.7479331345175364,-0.6125275437631839,12183.08
1, 106479.0,-0.8317460740870789,-0.3113283315223991,-0.6125275437631839,7526.36
2, 106480.0,-0.8317460740870789,-1.1845379375126739,-0.6125275437631839,6134.31
10, 106481.0,-0.8317460740870789,-1.1845379375126739,1.1694571646246668,28147.6
12, 106482.0,-0.8317460740870789,-0.7479331345175364,-0.6125275437631839,23124.52
5, 106483.0,1.5293801771063698,0.12527647147273824,1.1694571646246668,22421.71
5, 106484.0,0.3488170515096455,-0.3113283315223991,1.1694571646246668,20643.4
11, 106485.0,0.3488170515096455,0.5618812744678756,-0.6125275437631839,17845.11
0, 106486.0,0.3488170515096455,1.4350908804581504,1.1694571646246668,24271.45
5, 106487.0,0.3488170515096455,-0.3113283315223991,1.1694571646246668,21299.29
2, 106488.0,-0.8317460740870789,-1.6211427405078112,-0.6125275437631839,27751.14
1, 106489.0,-0.8317460740870789,-0.3113283315223991,-0.6125275437631839,6700.25
15, 106490.0,-0.8317460740870789,-0.3113283315223991,1.1694571646246668,8037.06
6, 106491.0,-0.8317460740870789,0.5618812744678756,-0.6125275437631839,27227.66
7, 106492.0,0.3488170515096455,-0.7479331345175364,-0.6125275437631839,11289.44
10, 106493.0,-0.8317460740870789,-1.6211427405078112,1.1694571646246668,12433.56
12, 106494.0,-0.8317460740870789,-0.7479331345175364,-0.6125275437631839,16361.81
3, 106495.0,1.5293801771063698,1.4350908804581504,-0.6125275437631839,18864.68
5, 106496.0,1.5293801771063698,-0.7479331345175364,1.1694571646246668,18483.1
4, 106497.0,-0.8317460740870789,1.8716956834532876,-0.6125275437631839,14432.06
2, 106498.0,-0.8317460740870789,-1.6211427405078112,-0.6125275437631839,14247.57
10, 106499.0,-0.8317460740870789,-0.7479331345175364,1.1694571646246668,9326.54
2, 106500.0,-0.8317460740870789,-1.6211427405078112,-0.6125275437631839,12959.32
3, 106501.0,0.3488170515096455,0.9984860774630129,-0.6125275437631839,14459.09
2, 106502.0,-0.8317460740870789,-1.1845379375126739,-0.6125275437631839,15054.4
11, 106503.0,0.3488170515096455,0.12527647147273824,-0.6125275437631839,17049.26
13, 106504.0,0.3488170515096455,-1.6211427405078112,1.1694571646246668,10044.71
3, 106505.0,0.3488170515096455,1.4350908804581504,-0.6125275437631839,17951.85
8, 106506.0,2.709943302703094,0.5618812744678756,1.1694571646246668,39537.94
10, 106507.0,-0.8317460740870789,-2.0577475435029484,1.1694571646246668,11601.21
1, 106508.0,-0.8317460740870789,0.12527647147273824,-0.6125275437631839,5299.09
2, 106509.0,-0.8317460740870789,-1.6211427405078112,-0.6125275437631839,11287.1
1, 106510.0,-0.8317460740870789,-0.3113283315223991,-0.6125275437631839,16630.61
5, 106511.0,1.5293801771063698,-0.7479331345175364,1.1694571646246668,21601.4
1, 106512.0,-0.8317460740870789,-0.3113283315223991,-0.6125275437631839,4042.67
11, 106513.0,0.3488170515096455,0.12527647147273824,-0.6125275437631839,13982.7
14, 106514.0,1.5293801771063698,0.5618812744678756,-0.6125275437631839,29916.33
1, 106515.0,-0.8317460740870789,-0.3113283315223991,-0.6125275437631839,15153.59
12, 106516.0,-0.8317460740870789,-0.7479331345175364,-0.6125275437631839,15042.15
14, 106517.0,1.5293801771063698,-0.7479331345175364,-0.6125275437631839,16130.75
4, 106518.0,-0.8317460740870789,1.4350908804581504,-0.6125275437631839,7367.59
14, 106519.0,1.5293801771063698,-0.7479331345175364,-0.6125275437631839,18373.9
5, 106520.0,1.5293801771063698,0.12527647147273824,1.1694571646246668,39362.15
14, 106521.0,1.5293801771063698,-0.3113283315223991,-0.6125275437631839,13169.15
12, 106522.0,-0.8317460740870789,-0.7479331345175364,-0.6125275437631839,12197.58
9, 106523.0,0.3488170515096455,-1.1845379375126739,-0.6125275437631839,25011.77
14, 106524.0,2.709943302703094,-0.3113283315223991,-0.6125275437631839,14326.15
5, 106525.0,0.3488170515096455,-0.7479331345175364,1.1694571646246668,19551.38
2, 106526.0,-0.8317460740870789,-1.1845379375126739,-0.6125275437631839,23682.92
0, 106527.0,1.5293801771063698,0.5618812744678756,1.1694571646246668,22086.06
7, 106528.0,0.3488170515096455,-0.3113283315223991,-0.6125275437631839,14630.44
5, 106529.0,0.3488170515096455,0.12527647147273824,2.951441873012518,26101.18
15, 106530.0,-0.8317460740870789,-0.3113283315223991,1.1694571646246668,15123.64
6, 106531.0,-0.8317460740870789,0.5618812744678756,-0.6125275437631839,25920.99
11, 106532.0,0.3488170515096455,0.5618812744678756,-0.6125275437631839,20372.86
1, 106533.0,-0.8317460740870789,-0.3113283315223991,-0.6125275437631839,13707.48
5, 106534.0,0.3488170515096455,-0.3113283315223991,1.1694571646246668,13277.43
6, 106535.0,-0.8317460740870789,0.5618812744678756,-0.6125275437631839,10061.35
12, 106536.0,-0.8317460740870789,-0.7479331345175364,-0.6125275437631839,12625.57
10, 106537.0,-0.8317460740870789,-1.1845379375126739,1.1694571646246668,34809.66
4, 106538.0,-0.8317460740870789,1.4350908804581504,-0.6125275437631839,26913.02
12, 106539.0,-0.8317460740870789,-0.7479331345175364,-0.6125275437631839,9443.75
8, 106540.0,2.709943302703094,1.8716956834532876,-0.6125275437631839,17287.62
8, 106541.0,2.709943302703094,0.9984860774630129,1.1694571646246668,17174.48
4, 106542.0,-0.8317460740870789,0.9984860774630129,-0.6125275437631839,7815.13
1, 106543.0,-0.8317460740870789,-0.3113283315223991,-0.6125275437631839,12591.5
3, 106544.0,0.3488170515096455,1.4350908804581504,-0.6125275437631839,9860.36
11, 106545.0,0.3488170515096455,0.12527647147273824,-0.6125275437631839,10421.21
5, 106546.0,0.3488170515096455,-0.3113283315223991,1.1694571646246668,29236.78
1, 106547.0,-0.8317460740870789,-0.3113283315223991,-0.6125275437631839,8753.36
1, 106548.0,-0.8317460740870789,0.12527647147273824,-0.6125275437631839,24199.05
0, 106549.0,1.5293801771063698,0.5618812744678756,1.1694571646246668,20790.34
15, 106550.0,-0.8317460740870789,0.9984860774630129,1.1694571646246668,9743.13
3, 106551.0,1.5293801771063698,0.9984860774630129,-0.6125275437631839,10143.55
3, 106552.0,1.5293801771063698,1.8716956834532876,-0.6125275437631839,14542.51
11, 106553.0,0.3488170515096455,0.5618812744678756,-0.6125275437631839,16170.84
1, 106554.0,-0.8317460740870789,0.12527647147273824,-0.6125275437631839,10478.77
4, 106555.0,-0.8317460740870789,0.9984860774630129,-0.6125275437631839,16592.68
6, 106556.0,-0.8317460740870789,0.5618812744678756,-0.6125275437631839,5463.15
12, 106557.0,-0.8317460740870789,-0.7479331345175364,-0.6125275437631839,24288.28
3, 106558.0,1.5293801771063698,0.9984860774630129,-0.6125275437631839,22698.86
9, 106559.0,0.3488170515096455,-1.1845379375126739,-0.6125275437631839,12351.52
12, 106560.0,-0.8317460740870789,-0.7479331345175364,-0.6125275437631839,12194.48
12, 106561.0,-0.8317460740870789,-0.7479331345175364,-0.6125275437631839,14468.55
10, 106562.0,-0.8317460740870789,-1.1845379375126739,1.1694571646246668,26522.37
4, 106563.0,-0.8317460740870789,1.4350908804581504,-0.6125275437631839,11617.28
14, 106564.0,1.5293801771063698,-0.3113283315223991,-0.6125275437631839,29177.01
15, 106565.0,-0.8317460740870789,0.5618812744678756,1.1694571646246668,39054.96
1, 106566.0,-0.8317460740870789,-0.3113283315223991,-0.6125275437631839,13263.53
7, 106567.0,0.3488170515096455,-0.3113283315223991,-0.6125275437631839,12406.47
2, 106568.0,-0.8317460740870789,-1.1845379375126739,-0.6125275437631839,18410.69
5, 106569.0,1.5293801771063698,-0.7479331345175364,2.951441873012518,23448.1
2, 106570.0,-0.8317460740870789,-1.1845379375126739,-0.6125275437631839,15619.96
7, 106571.0,0.3488170515096455,-0.3113283315223991,-0.6125275437631839,18244.08
10, 106572.0,-0.8317460740870789,-0.7479331345175364,1.1694571646246668,9948.22
10, 106573.0,-0.8317460740870789,-1.6211427405078112,1.1694571646246668,10528.24
1, 106574.0,-0.8317460740870789,0.12527647147273824,-0.6125275437631839,25189.43
0, 106575.0,1.5293801771063698,1.8716956834532876,1.1694571646246668,20965.11
5, 106576.0,0.3488170515096455,0.12527647147273824,1.1694571646246668,27616.05
0, 106577.0,0.3488170515096455,0.5618812744678756,2.951441873012518,20850.64
2, 106578.0,-0.8317460740870789,-2.0577475435029484,-0.6125275437631839,20731.56
14, 106579.0,1.5293801771063698,0.12527647147273824,-0.6125275437631839,18565.81
11, 106580.0,0.3488170515096455,0.5618812744678756,-0.6125275437631839,26496.48
3, 106581.0,1.5293801771063698,0.9984860774630129,-0.6125275437631839,20014.47
12, 106582.0,-0.8317460740870789,-0.7479331345175364,-0.6125275437631839,14602.95
3, 106583.0,0.3488170515096455,1.8716956834532876,-0.6125275437631839,16447.7
11, 106584.0,0.3488170515096455,0.5618812744678756,-0.6125275437631839,13633.66
13, 106585.0,1.5293801771063698,-1.1845379375126739,1.1694571646246668,17184.42
2, 106586.0,-0.8317460740870789,-1.6211427405078112,-0.6125275437631839,6353.75
7, 106587.0,0.3488170515096455,-0.3113283315223991,-0.6125275437631839,13970.84
15, 106588.0,-0.8317460740870789,0.12527647147273824,1.1694571646246668,34571.58
5, 106589.0,0.3488170515096455,0.12527647147273824,1.1694571646246668,16711.43
12, 106590.0,-0.8317460740870789,-0.7479331345175364,-0.6125275437631839,6721.06
1, 106591.0,-0.8317460740870789,0.12527647147273824,-0.6125275437631839,6393.28
12, 106592.0,-0.8317460740870789,-0.7479331345175364,-0.6125275437631839,4546.93
11, 106593.0,0.3488170515096455,0.12527647147273824,-0.6125275437631839,12076.18
12, 106594.0,-0.8317460740870789,-0.7479331345175364,-0.6125275437631839,35370.6
7, 106595.0,0.3488170515096455,-0.7479331345175364,-0.6125275437631839,16034.84
15, 106596.0,-0.8317460740870789,0.5618812744678756,1.1694571646246668,12068.05
2, 106597.0,-0.8317460740870789,-2.0577475435029484,-0.6125275437631839,6211.8
3, 106598.0,0.3488170515096455,0.9984860774630129,-0.6125275437631839,14642.05
9, 106599.0,0.3488170515096455,-1.6211427405078112,-0.6125275437631839,33554.03
1, 106600.0,-0.8317460740870789,-0.3113283315223991,-0.6125275437631839,12703.35
1, 106601.0,-0.8317460740870789,0.12527647147273824,-0.6125275437631839,11563.06
4, 106602.0,-0.8317460740870789,1.8716956834532876,-0.6125275437631839,12882.91
4, 106603.0,-0.8317460740870789,0.9984860774630129,-0.6125275437631839,14025.07
2, 106604.0,-0.8317460740870789,-1.1845379375126739,-0.6125275437631839,16588.78
1, 106605.0,-0.8317460740870789,0.12527647147273824,-0.6125275437631839,10450.12
11, 106606.0,0.3488170515096455,0.12527647147273824,-0.6125275437631839,12163.25
7, 106607.0,0.3488170515096455,-0.7479331345175364,-0.6125275437631839,11689.9
0, 106608.0,0.3488170515096455,2.308300486448425,1.1694571646246668,35907.53
1, 106609.0,-0.8317460740870789,-0.3113283315223991,-0.6125275437631839,13648.45
3, 106610.0,1.5293801771063698,1.4350908804581504,-0.6125275437631839,19735.59
11, 106611.0,0.3488170515096455,0.12527647147273824,-0.6125275437631839,39031.48
1, 106612.0,-0.8317460740870789,0.12527647147273824,-0.6125275437631839,14437.8
15, 106613.0,-0.8317460740870789,0.9984860774630129,1.1694571646246668,20084.79
0, 106614.0,0.3488170515096455,0.5618812744678756,1.1694571646246668,15138.85
10, 106615.0,-0.8317460740870789,-1.1845379375126739,2.951441873012518,20729.63
2, 106616.0,-0.8317460740870789,-1.1845379375126739,-0.6125275437631839,17867.71
12, 106617.0,-0.8317460740870789,-0.7479331345175364,-0.6125275437631839,27827.05
3, 106618.0,1.5293801771063698,1.8716956834532876,-0.6125275437631839,17478.14
2, 106619.0,-0.8317460740870789,-1.6211427405078112,-0.6125275437631839,16277.88
4, 106620.0,-0.8317460740870789,3.618114895433837,-0.6125275437631839,10772.77
14, 106621.0,1.5293801771063698,0.12527647147273824,-0.6125275437631839,23508.78
12, 106622.0,-0.8317460740870789,-0.7479331345175364,-0.6125275437631839,13559.82
0, 106623.0,0.3488170515096455,0.5618812744678756,1.1694571646246668,32871.12
4, 106624.0,-0.8317460740870789,0.9984860774630129,-0.6125275437631839,25625.16
15, 106625.0,-0.8317460740870789,0.12527647147273824,1.1694571646246668,15027.47
13, 106626.0,2.709943302703094,-1.1845379375126739,1.1694571646246668,27278.78
5, 106627.0,1.5293801771063698,0.12527647147273824,1.1694571646246668,25100.0
11, 106628.0,0.3488170515096455,0.12527647147273824,-0.6125275437631839,15636.23
5, 106629.0,0.3488170515096455,0.12527647147273824,1.1694571646246668,17969.48
10, 106630.0,-0.8317460740870789,-1.1845379375126739,1.1694571646246668,9298.82
1, 106631.0,-0.8317460740870789,0.12527647147273824,-0.6125275437631839,9326.4
9, 106632.0,0.3488170515096455,-1.6211427405078112,-0.6125275437631839,32750.2
2, 106633.0,-0.8317460740870789,-1.1845379375126739,-0.6125275437631839,7380.46
7, 106634.0,0.3488170515096455,-0.7479331345175364,-0.6125275437631839,7245.44
1, 106635.0,-0.8317460740870789,0.12527647147273824,-0.6125275437631839,16067.01
12, 106636.0,-0.8317460740870789,-0.7479331345175364,-0.6125275437631839,23308.04
2, 106637.0,-0.8317460740870789,-1.1845379375126739,-0.6125275437631839,16929.37
12, 106638.0,-0.8317460740870789,-0.7479331345175364,-0.6125275437631839,6698.49
1, 106639.0,-0.8317460740870789,-0.3113283315223991,-0.6125275437631839,25885.6
2, 106640.0,-0.8317460740870789,-1.6211427405078112,-0.6125275437631839,8147.8
9, 106641.0,0.3488170515096455,-1.1845379375126739,-0.6125275437631839,8039.29
6, 106642.0,-0.8317460740870789,0.5618812744678756,-0.6125275437631839,10950.43
10, 106643.0,-0.8317460740870789,-1.6211427405078112,1.1694571646246668,11464.02
3, 106644.0,0.3488170515096455,0.9984860774630129,-0.6125275437631839,12671.71
2, 106645.0,-0.8317460740870789,-1.6211427405078112,-0.6125275437631839,14580.75
12, 106646.0,-0.8317460740870789,-0.7479331345175364,-0.6125275437631839,9329.93
7, 106647.0,0.3488170515096455,-0.3113283315223991,-0.6125275437631839,14443.03
7, 106648.0,0.3488170515096455,-0.3113283315223991,-0.6125275437631839,15637.33
5, 106649.0,0.3488170515096455,-0.3113283315223991,2.951441873012518,17831.84
2, 106650.0,-0.8317460740870789,-1.1845379375126739,-0.6125275437631839,8998.1
4, 106651.0,-0.8317460740870789,0.9984860774630129,-0.6125275437631839,10587.41
14, 106652.0,2.709943302703094,0.5618812744678756,-0.6125275437631839,19920.96
1, 106653.0,-0.8317460740870789,0.12527647147273824,-0.6125275437631839,13925.76
1, 106654.0,-0.8317460740870789,0.12527647147273824,-0.6125275437631839,33949.93
1, 106655.0,-0.8317460740870789,0.12527647147273824,-0.6125275437631839,21437.23
7, 106656.0,0.3488170515096455,-0.3113283315223991,-0.6125275437631839,11214.82
5, 106657.0,0.3488170515096455,0.12527647147273824,1.1694571646246668,22115.89
12, 106658.0,-0.8317460740870789,-0.7479331345175364,-0.6125275437631839,4230.54
12, 106659.0,-0.8317460740870789,-0.7479331345175364,-0.6125275437631839,22845.93
14, 106660.0,1.5293801771063698,0.5618812744678756,-0.6125275437631839,25672.54
1, 106661.0,-0.8317460740870789,-0.3113283315223991,-0.6125275437631839,23788.02
7, 106662.0,0.3488170515096455,-0.7479331345175364,-0.6125275437631839,12401.21
0, 106663.0,0.3488170515096455,1.4350908804581504,2.951441873012518,19399.83
15, 106664.0,-0.8317460740870789,0.5618812744678756,1.1694571646246668,14747.43
7, 106665.0,0.3488170515096455,-0.7479331345175364,-0.6125275437631839,29873.99
0, 106666.0,0.3488170515096455,1.4350908804581504,1.1694571646246668,14784.47
7, 106667.0,0.3488170515096455,-0.3113283315223991,-0.6125275437631839,14061.65
1, 106668.0,-0.8317460740870789,-0.3113283315223991,-0.6125275437631839,11243.94
5, 106669.0,0.3488170515096455,0.12527647147273824,1.1694571646246668,15816.45
11, 106670.0,0.3488170515096455,0.12527647147273824,-0.6125275437631839,12211.26
0, 106671.0,0.3488170515096455,2.744905289443562,1.1694571646246668,12218.7
3, 106672.0,0.3488170515096455,1.4350908804581504,-0.6125275437631839,27737.9
3, 106673.0,0.3488170515096455,2.308300486448425,-0.6125275437631839,15830.26
10, 106674.0,-0.8317460740870789,-1.1845379375126739,2.951441873012518,16830.19
1, 106675.0,-0.8317460740870789,-0.3113283315223991,-0.6125275437631839,26558.3
5, 106676.0,1.5293801771063698,-0.3113283315223991,2.951441873012518,22303.82
3, 106677.0,0.3488170515096455,1.8716956834532876,-0.6125275437631839,19215.48
11, 106678.0,0.3488170515096455,0.12527647147273824,-0.6125275437631839,25558.51
0, 106679.0,0.3488170515096455,1.8716956834532876,1.1694571646246668,19176.64
1, 106680.0,-0.8317460740870789,-0.3113283315223991,-0.6125275437631839,23337.89
1, 106681.0,-0.8317460740870789,-0.3113283315223991,-0.6125275437631839,10453.25
2, 106682.0,-0.8317460740870789,-1.6211427405078112,-0.6125275437631839,13390.7
5, 106683.0,0.3488170515096455,0.12527647147273824,2.951441873012518,20725.31
11, 106684.0,0.3488170515096455,0.12527647147273824,-0.6125275437631839,22160.64
12, 106685.0,-0.8317460740870789,-0.7479331345175364,-0.6125275437631839,8099.83
9, 106686.0,0.3488170515096455,-1.1845379375126739,-0.6125275437631839,12469.41
8, 106687.0,2.709943302703094,-0.3113283315223991,1.1694571646246668,24069.31
11, 106688.0,0.3488170515096455,0.12527647147273824,-0.6125275437631839,11517.18
12, 106689.0,-0.8317460740870789,-0.7479331345175364,-0.6125275437631839,12463.76
11, 106690.0,0.3488170515096455,0.12527647147273824,-0.6125275437631839,7076.16
1, 106691.0,-0.8317460740870789,-0.3113283315223991,-0.6125275437631839,12588.91
2, 106692.0,-0.8317460740870789,-1.6211427405078112,-0.6125275437631839,6266.92
14, 106693.0,1.5293801771063698,-0.7479331345175364,-0.6125275437631839,13572.81
12, 106694.0,-0.8317460740870789,-0.7479331345175364,-0.6125275437631839,9781.53
2, 106695.0,-0.8317460740870789,-1.1845379375126739,-0.6125275437631839,7561.48
0, 106696.0,0.3488170515096455,1.4350908804581504,2.951441873012518,38720.55
14, 106697.0,1.5293801771063698,0.5618812744678756,-0.6125275437631839,18697.16
6, 106698.0,-0.8317460740870789,0.5618812744678756,-0.6125275437631839,30246.14
4, 106699.0,-0.8317460740870789,2.308300486448425,-0.6125275437631839,12654.04
14, 106700.0,2.709943302703094,-0.3113283315223991,-0.6125275437631839,32714.24
0, 106701.0,0.3488170515096455,0.5618812744678756,1.1694571646246668,17634.84
3, 106702.0,1.5293801771063698,0.9984860774630129,-0.6125275437631839,12968.39
10, 106703.0,-0.8317460740870789,-1.6211427405078112,1.1694571646246668,28205.76
14, 106704.0,1.5293801771063698,0.12527647147273824,-0.6125275437631839,20827.06
2, 106705.0,-0.8317460740870789,-2.0577475435029484,-0.6125275437631839,14286.41
5, 106706.0,1.5293801771063698,-0.3113283315223991,1.1694571646246668,14032.9
3, 106707.0,1.5293801771063698,1.4350908804581504,-0.6125275437631839,23846.46
1, 106708.0,-0.8317460740870789,0.12527647147273824,-0.6125275437631839,7055.51
0, 106709.0,0.3488170515096455,1.4350908804581504,1.1694571646246668,18725.32
15, 106710.0,-0.8317460740870789,0.12527647147273824,1.1694571646246668,18839.65
9, 106711.0,1.5293801771063698,-1.1845379375126739,-0.6125275437631839,14999.21
8, 106712.0,3.8905064282998185,2.308300486448425,-0.6125275437631839,27368.35
15, 106713.0,-0.8317460740870789,-0.3113283315223991,1.1694571646246668,24703.83
5, 106714.0,0.3488170515096455,-0.7479331345175364,1.1694571646246668,15519.82
6, 106715.0,-0.8317460740870789,0.5618812744678756,-0.6125275437631839,15286.41
1, 106716.0,-0.8317460740870789,-0.3113283315223991,-0.6125275437631839,21029.1
11, 106717.0,0.3488170515096455,0.12527647147273824,-0.6125275437631839,13527.87
6, 106718.0,-0.8317460740870789,0.5618812744678756,-0.6125275437631839,19389.89
8, 106719.0,2.709943302703094,0.5618812744678756,2.951441873012518,21526.11
0, 106720.0,1.5293801771063698,2.744905289443562,2.951441873012518,40237.83
2, 106721.0,-0.8317460740870789,-1.1845379375126739,-0.6125275437631839,24853.2
1, 106722.0,-0.8317460740870789,-0.3113283315223991,-0.6125275437631839,5903.35
15, 106723.0,-0.8317460740870789,-0.3113283315223991,1.1694571646246668,14539.42
10, 106724.0,-0.8317460740870789,-0.7479331345175364,1.1694571646246668,13734.71
13, 106725.0,0.3488170515096455,-1.6211427405078112,1.1694571646246668,20430.0
3, 106726.0,1.5293801771063698,1.4350908804581504,-0.6125275437631839,29935.93
15, 106727.0,-0.8317460740870789,-0.3113283315223991,1.1694571646246668,20052.06
7, 106728.0,0.3488170515096455,-0.3113283315223991,-0.6125275437631839,7875.12
9, 106729.0,0.3488170515096455,-1.1845379375126739,-0.6125275437631839,9751.86
3, 106730.0,0.3488170515096455,0.9984860774630129,-0.6125275437631839,14088.08
2, 106731.0,-0.8317460740870789,-1.6211427405078112,-0.6125275437631839,13512.37
1, 106732.0,-0.8317460740870789,0.12527647147273824,-0.6125275437631839,12586.35
1, 106733.0,-0.8317460740870789,0.12527647147273824,-0.6125275437631839,13258.19
3, 106734.0,1.5293801771063698,0.9984860774630129,-0.6125275437631839,28927.8
10, 106735.0,-0.8317460740870789,-1.6211427405078112,1.1694571646246668,16724.07
12, 106736.0,-0.8317460740870789,-0.7479331345175364,-0.6125275437631839,25719.12
6, 106737.0,-0.8317460740870789,0.5618812744678756,-0.6125275437631839,15708.49
7, 106738.0,0.3488170515096455,-0.3113283315223991,-0.6125275437631839,20412.0
9, 106739.0,0.3488170515096455,-1.6211427405078112,-0.6125275437631839,11213.29
11, 106740.0,0.3488170515096455,0.5618812744678756,-0.6125275437631839,20370.94
4, 106741.0,-0.8317460740870789,0.9984860774630129,-0.6125275437631839,24830.18
13, 106742.0,0.3488170515096455,-1.1845379375126739,1.1694571646246668,12436.86
12, 106743.0,-0.8317460740870789,-0.7479331345175364,-0.6125275437631839,9511.08
1, 106744.0,-0.8317460740870789,-0.3113283315223991,-0.6125275437631839,26251.35
2, 106745.0,-0.8317460740870789,-1.1845379375126739,-0.6125275437631839,13124.85
11, 106746.0,0.3488170515096455,0.5618812744678756,-0.6125275437631839,13273.51
14, 106747.0,1.5293801771063698,-0.3113283315223991,-0.6125275437631839,13304.76
11, 106748.0,0.3488170515096455,0.5618812744678756,-0.6125275437631839,19733.44
14, 106749.0,1.5293801771063698,-0.3113283315223991,-0.6125275437631839,17736.63
13, 106750.0,0.3488170515096455,-1.1845379375126739,1.1694571646246668,32374.32
14, 106751.0,1.5293801771063698,0.12527647147273824,-0.6125275437631839,22505.47
7, 106752.0,0.3488170515096455,-0.3113283315223991,-0.6125275437631839,16427.61
14, 106753.0,2.709943302703094,-0.3113283315223991,-0.6125275437631839,26564.48
3, 106754.0,1.5293801771063698,1.8716956834532876,-0.6125275437631839,19634.3
12, 106755.0,-0.8317460740870789,-0.7479331345175364,-0.6125275437631839,12638.58
5, 106756.0,0.3488170515096455,-0.7479331345175364,1.1694571646246668,23469.03
1, 106757.0,-0.8317460740870789,-0.3113283315223991,-0.6125275437631839,7714.99
1, 106758.0,-0.8317460740870789,0.12527647147273824,-0.6125275437631839,14013.16
12, 106759.0,-0.8317460740870789,-0.7479331345175364,-0.6125275437631839,15804.78
14, 106760.0,1.5293801771063698,-0.7479331345175364,-0.6125275437631839,15493.49
2, 106761.0,-0.8317460740870789,-1.1845379375126739,-0.6125275437631839,16783.42
11, 106762.0,0.3488170515096455,0.5618812744678756,-0.6125275437631839,15712.36
4, 106763.0,-0.8317460740870789,0.9984860774630129,-0.6125275437631839,9083.8
0, 106764.0,1.5293801771063698,2.744905289443562,2.951441873012518,27993.96
3, 106765.0,0.3488170515096455,1.8716956834532876,-0.6125275437631839,24765.3
1, 106766.0,-0.8317460740870789,0.12527647147273824,-0.6125275437631839,23536.63
8, 106767.0,5.071069553896543,0.12527647147273824,-0.6125275437631839,24994.33
12, 106768.0,-0.8317460740870789,-0.7479331345175364,-0.6125275437631839,7813.45
3, 106769.0,1.5293801771063698,1.8716956834532876,-0.6125275437631839,13902.15
10, 106770.0,-0.8317460740870789,-0.7479331345175364,1.1694571646246668,17074.98
0, 106771.0,0.3488170515096455,0.5618812744678756,1.1694571646246668,23244.87
1, 106772.0,-0.8317460740870789,-0.3113283315223991,-0.6125275437631839,12245.96
5, 106773.0,0.3488170515096455,0.12527647147273824,1.1694571646246668,33652.51
0, 106774.0,1.5293801771063698,1.4350908804581504,1.1694571646246668,16344.9
7, 106775.0,0.3488170515096455,-0.7479331345175364,-0.6125275437631839,16434.39
10, 106776.0,-0.8317460740870789,-0.7479331345175364,2.951441873012518,16880.03
3, 106777.0,0.3488170515096455,0.9984860774630129,-0.6125275437631839,16261.14
11, 106778.0,0.3488170515096455,0.12527647147273824,-0.6125275437631839,6769.49
15, 106779.0,-0.8317460740870789,1.4350908804581504,1.1694571646246668,36324.31
12, 106780.0,-0.8317460740870789,-0.7479331345175364,-0.6125275437631839,12792.39
6, 106781.0,-0.8317460740870789,0.5618812744678756,-0.6125275437631839,11634.31
15, 106782.0,-0.8317460740870789,0.9984860774630129,1.1694571646246668,13743.15
0, 106783.0,1.5293801771063698,1.8716956834532876,1.1694571646246668,22478.62
14, 106784.0,1.5293801771063698,-0.3113283315223991,-0.6125275437631839,25068.44
3, 106785.0,0.3488170515096455,2.744905289443562,-0.6125275437631839,22607.23
6, 106786.0,-0.8317460740870789,0.5618812744678756,-0.6125275437631839,10565.33
3, 106787.0,0.3488170515096455,0.9984860774630129,-0.6125275437631839,19081.93
2, 106788.0,-0.8317460740870789,-1.6211427405078112,-0.6125275437631839,5744.07
12, 106789.0,-0.8317460740870789,-0.7479331345175364,-0.6125275437631839,9539.92
14, 106790.0,3.8905064282998185,-0.3113283315223991,-0.6125275437631839,22107.03
5, 106791.0,0.3488170515096455,0.12527647147273824,1.1694571646246668,14018.37
1, 106792.0,-0.8317460740870789,-0.3113283315223991,-0.6125275437631839,8003.69
4, 106793.0,-0.8317460740870789,1.8716956834532876,-0.6125275437631839,13485.45
15, 106794.0,-0.8317460740870789,-0.3113283315223991,1.1694571646246668,14794.73
10, 106795.0,-0.8317460740870789,-1.1845379375126739,1.1694571646246668,20404.04
6, 106796.0,-0.8317460740870789,0.5618812744678756,-0.6125275437631839,10363.44
6, 106797.0,-0.8317460740870789,0.5618812744678756,-0.6125275437631839,23653.31
1, 106798.0,-0.8317460740870789,-0.3113283315223991,-0.6125275437631839,8397.9
0, 106799.0,1.5293801771063698,0.5618812744678756,1.1694571646246668,33922.41
1, 106800.0,-0.8317460740870789,0.12527647147273824,-0.6125275437631839,7141.64
5, 106801.0,2.709943302703094,-0.7479331345175364,2.951441873012518,27962.8
2, 106802.0,-0.8317460740870789,-1.1845379375126739,-0.6125275437631839,33138.74
2, 106803.0,-0.8317460740870789,-1.1845379375126739,-0.6125275437631839,16768.33
7, 106804.0,0.3488170515096455,-0.7479331345175364,-0.6125275437631839,15385.6
4, 106805.0,-0.8317460740870789,0.9984860774630129,-0.6125275437631839,8477.96
4, 106806.0,-0.8317460740870789,0.9984860774630129,-0.6125275437631839,10459.48
12, 106807.0,-0.8317460740870789,-0.7479331345175364,-0.6125275437631839,10838.03
15, 106808.0,-0.8317460740870789,0.12527647147273824,1.1694571646246668,16214.88
5, 106809.0,0.3488170515096455,-0.3113283315223991,1.1694571646246668,22020.94
10, 106810.0,-0.8317460740870789,-1.1845379375126739,1.1694571646246668,14410.72
10, 106811.0,-0.8317460740870789,-0.7479331345175364,2.951441873012518,21632.8
3, 106812.0,0.3488170515096455,0.9984860774630129,-0.6125275437631839,17121.89
14, 106813.0,1.5293801771063698,0.12527647147273824,-0.6125275437631839,11987.59
12, 106814.0,-0.8317460740870789,-0.7479331345175364,-0.6125275437631839,4381.78
10, 106815.0,-0.8317460740870789,-0.7479331345175364,1.1694571646246668,12415.02
7, 106816.0,0.3488170515096455,-0.7479331345175364,-0.6125275437631839,15714.72
11, 106817.0,0.3488170515096455,0.12527647147273824,-0.6125275437631839,10684.62
4, 106818.0,-0.8317460740870789,1.4350908804581504,-0.6125275437631839,11060.39
1, 106819.0,-0.8317460740870789,0.12527647147273824,-0.6125275437631839,9542.89
1, 106820.0,-0.8317460740870789,0.12527647147273824,-0.6125275437631839,6876.01
2, 106821.0,-0.8317460740870789,-1.1845379375126739,-0.6125275437631839,13089.29
12, 106822.0,-0.8317460740870789,-0.7479331345175364,-0.6125275437631839,22068.2
12, 106823.0,-0.8317460740870789,-0.7479331345175364,-0.6125275437631839,4124.98
9, 106824.0,0.3488170515096455,-1.1845379375126739,-0.6125275437631839,18314.11
8, 106825.0,2.709943302703094,0.12527647147273824,1.1694571646246668,30177.54
7, 106826.0,0.3488170515096455,-0.7479331345175364,-0.6125275437631839,16266.32
5, 106827.0,0.3488170515096455,0.12527647147273824,1.1694571646246668,29394.86
3, 106828.0,1.5293801771063698,0.9984860774630129,-0.6125275437631839,18945.36
3, 106829.0,0.3488170515096455,0.9984860774630129,-0.6125275437631839,36781.13
1, 106830.0,-0.8317460740870789,0.12527647147273824,-0.6125275437631839,12656.83
3, 106831.0,0.3488170515096455,1.8716956834532876,-0.6125275437631839,12849.73
11, 106832.0,0.3488170515096455,0.12527647147273824,-0.6125275437631839,27786.26
10, 106833.0,-0.8317460740870789,-1.1845379375126739,1.1694571646246668,16813.63
9, 106834.0,0.3488170515096455,-1.1845379375126739,-0.6125275437631839,18509.28
15, 106835.0,-0.8317460740870789,0.12527647147273824,1.1694571646246668,13430.83
10, 106836.0,-0.8317460740870789,-0.3113283315223991,2.951441873012518,20769.71
3, 106837.0,0.3488170515096455,0.9984860774630129,-0.6125275437631839,10297.94
0, 106838.0,0.3488170515096455,1.4350908804581504,1.1694571646246668,23963.88
6, 106839.0,-0.8317460740870789,0.5618812744678756,-0.6125275437631839,11366.08
1, 106840.0,-0.8317460740870789,-0.3113283315223991,-0.6125275437631839,7597.69
1, 106841.0,-0.8317460740870789,0.12527647147273824,-0.6125275437631839,18711.59
1, 106842.0,-0.8317460740870789,0.12527647147273824,-0.6125275437631839,6453.07
5, 106843.0,0.3488170515096455,0.12527647147273824,1.1694571646246668,15081.84
7, 106844.0,0.3488170515096455,-0.3113283315223991,-0.6125275437631839,10777.4
6, 106845.0,-0.8317460740870789,0.5618812744678756,-0.6125275437631839,12312.93
11, 106846.0,0.3488170515096455,0.12527647147273824,-0.6125275437631839,20301.43
3, 106847.0,0.3488170515096455,1.8716956834532876,-0.6125275437631839,18856.81
11, 106848.0,0.3488170515096455,0.5618812744678756,-0.6125275437631839,18389.21
11, 106849.0,0.3488170515096455,0.12527647147273824,-0.6125275437631839,29066.39
4, 106850.0,-0.8317460740870789,1.4350908804581504,-0.6125275437631839,33824.31
0, 106851.0,0.3488170515096455,0.5618812744678756,1.1694571646246668,18468.68
3, 106852.0,0.3488170515096455,1.4350908804581504,-0.6125275437631839,14817.88
9, 106853.0,0.3488170515096455,-1.1845379375126739,-0.6125275437631839,31546.63
12, 106854.0,-0.8317460740870789,-0.7479331345175364,-0.6125275437631839,1500.0
8, 106855.0,2.709943302703094,-0.3113283315223991,1.1694571646246668,21524.76
7, 106856.0,0.3488170515096455,-0.3113283315223991,-0.6125275437631839,29093.99
1, 106857.0,-0.8317460740870789,0.12527647147273824,-0.6125275437631839,17597.15
15, 106858.0,-0.8317460740870789,-0.3113283315223991,1.1694571646246668,15408.96
2, 106859.0,-0.8317460740870789,-1.6211427405078112,-0.6125275437631839,16240.61
11, 106860.0,0.3488170515096455,0.5618812744678756,-0.6125275437631839,10316.38
15, 106861.0,-0.8317460740870789,1.8716956834532876,1.1694571646246668,16692.73
10, 106862.0,-0.8317460740870789,-1.6211427405078112,1.1694571646246668,25883.6
0, 106863.0,1.5293801771063698,1.8716956834532876,1.1694571646246668,16886.49
1, 106864.0,-0.8317460740870789,-0.3113283315223991,-0.6125275437631839,25941.68
8, 106865.0,3.8905064282998185,1.8716956834532876,1.1694571646246668,25645.78
13, 106866.0,0.3488170515096455,-1.6211427405078112,1.1694571646246668,16980.15
1, 106867.0,-0.8317460740870789,-0.3113283315223991,-0.6125275437631839,9102.62
0, 106868.0,0.3488170515096455,0.9984860774630129,1.1694571646246668,33237.0
10, 106869.0,-0.8317460740870789,-0.7479331345175364,1.1694571646246668,11966.49
4, 106870.0,-0.8317460740870789,0.9984860774630129,-0.6125275437631839,22578.26
1, 106871.0,-0.8317460740870789,-0.3113283315223991,-0.6125275437631839,22287.56
12, 106872.0,-0.8317460740870789,-0.7479331345175364,-0.6125275437631839,21420.87
2, 106873.0,-0.8317460740870789,-1.6211427405078112,-0.6125275437631839,8558.41
11, 106874.0,0.3488170515096455,0.12527647147273824,-0.6125275437631839,31193.0
12, 106875.0,-0.8317460740870789,-0.7479331345175364,-0.6125275437631839,9366.43
12, 106876.0,-0.8317460740870789,-0.7479331345175364,-0.6125275437631839,11394.96
10, 106877.0,-0.8317460740870789,-1.6211427405078112,1.1694571646246668,9366.66
3, 106878.0,1.5293801771063698,1.4350908804581504,-0.6125275437631839,13602.53
3, 106879.0,0.3488170515096455,0.9984860774630129,-0.6125275437631839,11956.3
10, 106880.0,-0.8317460740870789,-1.1845379375126739,1.1694571646246668,13358.83
11, 106881.0,0.3488170515096455,0.5618812744678756,-0.6125275437631839,14602.86
1, 106882.0,-0.8317460740870789,-0.3113283315223991,-0.6125275437631839,9459.42
7, 106883.0,0.3488170515096455,-0.3113283315223991,-0.6125275437631839,27296.29
10, 106884.0,-0.8317460740870789,-2.0577475435029484,1.1694571646246668,24851.82
0, 106885.0,0.3488170515096455,1.8716956834532876,1.1694571646246668,17397.28
1, 106886.0,-0.8317460740870789,0.12527647147273824,-0.6125275437631839,29936.51
0, 106887.0,0.3488170515096455,2.744905289443562,1.1694571646246668,17906.88
12, 106888.0,-0.8317460740870789,-0.7479331345175364,-0.6125275437631839,11689.07
9, 106889.0,0.3488170515096455,-1.1845379375126739,-0.6125275437631839,13165.5
10, 106890.0,-0.8317460740870789,-0.7479331345175364,1.1694571646246668,11380.39
14, 106891.0,2.709943302703094,0.5618812744678756,-0.6125275437631839,30304.72
0, 106892.0,0.3488170515096455,0.5618812744678756,2.951441873012518,22149.04
11, 106893.0,0.3488170515096455,0.12527647147273824,-0.6125275437631839,28351.54
11, 106894.0,0.3488170515096455,0.12527647147273824,-0.6125275437631839,39458.26
7, 106895.0,0.3488170515096455,-0.7479331345175364,-0.6125275437631839,10982.7
15, 106896.0,-0.8317460740870789,0.12527647147273824,1.1694571646246668,25478.26
11, 106897.0,0.3488170515096455,0.5618812744678756,-0.6125275437631839,13165.3
6, 106898.0,-0.8317460740870789,0.5618812744678756,-0.6125275437631839,15716.4
1, 106899.0,-0.8317460740870789,-0.3113283315223991,-0.6125275437631839,10104.67
1, 106900.0,-0.8317460740870789,-0.3113283315223991,-0.6125275437631839,7496.73
14, 106901.0,1.5293801771063698,-0.7479331345175364,-0.6125275437631839,30652.27
0, 106902.0,0.3488170515096455,0.9984860774630129,2.951441873012518,25120.4
8, 106903.0,2.709943302703094,2.308300486448425,1.1694571646246668,45105.49
4, 106904.0,-0.8317460740870789,0.9984860774630129,-0.6125275437631839,6313.03
14, 106905.0,1.5293801771063698,-0.7479331345175364,-0.6125275437631839,14650.79
10, 106906.0,-0.8317460740870789,-1.6211427405078112,1.1694571646246668,10600.57
2, 106907.0,-0.8317460740870789,-1.1845379375126739,-0.6125275437631839,28572.81
1, 106908.0,-0.8317460740870789,0.12527647147273824,-0.6125275437631839,30854.74
5, 106909.0,0.3488170515096455,-0.3113283315223991,1.1694571646246668,19906.37
11, 106910.0,0.3488170515096455,0.5618812744678756,-0.6125275437631839,13046.98
7, 106911.0,0.3488170515096455,-0.3113283315223991,-0.6125275437631839,17690.82
8, 106912.0,2.709943302703094,0.12527647147273824,1.1694571646246668,24177.14
1, 106913.0,-0.8317460740870789,-0.3113283315223991,-0.6125275437631839,14873.3
6, 106914.0,-0.8317460740870789,0.5618812744678756,-0.6125275437631839,29747.9
12, 106915.0,-0.8317460740870789,-0.7479331345175364,-0.6125275437631839,25692.1
1, 106916.0,-0.8317460740870789,0.12527647147273824,-0.6125275437631839,11369.73
1, 106917.0,-0.8317460740870789,0.12527647147273824,-0.6125275437631839,16111.25
9, 106918.0,0.3488170515096455,-1.1845379375126739,-0.6125275437631839,30960.46
6, 106919.0,-0.8317460740870789,0.5618812744678756,-0.6125275437631839,5994.36
10, 106920.0,-0.8317460740870789,-0.7479331345175364,1.1694571646246668,17174.51
14, 106921.0,1.5293801771063698,-0.7479331345175364,-0.6125275437631839,19166.86
6, 106922.0,-0.8317460740870789,0.5618812744678756,-0.6125275437631839,9303.6
1, 106923.0,-0.8317460740870789,-0.3113283315223991,-0.6125275437631839,13657.95
8, 106924.0,2.709943302703094,0.9984860774630129,1.1694571646246668,38788.92
2, 106925.0,-0.8317460740870789,-1.1845379375126739,-0.6125275437631839,15172.0
7, 106926.0,0.3488170515096455,-0.3113283315223991,-0.6125275437631839,5434.75
1, 106927.0,-0.8317460740870789,0.12527647147273824,-0.6125275437631839,17163.43
14, 106928.0,1.5293801771063698,0.12527647147273824,-0.6125275437631839,10229.81
7, 106929.0,0.3488170515096455,-0.3113283315223991,-0.6125275437631839,21349.54
6, 106930.0,-0.8317460740870789,0.5618812744678756,-0.6125275437631839,13798.76
11, 106931.0,0.3488170515096455,0.12527647147273824,-0.6125275437631839,18468.61
5, 106932.0,1.5293801771063698,-0.3113283315223991,1.1694571646246668,17483.13
3, 106933.0,1.5293801771063698,0.9984860774630129,-0.6125275437631839,16956.49
3, 106934.0,0.3488170515096455,0.9984860774630129,-0.6125275437631839,27396.19
6, 106935.0,-0.8317460740870789,0.5618812744678756,-0.6125275437631839,10201.36
3, 106936.0,0.3488170515096455,2.308300486448425,-0.6125275437631839,15550.43
2, 106937.0,-0.8317460740870789,-1.6211427405078112,-0.6125275437631839,13093.07
7, 106938.0,0.3488170515096455,-0.3113283315223991,-0.6125275437631839,27590.33
14, 106939.0,1.5293801771063698,0.5618812744678756,-0.6125275437631839,17721.5
3, 106940.0,0.3488170515096455,2.744905289443562,-0.6125275437631839,27911.18
2, 106941.0,-0.8317460740870789,-1.6211427405078112,-0.6125275437631839,8826.61
7, 106942.0,0.3488170515096455,-0.3113283315223991,-0.6125275437631839,12362.29
1, 106943.0,-0.8317460740870789,-0.3113283315223991,-0.6125275437631839,14378.72
10, 106944.0,-0.8317460740870789,-1.1845379375126739,1.1694571646246668,18611.61
11, 106945.0,0.3488170515096455,0.12527647147273824,-0.6125275437631839,13614.61
0, 106946.0,0.3488170515096455,1.8716956834532876,2.951441873012518,35676.63
12, 106947.0,-0.8317460740870789,-0.7479331345175364,-0.6125275437631839,18653.08
12, 106948.0,-0.8317460740870789,-0.7479331345175364,-0.6125275437631839,21051.73
4, 106949.0,-0.8317460740870789,0.9984860774630129,-0.6125275437631839,8507.63
12, 106950.0,-0.8317460740870789,-0.7479331345175364,-0.6125275437631839,14741.43
9, 106951.0,0.3488170515096455,-1.1845379375126739,-0.6125275437631839,14110.96
3, 106952.0,1.5293801771063698,1.8716956834532876,-0.6125275437631839,23874.3
2, 106953.0,-0.8317460740870789,-1.1845379375126739,-0.6125275437631839,15114.03
0, 106954.0,0.3488170515096455,0.5618812744678756,1.1694571646246668,16738.56
1, 106955.0,-0.8317460740870789,-0.3113283315223991,-0.6125275437631839,7129.13
7, 106956.0,0.3488170515096455,-0.7479331345175364,-0.6125275437631839,11207.3
5, 106957.0,0.3488170515096455,-0.3113283315223991,1.1694571646246668,24355.41
0, 106958.0,0.3488170515096455,0.9984860774630129,2.951441873012518,22927.04
1, 106959.0,-0.8317460740870789,-0.3113283315223991,-0.6125275437631839,25710.56
0, 106960.0,1.5293801771063698,2.744905289443562,1.1694571646246668,22950.95
12, 106961.0,-0.8317460740870789,-0.7479331345175364,-0.6125275437631839,26074.44
4, 106962.0,-0.8317460740870789,0.9984860774630129,-0.6125275437631839,12073.46
10, 106963.0,-0.8317460740870789,-0.3113283315223991,2.951441873012518,32165.09
0, 106964.0,0.3488170515096455,0.9984860774630129,1.1694571646246668,35557.87
14, 106965.0,1.5293801771063698,0.12527647147273824,-0.6125275437631839,13479.72
0, 106966.0,0.3488170515096455,0.9984860774630129,1.1694571646246668,14790.17
1, 106967.0,-0.8317460740870789,-0.3113283315223991,-0.6125275437631839,11146.17
5, 106968.0,1.5293801771063698,-0.3113283315223991,1.1694571646246668,16669.05
12, 106969.0,-0.8317460740870789,-0.7479331345175364,-0.6125275437631839,10649.16
11, 106970.0,0.3488170515096455,0.5618812744678756,-0.6125275437631839,8227.8
1, 106971.0,-0.8317460740870789,0.12527647147273824,-0.6125275437631839,13064.06
1, 106972.0,-0.8317460740870789,-0.3113283315223991,-0.6125275437631839,11154.6
2, 106973.0,-0.8317460740870789,-1.1845379375126739,-0.6125275437631839,10257.1
0, 106974.0,0.3488170515096455,1.4350908804581504,1.1694571646246668,17654.93
5, 106975.0,0.3488170515096455,-0.7479331345175364,1.1694571646246668,16321.29
3, 106976.0,1.5293801771063698,0.9984860774630129,-0.6125275437631839,37299.99
9, 106977.0,1.5293801771063698,-1.1845379375126739,-0.6125275437631839,14656.09
2, 106978.0,-0.8317460740870789,-1.1845379375126739,-0.6125275437631839,8645.33
1, 106979.0,-0.8317460740870789,-0.3113283315223991,-0.6125275437631839,13957.23
9, 106980.0,0.3488170515096455,-1.1845379375126739,-0.6125275437631839,17955.72
0, 106981.0,0.3488170515096455,0.5618812744678756,2.951441873012518,20861.48
0, 106982.0,1.5293801771063698,2.308300486448425,1.1694571646246668,25131.57
14, 106983.0,1.5293801771063698,-0.3113283315223991,-0.6125275437631839,10699.65
1, 106984.0,-0.8317460740870789,0.12527647147273824,-0.6125275437631839,5991.07
2, 106985.0,-0.8317460740870789,-1.1845379375126739,-0.6125275437631839,11660.07
5, 106986.0,0.3488170515096455,0.12527647147273824,2.951441873012518,17346.48
1, 106987.0,-0.8317460740870789,0.12527647147273824,-0.6125275437631839,27346.15
9, 106988.0,0.3488170515096455,-1.1845379375126739,-0.6125275437631839,17360.86
9, 106989.0,0.3488170515096455,-1.6211427405078112,-0.6125275437631839,19116.73
7, 106990.0,0.3488170515096455,-0.3113283315223991,-0.6125275437631839,20555.73
12, 106991.0,-0.8317460740870789,-0.7479331345175364,-0.6125275437631839,17506.55
3, 106992.0,0.3488170515096455,0.9984860774630129,-0.6125275437631839,34159.61
14, 106993.0,1.5293801771063698,-0.7479331345175364,-0.6125275437631839,17587.05
13, 106994.0,0.3488170515096455,-1.1845379375126739,1.1694571646246668,19059.64
7, 106995.0,0.3488170515096455,-0.7479331345175364,-0.6125275437631839,16941.9
12, 106996.0,-0.8317460740870789,-0.7479331345175364,-0.6125275437631839,5844.62
9, 106997.0,1.5293801771063698,-1.1845379375126739,-0.6125275437631839,16733.92
2, 106998.0,-0.8317460740870789,-1.1845379375126739,-0.6125275437631839,29380.53
2, 106999.0,-0.8317460740870789,-1.1845379375126739,-0.6125275437631839,8512.67
0, 107000.0,0.3488170515096455,0.5618812744678756,1.1694571646246668,39587.71
4, 107001.0,-0.8317460740870789,1.8716956834532876,-0.6125275437631839,9534.32
2, 107002.0,-0.8317460740870789,-1.1845379375126739,-0.6125275437631839,9205.21
10, 107003.0,-0.8317460740870789,-1.1845379375126739,1.1694571646246668,23980.54
2, 107004.0,-0.8317460740870789,-1.6211427405078112,-0.6125275437631839,9554.34
8, 107005.0,2.709943302703094,1.4350908804581504,-0.6125275437631839,17964.3
0, 107006.0,1.5293801771063698,0.9984860774630129,1.1694571646246668,20720.65
1, 107007.0,-0.8317460740870789,-0.3113283315223991,-0.6125275437631839,17417.11
10, 107008.0,-0.8317460740870789,-0.7479331345175364,1.1694571646246668,26575.58
0, 107009.0,0.3488170515096455,0.9984860774630129,1.1694571646246668,13113.55
0, 107010.0,0.3488170515096455,1.4350908804581504,1.1694571646246668,22546.4
10, 107011.0,-0.8317460740870789,-1.6211427405078112,1.1694571646246668,12179.89
8, 107012.0,2.709943302703094,0.9984860774630129,2.951441873012518,36096.36
3, 107013.0,0.3488170515096455,0.9984860774630129,-0.6125275437631839,9150.19
1, 107014.0,-0.8317460740870789,-0.3113283315223991,-0.6125275437631839,26022.71
5, 107015.0,0.3488170515096455,-0.7479331345175364,1.1694571646246668,12433.33
1, 107016.0,-0.8317460740870789,-0.3113283315223991,-0.6125275437631839,23763.37
4, 107017.0,-0.8317460740870789,1.4350908804581504,-0.6125275437631839,25458.49
1, 107018.0,-0.8317460740870789,0.12527647147273824,-0.6125275437631839,26935.94
15, 107019.0,-0.8317460740870789,0.12527647147273824,1.1694571646246668,16362.04
3, 107020.0,1.5293801771063698,2.308300486448425,-0.6125275437631839,25073.55
12, 107021.0,-0.8317460740870789,-0.7479331345175364,-0.6125275437631839,7860.46
7, 107022.0,0.3488170515096455,-0.3113283315223991,-0.6125275437631839,14627.9
2, 107023.0,-0.8317460740870789,-1.6211427405078112,-0.6125275437631839,16277.7
5, 107024.0,1.5293801771063698,-0.3113283315223991,1.1694571646246668,31402.24
5, 107025.0,0.3488170515096455,-0.7479331345175364,1.1694571646246668,20567.19
1, 107026.0,-0.8317460740870789,0.12527647147273824,-0.6125275437631839,14785.09
5, 107027.0,0.3488170515096455,-0.7479331345175364,1.1694571646246668,40138.88
15, 107028.0,-0.8317460740870789,0.12527647147273824,1.1694571646246668,25032.16
1, 107029.0,-0.8317460740870789,0.12527647147273824,-0.6125275437631839,10398.66
11, 107030.0,0.3488170515096455,0.12527647147273824,-0.6125275437631839,13978.47
1, 107031.0,-0.8317460740870789,-0.3113283315223991,-0.6125275437631839,23430.15
1, 107032.0,-0.8317460740870789,-0.3113283315223991,-0.6125275437631839,10343.68
2, 107033.0,-0.8317460740870789,-1.1845379375126739,-0.6125275437631839,12588.17
14, 107034.0,1.5293801771063698,-0.3113283315223991,-0.6125275437631839,18724.3
0, 107035.0,1.5293801771063698,0.5618812744678756,1.1694571646246668,15069.41
0, 107036.0,0.3488170515096455,1.4350908804581504,1.1694571646246668,15255.76
5, 107037.0,1.5293801771063698,-0.7479331345175364,1.1694571646246668,18895.34
6, 107038.0,-0.8317460740870789,0.5618812744678756,-0.6125275437631839,5859.74
4, 107039.0,-0.8317460740870789,0.9984860774630129,-0.6125275437631839,11310.61
1, 107040.0,-0.8317460740870789,-0.3113283315223991,-0.6125275437631839,13728.97
6, 107041.0,-0.8317460740870789,0.5618812744678756,-0.6125275437631839,13893.3
5, 107042.0,1.5293801771063698,0.12527647147273824,2.951441873012518,27229.94
2, 107043.0,-0.8317460740870789,-1.6211427405078112,-0.6125275437631839,11457.67
5, 107044.0,0.3488170515096455,-0.7479331345175364,1.1694571646246668,23470.76
5, 107045.0,0.3488170515096455,-0.7479331345175364,1.1694571646246668,21947.88
0, 107046.0,0.3488170515096455,0.5618812744678756,1.1694571646246668,18575.22
10, 107047.0,-0.8317460740870789,-0.7479331345175364,1.1694571646246668,14237.14
3, 107048.0,0.3488170515096455,0.9984860774630129,-0.6125275437631839,31453.23
1, 107049.0,-0.8317460740870789,-0.3113283315223991,-0.6125275437631839,11273.38
15, 107050.0,-0.8317460740870789,-0.3113283315223991,1.1694571646246668,28376.89
10, 107051.0,-0.8317460740870789,-0.7479331345175364,1.1694571646246668,15201.65
4, 107052.0,-0.8317460740870789,1.4350908804581504,-0.6125275437631839,30643.01
1, 107053.0,-0.8317460740870789,0.12527647147273824,-0.6125275437631839,12135.68
3, 107054.0,1.5293801771063698,1.4350908804581504,-0.6125275437631839,12379.79
15, 107055.0,-0.8317460740870789,0.12527647147273824,1.1694571646246668,12479.88
12, 107056.0,-0.8317460740870789,-0.7479331345175364,-0.6125275437631839,9487.51
15, 107057.0,-0.8317460740870789,0.5618812744678756,1.1694571646246668,31149.45
3, 107058.0,0.3488170515096455,1.4350908804581504,-0.6125275437631839,12725.65
3, 107059.0,0.3488170515096455,0.9984860774630129,-0.6125275437631839,13569.61
12, 107060.0,-0.8317460740870789,-0.7479331345175364,-0.6125275437631839,6611.5
3, 107061.0,0.3488170515096455,0.9984860774630129,-0.6125275437631839,23708.52
0, 107062.0,0.3488170515096455,0.5618812744678756,1.1694571646246668,13720.5
14, 107063.0,1.5293801771063698,-0.7479331345175364,-0.6125275437631839,40233.36
7, 107064.0,0.3488170515096455,-0.7479331345175364,-0.6125275437631839,25629.82
1, 107065.0,-0.8317460740870789,-0.3113283315223991,-0.6125275437631839,19472.4
6, 107066.0,-0.8317460740870789,0.5618812744678756,-0.6125275437631839,10653.61
3, 107067.0,0.3488170515096455,0.9984860774630129,-0.6125275437631839,16547.72
4, 107068.0,-0.8317460740870789,0.9984860774630129,-0.6125275437631839,7206.09
14, 107069.0,2.709943302703094,0.12527647147273824,-0.6125275437631839,17355.3
12, 107070.0,-0.8317460740870789,-0.7479331345175364,-0.6125275437631839,13567.01
1, 107071.0,-0.8317460740870789,0.12527647147273824,-0.6125275437631839,8904.83
5, 107072.0,0.3488170515096455,-0.3113283315223991,1.1694571646246668,26442.98
5, 107073.0,1.5293801771063698,-0.7479331345175364,1.1694571646246668,25728.48
6, 107074.0,-0.8317460740870789,0.5618812744678756,-0.6125275437631839,7187.69
15, 107075.0,-0.8317460740870789,-0.3113283315223991,1.1694571646246668,15059.85
2, 107076.0,-0.8317460740870789,-1.1845379375126739,-0.6125275437631839,10536.39
5, 107077.0,0.3488170515096455,0.12527647147273824,1.1694571646246668,21701.69
1, 107078.0,-0.8317460740870789,-0.3113283315223991,-0.6125275437631839,11026.86
7, 107079.0,0.3488170515096455,-0.3113283315223991,-0.6125275437631839,16471.08
11, 107080.0,0.3488170515096455,0.12527647147273824,-0.6125275437631839,19702.37
15, 107081.0,-0.8317460740870789,0.9984860774630129,2.951441873012518,28199.61
1, 107082.0,-0.8317460740870789,-0.3113283315223991,-0.6125275437631839,30547.05
9, 107083.0,0.3488170515096455,-1.6211427405078112,-0.6125275437631839,16046.65
15, 107084.0,-0.8317460740870789,-0.3113283315223991,1.1694571646246668,9732.16
12, 107085.0,-0.8317460740870789,-0.7479331345175364,-0.6125275437631839,17612.64
6, 107086.0,-0.8317460740870789,0.5618812744678756,-0.6125275437631839,16437.83
12, 107087.0,-0.8317460740870789,-0.7479331345175364,-0.6125275437631839,15250.1
15, 107088.0,-0.8317460740870789,0.9984860774630129,1.1694571646246668,27337.17
15, 107089.0,-0.8317460740870789,-0.3113283315223991,1.1694571646246668,14866.9
12, 107090.0,-0.8317460740870789,-0.7479331345175364,-0.6125275437631839,27098.05
2, 107091.0,-0.8317460740870789,-1.1845379375126739,-0.6125275437631839,5310.64
1, 107092.0,-0.8317460740870789,0.12527647147273824,-0.6125275437631839,14330.13
14, 107093.0,1.5293801771063698,-0.7479331345175364,-0.6125275437631839,21241.29
15, 107094.0,-0.8317460740870789,-0.3113283315223991,1.1694571646246668,11636.59
3, 107095.0,0.3488170515096455,1.4350908804581504,-0.6125275437631839,12720.26
4, 107096.0,-0.8317460740870789,0.9984860774630129,-0.6125275437631839,12285.8
1, 107097.0,-0.8317460740870789,0.12527647147273824,-0.6125275437631839,14194.46
8, 107098.0,2.709943302703094,0.5618812744678756,1.1694571646246668,19266.81
2, 107099.0,-0.8317460740870789,-1.1845379375126739,-0.6125275437631839,27206.42
4, 107100.0,-0.8317460740870789,0.9984860774630129,-0.6125275437631839,19952.08
1, 107101.0,-0.8317460740870789,-0.3113283315223991,-0.6125275437631839,27373.5
14, 107102.0,1.5293801771063698,0.5618812744678756,-0.6125275437631839,17084.21
1, 107103.0,-0.8317460740870789,-0.3113283315223991,-0.6125275437631839,26072.28
7, 107104.0,0.3488170515096455,-0.7479331345175364,-0.6125275437631839,14555.29
2, 107105.0,-0.8317460740870789,-1.6211427405078112,-0.6125275437631839,22637.73
7, 107106.0,0.3488170515096455,-0.3113283315223991,-0.6125275437631839,28941.76
3, 107107.0,0.3488170515096455,1.4350908804581504,-0.6125275437631839,29418.56
8, 107108.0,2.709943302703094,1.8716956834532876,-0.6125275437631839,30266.07
1, 107109.0,-0.8317460740870789,-0.3113283315223991,-0.6125275437631839,13574.04
10, 107110.0,-0.8317460740870789,-0.7479331345175364,1.1694571646246668,6921.59
4, 107111.0,-0.8317460740870789,0.9984860774630129,-0.6125275437631839,14379.32
11, 107112.0,0.3488170515096455,0.12527647147273824,-0.6125275437631839,28598.38
3, 107113.0,0.3488170515096455,0.9984860774630129,-0.6125275437631839,20748.95
6, 107114.0,-0.8317460740870789,0.5618812744678756,-0.6125275437631839,15497.55
12, 107115.0,-0.8317460740870789,-0.7479331345175364,-0.6125275437631839,31096.51
4, 107116.0,-0.8317460740870789,1.4350908804581504,-0.6125275437631839,10468.5
11, 107117.0,0.3488170515096455,0.12527647147273824,-0.6125275437631839,31605.48
1, 107118.0,-0.8317460740870789,-0.3113283315223991,-0.6125275437631839,11444.96
0, 107119.0,1.5293801771063698,0.9984860774630129,1.1694571646246668,18413.41
12, 107120.0,-0.8317460740870789,-0.7479331345175364,-0.6125275437631839,5628.73
6, 107121.0,-0.8317460740870789,0.5618812744678756,-0.6125275437631839,3806.44
12, 107122.0,-0.8317460740870789,-0.7479331345175364,-0.6125275437631839,12414.43
7, 107123.0,0.3488170515096455,-0.3113283315223991,-0.6125275437631839,18184.01
2, 107124.0,-0.8317460740870789,-1.6211427405078112,-0.6125275437631839,11230.88
2, 107125.0,-0.8317460740870789,-1.1845379375126739,-0.6125275437631839,7023.65
1, 107126.0,-0.8317460740870789,0.12527647147273824,-0.6125275437631839,26390.17
12, 107127.0,-0.8317460740870789,-0.7479331345175364,-0.6125275437631839,20235.17
5, 107128.0,1.5293801771063698,0.12527647147273824,4.733426581400368,40264.7
12, 107129.0,-0.8317460740870789,-0.7479331345175364,-0.6125275437631839,12253.59
1, 107130.0,-0.8317460740870789,-0.3113283315223991,-0.6125275437631839,9464.85
2, 107131.0,-0.8317460740870789,-1.1845379375126739,-0.6125275437631839,10283.49
5, 107132.0,0.3488170515096455,-0.3113283315223991,1.1694571646246668,31634.86
0, 107133.0,1.5293801771063698,1.4350908804581504,1.1694571646246668,24304.22
1, 107134.0,-0.8317460740870789,-0.3113283315223991,-0.6125275437631839,7596.59
5, 107135.0,0.3488170515096455,-0.3113283315223991,1.1694571646246668,18392.32
1, 107136.0,-0.8317460740870789,-0.3113283315223991,-0.6125275437631839,21891.09
10, 107137.0,-0.8317460740870789,-1.1845379375126739,1.1694571646246668,10088.53
6, 107138.0,-0.8317460740870789,0.5618812744678756,-0.6125275437631839,21808.91
7, 107139.0,0.3488170515096455,-0.3113283315223991,-0.6125275437631839,14439.22
0, 107140.0,1.5293801771063698,1.4350908804581504,1.1694571646246668,22914.61
14, 107141.0,1.5293801771063698,-0.7479331345175364,-0.6125275437631839,16121.61
3, 107142.0,0.3488170515096455,0.9984860774630129,-0.6125275437631839,26185.84
15, 107143.0,-0.8317460740870789,0.5618812744678756,1.1694571646246668,17904.8
1, 107144.0,-0.8317460740870789,0.12527647147273824,-0.6125275437631839,10860.33
11, 107145.0,0.3488170515096455,0.5618812744678756,-0.6125275437631839,13709.62
1, 107146.0,-0.8317460740870789,0.12527647147273824,-0.6125275437631839,14569.19
3, 107147.0,0.3488170515096455,1.8716956834532876,-0.6125275437631839,15597.69
3, 107148.0,1.5293801771063698,0.9984860774630129,-0.6125275437631839,37502.82
8, 107149.0,2.709943302703094,4.054719698428975,1.1694571646246668,25259.65
3, 107150.0,0.3488170515096455,2.308300486448425,-0.6125275437631839,13176.56
11, 107151.0,0.3488170515096455,0.5618812744678756,-0.6125275437631839,19743.27
11, 107152.0,0.3488170515096455,0.12527647147273824,-0.6125275437631839,26178.95
1, 107153.0,-0.8317460740870789,-0.3113283315223991,-0.6125275437631839,12480.54
14, 107154.0,1.5293801771063698,0.12527647147273824,-0.6125275437631839,10603.19
15, 107155.0,-0.8317460740870789,0.5618812744678756,1.1694571646246668,17085.89
3, 107156.0,0.3488170515096455,2.308300486448425,-0.6125275437631839,16472.66
4, 107157.0,-0.8317460740870789,0.9984860774630129,-0.6125275437631839,12116.21
1, 107158.0,-0.8317460740870789,-0.3113283315223991,-0.6125275437631839,16607.93
1, 107159.0,-0.8317460740870789,-0.3113283315223991,-0.6125275437631839,6622.97
10, 107160.0,-0.8317460740870789,-0.7479331345175364,1.1694571646246668,21376.24
12, 107161.0,-0.8317460740870789,-0.7479331345175364,-0.6125275437631839,14352.96
1, 107162.0,-0.8317460740870789,-0.3113283315223991,-0.6125275437631839,12783.76
5, 107163.0,0.3488170515096455,-0.7479331345175364,1.1694571646246668,23149.81
11, 107164.0,0.3488170515096455,0.5618812744678756,-0.6125275437631839,8022.1
2, 107165.0,-0.8317460740870789,-1.1845379375126739,-0.6125275437631839,13716.63
1, 107166.0,-0.8317460740870789,0.12527647147273824,-0.6125275437631839,10713.07
12, 107167.0,-0.8317460740870789,-0.7479331345175364,-0.6125275437631839,23973.62
1, 107168.0,-0.8317460740870789,-0.3113283315223991,-0.6125275437631839,18082.2
6, 107169.0,-0.8317460740870789,0.5618812744678756,-0.6125275437631839,11181.38
9, 107170.0,0.3488170515096455,-1.1845379375126739,-0.6125275437631839,12702.04
8, 107171.0,2.709943302703094,1.4350908804581504,1.1694571646246668,25166.32
7, 107172.0,0.3488170515096455,-0.3113283315223991,-0.6125275437631839,14957.18
0, 107173.0,1.5293801771063698,0.5618812744678756,1.1694571646246668,28000.62
7, 107174.0,0.3488170515096455,-0.3113283315223991,-0.6125275437631839,18252.08
1, 107175.0,-0.8317460740870789,-0.3113283315223991,-0.6125275437631839,13576.12
7, 107176.0,0.3488170515096455,-0.7479331345175364,-0.6125275437631839,13457.86
0, 107177.0,0.3488170515096455,0.9984860774630129,1.1694571646246668,18762.02
6, 107178.0,-0.8317460740870789,0.5618812744678756,-0.6125275437631839,21879.74
3, 107179.0,0.3488170515096455,1.4350908804581504,-0.6125275437631839,26631.68
1, 107180.0,-0.8317460740870789,0.12527647147273824,-0.6125275437631839,13831.03
0, 107181.0,0.3488170515096455,0.9984860774630129,1.1694571646246668,31374.73
3, 107182.0,1.5293801771063698,2.308300486448425,-0.6125275437631839,35257.81
1, 107183.0,-0.8317460740870789,0.12527647147273824,-0.6125275437631839,12578.44
6, 107184.0,-0.8317460740870789,0.5618812744678756,-0.6125275437631839,11262.28
1, 107185.0,-0.8317460740870789,0.12527647147273824,-0.6125275437631839,15852.1
3, 107186.0,0.3488170515096455,1.4350908804581504,-0.6125275437631839,4442.35
12, 107187.0,-0.8317460740870789,-0.7479331345175364,-0.6125275437631839,21911.99
15, 107188.0,-0.8317460740870789,0.12527647147273824,1.1694571646246668,33322.31
14, 107189.0,1.5293801771063698,-0.3113283315223991,-0.6125275437631839,22003.63
5, 107190.0,0.3488170515096455,-0.7479331345175364,1.1694571646246668,12673.48
12, 107191.0,-0.8317460740870789,-0.7479331345175364,-0.6125275437631839,21988.12
13, 107192.0,0.3488170515096455,-1.6211427405078112,1.1694571646246668,12977.23
12, 107193.0,-0.8317460740870789,-0.7479331345175364,-0.6125275437631839,21204.49
3, 107194.0,0.3488170515096455,0.9984860774630129,-0.6125275437631839,12956.53
2, 107195.0,-0.8317460740870789,-1.6211427405078112,-0.6125275437631839,10370.21
11, 107196.0,0.3488170515096455,0.5618812744678756,-0.6125275437631839,19489.2
1, 107197.0,-0.8317460740870789,0.12527647147273824,-0.6125275437631839,17350.34
1, 107198.0,-0.8317460740870789,0.12527647147273824,-0.6125275437631839,20579.3
3, 107199.0,0.3488170515096455,1.4350908804581504,-0.6125275437631839,27060.62
6, 107200.0,-0.8317460740870789,0.5618812744678756,-0.6125275437631839,17770.92
2, 107201.0,-0.8317460740870789,-1.6211427405078112,-0.6125275437631839,6075.11
1, 107202.0,-0.8317460740870789,-0.3113283315223991,-0.6125275437631839,12135.07
8, 107203.0,2.709943302703094,2.744905289443562,2.951441873012518,34129.06
1, 107204.0,-0.8317460740870789,0.12527647147273824,-0.6125275437631839,30515.08
1, 107205.0,-0.8317460740870789,-0.3113283315223991,-0.6125275437631839,13700.19
1, 107206.0,-0.8317460740870789,0.12527647147273824,-0.6125275437631839,14691.86
6, 107207.0,-0.8317460740870789,0.5618812744678756,-0.6125275437631839,4383.4
7, 107208.0,0.3488170515096455,-0.7479331345175364,-0.6125275437631839,7389.66
12, 107209.0,-0.8317460740870789,-0.7479331345175364,-0.6125275437631839,12703.52
2, 107210.0,-0.8317460740870789,-1.6211427405078112,-0.6125275437631839,15728.6
3, 107211.0,1.5293801771063698,2.308300486448425,-0.6125275437631839,12229.08
6, 107212.0,-0.8317460740870789,0.5618812744678756,-0.6125275437631839,9946.04
7, 107213.0,0.3488170515096455,-0.7479331345175364,-0.6125275437631839,8762.29
4, 107214.0,-0.8317460740870789,1.4350908804581504,-0.6125275437631839,10347.99
3, 107215.0,0.3488170515096455,1.8716956834532876,-0.6125275437631839,4191.32
1, 107216.0,-0.8317460740870789,-0.3113283315223991,-0.6125275437631839,7895.64
5, 107217.0,0.3488170515096455,0.12527647147273824,1.1694571646246668,32490.05
12, 107218.0,-0.8317460740870789,-0.7479331345175364,-0.6125275437631839,22915.73
3, 107219.0,1.5293801771063698,4.054719698428975,-0.6125275437631839,23304.39
12, 107220.0,-0.8317460740870789,-0.7479331345175364,-0.6125275437631839,23410.49
11, 107221.0,0.3488170515096455,0.12527647147273824,-0.6125275437631839,13987.12
9, 107222.0,0.3488170515096455,-1.1845379375126739,-0.6125275437631839,17585.64
9, 107223.0,0.3488170515096455,-1.1845379375126739,-0.6125275437631839,15479.18
12, 107224.0,-0.8317460740870789,-0.7479331345175364,-0.6125275437631839,31929.31
4, 107225.0,-0.8317460740870789,1.8716956834532876,-0.6125275437631839,21200.81
2, 107226.0,-0.8317460740870789,-1.6211427405078112,-0.6125275437631839,9445.29
11, 107227.0,0.3488170515096455,0.12527647147273824,-0.6125275437631839,22555.19
0, 107228.0,0.3488170515096455,0.5618812744678756,1.1694571646246668,19374.16
7, 107229.0,0.3488170515096455,-0.7479331345175364,-0.6125275437631839,13332.33
11, 107230.0,0.3488170515096455,0.12527647147273824,-0.6125275437631839,13159.33
3, 107231.0,1.5293801771063698,0.9984860774630129,-0.6125275437631839,30691.75
4, 107232.0,-0.8317460740870789,0.9984860774630129,-0.6125275437631839,27951.02
1, 107233.0,-0.8317460740870789,0.12527647147273824,-0.6125275437631839,14411.96
3, 107234.0,1.5293801771063698,2.308300486448425,-0.6125275437631839,25302.22
0, 107235.0,1.5293801771063698,0.5618812744678756,2.951441873012518,22556.84
6, 107236.0,-0.8317460740870789,0.5618812744678756,-0.6125275437631839,6513.71
6, 107237.0,-0.8317460740870789,0.5618812744678756,-0.6125275437631839,6451.72
3, 107238.0,1.5293801771063698,2.308300486448425,-0.6125275437631839,14573.62
6, 107239.0,-0.8317460740870789,0.5618812744678756,-0.6125275437631839,11322.12
1, 107240.0,-0.8317460740870789,-0.3113283315223991,-0.6125275437631839,26796.86
2, 107241.0,-0.8317460740870789,-1.1845379375126739,-0.6125275437631839,25379.59
1, 107242.0,-0.8317460740870789,-0.3113283315223991,-0.6125275437631839,13375.92
12, 107243.0,-0.8317460740870789,-0.7479331345175364,-0.6125275437631839,14941.06
1, 107244.0,-0.8317460740870789,0.12527647147273824,-0.6125275437631839,15644.96
6, 107245.0,-0.8317460740870789,0.5618812744678756,-0.6125275437631839,12922.12
3, 107246.0,0.3488170515096455,1.4350908804581504,-0.6125275437631839,26895.97
5, 107247.0,0.3488170515096455,-0.3113283315223991,1.1694571646246668,21432.81
3, 107248.0,0.3488170515096455,0.9984860774630129,-0.6125275437631839,15800.39
12, 107249.0,-0.8317460740870789,-0.7479331345175364,-0.6125275437631839,9635.49
9, 107250.0,0.3488170515096455,-1.1845379375126739,-0.6125275437631839,12239.56
4, 107251.0,-0.8317460740870789,1.4350908804581504,-0.6125275437631839,12035.46
1, 107252.0,-0.8317460740870789,-0.3113283315223991,-0.6125275437631839,11673.99
0, 107253.0,0.3488170515096455,0.9984860774630129,1.1694571646246668,19525.51
0, 107254.0,1.5293801771063698,0.5618812744678756,1.1694571646246668,35410.74
8, 107255.0,3.8905064282998185,2.308300486448425,1.1694571646246668,29681.48
3, 107256.0,0.3488170515096455,0.9984860774630129,-0.6125275437631839,24124.94
11, 107257.0,0.3488170515096455,0.5618812744678756,-0.6125275437631839,30445.38
1, 107258.0,-0.8317460740870789,0.12527647147273824,-0.6125275437631839,7559.22
15, 107259.0,-0.8317460740870789,0.12527647147273824,1.1694571646246668,13137.89
1, 107260.0,-0.8317460740870789,-0.3113283315223991,-0.6125275437631839,4547.13
13, 107261.0,0.3488170515096455,-2.0577475435029484,1.1694571646246668,16247.09
4, 107262.0,-0.8317460740870789,0.9984860774630129,-0.6125275437631839,14401.85
15, 107263.0,-0.8317460740870789,-0.3113283315223991,1.1694571646246668,14876.69
12, 107264.0,-0.8317460740870789,-0.7479331345175364,-0.6125275437631839,18457.47
14, 107265.0,1.5293801771063698,0.5618812744678756,-0.6125275437631839,32473.52
10, 107266.0,-0.8317460740870789,-0.7479331345175364,1.1694571646246668,12802.5
7, 107267.0,0.3488170515096455,-0.3113283315223991,-0.6125275437631839,25539.88
1, 107268.0,-0.8317460740870789,0.12527647147273824,-0.6125275437631839,12987.65
11, 107269.0,0.3488170515096455,0.5618812744678756,-0.6125275437631839,16668.43
3, 107270.0,1.5293801771063698,2.308300486448425,-0.6125275437631839,17403.18
2, 107271.0,-0.8317460740870789,-1.1845379375126739,-0.6125275437631839,9702.75
8, 107272.0,3.8905064282998185,0.12527647147273824,1.1694571646246668,31769.58
5, 107273.0,0.3488170515096455,0.12527647147273824,2.951441873012518,34296.9
5, 107274.0,0.3488170515096455,-0.7479331345175364,1.1694571646246668,18268.38
2, 107275.0,-0.8317460740870789,-1.1845379375126739,-0.6125275437631839,28782.33
5, 107276.0,0.3488170515096455,-0.3113283315223991,1.1694571646246668,15043.84
7, 107277.0,0.3488170515096455,-0.3113283315223991,-0.6125275437631839,12831.43
15, 107278.0,-0.8317460740870789,0.12527647147273824,1.1694571646246668,13967.82
1, 107279.0,-0.8317460740870789,-0.3113283315223991,-0.6125275437631839,6366.23
4, 107280.0,-0.8317460740870789,2.744905289443562,1.1694571646246668,11408.01
1, 107281.0,-0.8317460740870789,-0.3113283315223991,-0.6125275437631839,13413.07
3, 107282.0,1.5293801771063698,1.8716956834532876,-0.6125275437631839,27619.39
15, 107283.0,-0.8317460740870789,-0.3113283315223991,1.1694571646246668,13579.91
13, 107284.0,0.3488170515096455,-1.1845379375126739,1.1694571646246668,17411.22
7, 107285.0,0.3488170515096455,-0.7479331345175364,-0.6125275437631839,27833.25
6, 107286.0,-0.8317460740870789,0.5618812744678756,-0.6125275437631839,7662.25
1, 107287.0,-0.8317460740870789,-0.3113283315223991,-0.6125275437631839,11813.16
8, 107288.0,2.709943302703094,1.8716956834532876,-0.6125275437631839,35734.05
5, 107289.0,0.3488170515096455,-0.3113283315223991,1.1694571646246668,14059.01
11, 107290.0,0.3488170515096455,0.5618812744678756,-0.6125275437631839,13404.95
4, 107291.0,-0.8317460740870789,0.9984860774630129,-0.6125275437631839,24428.88
1, 107292.0,-0.8317460740870789,0.12527647147273824,-0.6125275437631839,20483.55
5, 107293.0,1.5293801771063698,-0.7479331345175364,1.1694571646246668,22834.7
3, 107294.0,0.3488170515096455,0.9984860774630129,-0.6125275437631839,13551.13
12, 107295.0,-0.8317460740870789,-0.7479331345175364,-0.6125275437631839,28189.12
14, 107296.0,1.5293801771063698,-0.7479331345175364,-0.6125275437631839,37680.36
10, 107297.0,-0.8317460740870789,-0.7479331345175364,1.1694571646246668,20842.63
14, 107298.0,1.5293801771063698,-0.3113283315223991,-0.6125275437631839,21279.49
1, 107299.0,-0.8317460740870789,0.12527647147273824,-0.6125275437631839,4612.72
5, 107300.0,1.5293801771063698,0.12527647147273824,1.1694571646246668,21272.46
15, 107301.0,-0.8317460740870789,0.12527647147273824,1.1694571646246668,15739.16
9, 107302.0,0.3488170515096455,-2.0577475435029484,-0.6125275437631839,15836.94
0, 107303.0,0.3488170515096455,1.4350908804581504,1.1694571646246668,27671.55
3, 107304.0,0.3488170515096455,0.9984860774630129,-0.6125275437631839,9752.97
7, 107305.0,0.3488170515096455,-0.3113283315223991,-0.6125275437631839,11628.35
11, 107306.0,0.3488170515096455,0.12527647147273824,-0.6125275437631839,19834.9
0, 107307.0,0.3488170515096455,0.5618812744678756,1.1694571646246668,28052.73
1, 107308.0,-0.8317460740870789,0.12527647147273824,-0.6125275437631839,11111.81
7, 107309.0,0.3488170515096455,-0.7479331345175364,-0.6125275437631839,13173.22
4, 107310.0,-0.8317460740870789,1.4350908804581504,-0.6125275437631839,10874.38
14, 107311.0,1.5293801771063698,0.12527647147273824,-0.6125275437631839,21225.98
15, 107312.0,-0.8317460740870789,0.9984860774630129,1.1694571646246668,19249.35
15, 107313.0,-0.8317460740870789,-0.3113283315223991,1.1694571646246668,25439.89
2, 107314.0,-0.8317460740870789,-1.6211427405078112,-0.6125275437631839,15895.81
1, 107315.0,-0.8317460740870789,0.12527647147273824,-0.6125275437631839,13921.04
7, 107316.0,0.3488170515096455,-0.3113283315223991,-0.6125275437631839,12789.18
1, 107317.0,-0.8317460740870789,-0.3113283315223991,-0.6125275437631839,3387.8
14, 107318.0,1.5293801771063698,-0.3113283315223991,-0.6125275437631839,30200.09
2, 107319.0,-0.8317460740870789,-1.1845379375126739,-0.6125275437631839,13582.67
1, 107320.0,-0.8317460740870789,0.12527647147273824,-0.6125275437631839,11204.12
1, 107321.0,-0.8317460740870789,-0.3113283315223991,-0.6125275437631839,15908.64
15, 107322.0,-0.8317460740870789,1.4350908804581504,1.1694571646246668,15037.03
1, 107323.0,-0.8317460740870789,0.12527647147273824,-0.6125275437631839,13066.24
0, 107324.0,0.3488170515096455,0.5618812744678756,1.1694571646246668,16728.54
5, 107325.0,0.3488170515096455,-0.3113283315223991,1.1694571646246668,19579.11
9, 107326.0,1.5293801771063698,-1.6211427405078112,-0.6125275437631839,16546.52
5, 107327.0,0.3488170515096455,-0.3113283315223991,1.1694571646246668,10112.63
15, 107328.0,-0.8317460740870789,0.12527647147273824,1.1694571646246668,16858.59
12, 107329.0,-0.8317460740870789,-0.7479331345175364,-0.6125275437631839,11640.76
6, 107330.0,-0.8317460740870789,0.5618812744678756,-0.6125275437631839,8633.34
4, 107331.0,-0.8317460740870789,0.9984860774630129,-0.6125275437631839,32309.08
1, 107332.0,-0.8317460740870789,0.12527647147273824,-0.6125275437631839,11121.27
1, 107333.0,-0.8317460740870789,0.12527647147273824,-0.6125275437631839,10552.99
1, 107334.0,-0.8317460740870789,0.12527647147273824,-0.6125275437631839,25608.64
3, 107335.0,0.3488170515096455,2.308300486448425,-0.6125275437631839,17472.77
2, 107336.0,-0.8317460740870789,-1.1845379375126739,-0.6125275437631839,22768.98
7, 107337.0,0.3488170515096455,-0.3113283315223991,-0.6125275437631839,17739.21
0, 107338.0,1.5293801771063698,0.9984860774630129,1.1694571646246668,27536.45
6, 107339.0,-0.8317460740870789,0.5618812744678756,-0.6125275437631839,13451.22
0, 107340.0,1.5293801771063698,1.8716956834532876,1.1694571646246668,18765.51
12, 107341.0,-0.8317460740870789,-0.7479331345175364,-0.6125275437631839,10401.76
3, 107342.0,0.3488170515096455,0.9984860774630129,-0.6125275437631839,24045.24
7, 107343.0,0.3488170515096455,-0.3113283315223991,-0.6125275437631839,10390.93
15, 107344.0,-0.8317460740870789,1.4350908804581504,2.951441873012518,17701.3
5, 107345.0,0.3488170515096455,-0.3113283315223991,1.1694571646246668,18072.64
12, 107346.0,-0.8317460740870789,-0.7479331345175364,-0.6125275437631839,7320.23
3, 107347.0,0.3488170515096455,0.9984860774630129,-0.6125275437631839,12903.09
4, 107348.0,-0.8317460740870789,1.4350908804581504,-0.6125275437631839,15489.66
12, 107349.0,-0.8317460740870789,-0.7479331345175364,-0.6125275437631839,13138.51
12, 107350.0,-0.8317460740870789,-0.7479331345175364,-0.6125275437631839,16760.14
3, 107351.0,0.3488170515096455,0.9984860774630129,-0.6125275437631839,18702.14
6, 107352.0,-0.8317460740870789,0.5618812744678756,-0.6125275437631839,13024.41
2, 107353.0,-0.8317460740870789,-1.1845379375126739,-0.6125275437631839,27349.22
12, 107354.0,-0.8317460740870789,-0.7479331345175364,-0.6125275437631839,20047.45
1, 107355.0,-0.8317460740870789,0.12527647147273824,-0.6125275437631839,14712.51
11, 107356.0,0.3488170515096455,0.5618812744678756,-0.6125275437631839,26057.97
15, 107357.0,-0.8317460740870789,0.12527647147273824,1.1694571646246668,14090.28
1, 107358.0,-0.8317460740870789,0.12527647147273824,-0.6125275437631839,8075.07
11, 107359.0,0.3488170515096455,0.5618812744678756,-0.6125275437631839,16077.99
7, 107360.0,0.3488170515096455,-0.7479331345175364,-0.6125275437631839,22406.93
5, 107361.0,0.3488170515096455,0.12527647147273824,1.1694571646246668,26263.87
3, 107362.0,0.3488170515096455,0.9984860774630129,-0.6125275437631839,15533.6
10, 107363.0,-0.8317460740870789,-0.7479331345175364,2.951441873012518,19877.51
0, 107364.0,1.5293801771063698,1.8716956834532876,2.951441873012518,23966.99
6, 107365.0,-0.8317460740870789,0.5618812744678756,-0.6125275437631839,13674.38
1, 107366.0,-0.8317460740870789,-0.3113283315223991,-0.6125275437631839,16297.65
1, 107367.0,-0.8317460740870789,0.12527647147273824,-0.6125275437631839,6246.59
10, 107368.0,-0.8317460740870789,-2.0577475435029484,1.1694571646246668,8533.06
0, 107369.0,1.5293801771063698,0.5618812744678756,2.951441873012518,20405.29
12, 107370.0,-0.8317460740870789,-0.7479331345175364,-0.6125275437631839,9959.49
11, 107371.0,0.3488170515096455,0.5618812744678756,-0.6125275437631839,18284.44
9, 107372.0,0.3488170515096455,-1.6211427405078112,-0.6125275437631839,26559.92
4, 107373.0,-0.8317460740870789,1.4350908804581504,-0.6125275437631839,21169.87
11, 107374.0,0.3488170515096455,0.12527647147273824,-0.6125275437631839,29987.43
5, 107375.0,0.3488170515096455,-0.3113283315223991,1.1694571646246668,15075.13
2, 107376.0,-0.8317460740870789,-1.1845379375126739,-0.6125275437631839,13141.36
0, 107377.0,1.5293801771063698,0.9984860774630129,1.1694571646246668,29431.72
2, 107378.0,-0.8317460740870789,-1.1845379375126739,-0.6125275437631839,15587.23
11, 107379.0,0.3488170515096455,0.12527647147273824,-0.6125275437631839,31096.92
1, 107380.0,-0.8317460740870789,-0.3113283315223991,-0.6125275437631839,5129.54
3, 107381.0,0.3488170515096455,1.4350908804581504,-0.6125275437631839,12454.82
2, 107382.0,-0.8317460740870789,-1.6211427405078112,-0.6125275437631839,5627.98
7, 107383.0,0.3488170515096455,-0.3113283315223991,-0.6125275437631839,15030.17
15, 107384.0,-0.8317460740870789,0.5618812744678756,1.1694571646246668,11262.41
3, 107385.0,0.3488170515096455,1.4350908804581504,-0.6125275437631839,15118.41
3, 107386.0,1.5293801771063698,2.308300486448425,-0.6125275437631839,14682.3
0, 107387.0,0.3488170515096455,0.5618812744678756,1.1694571646246668,14648.3
11, 107388.0,0.3488170515096455,0.12527647147273824,-0.6125275437631839,11669.49
12, 107389.0,-0.8317460740870789,-0.7479331345175364,-0.6125275437631839,8246.27
12, 107390.0,-0.8317460740870789,-0.7479331345175364,-0.6125275437631839,11428.76
14, 107391.0,1.5293801771063698,0.5618812744678756,-0.6125275437631839,29416.09
0, 107392.0,0.3488170515096455,0.5618812744678756,2.951441873012518,19685.93
1, 107393.0,-0.8317460740870789,0.12527647147273824,-0.6125275437631839,7240.16
11, 107394.0,0.3488170515096455,0.5618812744678756,-0.6125275437631839,24117.65
1, 107395.0,-0.8317460740870789,0.12527647147273824,-0.6125275437631839,31314.33
0, 107396.0,0.3488170515096455,0.5618812744678756,1.1694571646246668,12168.0
0, 107397.0,0.3488170515096455,0.5618812744678756,1.1694571646246668,18310.65
11, 107398.0,0.3488170515096455,0.5618812744678756,-0.6125275437631839,16325.0
12, 107399.0,-0.8317460740870789,-0.7479331345175364,-0.6125275437631839,7166.99
1, 107400.0,-0.8317460740870789,0.12527647147273824,-0.6125275437631839,15671.29
11, 107401.0,0.3488170515096455,0.12527647147273824,-0.6125275437631839,28459.38
1, 107402.0,-0.8317460740870789,0.12527647147273824,-0.6125275437631839,10731.79
13, 107403.0,1.5293801771063698,-1.1845379375126739,1.1694571646246668,22586.67
12, 107404.0,-0.8317460740870789,-0.7479331345175364,-0.6125275437631839,9662.93
2, 107405.0,-0.8317460740870789,-1.1845379375126739,-0.6125275437631839,16618.51
2, 107406.0,-0.8317460740870789,-1.6211427405078112,-0.6125275437631839,22729.46
14, 107407.0,1.5293801771063698,0.12527647147273824,-0.6125275437631839,21202.51
11, 107408.0,0.3488170515096455,0.12527647147273824,-0.6125275437631839,33942.07
14, 107409.0,1.5293801771063698,0.5618812744678756,-0.6125275437631839,11593.32
5, 107410.0,0.3488170515096455,-0.7479331345175364,1.1694571646246668,15441.2
15, 107411.0,-0.8317460740870789,-0.3113283315223991,1.1694571646246668,24766.74
1, 107412.0,-0.8317460740870789,-0.3113283315223991,-0.6125275437631839,6341.3
7, 107413.0,0.3488170515096455,-0.7479331345175364,-0.6125275437631839,9079.46
5, 107414.0,1.5293801771063698,-0.7479331345175364,1.1694571646246668,21443.11
3, 107415.0,1.5293801771063698,0.9984860774630129,-0.6125275437631839,28849.13
9, 107416.0,0.3488170515096455,-1.1845379375126739,-0.6125275437631839,12993.34
11, 107417.0,0.3488170515096455,0.12527647147273824,-0.6125275437631839,11876.59
8, 107418.0,2.709943302703094,1.8716956834532876,1.1694571646246668,27367.47
14, 107419.0,1.5293801771063698,-0.3113283315223991,-0.6125275437631839,16135.22
5, 107420.0,0.3488170515096455,-0.3113283315223991,4.733426581400368,18473.82
10, 107421.0,-0.8317460740870789,-1.6211427405078112,1.1694571646246668,12818.79
0, 107422.0,1.5293801771063698,0.9984860774630129,1.1694571646246668,42239.47
0, 107423.0,0.3488170515096455,0.9984860774630129,1.1694571646246668,23328.73
10, 107424.0,-0.8317460740870789,-1.6211427405078112,1.1694571646246668,20423.23
3, 107425.0,0.3488170515096455,1.4350908804581504,-0.6125275437631839,14282.2
4, 107426.0,-0.8317460740870789,0.9984860774630129,-0.6125275437631839,16673.95
11, 107427.0,0.3488170515096455,0.5618812744678756,-0.6125275437631839,31748.27
2, 107428.0,-0.8317460740870789,-1.1845379375126739,-0.6125275437631839,11426.75
7, 107429.0,0.3488170515096455,-0.7479331345175364,-0.6125275437631839,12025.69
14, 107430.0,1.5293801771063698,0.5618812744678756,-0.6125275437631839,15909.67
1, 107431.0,-0.8317460740870789,0.12527647147273824,-0.6125275437631839,17072.99
11, 107432.0,0.3488170515096455,0.12527647147273824,-0.6125275437631839,10681.71
11, 107433.0,0.3488170515096455,0.12527647147273824,-0.6125275437631839,17546.72
2, 107434.0,-0.8317460740870789,-2.0577475435029484,-0.6125275437631839,10537.66
11, 107435.0,0.3488170515096455,0.12527647147273824,-0.6125275437631839,17459.55
15, 107436.0,-0.8317460740870789,-0.3113283315223991,1.1694571646246668,11244.68
5, 107437.0,0.3488170515096455,-0.3113283315223991,1.1694571646246668,24602.5
14, 107438.0,1.5293801771063698,-0.3113283315223991,-0.6125275437631839,16222.08
12, 107439.0,-0.8317460740870789,-0.7479331345175364,-0.6125275437631839,25805.38
1, 107440.0,-0.8317460740870789,-0.3113283315223991,-0.6125275437631839,10098.73
2, 107441.0,-0.8317460740870789,-1.1845379375126739,-0.6125275437631839,20517.99
0, 107442.0,0.3488170515096455,1.4350908804581504,1.1694571646246668,14733.06
1, 107443.0,-0.8317460740870789,0.12527647147273824,-0.6125275437631839,22586.31
12, 107444.0,-0.8317460740870789,-0.7479331345175364,-0.6125275437631839,28064.64
9, 107445.0,0.3488170515096455,-1.1845379375126739,-0.6125275437631839,12339.53
1, 107446.0,-0.8317460740870789,0.12527647147273824,-0.6125275437631839,24183.73
8, 107447.0,2.709943302703094,1.4350908804581504,-0.6125275437631839,23708.78
12, 107448.0,-0.8317460740870789,-0.7479331345175364,-0.6125275437631839,17113.65
3, 107449.0,1.5293801771063698,1.8716956834532876,-0.6125275437631839,32638.84
5, 107450.0,0.3488170515096455,-0.3113283315223991,1.1694571646246668,13147.57
15, 107451.0,-0.8317460740870789,-0.3113283315223991,1.1694571646246668,19102.23
1, 107452.0,-0.8317460740870789,0.12527647147273824,-0.6125275437631839,10060.23
15, 107453.0,-0.8317460740870789,0.5618812744678756,1.1694571646246668,13021.85
13, 107454.0,0.3488170515096455,-1.6211427405078112,1.1694571646246668,17817.66
3, 107455.0,0.3488170515096455,0.9984860774630129,-0.6125275437631839,10277.72
0, 107456.0,1.5293801771063698,0.9984860774630129,1.1694571646246668,34575.0
5, 107457.0,0.3488170515096455,-0.3113283315223991,1.1694571646246668,29256.87
6, 107458.0,-0.8317460740870789,0.5618812744678756,-0.6125275437631839,9282.99
14, 107459.0,1.5293801771063698,-0.3113283315223991,-0.6125275437631839,17267.42
11, 107460.0,0.3488170515096455,0.12527647147273824,-0.6125275437631839,17830.33
12, 107461.0,-0.8317460740870789,-0.7479331345175364,-0.6125275437631839,3330.15
2, 107462.0,-0.8317460740870789,-1.6211427405078112,-0.6125275437631839,20775.69
5, 107463.0,0.3488170515096455,0.12527647147273824,1.1694571646246668,29858.71
6, 107464.0,-0.8317460740870789,0.5618812744678756,-0.6125275437631839,16305.45
15, 107465.0,-0.8317460740870789,0.5618812744678756,1.1694571646246668,14450.07
0, 107466.0,1.5293801771063698,0.5618812744678756,1.1694571646246668,21541.39
1, 107467.0,-0.8317460740870789,-0.3113283315223991,-0.6125275437631839,33141.92
3, 107468.0,0.3488170515096455,1.4350908804581504,-0.6125275437631839,12073.14
11, 107469.0,0.3488170515096455,0.12527647147273824,-0.6125275437631839,17876.17
0, 107470.0,0.3488170515096455,1.4350908804581504,1.1694571646246668,15315.81
13, 107471.0,0.3488170515096455,-1.1845379375126739,1.1694571646246668,17873.46
0, 107472.0,1.5293801771063698,0.5618812744678756,1.1694571646246668,21064.57
1, 107473.0,-0.8317460740870789,-0.3113283315223991,-0.6125275437631839,26334.57
3, 107474.0,1.5293801771063698,1.8716956834532876,-0.6125275437631839,33165.32
6, 107475.0,-0.8317460740870789,0.5618812744678756,-0.6125275437631839,22025.52
6, 107476.0,-0.8317460740870789,0.5618812744678756,-0.6125275437631839,31369.42
3, 107477.0,1.5293801771063698,1.4350908804581504,-0.6125275437631839,12832.25
0, 107478.0,1.5293801771063698,2.308300486448425,1.1694571646246668,21894.58
12, 107479.0,-0.8317460740870789,-0.7479331345175364,-0.6125275437631839,8971.73
5, 107480.0,0.3488170515096455,0.12527647147273824,1.1694571646246668,19345.76
8, 107481.0,2.709943302703094,0.9984860774630129,1.1694571646246668,27197.23
2, 107482.0,-0.8317460740870789,-1.1845379375126739,-0.6125275437631839,20517.32
1, 107483.0,-0.8317460740870789,0.12527647147273824,-0.6125275437631839,7617.75
10, 107484.0,-0.8317460740870789,-0.7479331345175364,1.1694571646246668,14700.08
12, 107485.0,-0.8317460740870789,-0.7479331345175364,-0.6125275437631839,23918.92
8, 107486.0,2.709943302703094,1.8716956834532876,-0.6125275437631839,34037.86
2, 107487.0,-0.8317460740870789,-1.6211427405078112,-0.6125275437631839,5235.82
11, 107488.0,0.3488170515096455,0.12527647147273824,-0.6125275437631839,20959.55
10, 107489.0,-0.8317460740870789,-0.7479331345175364,1.1694571646246668,9589.29
14, 107490.0,1.5293801771063698,-0.7479331345175364,-0.6125275437631839,19300.15
15, 107491.0,-0.8317460740870789,0.12527647147273824,1.1694571646246668,18483.35
12, 107492.0,-0.8317460740870789,-0.7479331345175364,-0.6125275437631839,15722.76
1, 107493.0,-0.8317460740870789,-0.3113283315223991,-0.6125275437631839,7425.48
1, 107494.0,-0.8317460740870789,-0.3113283315223991,-0.6125275437631839,14620.65
5, 107495.0,1.5293801771063698,0.12527647147273824,1.1694571646246668,16676.79
1, 107496.0,-0.8317460740870789,0.12527647147273824,-0.6125275437631839,11088.39
6, 107497.0,-0.8317460740870789,0.5618812744678756,-0.6125275437631839,5319.79
0, 107498.0,1.5293801771063698,0.9984860774630129,1.1694571646246668,17097.41
3, 107499.0,0.3488170515096455,2.744905289443562,-0.6125275437631839,13223.05
1, 107500.0,-0.8317460740870789,0.12527647147273824,-0.6125275437631839,12872.38
